UMAP1,UMAP2
-1.4354533164256047,-3.4569215716172406
-1.2272988764994572,-2.2543969095994183
-1.9869169203989934,-3.071694845085258
-1.4075476138346623,-3.1989302576829144
-1.651361366962714,-1.9027624071885296
-1.7585207431071233,-3.6542763651658245
-1.7562865226023625,-2.0204334200669476
-1.337241312717719,-3.4238071383286663
-0.6038595645182561,-2.2040595949937054
-3.9487070052378606,-0.28058766735088314
-1.6975687949412297,-3.801571840171928
-0.8291901557200383,-2.1910500468064495
-1.2090047805064152,-2.6840472163010785
-1.2766245810740422,-1.5900068224717328
-1.6313208548777531,-2.4389424265671917
-1.0094024150126408,-2.110935205345268
-2.231212040638251,-2.2996616305161663
-2.9066800086253117,-0.8191385210801312
-1.5573047606699895,-1.1478652895737835
-2.064970871662421,-3.310222619896049
-1.921159884189887,-1.8602461756516644
-1.9400559870951604,-3.6246747912217328
-1.5512665717356633,-3.559970849876518
-1.4537147490733098,-3.6498608530808636
-1.9860083071940373,0.004480844612007484
5.678028682017999,3.346482297654038
5.869037726665216,3.2518435774992756
5.553511956477838,3.038031762714272
5.360554316783624,3.1723363234351925
6.121228793407159,3.3465257047365955
6.023854831004815,2.727330928916817
5.142172435069757,4.538663273925668
5.387605050349908,4.088371461505776
5.174148419643121,4.461313730354195
5.369153836513238,4.296916371459847
5.169824937129693,4.56003821479786
5.213712552333551,4.522993093604928
5.423340419078546,4.1806743203352745
5.389795163417535,4.312717324371224
5.409995654369073,4.003134494895821
5.20301041915484,4.5063308535765465
5.341939070964532,3.9512435852240375
5.708863833690362,3.191581299776917
5.805869677806573,2.642202949399834
-3.8010224311106633,0.8804035245131305
-3.808404823993964,-0.900312417869682
-0.45256771728925216,-2.084642881279106
-1.3345257251017522,0.45109701740253483
-2.264358422016425,-2.5145974100876995
-3.721769711231513,-0.5952358187485882
-3.9590758292429875,0.16710925685871159
-2.4089712111704777,-2.534883016471977
-2.0298084227793645,-0.28943848026287045
-1.1657284705393742,-2.346761697654838
-1.8448053805582951,-1.5414009035874554
-2.8984583823435734,-0.7987868727494427
-4.095466992115302,0.8185820637892536
-0.7628675906413029,-1.253149503593559
-2.1674550978892277,-2.905679220085258
-0.8133970706217717,-2.741899961357231
-3.8943132369273137,0.26399660694110905
-1.4368385283701848,-2.8762779177476117
-3.9437726943247746,-0.16588448894512142
-2.3549870459788274,0.6295731126021198
-1.3346373049967717,-2.9872398318101117
-1.2728969065897893,-3.3055701197434613
-2.0208600966685246,-1.6016449869919964
-1.5861515013926457,-2.1786789835740277
-4.03945054695539,0.2884664593886188
-1.6611710993998479,-1.9487848223496624
-2.981265923237128,1.8842586337279132
-3.395025154804511,0.50262523281086
-2.2187293975108098,-3.0364856661606976
-2.2868091075175236,0.8654906808089069
-3.294925591205878,1.2113086043547443
-4.097621819233222,0.8319373189162067
6.205450633311944,2.9337784408282093
6.144583323741632,2.5544009267042926
6.25018511130877,2.817968821401482
5.8934188874013,2.755489504213219
6.171314337993341,2.607862061138039
5.911063769603448,3.284113621587639
5.963705161357598,2.563792055721169
5.871620276714044,2.949904224152451
-3.0043052642100285,-1.2134661616135785
-2.7765640227549504,-1.5576252878953167
-3.550509831165595,0.1592843590925983
-3.449463745807929,-1.0472774447251507
-2.5858978240244817,-1.528991216545219
-1.6055034606211613,-1.6969389857102581
-4.104635616993232,0.8131973801802448
-2.397264382099433,-2.2753224314500042
-3.7618669478648137,2.00810242282856
-3.9106182067149113,0.602164035911446
-3.2279890982859563,2.3283010183523944
-3.0507196395152043,2.1274343191336444
-2.8372682540171574,0.4702699242781452
-2.5723079650156926,1.4257719575117878
-2.932023903583808,2.452360159034615
6.182018855357843,2.6408638416479877
-3.729938885425849,1.9171183167647174
-2.961089035724921,0.9309663830946735
-3.189674755787177,0.8678004800032428
-3.111862560962958,0.4499054013441852
-2.5217160193674992,1.3211338578413776
-2.8031267134898137,1.236701971168404
-3.439038655018134,1.3236477433394245
-3.8729018180125188,2.1416608749579242
-2.847455879902167,1.578115349883919
-2.739587685322089,0.23337627040851627
5.117287257457452,-0.458378070716972
5.717833140636163,-0.11279963863384213
5.4222343952900935,-0.08516930950176205
-3.1271451918833684,1.7932361422728351
-0.6823250262492131,-1.8437395037461468
-0.8896304576151799,-2.7799239100266644
-2.4531954734080266,-1.5769963206101605
-0.9366523234599065,-1.3368744791794964
-0.6769310443156193,-2.1764855326462933
-1.5990051238291692,-1.2864813746262738
-2.9661821334116887,1.2051432191084674
-3.113320252155585,-0.9024696291733929
-1.788565775608344,-2.5889010371018597
-2.580332657551093,1.1137541590880207
-4.031779667591376,0.21283412563312565
-2.078987738346381,-2.930381292228813
-1.2395190207713078,-2.6157727183152386
-1.4125436751597356,-3.1686758936692425
5.9349366219288875,3.11318881764706
5.571899274135308,2.8814278154324344
5.576374390865045,2.9381935952853016
5.14608035399981,4.524681812400704
5.431073048854547,3.472411519164925
-2.242770334934516,-2.561095231895561
-2.21498765633039,-3.075520509605522
-1.5547853915446233,-3.090018743400688
-1.2866372077219914,-3.571149820213432
-3.815343758320136,2.4545735179137043
-4.035474678730292,0.11664677249897037
-2.8470105139964055,0.3646338044356159
-0.9413348643534611,-2.907474511985893
-1.2792326419108342,-2.9452047289658734
-1.6217736212962102,-3.0135364474106976
-1.692900559162421,-2.114092344169731
-1.161760470127387,-3.2975754679490277
-2.6408757178538274,-1.9216852129746624
-0.6453992335551213,-1.745745653038139
-2.9503883330576848,-1.076610082512016
-1.5883583037608098,-1.4612207354356
-0.6797627417796086,-1.9990453661729046
-2.440050026630683,-1.0883064211655804
-1.5762084929697942,-3.5201988161851117
-1.2287382094614934,-1.356951707725639
-0.633740803455634,-1.9459180773545453
-2.3638915030711125,-1.5212564410020062
-2.811052700733466,-2.1393837870408245
-1.415713927006049,-2.278897279625053
-0.9047333209269475,-1.8047685564805218
-3.364784619068427,-0.9233198107529828
-1.4345129935496281,-2.0084705294419476
-1.420671841358466,-3.1162447871018597
-1.3251935450785588,-1.1960601748276898
-0.49166192696027267,-1.5065884531785199
-4.08498801872663,0.2181220112990192
-1.6877206771128606,-1.9111919344712445
-1.7236227004282902,-3.580537790184135
4.937355855251031,-0.3073952139664837
6.051648238445001,3.45218560683239
5.312681535030084,2.7250056921194843
5.363781073833184,4.100435978050118
5.195220568919854,4.483177548522836
5.397497752452569,4.237000590438729
5.776200392986016,3.191924920554047
5.669966796184259,3.485612726087456
5.462722161555963,3.8808788119505695
5.490874865794854,2.946006899948006
5.880637267375665,3.5872112272929004
5.662627557063775,3.0574964194248966
5.197497227931695,4.501565700645333
5.383177855754571,3.8682444750021747
5.46297226264544,3.6886057912062458
-2.267607351993842,0.16682816135395084
-2.708603283619208,-1.239703172569389
-1.423620125507636,0.5281817971419147
-1.7431057898753117,-1.7250132502366253
-1.4025634734385442,-2.297334188346977
-0.8372477500193547,-1.6493582667161175
-1.4655550925486516,-3.5209608019639203
-1.331210514759345,-3.4302625597764203
-3.985399147724433,0.32596541034687077
-1.1677869765513371,-3.0396871508408734
-1.2547859160654973,-1.9561743677903363
-1.3784817664378117,-3.3022699297715374
-2.1486579386942815,-2.5002183855820843
-1.12734641716413,-2.1000280321885296
-1.267971178745551,-3.3962497652817913
-3.40707053825788,-1.1463751734543988
-3.027387520527167,-1.339399331932182
-0.9296223132365178,-2.5482797564316937
-0.6549614875071477,-2.120179647331352
-1.5011946170084904,-3.313238614921684
-1.6825155226939152,-3.622647279625053
-1.6477574317210149,-3.2177386225510785
-2.6201027838938664,-1.856482023124809
-1.597582241749091,-3.882872575645561
-1.779145380710883,-3.4546494425584027
-1.9005698172800969,-2.416838640098686
-2.746179005359931,-1.081784242515678
-3.909584900593085,0.12421370136249577
-2.4595388381236027,0.8990502415846637
-1.4505304305308293,-0.8622639120866009
-2.5337151496165227,-1.8292388857651898
-3.3950637786143254,1.2514681874464801
-3.409880062794013,1.7452162562559894
-2.3731364218943547,0.35391903507221256
-3.462887188648505,0.4844949303816608
-3.4046701400034856,0.401548629875069
5.7830859215504695,3.007906792933827
5.1195302994496394,-0.48273848903667416
6.295047381663995,3.076888127500897
5.8576756508595516,2.885634502644425
5.5671480686909725,2.8353782652567676
6.029205897594171,3.051156895483618
5.4600268395192195,3.0706278144072345
5.770675757671075,2.6129570661734394
6.155096629405694,2.541140025730019
-3.78762473747663,1.7029576359938434
-3.7541803328745793,2.092557912940865
-2.5090540854685734,1.2509537993620685
-2.2603174655192326,0.859929805869942
-3.7427772490733098,1.7390509902190021
-2.7576292960398625,1.3140720187376789
-3.504719158863349,2.3529383002470783
-1.6911314933054875,0.3590660153578571
-3.3047455756419133,1.4945223389815143
-2.643790623401923,0.5136313496779255
-3.3650359122508,1.7018833218764118
5.727443316722589,-0.6442692221451947
5.767559626842218,-0.548106664543266
5.382101634288507,-0.5761845053483197
4.862451651836114,-0.41967534435283627
5.587132313991265,-0.27425479305278744
5.677074530864434,-0.4796616972733685
5.65126834228106,2.3788447438429645
-2.9854687659495305,2.5130098520468525
-3.283638378834052,2.325359827155953
-2.3083681075327824,-0.07333301914226498
-2.0894192664378117,0.4264354764174274
-1.6481939761393498,-3.0411000193406292
-1.7996727435343693,-0.3036670626450726
-2.9618529288523625,1.5534108935545734
4.588215926433282,-0.23047398937236752
4.848315337444024,-0.6937744559098431
5.6078609020955135,-0.504304641609306
-3.690296551441474,2.4216644226263813
-2.2442339865916203,-1.2806253374863812
-0.7253238169901799,-1.7196221293259808
-2.2339972464793156,0.11807251560199772
-2.3726943938487004,-1.6473436297227093
-0.9603430239909123,-2.6527905405808636
-1.3691235987894963,-2.797575944786186
-3.683510205005927,-1.1329336108018109
-3.532822033619208,-0.42194318187725033
-1.2467040030711125,-1.1456265391160199
-4.047649285053534,0.2425069867323688
-3.965344330524726,0.2822818814467243
-1.4134324996226262,-3.5555548609543988
-1.6451257674448918,-2.2774476946641156
-3.2049349753611516,-0.6003498972703167
-1.2181869952433537,-3.360388749961967
-2.7249964682810734,-1.8043961466599652
-0.8501240222208928,-2.219277852897758
-1.6317991225474309,-1.7559294642258831
-1.8637291400187443,-2.532557004814262
-3.219018360828681,1.7209210454176715
-1.3928605525248479,-3.3408465327073285
-1.4934879748576115,-2.635553830986137
-2.8663939444773625,-0.3840553702164837
-1.2555967776530217,-3.296029085044975
-2.0679930655711125,-3.4734311045457074
-1.0589817969553899,-2.018375867729301
-2.0483650176279973,-3.276126855735893
-2.0086757151835393,-3.210641378288383
-2.48310174629621,-0.6082019747544476
-1.652410408710761,-3.1962003649522015
-1.5488237349741887,-1.8644022883225628
-1.5422822444193791,-2.243963712577934
-1.5784439055674504,-3.296686166648979
-1.2533868758433293,-3.3494267405320355
-1.9151143042796086,-3.1635107935715863
-3.220688244556708,-0.918510431175346
-3.1241764037363957,1.8012814580153278
-3.913251301502509,0.8744306622694782
-1.4199995009653996,-3.309482568626518
-2.9487117736094426,-0.2251162470627972
-1.1488150565379094,-2.6091976107407757
-3.3759855239146184,0.4491698800276569
-2.1363810508006047,1.0733146725844196
-0.9831980674021672,-2.138251298790092
-1.364549776768012,-2.204462522392387
-3.9222334830515813,-0.09626602542888607
-1.8687256781809758,-2.0933752001572796
-3.6205610244028996,0.7796478329848102
-3.0758365599863957,-0.5970375479508587
-0.9043694941752385,-2.516314977531547
-1.7753976790659856,-3.25901126277935
-1.5638126342051457,-3.613346570854301
-1.5049842803233098,-3.6193075121689984
5.445750811839776,3.0172809644292644
5.157377103114801,4.301601892585641
5.614045718455987,2.823995387430077
5.391761878276544,4.078588014716988
5.455008128429132,3.11959372904781
5.1673327477223445,4.508883958930856
5.01056108787127,4.456719165916329
5.273876050258355,4.24664402591694
5.28585086181231,4.5489591418455895
5.161951163554864,4.435334092254525
5.688719371104913,3.350071853275185
5.67748699500628,2.8020688055704883
-1.6288565604441594,-3.73142337215435
-0.8349305598490666,-2.895732396965141
-1.4510339705698918,-3.852564329033012
-1.9248746840708684,-2.122652047996635
-2.765729805683417,-1.7913064898301312
-1.7966064421885442,-3.7217273653794476
4.59606871917315,-0.15639924419414486
-1.5074531047099065,-3.7671327532578656
-1.6301166026347111,-3.9000840128709027
-2.6923917739146184,-0.1492316664506146
-3.2554854361765813,1.2380429564665607
-1.5312189070933293,-2.226042741661186
-1.372115751957221,-2.5226569117356488
-1.5206338374369572,-1.2358684481431195
-3.7914780585520695,2.164121872062569
5.232171395564752,2.891886091108208
5.527993777538018,3.010531669731026
6.360447028423028,2.7917494236182026
6.156418422008233,3.3319678215931705
5.58545384719439,2.8872478960703662
6.263202288890557,3.152023094023352
5.971101859355645,2.6015029011915973
6.329298594737725,2.739987110967522
5.665215590739923,2.8029608188818744
-2.076057812427802,0.6121740399550251
-1.8486846892588567,1.057798629875069
-2.705816647266669,1.266647940750008
-3.008686920856757,1.2016040145109943
-2.0387789218180608,-0.17196273220073666
-3.2239150016062688,1.7784774361800006
-3.7812751738779973,2.198538309211617
-2.847326180195136,1.4343599139403156
-3.4594191519968938,1.058671718711739
4.1635955364949275,-0.2895388544846722
4.786818841243463,-0.609768623237724
4.6198378594166805,-0.320410484199638
4.412702658916192,-0.49125241649639095
4.98272118880816,-0.6834917010117718
5.315757134700494,0.0050277768324664684
5.080868819499688,0.16739798175800358
5.569726804042535,-0.17670487773906673
5.1258803398854305,-0.2617523611832806
5.2081252129323055,0.047921186561470375
5.351956704402642,-0.5644109190751263
5.411017516399102,-0.40131902111064877
5.592725375438409,-0.19060587299358334
4.875191548610406,-0.4456472338486859
-3.7082661597483586,2.2401190458487323
-2.2583004443400334,1.205961233253365
-2.647722622608466,-0.10932111156475033
-2.1899558512919377,0.7496385632704547
4.795117238307672,-0.6268901766587445
5.255176642680841,-0.5859117449570843
5.460681060100274,-0.12772201908122982
5.489546874309259,-0.2935090006638714
-1.1289550273173283,-1.2626609743882367
-1.4607604949229192,-1.9767303408433148
-1.014494559025092,-3.208823675041313
-2.8233331649058293,-1.365095132713432
-1.1230353324168156,-1.9421329439927288
-2.875471016620917,-1.7456560076523968
-1.9656864611857365,-3.48309516323101
-1.6819480864756535,-3.4688720644761273
-1.7113033740275334,-2.1385483683396527
-2.14457955048017,-2.6894164027024456
-1.4968584983103703,-2.9701757372666546
-4.090729138111396,0.17729640590656315
-2.524845024799628,-1.2060017527390667
-3.618833920215888,-0.4317378939439007
-1.4824780432932805,-1.7210235537339398
-0.9390536753886174,-3.0371375025559613
-2.6861385314219426,-2.509588712577934
-0.8575242964976262,-2.5536594332505413
-1.7571956126444768,-3.3046178759385296
-2.946638008808417,-1.5214099825669476
-0.8469547240488957,-1.4704613627244183
-3.8533023802988957,-0.49200271976482357
-2.19496812508039,-2.375985139732475
-2.7612565963023137,1.7148215829085163
-2.472185036396308,-0.7379023970414349
-2.3131433932536076,-2.4627385081101605
-1.1608633010142277,-2.197778695945854
-3.632928272938056,2.398997372264748
-1.4863702265971135,-3.39994668376934
-0.8785017935984563,-1.6649012507249066
-1.9113372771494817,-3.4484910906602093
-1.254350802158637,-1.5847859324265667
-0.9654211013071965,-2.40008210552227
-2.4346617667429875,0.4211371003340534
-3.2878741233103703,-1.2048211039353558
-2.146187445377631,-2.980519288902397
-1.9098483531229924,-3.5941553057481
-2.862984081959052,-1.3710775317002484
-2.234420439457221,-2.2908863962937542
-0.9346946685069035,-2.120773309593315
-1.5512062518351506,-3.6755957545090863
-1.7397769896738957,-0.8910956324387738
-0.682301422809882,-1.8822903574753949
-1.5919994323008488,-3.5908675135422894
-1.6413470713847111,-3.376334661369438
-3.118630310749335,-1.4077615679551312
-2.279647967075629,-2.6314983309556195
-3.650677582477851,1.1956857501219562
-1.1826223342173527,-2.131657117729301
5.513494351649957,2.695275997991448
5.129581311488824,4.504104500884896
5.634070733333306,3.495087480420952
5.484409669185357,3.731703942890053
5.25019059493609,4.502349740142709
5.26357040717669,4.478030091400033
5.6314722092396785,2.9240414260577015
5.358838895106988,4.121976619834786
-1.116911312794013,-2.391166681175346
-0.9219590632670354,-2.1734971941758343
-0.8416396586649846,-1.3282341898728558
-1.4213811366312932,-1.79746341121685
-1.7803484408610295,-0.8143064917374798
-1.3434454409830998,-3.0198817194749066
-3.0549239127390813,-1.16648196590435
-1.0086342303507756,-2.0152010859299847
-3.780380627369208,0.4689147530745319
-2.022513291096015,-3.442428583030815
-1.12594260857038,-3.5417737902451703
-0.8225048987620305,-2.5306353510667035
-2.9802741019480656,-1.5683803499985882
-1.2685011832468938,-3.7278265894700238
5.3086877854115535,2.9228990732382587
5.844523528361993,2.5535738526533893
5.834932425761895,2.500686234111672
5.582906583095269,2.937376713628655
5.49578271224566,3.2582994459818653
5.188196995998101,4.476466303939706
5.17720566108294,4.493214613075143
5.213885405803399,4.561435228462106
5.555974820399957,3.0148658736299327
-1.5211352317088078,-3.8326706827927777
-1.1692203490488957,-1.3790645541001507
-1.4722479789011906,-3.461110586052055
-0.7969726531260442,-1.5466804446030804
-3.6396078078501652,-0.5036840380479046
-3.2723792998545598,-1.3119859637070843
-1.7709981410258244,-3.841096872215385
-3.700412174915595,-1.2587466181565472
-1.4590691535227727,-1.1343483866501995
-3.23655690834455,-1.1168751658250042
-1.6129695384257268,-1.637065404777641
-2.5618914572947453,0.14845228778827702
-2.310620686268134,-1.3840565623093792
-3.71393670723371,-1.1526265085984417
-2.331100842212958,-1.6153192461777874
-0.9733845202677678,-2.1308698595811078
-1.733615538334174,-2.102423185234184
-0.8624404875987004,-1.182032102470512
-1.4134336917155217,-3.434459203605766
-0.9779271094553899,-1.880987638359184
-1.0572031943552922,-1.5135002077866742
-1.2188745944254826,-2.083920472984428
-1.6962348429911565,-2.1911015452195355
-3.1141308753245305,-1.217467779045219
-2.842131039356513,1.1889832078169635
-3.1382016150706242,-0.6482801379014203
-2.3299373595469426,-2.2391600550461956
-1.4884289710276555,-1.1001634539414593
-2.537568470691962,-1.0123648585129925
-1.324396034931464,-3.6894159258652874
-3.7170719115488957,-0.5574202479172894
-1.471234938358588,-1.501553529625053
-0.9037851302378606,-2.1212592066575238
-3.0182332007639836,-1.140272134666557
-1.9645623175852727,-1.9856390894700238
-2.7255276648753117,0.9173526822279743
-2.229885718082709,-2.114954465751762
-3.0017436949961613,1.1367060004423908
-0.9527706115000676,-2.07264708889019
-3.5956024138682317,-0.6695728243638226
-1.9360505549662541,-3.4312276781846234
-2.800331494068427,-1.4103603304673382
-3.2914337126963567,-0.00473760974895443
-3.038566014026923,-0.9753355921555706
-1.1804968325846623,-1.5368475855637738
-1.1333974807017277,-2.2770137728501507
-1.6691979377024602,-1.3116826952744671
-3.655321022724433,-0.9435415209580609
-3.6894620864146184,0.7345826684187702
-3.5787838904612492,2.29532600032795
-1.4453326670878361,-1.9972138346482464
-1.212544342731757,-0.9696688593674847
5.225312808299737,2.905013626689797
-3.111371418690009,1.5332372246931842
-1.9451254813425969,-0.02007293117534603
-3.2426213233225774,1.406734233970528
-3.195128342365546,0.631277805442696
-3.257672211384101,1.3245616017531208
-3.3506068198435734,0.8513171731184772
-3.6088437049143742,2.2086834965895465
-1.7890194861643742,0.6088783799361042
-3.54138507530622,1.5405957757185749
-1.8674503772013615,0.9735393582533649
-2.5746745078318547,0.7659335194777301
-3.0419410674326848,1.4886641560744098
-2.3675984351389836,0.6256310998152546
-3.477032562946601,1.1464691220473102
-3.443022629474921,1.5992066918562702
-3.289075752949042,2.361801749343758
-3.86532249138288,2.000007396812325
-3.3032859771006535,1.359015351409798
-3.720073124622626,2.323731964702492
4.531280854488092,-0.48737835300456966
5.571241954112725,2.6083984433363727
-0.5765754191630315,-1.8548021258164593
-2.9993757216685246,1.0935335217665485
-3.111923596119208,1.1146944819639972
4.604089358592706,-0.4110708178330609
5.835124114299493,-0.3569502772141644
5.6971179039723445,-0.1938521803666302
5.81999359443255,-0.6292927206803509
5.5001293213612605,0.2443983613203815
-1.7819913832896184,1.3658332883070758
-3.3712491004221867,1.8133873997877887
-3.403417965626044,1.2413520871352008
-3.504896065449042,1.0149021207045368
-0.7981842963450383,-1.8124003351975628
-3.2250603644602727,0.8022637425612262
-3.268504044269843,-0.6802675665665814
-2.33095969841413,0.18586183177936588
-2.6044401137583684,-2.0801677645493695
-3.6871713607066106,0.0797698556135944
-1.309620520328803,-1.1324319781113812
-2.507848641132636,0.42007661449420963
-0.6836692301981877,-1.7708306254197308
-3.2601775138133,-0.14266919506084408
-1.5657042472117375,-1.7129363955308148
-1.579661509250922,-3.7808890284348675
-1.8177825419657658,-3.782225602989311
-2.398270031666083,-1.87457465541851
-1.1109291522257756,-1.0810732783127972
-1.5126298873179387,-1.9774432123948285
-3.0493544547312688,-1.3419804514695355
-2.4405893294566106,-0.396655076866264
-1.3573051898234318,-2.868318551902885
-3.7809800116770695,-0.5263278425980755
-3.8950032202952336,-0.41400956523906673
-1.9613243548624943,-3.4289984644700238
-1.8178380934946965,-0.4898371638108441
-2.014832874988837,-0.8210203589249798
-1.2958213298075627,-2.136185640220756
-1.9824212996714543,-2.89002990139019
-2.0539692847483586,-3.124416822319145
-2.8417104689829777,-1.5428299845505902
-1.7371064631693791,-1.344559186821098
-1.7275091616862248,-3.8553309382249066
-1.7009412257426213,-0.8056895674515911
-1.5954658000224065,-2.233447069053764
-2.1208371131174992,-1.3714766444016644
-1.41793217346601,-1.3618655146409222
-1.357603451465888,-3.18092345607769
-1.8279553858988713,-3.7637758196641156
-2.296239515995307,-2.218634122734184
-0.8446880786173772,-1.3608026446152874
-1.9660424201243352,-2.5314111651231
-1.1746114699595402,-2.9080090464402386
-1.1497236697428654,-2.9313921870042035
-1.446104666446967,-0.027878040199393883
-3.9323538748972844,0.6929175912092975
-2.7186182944529484,-1.8582329691697308
-1.8761455027811955,-1.0764427126694867
-2.0883506743662785,-1.9299058855820843
-1.591265103077216,-1.860235685234184
-2.237644097065253,0.7828428803633503
-1.2334517447703313,-2.3995017947007367
-1.5415889231913518,-3.8706130923081585
-2.1301008670084904,-2.2225117625046917
5.857599833751397,2.7175991593550495
5.427371838832574,3.044023817653542
5.497485259319024,3.0094103126477054
5.828176120067315,2.698310470456963
6.040977099681573,3.4600291012476734
6.095746138835626,3.2424587814759067
5.392533162379937,3.3581098674486927
5.959029773021417,2.9457712529848865
5.844854930186944,2.839720106000786
5.797567466045098,3.595699703569298
5.22126255347796,4.5201704560469445
5.160911181712823,4.306105738754159
5.222409108424859,4.436301594848519
5.175471642757135,4.198984032745248
5.338417390132623,4.124394541854745
5.418749430919366,3.391065484161263
6.014387229228692,3.3612592278670124
-3.559876820301337,-0.8004035891343304
4.302432635570245,0.0734539090346149
-1.5628284423106145,0.1478853284071735
-1.9038437812083195,-3.5391573847581097
-3.3074978797190617,-0.8605079592515179
-1.5483018367045354,-3.488717073326225
-3.3371657340281438,-0.29999970806133236
-1.2545191256754826,-2.9494662226487347
-4.041192433094306,0.3337545453261188
-3.822285076832099,0.990446334953194
-1.8604127375834416,-2.3334407748032757
-2.5817779509776067,1.0394790230940631
-3.202210804676337,-1.1004323900986859
-0.9834588973277043,-2.993335241203422
-1.1714402644389104,-2.6557602824021527
-2.0112987963908147,-2.7304077090073773
-0.9826227633707951,-2.106520170097465
-1.3408364264719914,-3.0787334383774945
-1.547751805042548,-1.7783775271226117
-1.8955842463725041,-2.153498166923637
-3.7463802306406926,-0.49848508251201595
-3.6228498427622746,-0.36504458797466244
-1.1814967601054143,-2.927784913902397
-1.2269777266734074,-2.9343190134812542
-1.2215730159037541,-3.499030107383842
-1.3071576564066838,-1.4247794092942425
-2.4522165267222356,0.2654392777632526
-1.8618449179881047,-3.428335183982963
-1.0829154460185002,-3.3757986964036175
-1.3427483050578068,-3.319476598625297
-1.4428800551646184,-3.0204615534592816
-1.857159992908759,-1.0204515398789593
-1.727877995228095,-1.4059777201462933
-1.0760113208048772,-0.9612941683579632
-0.8960563151591252,-1.648859495048637
-2.5912946669810246,-0.6535363138962933
-0.9077166526072453,-1.7009487093735882
-2.404755493854804,-1.113238328819389
-2.305219551777167,0.18462229358661686
-4.1639307944529484,0.538816696281319
-1.7277909724467229,-3.1868719996262738
-1.660288712238593,-3.086537832145805
-1.6550244300120305,-3.584420198326225
-2.712675472950263,-0.7960944117356488
-0.6884972064249943,-2.0108923853684613
-0.6169578044169377,-2.298188680534477
-3.436381241535468,0.007506376380806312
-1.9008897750132512,-1.7234225214768597
-1.1729847399943303,-1.7371368349839398
-1.0469531028025578,-1.446459764366264
-2.114242216800971,-2.9353623331834027
-3.150732418751044,-0.6581628264237591
-1.5140136687510442,-1.8571762980271527
-0.8041383235209416,-1.8350005091477581
-1.7886921374552678,-1.6052751482773968
-1.5413259474986027,-1.4835600794602581
-1.133665701603217,-2.5051717699814984
-1.9750677554362248,-1.7840700091172406
-2.8567360846751164,-2.0210857332993695
-1.0693363158457707,-2.994771951561088
-1.6225747077219914,-3.51824616802227
-0.8736144511454533,-2.966275209312553
-3.644691845630927,0.7567071973036579
4.36212907149859,-0.5498921812821576
-1.3679839579813908,-2.249588960533256
-2.0190118758433293,-2.4884533823777386
-3.2968729941599797,-0.5792732180405804
-3.8844627349131535,0.949184185142403
-1.817442557071967,-2.557581418876762
-3.2621149031870793,0.9889476357649616
-1.9468649832957219,-1.7410612047959515
-3.447613617634101,-0.3096830786515423
-1.4095381705515813,0.7796697674940876
-2.1967190711253117,-1.2950820864487835
-3.7641557662241887,-0.06460570705425228
-3.9132904021494817,0.026458269233589515
-3.310249706959052,0.3735623418043903
-3.850479027485175,2.2692003904532245
-2.9913534133189152,1.638672357673531
-3.155375382160468,1.637906199569588
-3.5749443976633977,1.911258822555428
-2.127684494709296,-0.2706656397629925
-1.5897361247294377,1.2158284245680622
-1.019210478519721,-3.264472001915092
5.845326045299249,2.4767291604231647
5.905396083141046,2.706332689399605
5.877426245952325,3.0346569998811534
5.745717147136407,2.5962373672674945
5.501197198177056,2.807290530080681
5.976042845988946,3.48010925042141
5.889638999248223,3.2998577861737064
5.466014960551934,0.2773697434614948
5.256172755504327,0.4073588906477741
-1.397196671222968,-3.8026337565232464
-1.515597960209174,-2.3987998904038617
-3.4076045958750676,1.739483600730782
-2.3892044036143254,0.28491855251300846
-3.4534324614756535,1.1528228579710773
-2.0245241133921574,1.5039429722975544
-2.332560440754218,-0.21281432521831478
-1.687918802952094,0.6106088219832233
-3.0989045111887883,0.8627464829634479
-3.3584498374216984,2.4557920752714923
-2.406323811268134,1.85211253749836
-2.2482484786265324,-0.0889453829575726
-3.419296642994208,-1.0347409189988324
-1.7006370036356877,0.599551445121651
-3.7226752249949406,2.204190677280312
-2.8652481047862004,1.7924908457945636
5.4974835903889705,-0.4353196562577435
5.209009984279351,-0.5439243258286663
5.574783185268121,-0.042343610649222985
5.216861823344903,-0.21921300304424252
5.073221543575006,-0.377032274131889
5.628177264476495,-0.10984491718303646
5.663015225673394,-0.4596412123490521
-2.855594536518378,0.7515304146956256
-2.003461739277167,0.12547731983173405
-2.4259666411631535,1.6721112786482624
-3.297665020679755,0.8815865575026325
-3.9229825942271184,1.5762316046904377
-2.9531907050364445,0.6741206704329303
-2.6415351836436223,0.41716147052753483
-2.859836479877753,0.0021977482985309216
5.5472765953785945,-0.4629280508805462
5.357117751384454,-0.11285399806987728
5.373340228343682,-0.26351260555278744
4.961305239940362,-0.6724138201523968
4.878650048518853,-0.48244904888164486
5.598140576625543,-0.17777251613628353
5.567417481685357,-0.5188362540055462
-2.770623585438056,-0.13161563289653744
-3.636837383961005,0.2649781762312702
-3.0411914794199895,-0.30422210109722103
-2.223948380207343,1.6895248948286823
-2.587661167835517,0.33211231815326725
-3.6095484702341984,0.544704204673653
-4.024649044727607,0.1465287266920856
-0.8421904055827092,-1.214739793663139
-1.195714852070136,-1.6010513247300335
-1.4292992560618352,-2.438523286705131
-1.4831675498240422,-3.51072549236309
-1.8774568049662541,-3.182301992302055
-1.6920279471629094,-3.61894082439434
-1.4945441691630315,-1.4412469805527874
-1.526257893299384,-1.3423299731064984
-2.4900630919688176,-1.1148195208359906
-3.610437294697089,0.1109447537611774
-1.9078833071940373,-0.8123011530686566
-2.755635163044257,-1.2564239443589398
-0.7455698458903264,-2.680482381706352
-1.092035195087714,-1.7504472674180218
-1.5340734927409123,-1.4387865008164593
-2.535236736988349,-1.0228295267869183
-1.2868818251841496,-1.128644937400932
-1.2611595599406193,-1.7601890505601117
-2.0920101611369084,-1.8758072794724652
-1.0700525252573918,-1.939485544090385
-3.480604073261542,-0.2938263357926556
-1.0609110800974797,-3.0228180826951214
-1.7209159342997502,-2.460049623375053
-2.1700111834757756,-2.266079896812553
-3.8040937392466496,0.957278495902901
-3.64375962898664,0.29535270320880924
-1.0433281867258977,-1.787423128013725
-1.8405145613902043,1.34452558147419
-1.1223970858805608,-1.5819191874314495
-2.1787857024424504,-1.1321768702317425
-0.7860223262064885,-1.4238147677231976
-1.2969240157359074,-1.0646834315110394
-2.362623116230292,0.537652259940987
-0.698766609882636,-1.6338200510789105
-1.2053121535532902,-3.2284955920029828
5.718053439403253,2.923293834800606
5.4400518925435115,3.3991164027403644
5.488112786555963,3.876183456058388
6.0809045822865535,3.4553889988611988
5.541727641368585,2.866329869503861
5.2292200119740535,4.475629931564217
5.334112027431207,4.326448088760262
5.186608651424127,4.421831852073556
5.235592225337701,4.424739962692147
5.555064061427789,2.8772621958206943
5.229669192577081,4.362529760475045
5.627903083110528,2.7800724862765125
5.6469751389271785,2.721673345441704
5.913836577678399,2.853132313365822
5.533166745448785,3.281875213856583
-1.9810584990733098,-0.662545436744804
-3.793195149158759,-0.6222429217148968
-2.434141537403388,-1.6462120951462933
-3.6456183402293156,-0.2307329119492718
-1.2449525801890324,-2.3376727045823285
-0.7951423136942815,-3.110248083000297
-1.3185712306254338,-3.4599537791062542
-1.770201584553046,-3.8267269076157757
-2.6780933348887395,-0.593289131050224
-1.6513666121714543,-2.383049005394096
-0.7629741637461613,-2.3664154948044964
-1.4936453311198186,-3.5884022654343792
-0.9697164504282902,-1.141450876121635
-1.8652395217173527,-2.798724168663139
-1.7489561049693059,-3.7989625872422406
-1.587964197849555,-3.625463956718559
-2.2010737864726018,-2.7420587481309124
-1.2143675296061467,-1.8231954516221234
-1.346248766636176,-3.4606099070359417
-1.010860821461005,-1.4331040324021527
-2.846854111408515,-1.276934617881889
5.094978907848077,4.398136025543099
-1.8854211776011418,1.2270436345289997
-1.2497879473917912,-2.0892100275803753
-1.6713451354258488,-1.7449459971238324
-1.5359715430491399,-1.971253866081352
-1.1401723830454777,-1.3078989924241253
-1.9285849539988469,-2.101731294517631
-4.0953721015208195,0.35817385303485905
-3.8651455847971867,-0.23287367237102474
-1.7512408702128361,-3.2114071787644574
-3.7345937697642277,-0.48693251026164974
-0.9253243415110539,-1.158969873314018
-3.828588387226386,-0.8495497645188519
-3.9753040282481145,0.5637526570509723
-3.765074154590888,0.2608118115614704
-3.1847633330576848,-0.31047820461284603
-2.383968254780097,-1.358632558708305
-0.8375269381754826,-1.635973924522514
-3.568104645466132,-0.19127773654949154
-1.6347681491129826,-1.562191957359428
-3.5871480910532902,-0.013509744529838219
-3.753494164203925,0.3818912564467243
-2.5244797675364445,-2.303029054527397
-3.9570411650889348,0.07500172245014225
-1.9359013049357365,-1.5773973406602093
-1.96194114372663,0.4538433610152057
-1.7857476680033635,-3.4633741320420453
-2.339088818287177,-2.605366701011772
-3.4213489501231145,0.9377336560438922
-2.535577675556464,-1.0811347903062054
-1.30410160705976,-2.605406755333061
-2.7640737502329777,0.8817682324599079
-3.628884216999335,2.1398321448515705
5.081297257686334,-0.4705717505265423
-3.2221025435679387,0.9021649419020465
-2.971774956440253,1.4446858226012043
-2.0624088256113957,0.7990491448591999
-1.8193613497965764,-0.6696209849168011
5.04709468200274,-0.5935623587418744
-3.2870081870310734,0.6560912190626911
-2.959992310261054,1.4987959920119098
-2.1746450869791936,0.7326679288100055
-1.8997730223887395,-0.5354485453416058
-3.660445591663642,1.9705325423430256
-3.4915493933909367,2.333637720222359
5.888635733867364,2.83864036786068
6.031958678508477,3.0863211231927923
6.001784423137384,2.557721441860085
5.651730874324517,-0.4982752741624066
5.598870852733331,3.2972860841702274
-3.5093106238596867,0.7251343785475544
-2.813998600696845,1.6386950074385456
-3.3779009787791203,0.869014507408028
-3.064984699940009,0.12468600856769596
-2.9341105429881047,0.47371340381610905
-2.6985591857188176,1.0631427823256305
-3.621658226703925,2.112188106651192
-3.5536922423594426,2.288429504508858
-3.840244194721503,2.151813453311806
5.7649689705617,-0.18243049991619076
5.351022341991143,-0.0011601389695354847
5.4170180351979305,-0.019890302543754235
5.5774937660939266,-0.6078839243699261
5.727559188152032,-0.16760110271465267
4.908880570674615,-0.5211803854752728
5.736405471111016,-0.3209559859086224
5.306787827754693,-0.7118825854111859
-3.4919856993906926,2.422409421081429
-2.449088474964423,0.3402707635115436
-2.139787575458808,-0.07531356227886166
-2.8114346472971867,0.1582784711073688
-2.7375110594981145,0.38800716983783756
-3.2964266745799016,1.8775996028136066
-3.2754940001719426,1.2678055821608356
-2.2803689448588322,0.25591254817951237
-1.7279235331767033,0.6071083604048542
4.996905425334649,-0.6508841456223675
5.614716866756158,-0.21079110515605892
5.322200873637872,-0.710566038017387
-3.106720825886054,1.4428274689863971
-2.9384860007517766,-1.1229791582871624
-1.3024445979350041,-1.8101057947922894
-1.529199501728339,-3.899495118980522
-1.3175896613352727,-2.7166962565232464
-1.6663834063761662,-3.8255691469956585
-4.035685917591376,0.0699901639174274
-1.3617321460001897,-3.4602990092087933
-0.9238404242747258,-1.9422335566331097
-1.321008583759589,-1.8968386591721722
-3.5270337073557805,-0.6337819041062542
-1.7318762747996281,0.5778124390791706
-1.828379770969672,-3.1412401140977093
-3.2518285720103215,-0.9029021204758831
-3.2987226454966496,-0.9933538378525921
-2.3859604804270695,-1.698110097770805
-0.8716002909892033,-1.0098218859482953
-1.9936059920542668,-2.2423338831711956
-1.928557059025092,-2.207476133232231
-2.70660724327497,-1.6795048655320355
-1.4278789965861272,-1.7222485483933636
-1.5683964698069524,-2.891653055076713
-1.1178697554820012,-2.4338989199448773
-2.23787846252851,-0.8888673723984906
-0.8926953284495305,-1.4363646448899456
-0.771398684238715,-2.5246634424973675
-0.8379451243632268,-2.1338415087510296
-1.4766115157359074,-0.650502675895805
-1.444916626667304,-1.5864505709458538
-3.089642903065009,-0.939403051262016
-3.1923121421091984,-1.1892900408555218
-1.4278210608714055,0.13243437396991764
-1.0101736991160344,-3.019311899070854
-1.6746915786021184,-2.412343496208305
-1.8323451487772893,-3.3785357416917035
-0.8299519030802678,-1.499128335838432
-1.0890456645243596,-2.019515985374565
-1.102962872242255,-3.3236422480393597
-1.5035752265208195,-3.6053943575669476
-1.2922166793101262,0.1854851304243854
-2.4866961447947453,-1.488139623527641
-2.6590527503245305,-1.2641658724595257
-1.6840988604777287,-3.5743536890793988
-2.635388752674384,0.18499971019733463
-2.787394901966376,-1.5339636744309613
5.744708636546807,2.6541323720167926
5.979955294872003,3.436101740474587
5.698841193462091,2.8110650538157276
6.166388610149102,3.2791680304955295
5.458968499446588,3.8544181643675617
6.196532347942071,3.278836971397286
6.297397712016778,3.044116219754105
-3.672014614795966,2.470384365196114
-2.09096946403913,-2.1482057513047406
-1.429596802448554,-0.7514135779191204
-1.1303585974924992,-2.4021639765549847
-1.5450517146342229,-2.16393708599102
-1.3680011241190861,-3.3927731455613324
-2.193637034153266,-2.7770161570359417
-2.503604790424628,0.08545733081806217
-1.202790161823554,-1.7459220827866742
-3.2543987242930363,-1.4247989596177288
-1.1555150954478215,-2.222406381492729
-2.6479376761668156,-0.4319214762498089
-1.400732180332465,-1.6262559832383343
-0.7723578421824406,-2.2131299914170453
-2.2933610884898137,-2.409319394950981
-1.9935540168040227,-2.432041162376518
-2.309357306217475,-2.2981004656602093
-1.4844192473643254,-2.1495275439072796
-2.2282601802103947,-1.105848306541557
-1.5766614882700871,-3.8092184008408734
-1.1186233966105412,-1.7716069163132855
-3.7927898375742863,0.3849020062636188
-3.757778069233222,-0.38868331325542416
-1.1058114974253606,-1.253440851097221
-2.4648817984812688,-2.6970734537888714
-1.6289974658244084,-0.41450285327922787
-1.4576090781443547,-2.9790706576157757
-1.1051491706126164,-2.8413953722764203
-2.293227812504096,-0.0014164389420696644
-1.764302155231757,-2.569602483635063
-3.300836464618964,-0.4902493895341107
-1.7804666964762639,-2.8408508242417523
-1.252315661167426,-2.247057908897514
-3.008647343372626,-0.4531092585374066
-1.560930630420966,-3.6649732531357953
-3.9805044142954777,0.9361336289595417
-1.3368951289408635,-2.037683481102104
-1.6702934710734318,-3.5344848574448773
-1.852981468891425,-3.0302128733445355
-2.2971030680888127,-2.6772279681016156
-2.575104614948554,-0.4631681383897015
-3.13891925499372,-0.6569228113938519
-1.2526220290415715,-2.1236882151414105
-1.6059426276438664,-3.5610632838059613
-1.4683374373667668,-3.6723446787644574
-1.3402701823466252,-1.2164926470566937
-0.7430960147135686,-2.7655506075669476
-1.0931483714335393,-2.099474424247856
-1.4005576579325627,-3.2599286974717328
-1.8578835932963322,-3.724260801200981
-3.384353062366767,0.42116213428485905
-0.8323730437510442,-2.5106182040024945
-2.1589702574961613,-3.1786155642319867
-3.232525727009101,-1.169418805961723
-3.417535206531806,-0.994257444267387
4.30222950294085,-0.14518045795452084
-1.8266605345957707,-0.41271328342449154
-0.9130171744578313,-1.1519660891343304
-0.7272976844065617,-2.4637203158189007
-1.670885464405341,0.6149461327742389
-3.5213040320628117,-0.34582304370891537
-1.3280023543589543,-1.8655281008530804
-3.8786810843699406,0.44583774196613346
-3.277264496540351,-1.4702310503770062
-2.6117338149302434,-1.5351796091843792
-2.198038717960639,-2.4952135027695843
-1.8307966201060246,-3.797015184288139
-3.5592488257639836,0.12067247020710026
-1.2253343074076604,-1.9015679301072308
-1.7922464816325139,-3.0317459048081585
-1.418474575733466,-2.9201927126694867
-3.75043048546247,0.957503801460152
-3.362669369434638,-0.9837331713486859
-3.032258412098212,-0.34812449825298275
-0.7924384085886906,-2.408446782951469
-2.8155416457407902,-0.7943916262437054
5.957561114574151,2.603845721359139
4.84001312568255,-0.24043821704875912
6.184194186473565,2.9896456061552814
5.639356234813409,3.0356745554755977
-2.548392197346015,0.015014177436714515
-1.7237919776194524,-2.585382455711479
-2.806536099170966,-0.9417924822617718
-1.5474907366984318,-0.1167178095627972
-1.5997613875620793,-2.3212804735947796
-1.6480995623820256,-2.491153711204643
-2.503442665790839,1.203015094871407
-2.028710743641181,-2.8660030306626507
-3.5774716346018742,-0.4772975386429974
-1.4829286544077824,-3.44842194927227
-2.0374189822428654,-1.2528653086472699
-3.1648773162119817,-0.15821527851116146
-1.0785998313181828,-2.908695691948051
-1.034654757236762,-1.4130907000352093
-3.044423004841132,1.352246051902657
-1.875480076526923,-1.1854519785691449
-1.1678284613841008,-2.075856202964897
-3.883118530964179,-0.3929326475907513
-1.0824724642985295,-1.509699338798637
-2.891895672535224,-1.4433860720444867
-1.313984534000678,-1.1321048678208538
-1.7859052626841496,-2.5659727991868206
-1.8901273219340275,-0.35436939609539
-2.6027521102183293,0.651229387397652
-2.966199776386542,0.6634900628279499
-3.8811339347117375,2.3643263636778644
-3.3355711905711125,2.338627701873665
-2.084769627308173,1.0515625535200885
-3.095655342792792,0.6426959096144489
-2.290168902134223,0.9435768185805133
-2.371374508594794,0.3311598359297565
-2.5701369254343938,0.47852063762653385
-3.5370406119578313,1.0776846467207721
-3.8817976920359563,1.9945596514891437
-3.1546682326548527,0.9797375260542682
-3.5163320510142277,1.0001752434920124
-3.908323666309638,2.1797865091513446
-2.874541184162421,1.1177681742857746
-2.3614214865916203,0.34509564029682194
-2.9250930754893254,1.188712125892525
-1.9703747241251897,1.2188516913603595
-3.0893362967722844,2.3478166519354633
-2.9212249724619817,1.4869914113234333
-3.556301018451972,2.3664469181250385
-3.1641072242014836,0.9295985757063678
-2.713985344623847,0.910039430732613
-3.2319849936716984,1.1553157626341632
4.152397015834527,-0.1753399313737103
-1.8776809184306096,-3.3980321825791546
5.633811572337823,-0.2259714545060345
5.045592406535821,0.2691605149458698
5.8215871842152644,-0.37418841732036556
4.960585931087213,-0.2702484072495648
4.989524224544244,-0.16749309909831966
5.279531577373223,-0.6031658591080853
4.979174474025445,-0.4407396258164593
5.645598033214288,-0.3717377127457806
4.760166028285699,-0.47017692935955013
3.9814682991749812,-0.16671752346050228
-3.090453049396796,2.41363072978962
-1.763233801578803,1.2048400698851398
-1.4884203879588078,0.974912887687569
-2.8416375128977727,0.45428825008380924
-2.8230332343333195,0.5622201024245075
-2.431076428150458,0.3981559334944538
-3.3839553801768254,0.24203730213153873
-1.5804702250712346,-3.329896444206352
-2.1859601943247746,-2.9115610064316937
-2.9265798537486027,-1.0562682093430706
-2.976796051716132,-1.3040003718186566
-2.2087894885294865,-2.8930334986497113
-2.032352110599799,-0.651650661354179
-1.8336752860300969,-1.4367732943345257
-2.3528422324412297,-0.26096915615093197
-3.31733026192121,-0.10165500057231869
-0.7211655585520695,-1.9499111117173382
-3.1425007788889836,-0.6257286013413617
-1.6616891829722356,-3.8171458185960003
-3.574932953571601,2.3504228054236225
-0.9977339713328313,-1.8798699320603558
-1.5487786738627385,-1.238865369682426
-1.6239832846873234,-1.6854739130784222
-1.8491522280924748,-1.996489995842094
-1.9171828238718938,-1.6622056902695843
-1.4008199183695744,-2.223951810722465
-2.0511921851389836,-3.5601906718064495
-2.064454695438666,-2.4435410441209027
-0.7312265841715764,-1.7005238474656292
-1.7039519755595158,-1.3037629069138714
-1.8956948725932072,-3.0460557879258343
-2.846446415638251,-0.6353154124070355
-1.069672724460883,-2.0570478380967328
-2.7074355094187688,-1.4741949976731488
5.115055421138482,4.093216425056344
-3.017623326038642,-0.013912910347098961
-2.204076906894965,-1.5086064280320355
-1.7903729884379338,-2.225254053001518
-3.020522972797675,-0.21676372898113216
-1.6845592467539738,-3.145647996788139
-1.912479063724799,-3.57060098064434
-3.6114448516123723,0.3838150559614948
-3.7503537146799992,-0.11794614208232845
-0.7935902087443303,-1.4043168963242718
-1.3343125788920354,-0.964807981376762
-3.7607511489146184,-0.37313389194499935
-1.357800862049384,-1.8683500231553265
-2.3149622885935734,-0.8694055022050091
-1.4280463664286565,-2.4373602808762738
-1.0780919997446965,0.24449563610065495
-3.8631800620310734,0.004960781211738929
-3.7407626120799016,-0.18153142345439877
-3.287608048176093,-0.20857858074199642
-0.967835566257758,-0.8449215830613324
-3.3737715689890813,-0.2322106303025433
-3.436752697681708,0.27132130252826725
-3.273024937366767,2.3699712811659626
-3.4784473387949895,-0.5531718672562786
-3.4795206992381047,-1.0553693712998578
-1.276661535953803,-2.4939184130479046
-0.6842853038065861,-1.528819555168266
-2.3390807120554875,-1.48712348354351
-1.268168589329047,-2.0058216990281292
-2.282986304020209,-1.005013460044975
-2.8738121001475285,-1.256257528190727
-1.7146777121775578,-1.8498263300706097
-2.203250786518378,-1.8207802714158245
-1.9932600466959904,-1.7110252322007367
-1.3466774432414006,-2.6033735216904828
-0.7210675685160588,-1.5371198595811078
-1.3262192218058537,-1.1809806765366742
-1.309033533787055,-2.934802526359672
-2.778680226063056,-1.3288369120408245
-1.1174496619456242,-2.571191781883354
-1.1570402590983342,-1.5022792757798382
-2.1733817069285344,0.8109686433028034
-2.5911869017832707,-0.6895143927384564
-3.1429699866526555,0.5992896615217975
-1.3901745288126897,-1.9778799952317425
-2.3451484648936223,-0.8782799185563275
-1.7946282832377385,-0.8394594134141156
-2.950776478504462,-0.658110851173515
-2.88190021202497,-1.778568738823051
-0.6773618666880559,-2.099693292503471
-1.7466215102427434,-2.9883732737351605
-2.146051308368964,-1.190307134513969
5.420452216411309,3.729564851398354
5.311731436992364,2.6808834432314685
5.57007298781939,3.7752144395064167
5.657326558376031,3.0029369800041965
5.8008166344410945,2.5763688741873554
6.286420920634942,2.683429813260918
6.16393719031878,2.4695295153807453
5.765515902782159,3.2862787603091053
5.4652806313283016,2.9658403454970172
5.249721148753839,0.5802803097914508
6.268163779521661,2.9598208575199894
6.092931845927911,2.473373240108376
6.260845282817559,3.1225399368133
5.80951128318377,2.723830407733803
6.185141185069757,2.637792652721291
-2.5445350615733098,-0.716636651878471
5.004530051494317,4.109696096057778
-1.7472788302653264,-2.064602846031303
-0.9066397158854436,-2.0218558253098675
-1.5719958750956486,-2.1415181101609417
-1.3241075484507512,-1.9814438761521527
-1.0729550330393742,-0.9163227022935101
-3.366376778339667,-0.2302715719987103
-1.964516302799506,-1.8434514941025921
-1.2116717307322453,-1.790111059074516
-3.484761139606757,0.14061999904621159
-2.941414257740302,-1.3751292170335003
-2.2140380351298283,0.34521651851642643
-3.8744205443613957,1.6166793166350177
-3.840314289783759,1.726971632118111
-3.2029646842234563,-0.568081611518974
-2.2503122298472356,0.2374863682936481
-1.5095995871775578,-0.985822671775932
5.656410554195123,2.6411720572661213
5.931738951945977,3.4017219899843982
5.5953463108784725,3.062480474139338
-1.9845129458659123,-2.626403325920219
-2.5125526396983098,2.085120326156502
-2.384691139911933,0.7320599614332965
-2.5828227011912297,1.30646885025013
-2.430780312275214,1.1148510037611774
-2.6210607497446965,0.14278436290729557
-3.369641682361884,0.9937884865950397
-2.009442230915351,1.5309324322890094
-3.827132603382392,1.927952414626961
5.748754122997003,-0.4956574381638714
4.209385493541436,0.021494632835274086
-2.1807865111582707,0.7508876382063678
-2.884698292469306,2.29994744646061
-1.965697190021796,-0.1850001753617474
-1.951409956669135,0.10188842403400455
-2.5115078894846867,0.6317491589735797
-3.2935079543345402,0.948977714652901
-3.5925382582896184,1.1117870866011432
-1.9207252471201848,0.3809747754286579
-3.8584894149058293,1.3805764971922687
5.718502143169122,-0.5796911658097454
5.747217276836114,0.21587348567951237
4.615591624522882,0.3107426224898151
5.088288405681329,-0.40520429027568783
5.708911040569024,0.0777859746168903
4.818907120967584,-0.5130360068131634
5.658115962291436,-0.48937820804607357
4.638468602443414,-0.43450855625164
4.589880088115411,-0.4473779143143841
4.78438077285357,-0.6028799952317425
-2.3007976023905705,0.7268905698012165
-2.7586463896983098,-0.11156916034709896
-2.134881636356635,-2.367703431968803
-1.6807929484599065,-0.2408795298386761
-1.3282698600047063,-2.8296213091660687
-2.752062222217841,0.7839226781081012
-2.7877248732798527,-0.06475042713176693
-1.1527410952799748,-1.109897607689018
-4.048900982593818,0.21381021129596745
5.248680213237481,4.492193466300851
5.389961818004327,4.127190834159737
-2.2434689013712834,-3.247412198906059
-1.4484976737254094,0.47569656955707584
-1.0758356063120793,-1.8801445902634808
-3.7304595916026067,-0.4295403899003216
-1.5313703028910588,-2.6855711878586956
-1.8649176566355656,-1.5017495096970745
-1.101620098804755,-2.6767506541062542
-1.6796902625315617,-2.740135187034721
-1.4789115397685002,-2.5441689432908245
-2.2032472102396916,-3.291312688713188
-3.670829197620673,1.2708982287596515
-1.257444998478217,-3.0502304972459027
-3.298716446613593,1.4545462189863971
-1.4654025046580266,0.05817103969562565
-4.146157166218085,0.45956659900653873
-3.873308560108466,0.8004264889906696
-3.7523502318613957,0.7671670972060016
-0.6465460269205998,-2.1572103442002484
-4.146207710956855,0.6841471253584674
-1.4931692092173527,-1.487000936393852
-3.404387375568671,-0.23494600666057552
-2.6571401564829777,-0.05276607883464779
-3.950085541462226,-0.16532658947002377
-3.9120482413523625,0.07235575305927311
-1.9390932528727483,-1.3319163264085003
-0.9002412764780949,-1.895835870628471
-1.9751838652842473,-1.4071397723008343
-1.6700962989085149,-3.397366517906303
-3.5878128020518254,-0.349366897468681
-1.148614546512885,-1.9822926462937542
-2.369991203998847,-0.6730465830613324
-1.8821147887461613,-1.8987755717087933
-1.5465179888956975,-1.5028815211106488
-3.6397942511790227,-0.6567125262070843
-3.9060620276682805,2.3635939418028644
-2.011933228229804,0.561479574317818
-2.136781117176337,0.7245054303358844
-1.2177831141703557,-1.8123288096238324
-3.2495349852793645,-1.1698384226609417
-2.371301552509589,-0.9510908068467328
-3.2463187186472844,0.8717777787398151
-3.4270819632761906,-0.5168526114274212
-1.3292533366435002,-2.708791726951713
-1.7221371142619084,-2.9599685610581585
-1.1303028075449895,-3.5177693308640667
-1.3501898257487248,-0.9619598330308148
-2.993763348316474,0.9476664124678424
-1.7459663359873723,-0.5333507002640911
-1.6820448844187688,-1.42929934871685
-1.5295943228953313,-0.9931254328538128
-1.951691529011054,-2.933433526878471
-1.1505080668681096,-2.1347212733079144
-2.1705934016459416,0.9594793378065876
-1.7556077449076604,-0.11334943187725033
4.657986262584405,-0.5618009508897015
-2.7253955809824895,-1.326023572807426
-2.282699009632392,-2.1106038035203167
-1.7493313758128117,-0.03207253826152767
-1.0870224444621037,-2.407798761253471
-1.842328449940009,-1.9034480990220257
-1.132092854236884,-2.8816018046189495
-2.285595795368476,-1.7588567675400921
-1.4289056269877385,-3.749900335197563
-2.241196057056708,0.8808255253981403
-3.065294644092841,0.41264963733661686
-2.2052523104899358,-1.8776388109971234
-4.12765159294538,1.1095361767958454
-2.5402740447276067,-1.1775708140183636
-3.643476387714667,1.308305507774239
-1.0973717181437443,-2.094442361717338
-1.249684235309882,-2.334242338066215
-1.0652471987955998,-2.043390268211479
-1.9126283137553166,-1.7416677416611859
-1.7244686095469426,-3.206560605888481
-1.9898828475230168,-1.4469861925889203
-1.92334570572309,-3.5309944094468304
-1.2198943106883,-1.9499535502244183
-4.024519821857734,0.7533779202650837
-1.0989383666270207,-1.4330239237595745
-1.831342121815009,-3.3676600397874066
5.442098477626519,3.9876810370634845
5.9292675049550105,3.29647431361187
6.137683013225274,3.3088090478133014
5.551779607082086,3.011429583902245
5.7647682221180965,2.603987640018349
6.09986362769671,2.4835637866209797
6.228100875163751,3.1077990101340762
6.272389510417657,2.813237434501534
-3.2767642943613957,1.321012502784615
-2.5953506438487004,0.06919265377033268
-1.189625403141303,-1.063250535850639
-2.193015476917548,1.3448569832991413
-2.7217573134653996,1.0639200268935016
-3.1443690268748234,0.6314289628218464
-3.828980824207587,2.353116220111733
-2.556958576893134,-1.0781850756455609
-3.1836971251719426,2.135583704585915
-2.7299550978892277,-0.2913420141984173
-1.7603281943552922,0.7443745194624714
-3.8553608863108586,1.7602555810164264
-2.1925417392008733,0.8659431992720417
-2.8976110427134465,1.5034682809065631
-1.9129799811594914,-3.4525031985093304
4.8163922817952205,-0.603052610283012
4.803236583018975,-0.32993626010906185
-2.7338179557078313,-0.26127385509502377
-3.846431633686347,1.7419067679594806
5.222625354076104,0.03298163997638737
-1.942543408130927,1.0736999570082477
-3.55701532051496,1.0431683121870807
5.187653878474908,-0.5446829737473675
-1.1827939955943059,-0.7736890257645794
-3.3106893508189152,0.9428844510268024
-1.4117759673350285,-0.5788853110123822
-2.4457015006297063,0.42027831661212955
-1.862202307438178,-0.06955742252361263
-2.9211353270762395,2.012698417777901
-2.073029181217475,0.46453071224201237
-2.634184738849921,0.27112174617755924
-2.5221890418284367,1.123139148826485
-2.1649025885813664,0.6521549283217243
-3.598917862629218,1.1562031565855793
-3.5050138442271184,1.0693557320784381
5.166737654948907,-0.06850742710124935
5.718964675212579,0.15114641773212467
5.688270667339044,-0.36974667919170345
5.086869099879937,-0.3385510386277386
4.949689725185113,-0.025708431129569664
4.775556662822442,-0.6069252432633587
4.280222752834039,-0.3035769404221722
5.42490229919024,-0.6052133978654095
4.596076110149102,0.49417639362323795
5.627151110912042,8.888302992633434e-4
5.320758202815728,-0.07462405574809994
-2.2034157721751164,-2.0802645624924847
-1.6158508269541692,-2.860513204460258
-1.7120498625987004,-0.16838621509563412
-1.3102387397044133,-2.045404905204887
-0.8580912558787297,-1.7784833849717328
-1.0160612075083684,-2.8958201350022503
-1.317322870945258,-3.4402613581467816
-1.4712046591990422,-1.494602197532768
-3.879899880146308,0.7945396958540729
-2.3260954825633,1.6457789002608112
-2.8773077933543156,-0.6949014605332562
-2.0145281760447453,-1.3968167246628949
-1.085269591068549,-1.78171634090435
-1.4284178225748967,-3.5543761194993206
-3.9780930487864445,0.2928001939009479
-1.5358816592448186,-3.636770242576713
-3.8979023902171086,-0.13538717639934505
-1.9793414084666203,-2.7319393099595257
-1.9494651763194035,-3.1243824900437542
-1.5923921077006291,-3.544549936180229
-3.1860355345957707,-1.2262859286118695
-1.4835154025309514,-1.2702073992539593
-0.665483853077216,-0.8539490641404339
-2.202435394977851,-2.96378945720684
-0.8265191523783635,-1.178522580986137
-1.1441961734049748,-1.4796967448044964
-1.5381888358347844,-2.424236291771049
-3.6978315322153996,-0.7782475889970013
-2.5164741484873723,0.9005787430952839
-1.4712645022623967,-0.27756618869792904
-0.8196786849253606,-1.5098233164597699
-1.6437841861002873,-0.10852002513896908
-0.5750814883463811,-1.3026380480576703
-2.3132349459879826,-2.9054031313706585
-2.4690240828745793,-1.149406427269096
-1.4083322493784856,-2.110092157249565
-2.0740307776682805,-0.46485661876689877
-1.972216030811591,-3.1931228579331585
-1.2596110312693547,0.3538641987990192
-3.394450089191718,1.8092306910704425
6.018146613383966,3.1664010977994255
5.589887717509942,3.3484003602217487
5.6862841637379695,3.426091974849587
5.476239302898126,3.3170232086132816
-3.6214765517466496,0.3972630559157184
-1.525785824512763,-3.885824197654838
-0.7440542189829777,-2.159815305595512
-1.0223037211649846,-3.1264624537278363
-1.2539693324320744,-2.6034240664292523
-1.9107109515421818,-2.8857870043564984
-1.6337107627146672,-3.7354078234482953
-0.829567333912177,-2.251377576713676
5.339168408656793,4.375201350326424
-4.0483325927012395,0.10952187168109928
-1.7661906687968205,-1.1839513720322796
-1.4488295523875188,-3.6227521837998578
-2.583206078266425,-1.4990291537095257
-3.74959458992414,0.14203811275470768
-3.3770917861216496,-0.28160833728801693
-0.7503115145914983,-2.111590379600639
-0.8160752265208195,-2.025743955497856
-2.8253764121287297,-1.286507600669975
-3.704975506519599,-1.102204793815727
-3.8833235709422063,0.5955245553206256
-2.4597982375376652,0.3259086667250446
-1.0501607863657902,-0.8115775526810833
-3.6909769980662297,-0.5780353487778851
-1.3588575331919621,-1.40205907238018
-4.111423393940253,1.0287320672224811
-2.503160378193183,-2.762398713951225
-1.0565849749796818,-1.9670219363022992
-2.933864495014472,-0.7096033037949749
-1.5136956183665227,-0.9422941149522015
-1.8048638312571477,-3.0597324312974163
-3.9286092726939152,0.19258499729145084
-1.8363322226756047,-1.2695336283494183
-1.6222139804118108,-3.6117439211655804
-3.0379685370676945,-1.3423395098496624
-3.33545770332746,-0.5639896334458538
-2.455788513874335,-2.283108228569145
-1.808202883457465,-1.7546253145981976
-1.006355902408881,-1.1826534212876507
-2.1679407565348576,-1.3967180193711468
-1.4857558219187688,-0.7437360228348919
-3.3555907218211125,-0.21125816715251888
-3.7877997367136906,0.7081134377669147
-1.5458356349223088,-3.7479200304795453
-1.709851643299384,-3.5550045908738324
-2.274929186558051,-0.7489349783707806
-1.7274917571299504,-0.835521215324516
-1.5041085688822697,-1.4523272455979535
-0.8692475764506291,-2.0982484759141156
-1.4679197280161809,-3.2705030382920453
-1.5773364512675236,-2.351313108329887
-3.9936965911143254,1.3339084445189289
-2.594413181995673,-1.2595791758347699
-3.6316384284251164,0.8470058499525837
-1.1874512641184758,-1.371712678794975
-2.8694523780100774,-0.17004417789470638
-2.2313021628611516,-0.903122419242973
-1.2749256102793645,-3.332596773033256
-2.8963006942027043,-0.1582367361832806
-3.8286274878733586,-0.33176826847087826
-2.2623998133891057,1.1514551697920612
-0.5276881663554143,-0.8674583376694867
-1.79978933021955,-3.2169756830979535
-1.5485438315623234,-1.1190075815964886
-1.001017710422797,-2.4823522509385296
-1.4721378295176457,-2.5502061785508343
-1.6965230910532902,-3.785392755394096
5.146579840923028,3.2123757137607387
-3.3714622466319035,0.04108405696857487
-1.4716586081736516,-2.708964818840141
6.233984568858819,3.227173520500546
5.451081612849908,4.316454058761483
-1.4993595092051457,-3.2051844538499066
-1.0393704383128117,-3.1391134203721234
-1.154703995441718,-3.1829318941880413
-1.1563321559184025,-2.6639060915757367
-1.999789616321845,-1.8128642977524945
-1.529715916370673,-2.3219656885911175
-2.5597480742686223,1.0163586198042682
-2.1433414427988957,-0.8268659056473919
-1.3325759379618596,-3.1376581133652874
-0.9042915312998723,-2.679412359123344
-3.7434591262095402,1.521399384612923
-3.4718998877757024,0.8682673035811237
-1.831703802799506,0.33723664867389713
-2.682759186481757,1.1133397875975422
-3.230826756214423,1.3067345677565387
-3.87801780388288,2.2105367838095478
-2.1963974444621037,0.7896683274458698
-2.397553822254462,1.3037353812407306
-3.4232295958750676,1.1702977477263263
-3.8678888289683293,2.2085072456549457
-2.2076295821421574,0.8941783963393024
-2.5258649794810246,1.3033949195097736
4.7979503662831355,-0.465364211921806
5.0365594418294,-0.38654517543804134
-3.7618712393992375,2.168239062900429
-1.0978235213511418,-0.8921070040513226
-3.1755117385142277,0.7945799885939411
-3.8993576972239445,0.8555622159193805
-3.197552582477851,1.7362597047041706
-2.509799858784003,1.71726728069294
-3.3281020133250188,1.9500194846342853
-2.2120095698588322,1.5656833707045368
-2.82693137810163,2.2798085271071247
-3.8444985358469914,2.221006637687569
-2.092026135181708,0.9233295975874714
-2.432918926929755,0.8871929703902057
-2.4912442176096867,0.3530714570235065
-2.4445475547068547,0.9877331315230182
-1.7162970511668156,1.3824267445753864
-2.0740944354289006,0.6186690388869098
-3.1061276404612492,2.0901314078520588
-3.634024998401923,1.8409694491576007
-3.153612038349433,0.8203501759718708
-2.2785362212412785,-0.08042859447490658
-3.198287388538642,0.6007046757887653
-3.068256756519599,1.4637770711134723
4.829451897884088,-0.39037751567851986
4.856125453258233,-0.36089729679119076
5.390531876826959,-0.5133247317124554
5.492968896175103,-0.4520263613511273
5.359854558253961,0.09028125392902409
4.87792120292254,0.23894000637043034
5.7715383560902644,-0.30073022258769955
4.599001267696099,-0.3466057719041058
5.095040419841485,-0.18230819118511166
5.44421062781878,-0.22722863567363705
5.610334494853692,-0.11505555522930111
4.735073188090997,-0.04712986362468685
5.188504079127984,-0.5320279539872357
5.293606141353326,-0.05016445529949154
5.835596183086114,-0.22457408321392025
5.015256980205255,-0.6419863642502972
5.440646270061212,-0.46741985691081966
5.759971717143731,-0.5785038412858197
5.76825962379046,-0.2749383391190716
5.496830085063653,-0.5468032301713177
5.1907821686513,0.08441448795307194
4.726557353282647,-0.30030416858684505
5.4574819596058894,-0.5693936289597699
4.8624130280263,-0.20649194133769955
5.392415383601861,3.6918264685820392
-1.4134408442728947,-3.190525525932426
-1.325919291233344,-2.546789640312309
-1.4037031142466496,-3.562245363121147
-3.6305254904978703,0.3026742993544391
-1.540263315891547,-0.7912938536454388
-1.176655432438178,0.9469280301283649
-2.9761775939219426,-1.5918226183701703
-3.85350026771955,0.13063812839496647
-1.9516669718974065,-1.8372478426743695
-1.595321318363471,-1.418714517479057
-3.6145771949046086,-0.4696965159226605
-1.7027212588541936,-3.0066933573533245
-1.9046834914439152,-3.2639069498826214
-2.028086325382514,-1.7951846064377972
-1.1564632861369084,-1.0409011782456585
-1.0769463984721135,-1.8130998553086468
-2.925359627460761,-0.9835815371323773
-3.2403210608714055,-1.0169496477891156
-0.8500284163706731,-1.6748194636155316
-4.035659214710517,0.07097507106769596
-1.669140955662055,-1.830223077659721
-0.7272457091563176,-1.984733575706596
-1.8033801524393986,-0.08511852634441341
-1.2836140601389836,-1.9483914316941449
-3.4224008528941106,-0.3178851546097943
-1.9039024321787785,-3.2119431437302777
-2.8825191466563176,-1.4640083254624554
-1.0468141047709416,-2.7550177515793988
-3.08039178535871,-1.028432363395805
-1.013525149082465,-1.5954403818894574
-1.725636145328803,-3.591877931480522
-1.3148890940897893,-1.1288814486314007
-0.8813992945902775,-1.7436366022874066
-3.2389801947825383,-0.036240095024222985
-1.4861666171305608,-3.7932128847886273
-1.9582172839396428,-1.5784301699448773
-2.3680914847605656,-0.5079579294968792
-4.101614376758857,0.08013511287677799
-3.8086246459238957,0.15379357921588932
-1.2982994525187443,-1.8379106463242718
-4.0323485343211125,0.1866734086226276
-1.541716238712592,-3.6220073641587445
-3.655403515552802,-0.11606382740032162
-1.8921417205088567,-0.47478985202800716
-2.0010544268839787,-2.617766374473686
-1.4986499755137395,-2.017035001640434
-2.3761190383189152,-0.5745270193864056
-1.887433430408759,-3.3927807749558636
-1.8679119555705022,0.5766921101759723
-1.165681025242133,-1.6559576929856488
-1.0213440863841008,-2.2111773432542035
-2.1651159732096623,-2.086354249839897
-3.6527871100657414,-0.030605310325736657
-1.9593066184275578,-0.9763183535386273
-3.6798099486582707,-0.018965238456840172
-2.4932393042796086,-0.4911501349259564
-3.856542488788886,0.018065458412056312
-1.3373655287974309,-3.464361661796684
-2.279689451908393,-2.626325601463432
-1.9280082194560002,-3.502722257499809
-2.0032652823679875,-3.097646230583305
-3.8600677458994817,0.14377618419635807
-0.4280661551707219,-1.2001161516953656
-1.2979990451090764,-2.814114087944145
-1.6977657286875676,-3.2544751108933636
-2.1058682410471867,1.1704337655257038
-2.414105316852851,-2.436792844658012
-1.5210975615733098,-2.415843480949516
-1.129590174412055,-1.343279832725639
-2.0936349837534856,-3.2977018297959515
-3.8845585791819524,0.7094163953017047
-1.9041654078715275,-3.1057796419907757
-0.8395074813120793,-1.5573491991807171
-3.7275718657725285,-0.07004475009929623
-1.7009338347666692,-1.0117077769089886
-1.6177348105662297,-3.4428510607529828
-2.3115581481211613,-0.9593939722825238
-1.0899499861948918,-1.3183989466477581
-2.2280675379984807,-1.1905350626755902
-2.666894814228339,0.5062401353071979
-3.964941403126044,0.07839823352802311
-2.6262725798838567,-0.42254447353374447
-0.7868758647196721,-1.3279123247910687
-2.8624314276926945,0.9497661648939899
-2.3936003653758,0.19658089267719303
-3.2505396811716984,-0.4467010439683148
-0.9625810591929387,-2.3842444361497113
-3.461156746601386,-0.6445863188553997
-2.2800294368021916,1.1102874337385944
-1.8878783194773625,0.41432595836627995
-1.223713537906928,-1.91229438198101
-2.8813570945017766,-1.42073583019268
-2.4254898040049504,-0.35147952449809994
-1.8744393794291447,-0.3554980696488568
-3.9177788703196477,-0.27814959896099056
-2.723993202900214,-0.04536365879070248
5.572659352565484,3.1619291699181846
5.892649749065118,3.1482983438919834
-1.4380232302897404,-1.0912642420579144
-1.6546341387980412,-1.8547940195847699
-1.7114130465739201,-2.7926425875474163
-1.3704081980936955,-0.6824791373063275
-3.6494511573069524,-0.9595403612900921
-0.9386552779429387,-2.689309591179008
-1.8396328894846867,-2.8377971590806195
-1.6931380240672063,-0.9567937792588421
-2.941534420704169,-0.2314944208909222
-3.0689786879771184,-0.7478938044358441
-3.7325300185435246,0.05523872959125553
-1.9706839530222844,-1.3766345919419476
-2.2966348139994572,-2.7923102320481488
-2.582996746753974,1.7298390923689655
-1.55133380577497,-2.928618902092094
-3.5457271544688176,-0.2249956072617718
-1.8586360423319768,-3.2281947077561566
-3.155487915729804,-0.18568300617229427
-1.622980019306464,-1.7216567934800335
-1.7279683558695744,-3.6991391123582074
-0.8578614203684758,-2.455616945152397
-3.556536099170966,-0.5946993769456097
-0.899666210865302,-1.4375944079209515
-1.2324155776255559,-2.627150052909965
-2.3215800730936955,0.1412646828841022
-0.9325200526469182,-2.1550373972703167
-1.8815721480601262,-0.1358346880723187
-1.295120140766425,-3.3440365732957074
-2.438404461597724,-0.8752100409318158
-1.6130267588847111,-2.7656278551865765
-1.6795562712901067,-3.8078541697312542
-3.5936564414256047,-0.6107129992295453
-1.9697009532206486,-3.042369359855766
-4.072194000934882,0.8127858697127155
-1.890809199070258,-3.6166920603562542
-3.8210658042185734,0.5679974614332965
-1.8742610423319768,-3.4518575609971234
-3.903459927295966,0.27798677074420963
-1.6287156550639104,1.0506439267348102
-2.287748953556342,1.2491598187636188
-1.4585494010203313,-2.1297006548691937
-2.650603195881171,-0.8608090819169232
-0.8714028804057072,-1.2361950815964886
-3.5924042670481633,0.31776667224872623
-2.624127289509101,-1.2309255541611859
-1.0440958945506047,-2.9520687998582074
-2.769974133228583,-1.4168333948899456
-1.290324351047797,-1.2935848177720257
-1.8593203036539983,-1.8825917185593792
-1.3779789416544865,-2.964923375969047
-3.35696067497663,0.05437183963764225
-1.3477152793162297,0.4975843487929157
-3.8159417121165227,0.4858951626967243
-1.1365653483622502,-3.0137143076707074
-3.4293865172617863,0.1383028088759235
-3.8229578940623234,-0.11755918872844662
-2.771607777332587,-0.14257597339641537
-3.0891317336314152,-0.1797964514542767
-1.205950161670966,-1.8773946703721234
-1.6504770724528264,-3.826938623314018
-3.5676034896128606,-0.3265368880082318
-2.485115429615302,-2.670686715965385
-1.823616644596381,-3.2994079531480023
-3.849197766041083,0.439568763847237
-1.7272433249705266,-3.3258747996140667
-1.9941832034342717,-3.1948862017441937
-3.1073845832102727,-0.13944792163860287
-3.5420454947703313,-0.6728107870866009
-2.52175035164289,-0.01433991802226986
-3.996381184315009,-0.06232118022930111
-1.8412865607493352,-2.0129284800339886
-1.6142255275004338,-3.672113889579887
-1.582926651691718,-2.406582349662895
-3.0365761725657414,-0.6531088293839642
-2.7017511336558293,-1.1432695330430218
-1.696421763157172,-2.0215692461777874
-3.8368853537791203,-0.5423448027421185
-1.4676424472086858,-1.8646993578721234
-2.371445080494208,0.4384150563429645
-1.5605062453501652,-2.0320162714768597
-3.702274224018378,-0.8302719534684369
-3.462673088764472,-0.4195852221299359
-3.054819962238593,1.127106433982735
-2.149377247547431,-0.5447478236008831
-3.66717853233747,-1.100711816673393
-3.60395135567121,-0.37463044536601986
-3.9322670905344914,0.26485324489582096
-3.2736457793467473,-0.7043430746842572
-3.3251322715037297,0.1595432816695026
-0.9461270777934025,-2.483113283043022
-4.040398976063056,0.25812292682636295
-3.518293282245917,-0.6953413428116986
-3.523816010212226,0.13126183139789616
-1.363859793400092,0.10243678676593815
-2.0457009284251164,-2.1927747668076703
-2.1476608721964787,-2.948997491722221
-1.494895121311469,-2.0887842119981
-4.035267254566474,0.09209514247882877
-3.9489325492136906,0.11001682865131412
-1.4427386729472111,-2.565572732811088
-2.1746074168436955,-1.7932858408738324
-3.474605461811347,1.972145324821358
-2.5967968909495305,-1.1856827677537152
4.222243645930963,-0.08969568622600521
-1.7579256503336858,-0.8306090773392865
-3.2071036307566594,-1.1602454127122113
-1.2008964030497502,-1.5452699602891156
-3.5574053733103703,1.0467758237074665
-2.7955116240733098,-0.17517780673992123
-2.9990843741648625,0.3204181252669147
-3.377921482776923,1.9315356074522785
-2.6904996840708684,-1.3326287211228558
-2.1037692038767766,0.3110761700819782
-3.5387758223765324,1.0509822426985553
-0.7811306922190617,-1.8249802531052777
-2.934998890613837,2.0840125142287067
6.181285479808526,3.2584111450861744
5.582491734767633,2.9052874057244114
5.783595660472589,2.839854842300301
-1.641367813801093,-3.323481077079887
-3.0372518508189152,-0.5392463148881146
-1.2548152415507268,-3.1706271113206097
-1.70261873886518,-1.8920593203355023
-1.5848795382731389,-2.940158838157768
-2.035744091724677,-2.6285023630906292
-1.768565079426093,-2.7513785303879925
-1.0465182273142766,-2.5043525637437054
-0.8115660159342717,-2.5062751711655804
-2.194085499500556,-2.99084662807476
-1.6734053103678654,-3.1047954500962445
-1.3783737628214787,-2.9657030047227093
-1.6360897032969426,-3.861205095176811
-2.0434683768504094,-2.7228679598618695
-3.0949191062205266,0.5502214490126422
-2.0698152987711858,0.7062580643843464
-2.183189055179877,0.8525462208937458
-2.1853283850901555,-0.016021961097831383
-2.4713157622569035,0.8906712590407184
-1.7600861994975041,1.0950632153700641
-1.9720345942728947,0.028729921455269203
-3.1152242629282902,1.194268709297066
-2.923935314869208,2.192637210960274
-2.1549965350382756,-0.12746643436443295
-1.9897779433482121,0.17581916439044987
-2.7941750495188664,1.2307822762678913
-1.7960559336893986,-0.07315492046367611
-3.2630733458750676,2.1905088483046344
-2.7504247634165715,0.7571554242323688
-1.8860255686991643,1.1062400399397663
-3.239564320301337,2.469294196243172
-3.580799957966132,2.158175712699776
-1.6282755343668889,0.5568912087630085
-3.5951465575449895,1.9170273600767902
-1.2156788317912053,0.3370144425581745
4.988562682414727,-0.07506727588664974
-3.6029314009898137,1.223725086326485
-1.5331365077250432,-2.5053291262437054
-1.4743081538432072,-2.5096230448533245
-3.453299900745673,2.1473473964880756
-2.839995285724921,1.8582681475828937
-2.187196156238837,0.04424453365314518
4.02581987693377,-0.28835510623943295
-1.9536248652689885,0.19428444492328678
-3.3471096961253117,1.6212146340559772
-1.8540789096110295,0.7833769379805378
-1.9714433161967229,0.2529764233778766
-3.088838001941962,2.5113146363447956
-2.9010895697825383,2.4266610799979023
5.7304149658925105,-0.014340156440848961
5.1987727673298885,0.37804008113849674
4.879183152461724,-0.023834699516410485
-1.5595332591288518,0.5339071809004596
4.971826890254693,0.06438208209980045
4.870892861629205,0.14189124690998112
5.318784812236505,-0.10015296352397884
5.199765303874688,0.5305790959547809
5.069708207393365,0.06771207439411198
4.71597109153338,-0.03942536724101986
5.753632167125421,-0.3573336542893597
5.785680392528253,-0.1271240652848431
5.695146182323175,-0.4614770354081341
4.948051551128106,-0.49701833141338314
5.561670640254693,3.0090373365830234
4.887638667369561,-0.1778571547318646
5.556975463176446,-0.19819569004070248
5.034453967357354,0.29987288104999577
5.462473252559381,-0.5155906618882367
4.8946236164815,-0.48899268520366634
4.8394707234150935,-0.5315971316147992
5.580868819499688,-0.1114990652848431
4.974809983516412,-0.25025772464763607
4.764510491634088,-0.29221939456951107
5.206986287379937,-0.11324262035381283
5.397074559474664,-0.044512027626151696
5.446861365581231,-0.2459900320817181
5.21500239684649,-0.5621852816392132
-2.1383108107798527,1.49152482139576
-1.6553148238413762,0.5874633847426227
-2.7337130515330266,0.6449875889967731
-2.7191699950449895,0.6633343754957965
-2.381665131305976,0.10657334911335026
-2.9283775298350285,2.4508367239188007
-2.300141951298041,1.2195862590025714
-0.8879002539866399,-1.9095840395737835
-3.0423931090586613,-0.7022709788132855
-1.7696131674998234,0.13688827144611393
-2.7542304007761906,-0.46378373516094173
-3.6929854361765813,-0.013610118751639977
-3.9730876891367863,-0.21816992176067318
-2.933512589191718,-0.5983900965501019
-1.865042826389594,-2.529676908378715
-1.4164115397685002,-3.6930870951462933
-4.065979859089179,0.30101681339252506
-1.7551435439341496,-2.2463245333481976
-1.5974430052988957,0.5095510541151813
-2.9919408766978215,-1.13521336925518
-1.7340923754923772,-1.4168615282822796
-2.4153841941111516,-2.0047912539292523
-1.497064491962714,-3.4917840899277874
-1.0853888003580998,-2.8918347300339886
-1.609472176288886,-1.2405795992661663
-1.71136798546247,-3.3338813723374554
-3.304742714618964,-0.16479086292278255
-3.717072388386054,-0.7971317709733197
-0.984075447773261,-2.9237747134019085
-1.1071344821207951,0.021363741035347328
-2.9615835158579777,-1.1569342554856488
-1.608857056354804,-3.472156041984672
-1.228014132236762,-2.1722278536606976
-1.5496939627879094,-3.4793872774888226
-1.9036377875559758,-3.7210297526169964
-2.2653435675852727,0.7713584958266071
-1.038220545505805,-2.894478792076225
-1.627977511143012,-3.7188205660630413
-2.846439263080878,-1.3935770930100628
-2.8855966536753606,0.7491071282576374
-1.400164028858466,-2.348338598137016
-3.356032749866767,-0.5404725016404339
4.639415362621026,0.06401777851093327
-2.2329758612864445,-1.0617709101487347
-0.6540588347666692,-2.3877057970811078
-1.9627615420573186,-3.356528753166313
-1.1303101985209416,-3.5710225046921917
-4.033592125629706,0.26721716510761295
-3.505590340351386,-1.2385024966050335
-1.5166326968424748,-1.509213441734428
-3.3936299292796086,-0.8134326876450726
-1.843178173755927,0.5893104134749225
-1.6987308470957707,-2.7667612971116253
-1.9886337725871037,-1.6550278605271527
-1.449630400394721,-3.3354730547715374
-3.483929535602851,-0.11764954936992611
-3.376470467304511,-0.010013097648734703
-2.8591288535349797,-1.3609781206895062
-1.3601490466349553,-0.9508700312424847
-3.866972824787421,0.04944897281635319
-2.3074947802775334,-1.1343083323289105
-1.6072308032267522,-1.5849566401292035
-0.918275019382758,-0.9510297716904828
-2.0779322592966984,0.3654935418318561
-2.8497027365916203,1.5699371157835773
-3.8586405722849797,0.08120561229694401
-3.953416725849433,0.26578212368000065
-2.42163409874372,-1.2847533167649456
-0.7004112212412785,-1.7929453791428753
-3.1999906508677434,-0.46961378467571224
-1.1241008250468205,-1.8758487643052288
-2.996329685901923,-0.6660761774827191
-2.879930874561591,-0.9757151545335003
5.380455115581231,3.238120345647221
5.119246581340509,4.5107548295210655
-1.9123434035532902,-0.06040954006206478
-2.401609799122138,-1.480906957512016
-1.1548696963541936,-3.203828805809135
-1.3540157286875676,-3.412517541771049
-2.2522624938242863,-1.5915503443528363
-1.017112156605048,-1.6643767298508831
-1.467863461231513,-1.0661535204697796
-1.222777029728217,-2.602308744316215
-1.5808111636393498,-3.6611738146592328
-1.1986175982706975,-1.9926576556016156
-0.8980232684367131,-2.530765527610893
-1.9482206313364934,-0.7920415343095013
-1.5564717261546086,-2.53808783901226
-4.041573902820868,0.011614805335884437
-3.8596939055674504,0.15707636463153873
-1.1539517848246525,-2.632925027732963
-3.415021797870917,0.10538745510089909
-4.106501957630439,0.38660431491840397
-1.5097130744212102,-2.0686554850388714
-3.8995059935801457,0.1371300278853229
-2.89852561638288,-1.5295696200181195
-3.9449714629404973,-0.06821846378337826
-1.1201311557047795,-1.0468659342576214
-1.7251965014689397,-2.4579257906724163
-1.9316565005534123,-3.3032884539414593
-3.876573940967841,-0.035593265419120446
-3.8754767386668156,-0.2673864306260296
-2.505531689380927,-1.818306917076225
-1.238235375141425,-2.1271905840684124
-1.5035156218760442,-3.6743216456223675
-3.604943653797431,0.43171859371173893
-3.4378351180308293,-0.47433089626323666
-3.237953564380927,-0.969340795402641
-1.1335476844065617,-1.7157645167161175
-1.359371563648505,-3.3379049242783734
-1.1123377291911076,-2.7591857851792523
-3.9559782950633,0.33754182445514713
-1.8165403811686467,-3.7686252535630413
-4.106291195606513,0.8606810628126911
-2.3635415045969914,-0.3336834849168011
-1.5082835166209172,-1.753276342277641
-0.8917976824992131,-1.9078068674851605
-3.539875408863349,-1.2300662936021038
-2.884252449726386,-1.1104364336777874
-2.0623043982737492,-1.069534772758598
-1.1790939776652287,-1.8389105738450238
-2.1452030150645207,-0.3747088850785443
-2.6856001822703313,-1.419022077446098
-2.7260407416575383,-0.5326909960557171
-3.7840675322764348,-0.33937858951580013
-1.152027985309882,-0.05270194423686947
-3.6377815215342473,-0.4950325430680462
-2.618136784290595,-0.09909486186992611
-1.9038676230662297,-0.9305691660691449
-0.700593134617133,-1.9811644495774456
-1.5686129538767766,-1.5851430834580609
-3.854974648212714,0.24058580982196842
-1.0902935473673772,-1.4822797716904828
-1.7711903064005803,-2.396565431480522
-3.556334397053046,-0.6905615271378704
-2.103296181415839,-0.9168581904221722
-1.1633182971232365,-1.4328498781968304
-3.492972752308173,-0.6147634924699017
-2.389057537769599,-1.407890313987846
-2.5927194564097356,-0.017310136680717125
-3.7258814780466984,-0.2592325152207562
-1.6480006186716984,0.23731446849811588
-3.1528037993662785,-0.4197711886216351
-3.272837540363593,1.8008644639204792
-1.0612508265726994,0.09839559185016666
-2.539519211506171,0.27377486812580143
-2.595106026386542,0.2860102711867145
-1.1471084563487004,-1.4692535342026898
-3.212462326740546,-0.04189752948772396
-2.526481053089423,0.5461435376356891
-2.2698337046854924,0.24537110912311588
-1.7385925261729192,-0.7603239954758831
-1.800122877811713,0.07747984516132389
-2.47498407051496,0.6537461339186481
-3.6066097228281926,2.1477629600714496
-3.476244351124091,-0.8158752859879681
-2.7859000174754094,-1.7770953120042035
-2.6600994078867863,1.9389264641951374
-3.1526955573313664,1.1298520623396686
-3.662652394031806,2.2477927266310505
-1.9594418017619084,0.7823460160445026
-3.1257351844065617,2.274651473636513
-1.8435729949229192,1.0964686928938678
-3.124766728138251,0.664471632118111
-3.034732720112128,1.6848336516569904
-3.342239758228583,0.6024782715987018
-2.6017216651194524,0.6307392178725055
-3.0022624938242863,0.9390931187819294
-3.3709644286387395,1.0471708832930378
-2.914650818561835,1.8032367287825397
-3.51233234093122,1.3638787327956012
-3.6631120650523137,1.4536296187590412
-3.5599454848521184,1.364042287940865
-3.836830517505927,1.8097428141783527
4.100210049892144,-0.2384676874924847
-2.25352730438642,-0.027986997490043297
-2.72248162910871,0.49574709522235905
5.486177066112237,-0.11307811153423275
5.814172366405206,-0.3282203615952679
4.768938163066583,-0.30611585987102474
5.397967913890557,-0.20541190517436947
5.602085927272515,-0.1455109061051556
5.689869502330499,-0.40565299404155697
5.716203311229425,-0.3675568045426556
5.7113014252430965,-0.30625748050701107
5.646097996974664,1.1867522059630207
5.519396403575616,-0.25803565395366634
5.250207522655206,-0.0662410200883099
6.002170661235528,2.3873665391157917
4.578518965984063,-0.34444665325176205
5.5915621311909725,-0.15298509014141048
5.472159007335382,-0.1869530619431683
5.55815539672442,-0.41451572788249935
-1.8024126498454045,0.9908506928633503
-3.3131965605967473,1.1927162467192463
-2.7479323355906438,1.0355777798842243
-3.368291756367011,1.1909960566710285
-2.820214649891181,0.6517436562727741
-3.4430922477000188,1.1508835612486652
-2.983594795917792,1.576043373222237
4.959760287547784,0.277264600868111
4.93081484153338,-0.27813648593914
5.45160112693377,0.00487089740741764
5.631631234431939,-0.030679935340995446
4.9500335247761775,0.1976141987990192
5.457652190471368,-0.5209963263322064
5.5602041275746394,0.14688826190937077
5.592554667735772,-0.43153046978008236
5.449977973247247,3.0743688552330783
5.549146512294488,-0.4188754500199505
5.507839062953668,-0.038174861793632164
4.685039141917901,-0.1273202837754437
5.354499915385919,-0.5104956568528363
5.6549190075642635,-0.32355498683940853
5.412091592097955,-0.08984302890788998
-1.4886044471018742,-1.810794824485893
-1.830400606846137,-1.7337889612961956
-1.7485145537608098,-1.983919137840385
-1.6696931330912541,-3.571861261253471
-1.3493980376475285,-0.9713392199326703
-3.986378094410224,0.4409124909590534
-1.085523268436713,-2.1787228525925824
-2.1516393630259465,-1.976787084465141
-1.1732722728007268,-2.354552739982719
-1.690329691623969,-2.397847169761772
-1.7670959441416692,-2.3938832224656292
-1.8688584773295354,0.7992048321913532
-1.9954441992991399,-2.3965291918564984
-1.855124613498969,-2.1594519556809613
-2.2529152838938664,-2.0591406763840863
-1.0149139373057317,-1.6972279490281292
-0.6261311976664494,-2.0041484774399945
-1.7873980014079045,-1.6834282816697308
-1.4434982745402287,-1.6661167086411663
-0.8174644915812443,-2.524575704460258
-1.6546589343302678,-2.0203814448167035
-2.5178016631358098,-1.164618009452934
-3.570935627674384,1.6438490210722736
-1.6226152388804387,-2.134950155143852
-1.7294386832468938,-1.7138676585007855
-1.987993618702216,-2.4981813372422406
-1.448311468815131,-1.6554474772263714
-0.9548887221568059,-1.7247929514695355
-1.9664422480814885,-1.5815768183518597
-2.0356468169444035,-0.9026827753831097
-1.3811363188975285,-1.0833845080186078
-3.656420132374091,-0.27314018619548763
-1.4779764621012639,-1.2069268168259808
-1.6185559241526555,-1.4786386431504437
-1.7007585971110295,-1.8754553736497113
-2.558301350330634,-0.8471591414262005
-1.8097764460795354,-3.5860433520127484
-1.4885574786417912,-2.988088125114555
-1.1547833888285588,-1.3752913416672894
-2.7231768576853703,-0.8424804152299115
-0.8541709391825627,-1.8886957110215374
-1.4118713347666692,-2.600362771873588
-0.94179691955976,-1.7976140917588421
-2.381760021900458,-1.9147481859971234
6.051521876598077,2.976895442480927
-1.3792652098887395,0.6815042554091266
-1.1036156623118352,-1.942792886619682
-3.6100253073924016,-0.37151288402568783
-1.8145452944987248,-2.6718358935166546
-2.6388248412363957,-0.286714309578056
-0.8576358763926457,-1.395297998314018
-2.2268558947794865,-0.17138194454204525
-3.3373979537241887,-1.188889020805473
-0.8536800353281926,-1.6783590258408734
-3.4034584967844914,-0.5859870852280804
-2.8090371100657414,-1.3954071940232464
-0.9456654994242619,-1.436436170463676
-3.2529291121714543,-0.13192271602642025
-2.5710286109202336,-1.4686512888718792
-2.8524688689463567,-0.4088487566758343
-2.004977604603095,-2.243592733268852
-3.8442572562449406,0.5310778676222614
-3.0890029875987004,-1.3566589297105023
-2.69171991035871,-1.4956669749070355
-1.470408579563422,-2.1308898867417523
-1.6778413264506291,-2.1849365176011273
-1.2724355666392277,-1.7435140551377484
-1.0773080794566106,-1.4984073580552288
-2.3124810664408635,-2.185797208671684
-1.1676558463328313,-1.735700601463432
-3.114547154163642,-1.0687384547043988
-2.3325499503367375,-1.2692084254075238
-2.126611134266181,-1.9266638697434613
-1.0728048293345402,-3.175464147453422
-2.549556633686347,-1.2552747668076703
-1.5107883422129582,-0.9350166262437054
-1.0678442923777531,-1.471989148979301
-1.271027704929633,-1.4707980097581097
-2.6328290908091496,-1.3748745859910199
-1.146095654224677,-1.9414772929001995
-1.3227001635783147,-1.379583829765434
-1.7820886580698918,-1.5295066775132367
-4.109631916736884,0.4595491944502643
-1.9407974688761662,-1.8140249193955609
-1.0088216273539494,-1.5670990885544964
-2.602086922382636,-0.6209266127396771
-2.9842480628245305,-0.9430532397080609
-1.6030057875864934,-1.024411195640678
-1.0568183867686223,0.25110197650898014
-2.7095259635203313,-1.7105255068589398
-2.7908987014048527,-0.8508994520951458
-1.898605009769721,-0.49596952808391537
-3.3862771003001164,-0.3302953184891888
-3.9419325797312688,0.2331974564741901
-1.3105932681315373,-1.9142341555405804
-2.5805424659007024,-0.7030887545396038
-1.6967085807078313,-0.7856266440201947
-1.6630460231059025,-1.2298445643235394
-1.6475068537943791,-1.32631444347393
-1.5055204837077092,-1.9401349962998578
-1.5395246951334904,-3.310186857109184
-1.4653953521006535,-3.5720248163987347
-2.1064118354075383,0.1970202981184772
-1.855132004474921,-2.224768155937309
-2.043633839344306,0.3033418713759235
-1.8273600547068547,-2.165362352256889
-0.8974374739878606,-2.3248319567490765
-1.4880417792551945,-1.8356327952195355
-0.8227030246012639,-1.9327249468613812
-1.4372979609721135,-1.0811529101182171
-1.4066010920756291,-3.2320446909714886
-0.9318591563456486,-2.563945764427299
-1.5631991832011174,-2.107634538536186
5.569030383372979,2.9250630198668293
5.6306739838368465,3.0659119060884765
5.516153910899835,3.0771004243444255
5.530034402156549,3.142153345296865
-2.1713987796061467,-1.6363348902512738
-1.5713397471659611,-3.266778940086479
-1.1780017821543645,-1.6306705416489788
-1.9719377963297795,-1.5309076250840374
-1.9052688090556096,-2.5465087832261273
-1.3123291938059758,-1.800649160270805
-2.0835339038126897,-1.8238854349900433
-1.1611391513102483,-2.445379728202934
-1.2390843837016057,-1.3731460512925335
-2.6849674193613957,-1.457199567680473
-1.61560644791059,-1.3503885210801312
-4.125249287342353,0.41851044284809147
-0.9872182814829777,-0.6706476153184124
-2.620618244861884,-1.7006411494065472
-3.246642014240546,-1.4027457178879925
-1.6506055800669621,-2.2605318964768597
-2.7553056685679387,0.5972139893721393
-2.1122039763682317,1.1301604567717365
-2.361342808460517,1.0217273293684772
-1.698454519962592,0.9867379723738483
-2.369246861194892,1.224929338569527
-1.5588773696177434,0.9921026288222126
-1.532844921802802,-0.2855377138901898
-2.0665074794047307,0.06584931003559147
-2.119956633304877,0.2274589596937946
-1.737362286304755,0.46692038166034733
-2.1182083098643254,0.4691782056044391
4.370238402629571,0.23835063564289127
-1.6940072982066106,0.2922632752608112
-2.1910165755503606,1.479817753906136
-2.6366266219370793,1.6080626307677082
-3.105990788196845,1.4433939515303424
-3.3245338408701848,1.5679459630202106
-1.8593050448649358,0.44457054721820866
-1.5377212970011662,-0.2636911810685345
-1.7438191382639836,1.1122148095320514
-1.7084387747996281,0.31827545749652897
-1.0988153426402043,0.35696888553607975
-1.285532852863593,-0.37609791172039
-1.117266079639716,-2.614151471977348
-2.1837457625620793,-3.258311742668266
-1.7568024604075383,0.42750740634906803
-2.4440611808054875,0.07009912120807682
-1.513158699726386,-0.5195443571854779
-1.8183106391184758,-0.05698990238201107
-0.8503483741038274,-1.319872850303764
-1.8171547858469914,0.7467927991102985
-2.4033712355845402,1.500821000213509
-2.236472746586127,0.8609581052016071
5.596274474406915,-0.3899438322831341
5.236658910060601,-0.11428498638164486
5.712612250590997,-0.26233839405071224
5.6489447148091365,-0.4328353346635052
5.361556390071588,0.08841491329181705
5.626319268489556,0.03135729419696842
5.085623362804132,-0.0047302187730022816
5.228391030574517,-0.24196648014080013
5.509853699947076,-0.44126152408611263
5.199520209575372,-0.10795163524639095
5.472060540462213,-0.23606061351787533
4.672725775981622,-0.35410260570537533
4.676488259578424,-0.13103365314495052
4.8414612801320125,-0.5705482901383587
4.763640025401788,-0.17650651348125423
4.841557839656549,-0.10990166080486263
4.789112904811578,-0.2983703554917523
4.799498418117242,-0.019197696571464196
-1.6247650592081975,1.1018853245924762
-1.5129980056040715,0.2732024251173786
-1.848852059101386,0.24701071369159733
-2.1392005889170598,0.3148350774000934
-2.045395275806708,0.07520247089374577
-2.139903208469672,0.3793778477858356
-2.8147481887095402,1.8031683026503376
-2.299120327686591,0.32246876346576725
-1.9947394339793156,0.10432005512226139
-1.774914881443305,-2.2102060259629437
-1.787871262287421,-3.033014768486137
-1.3924769370310734,0.738594061012154
-3.882660767292304,-0.0032179297257610706
-2.3154369799845647,-1.4633684099961468
-3.3772982566111516,-0.29608964336406673
-3.5272115676157902,-0.9921541155625531
-2.5430110900156926,-0.14328550708782162
-4.008963963245673,0.7015814839552692
-2.597606083607001,-1.3539543093491742
-3.378144642566962,-0.7629260958481976
-2.6993974654429387,-0.29417228115093197
-3.8612483947031926,-0.16305302989971127
-3.3342923133128117,-0.726010078315849
-3.1729363410227727,1.3263748942564777
-3.6631697623484563,-0.24984239948284115
-3.588051220630927,0.40491390811908756
-3.3973311393015813,-0.5524301470566937
-2.437231442188544,-0.8191149176408001
-1.092852017139716,-1.9562148989487835
-3.4694007842295598,-0.36776399028789486
-1.284509560322089,-2.025504583244438
-1.5854484050028752,-0.7213563860703656
-3.014654061054511,-0.6714594305802533
-3.053632160877509,-1.1348223627854535
-2.7058614699595402,-0.7696297110367962
-3.106950661396308,-0.9957609118272015
-1.8912638633006047,-1.1839275301743695
-1.9868651835673283,-2.297914022331352
-0.8667179553263615,-1.2255849779893109
-2.409039875721259,-0.6003100813676068
-1.4600614516489934,-2.018042081718559
-0.7841772048228215,-2.1380901278306195
-1.1792112796061467,-1.1200070322800824
-1.1032453982584904,-1.010551446800346
-1.697264572834296,-3.575577253227348
-2.7581132857554387,-1.356702798729057
-0.9121200053446721,-1.283775323753471
-1.5638073889964055,-1.3613948763657757
-1.084419867252631,-3.169791692619438
-1.6099115817301701,-2.2047424258042523
-0.9841536490672063,-1.9930410326768109
-1.8935195414774846,-1.5465488375474163
-0.7444564311259221,-2.12573432338726
-1.413809916233344,-2.052073949699516
-0.8449996917002629,-1.2955017031480023
-2.198985239719672,-1.5459761561204144
-0.9257220237009953,-1.3115353525925824
-1.5828565566294621,-1.376954549675102
-1.8195651976817082,-3.7505893648911663
-1.9450777976267766,-2.7508826197434613
-1.4777494876139592,-2.762180799369926
-0.7965771167033147,-1.2120366038132855
-2.183876177524848,-1.670672410850639
-3.107863804554267,-1.3015093745042035
-1.9415632693522404,-0.08235668552410091
-1.4225775210612248,-2.1308531702805706
-0.8039728610270451,-1.6672387064744183
-1.5298193900340031,-3.2279248179246136
-1.767576595997138,-3.3613686503220745
-2.4326118437998723,-1.7937464655686566
-1.63302006409101,-1.0410404146958538
-2.7674154250376652,-1.4809026659775921
-1.4891535250895451,-1.9483365954209515
-1.1506914107554387,-1.3229632319260785
-2.402568241810126,-0.9898943842698285
-0.6923500506632756,-1.960434430961723
-1.1079763381236027,-1.37778567684185
-1.0269514529459904,-3.222003454094047
-1.5547102896922063,-1.5897955836106488
-1.9784466235392522,-2.9028115214158245
-1.5222636668436955,-3.6010470331956097
-1.134285351490302,-1.7005968035508343
-3.073466202472968,-0.5256972254563519
-1.0194460360758733,-2.4387021006394574
-2.341351887440009,-1.1367053927231976
-3.3242086379282902,-1.2434115351487347
-1.6996015517466496,-1.857162946586723
-1.3118900267832707,-2.1604719103623578
-1.3255077807658147,0.059606319541817054
-3.1415780989878606,-0.17371558559429134
-1.0914472548716496,-1.858829492454643
-1.3094939200633,-2.711038106804008
-1.3122111766093205,-1.2429699839402386
-2.264099976276679,0.6104643403242878
-1.0784989802592229,-2.399343007927055
-0.8977855651133488,-2.803726667289848
-1.8798257319682072,-3.511765474205131
-2.3216008155100774,-0.315520519142265
-1.5672308413737248,-3.2916035593796917
4.050718882823663,-0.2355682791520306
-1.600025793766303,-3.310828203086967
-1.6004041640513371,0.33862805950153385
5.792446711803155,2.9180166928719333
6.0244375260121394,2.7760652958105854
5.9984894783742,2.8999648450564197
-1.6231233088725041,-3.1658024729539105
-2.4686697928660344,-1.4000234545518109
-1.4690636603587102,-3.834551328544731
4.9310327561146785,-0.4597685278702923
-1.4491723983042668,-1.8214936198044964
-1.7584573237650822,-1.982247346763725
-3.7677382437937688,-0.128358596687431
-3.3688982932322453,-0.6766972483445355
-1.49559011146955,-3.7223181666184613
-2.6541956870310734,-1.1550140322495648
-1.7020098178141545,-2.8257708491135785
-1.1869737117045354,0.10794497119892155
-1.0449844805949162,-2.976132387046928
-2.575428387378974,-2.152233117942924
-1.8198813407175969,-1.8517689646531292
-1.3070978133433293,-3.1957783640671917
-0.6235465018504094,-1.868318551902885
-2.4916995970957707,-1.3775129259873578
-1.1241306273692082,-2.203295701866264
-2.2559842078440617,-0.2818751276780316
-1.7764536349528264,-1.7634868563462445
-3.3340596167796086,-0.9650268496323773
-1.767081639026923,-1.7579441012192913
-0.9613496272318791,-1.7167410792161175
-3.4887227027171086,0.2571697293471149
-1.4983622042887639,-2.9200677813340374
-3.230636021351142,-0.8469750822831341
-3.5113386122935246,-0.5126767100144574
-1.5690020529978703,-0.8616275728989788
-1.6827281920664738,-2.255769723777885
-1.9691163508646916,-1.855261319999809
-1.8056763617747258,-2.4296932162095257
-2.858302971576972,-1.3248343409348675
-2.0722052066081,-2.2794318140793988
-1.266332766269965,-1.8763551653672406
-3.4932478873484563,0.5932087956618122
-2.0381232707255315,-1.0406670512009808
-1.2939998118632268,-3.1510901392747113
-2.862308403705878,-0.7596559466172406
-3.2814139334910344,-0.9383664072800824
-3.103453060840888,-1.1481695116807171
-1.7388771979563664,-2.8409972132493206
-3.442142388080878,-0.5969333590317913
-3.7067612616770695,-0.30216478717815365
-1.8875047175639104,-1.5177411974717328
-2.1212951152079533,-1.0773649157334515
-3.6546181647532414,-0.4381132067490765
5.822066882396417,3.254353678102379
-1.7857893912547063,-1.942377561454887
5.235590079570489,0.16604662525165592
-3.0969923941843938,0.42687202083576237
-2.906357189869208,1.5879981576155475
-1.4940847365611027,-0.8632073344041058
-0.9742502181284856,-1.8788237513352581
-2.8620933501475285,0.6692204533766559
-3.180660626148505,0.9710714875410846
-2.177259346699042,0.055733924980049476
-1.6799527613871525,-1.1994872034836956
-1.884339472507758,-0.02790355098735775
-1.5285877196543645,-0.8181807936478802
-1.878339192127509,-0.7010049761582562
-0.6669427363627385,-1.9654498041917035
-2.2564527003519963,0.26016855823505436
-2.110796591495795,0.44801664936054264
-2.8469685523264836,0.4483914433668903
-2.6319669692271184,0.19382262813556705
-2.848957916950507,0.4853043614577106
-1.6944915263407658,1.1136556922148517
-1.7926145999186467,-0.3200979174424359
-2.4847082106821965,0.46526313411701237
5.365614274287896,-0.5685243548203656
5.322037080074029,-0.05447482479106869
5.3924373181111385,0.44142604457843815
5.342943766856866,-0.2470114172745892
5.496311047816949,-0.568823570137138
4.918399909282403,-0.26025175464641537
5.267952302241998,-0.3159811438370892
5.5769983322865535,0.23013687717426334
5.0081318409688045,-0.5928094328690716
4.7138534577138,-0.4879672468949505
5.031124451900201,-0.7541589678574749
5.467753747249322,-0.4759070814896771
5.736634829784112,-0.4553437174607464
5.025547841335015,0.16159010517108952
5.589991191173272,0.12459731685627018
5.676760772014337,-0.13333844554912533
4.666894772792535,-0.03159713161479916
5.206166604304986,0.05848861324298893
-1.7576037852518986,0.024032360191231117
-1.6885673014872502,0.45184779750812565
-2.0158859698527287,-2.916700834159965
-0.8993596045725774,0.07588029491413151
5.192263463283258,-0.6243755759049603
5.6454211266285945,-0.4968860091019818
5.338922837520318,-0.13065075290691341
5.332940200114923,-0.2742218912888714
5.577058175349908,-0.0033056677628704456
4.794018367076593,-0.5163044871140667
-1.244977614139838,-2.6552991808701703
-1.9322642295115422,-3.432390684013481
-3.8702229468577336,0.7345104275893024
-1.4228705374949406,-2.051641935234184
-2.4457158057444524,1.2744671164702228
-2.9259075133555363,-1.27943944347393
-3.5442246405833195,-0.979627603416557
-1.2915255038493108,-1.6332178057481
-1.9838928191416692,-3.015440935020561
-0.6834644286387395,-1.8235893191147992
-3.284239670490546,-0.04887031925212826
-1.3102501837962102,-1.6828403414536663
-1.2531174628489445,-3.1744670809556195
-3.647701164936347,0.9052314816664508
-1.8713902442210149,-1.3621807040024945
-0.9677545039408635,-2.3968090952683636
-1.2183767764323186,-2.529468053703422
-1.5708035437815617,-2.666806215171928
-1.7449816672556828,-3.3087396563340374
-1.7142261473887395,-1.9454164446641156
-1.6639617888682317,-2.889666074638481
-2.2278958766215275,-1.4402689875413128
-3.8961652724497746,0.5203759728621296
-1.506986996387763,-3.04217194927227
-1.9291752784007024,-3.4629173220444867
-1.8469420878642033,-2.040012830619926
-3.8749746291392277,0.16966963397968327
-1.5312379805796574,-3.3985724390793988
-1.4176103083842229,-2.652488702659721
-1.1693026034586858,-0.10786508930217709
-3.0112489669077824,-0.7484676779557415
-3.419157883381171,0.10226774799335514
-1.8055581061594914,-3.1180968226243206
-1.5768555609934758,-2.029195779686088
-3.50295676872663,2.12342978107441
-3.210567375873847,-0.2472727240372845
-2.517590901111884,-0.19444012058269466
-0.9449664561503361,-1.7585029543687054
-1.6454583613627385,-1.8928008021165081
-3.5197280852549504,-0.16559671772014584
-1.8574987857096623,-1.3355112017441937
-3.289763352131171,-0.48928307903301205
-1.6092301814310979,-1.4228935183335492
-1.7392851321452092,-3.6922779024888226
-3.5611142127268742,-0.3033144415665814
-3.5493649451487492,0.6506421624373249
-2.9254363982432317,-0.05466889751445736
-1.1088298766367863,-1.5471434534836956
-1.8483799903147649,-3.105134958152885
-1.4864829985850285,-1.9639892519761273
-2.3812889067881535,-0.014255041008109703
-1.2905923335307072,-1.053686612968559
-0.5312730281107854,-2.0649647654343792
-3.347736736988349,-0.5221497954178997
-1.9988783805125188,-1.1128010691453167
-2.1639338938944768,-2.287667268638725
-0.5247022120707463,-0.7560906351853558
-1.2354718653910588,-2.45778417003643
-3.8874410598032902,-0.2573866785813519
-1.7820390670054387,-0.948072427635307
-1.5476068465464543,-1.948091501121635
-0.9172204940073918,-1.5423498095322796
-2.7887495963328313,-0.3468189181138226
-3.0509880988352727,-0.40444659603130306
-3.3026260344737004,0.9526245652388385
-1.3403929679148625,-1.186104768638725
-1.7668112723582219,-2.032164567833061
-1.2642208544962834,-1.3175539912034222
-1.3344963996165227,-1.460387700920219
-2.8627647368662785,-1.912333959465141
-1.7392813174479436,-2.39909219158184
-1.4723204581492375,-3.5256614626694867
-2.5261744467966984,-0.3557324351121136
-1.353289028858466,-2.3538823069382855
-1.7669350116007756,-2.935780996208305
-1.4147168605082463,-3.4150719584275433
-2.1137484519236516,-2.9423055590439984
-1.4731754271738957,-2.179332727317924
-1.8273133246653508,-1.1659436167527386
-2.421617409443183,-1.3010110796738812
-2.0298973529093693,-3.302339547996635
-3.2726363150828313,-0.7371485174943158
-1.7994078604929875,-2.375661367302055
-1.70923175499372,-1.7699656428147503
-0.6886891333811711,-2.2116794527817913
-0.7025369612925481,-1.6961274088669964
-3.590985676502509,-0.76159595859539
4.806444028163629,0.019392019386177406
5.616076567912774,3.0908739494781545
-1.2018414942973088,0.23979664432514225
-1.0280260054820012,-2.380149358635063
-1.4902013747446965,-1.0279927195359417
-2.1316343753092717,-0.6944353522111126
-3.5413912741892766,-0.6199519575883099
-1.6668144671671818,-1.383126253013725
-2.259444615101142,-1.9650044382859417
-3.230842968677802,-0.9285445154954144
-2.223631760334296,-0.46924638164531673
-2.6960333792918156,-1.1087207735825726
-2.0827349631541203,-2.059576505546684
-1.463004252170844,-3.0322670878220745
-1.9403294532053899,-2.710657590751762
-2.519924065326972,-0.8207988680649945
-3.16034259483747,-0.884666437034721
-1.3334788291209172,-1.3544549883652874
-1.577386757587714,-3.5975513399888226
-3.034044644092841,-0.6435019911576458
-2.8369888274424504,-1.097110742454643
-1.893957277988715,-2.794272893791313
-3.7844804732554387,-0.17394279850017513
-1.2370583026164006,-2.063117021446342
-1.0753873793833684,-2.7902173937607953
-3.392853638386054,-1.0058345736314007
4.7413707764393855,-0.6894376219559857
-1.248595139240546,-2.5237336100388714
-1.0393601863139104,-1.4403710306931683
-2.427770992969794,-1.3085446299363324
-3.6456178633921574,-0.5455863417435833
-2.025607487415595,-3.0014328898240277
-3.1888145415537785,-1.3111219347764203
-1.820287844394965,-2.6369423807908245
-3.393077275013251,-0.49578117740642513
-1.8811027018778752,-3.417540544395561
-1.9705394713633488,-2.505091184501762
-2.7487653701060246,0.5034647046278766
5.326191046977716,2.980454018587952
-3.3259018866770695,8.504449080279919e-4
-2.7138956992381047,-2.0330886782456585
-1.0910603015177678,-0.9285426081467816
-1.2027391402476262,-2.0800337733079144
-1.4729794471018742,-1.899384969596977
-2.1845587699168156,-2.8940758646775433
-1.898201367115302,-1.7263441027451703
-2.6394957511179875,-1.497346872215385
-2.6731656996958684,-1.3457059801865765
-1.9592908828013371,-1.0773491801072308
-2.028823277210517,-1.836279386406059
-1.9380513636820744,-3.344331735496635
-1.8921457736247014,-2.3256463946152874
-3.656563183521552,-0.291172260170097
-3.5340570418589543,-0.5738322676469036
-2.4218634574168156,-0.3020679892350384
-3.765255352711005,-0.27647065532695736
-2.8287419287913274,-0.5387349070359417
-3.3638094870799016,-0.256215566520805
-3.994238278126044,0.13338733303058659
-4.0490278212779,0.5205447732161335
-3.209362885212226,-0.09799098384868588
-3.065202614521308,-0.38553976428997005
-1.2757221667521428,-0.4866192282487103
-1.7255944220774602,0.12094688999164616
-1.500853201603217,-0.2366194666672894
-1.873667856907172,0.16774678813922916
-3.323665997242255,1.2777184306334308
-1.5268358199351262,-0.9727992953110882
-1.8417054621928166,0.6684830247114948
-1.7330962626688908,0.11934495555866276
-0.6175698249094914,-1.838767999534721
-3.4710296599619817,1.7051708756636432
-3.2465042083018254,1.5146054087828449
-3.39358176872663,2.2978054939459613
-3.0822915045969914,2.4723118005942157
-2.3088191954844426,1.8036723195265583
-1.5677374808543156,-1.0386738718796917
-1.5699624030344914,-2.6830406130601117
-1.799897333835883,0.5966329632948688
-1.7701713053935002,0.2698154507826618
-1.3200849501841496,-0.1785769404221722
-1.8113852946513127,0.057782894248848304
-2.2476548163645695,-0.014815563087577477
-1.7104591338389348,0.22073913204181705
-2.0051268546336125,0.4374828396986774
-2.1938148944132756,0.026320940132027015
-1.3258377520792912,0.8050618230055622
-1.5949093310587834,0.12555409061420475
-1.916063448643012,0.1039550362776569
5.402448037410455,0.1211373864363483
5.639245608592706,-0.48044657123577084
5.651155093455987,-0.13603805912029232
5.6633723767048885,-0.33570050609600033
5.566049197459893,-0.36745571506511654
5.254677632594781,-0.08559750926982845
5.062263587260919,0.0018990098189166638
5.800961592937188,-0.27072905910503353
5.792127707744317,-0.47668289554607357
5.739813426280694,0.09601617443073307
5.705378154063897,-0.3649353922654339
5.602990487361627,-0.3789427222062298
4.957767108226495,0.15404081928241764
5.674885371471124,-0.1714067400742718
5.667976477885919,-0.4479379595566937
4.63897905662127,0.4495649396132282
-2.4548930136912297,1.5042103587340168
-1.4770578353159856,-1.1936135233689495
5.482148268962579,-0.36913465869914974
5.614325383449273,-0.07247781169902767
4.830044368053155,-0.005203956489677086
5.0348511727101375,-0.23742508304607357
5.367457965160089,-0.05712437046062435
5.659811118388848,-0.08600997341167416
5.530539849544244,-0.020441287880057946
5.342904427791314,-0.563813918953056
4.990471938396173,0.013824945564155922
5.496367314601617,0.06862807857502018
5.756378749156671,-0.36068391216289486
5.391321280742364,-0.1351513804246136
5.7056323082692195,0.08421230899799381
5.641111949229913,-0.43037151706706966
5.636648276591973,-0.3761310519028851
4.957804539943414,0.12280965435016666
5.489463427806573,-0.2496514262009808
5.0138646157033016,0.1706051884840778
5.794242957378106,-0.3808321894456097
5.683405497813897,-0.48786353481304134
-1.8996273486369084,0.9665374814223102
-3.8900855986826848,2.403314119453316
-3.8919815032237004,2.414998179550057
-3.6935891120188664,2.4562591372679523
-1.8308710067027043,-1.8648190439988324
-1.9447490184061955,-2.0051979960251995
-2.053359886860175,-0.9688935221482464
-2.111524483417792,-2.337479108696098
-1.108507534717841,-2.5886754931260296
-0.8032781092875432,-2.3305811823655316
-1.0609363524668645,-2.5270667017747113
-1.7189125029795598,-2.0643315256882855
-1.502327343677802,-1.3499755801011273
-1.5999337641947697,-1.9870371760178753
-1.1522292105906438,-2.6831669749070355
-1.7186583487742375,-1.7518734873582074
-1.3577779738657902,-1.8773927630234906
-2.6367472617381047,-1.53570746791851
-2.1556202380412053,-2.618827813987846
-1.9131757228129338,-2.565482610588188
-2.1886736361735295,-0.7250060976792523
-1.4399606196635197,-1.6302556933213421
-1.4115346877329777,-2.180156701927299
-1.6976689307444524,-1.829619878654594
-3.5789884536021184,-0.36970233333599056
-1.5160144774668645,-1.6197228373337933
-1.7643078772776555,-1.0571408213425824
-1.9305633513682317,-2.207544320945854
-3.9911431281321477,0.06877208339679752
-3.3796829192393254,-0.575755590324516
-0.8635314910166692,-2.308457368736381
-1.5867089240305852,-2.6245307863999554
-2.0426734893076848,-3.2484235705186078
-1.692968270038886,-3.033667081718559
-1.8131836859934758,-3.097223752861137
-1.193353316044135,-1.9183449686814495
-3.5080474822276067,-0.5275220812607953
-0.9256509749644231,-2.6153521479417035
-2.7681783644907902,-1.2508172930527874
-2.1951431243174504,-2.123633378868217
-1.122212073063178,-1.189201349144096
-1.3379029242747258,-1.7585964144517132
-1.4002534358256291,-0.7380995692063519
-1.502632519459052,-1.4745402277756878
-1.8369358985178899,-3.6875028551865765
-1.1872409789317082,-2.9286146105576703
-3.0253805129282902,-0.46541880977642025
-3.1611942260020207,-0.6889908255387494
-1.6181913821452092,-1.6740169466782757
-1.6544512717478703,-2.639936441307182
-0.823400637363715,-2.195711130027885
-2.301190754627509,-1.1983523310471722
-1.9595154731028508,-1.120057577018852
-1.8463703601115178,0.42137408840168034
-1.6748038737528752,-3.634643072013969
-1.834067723011298,-3.289041036491508
-3.577938458179755,0.10502458202350651
-1.0485855548136662,-1.488721841697807
-3.236120125507636,-0.8049173296738812
-3.150485417103095,0.054586177940254554
-2.7402743308299016,-2.073706621055717
-3.1073698012583684,-0.6865458430100628
-1.4936553447001408,-1.3588418902207562
-1.4213131873362492,-1.9419097842026898
-0.9336728064768742,-2.702488416557426
-0.7291773764841984,-2.157038205986137
-2.6580924002879094,-1.1494498194504925
-1.8368920294993352,-3.4143214167405316
-1.4046253173106145,-0.7964429796982953
-1.01166357681684,-1.166226381187553
-1.4105888812296818,-1.1292686404038617
-2.2194045989268254,-2.191673272972221
-1.6008538214915227,-1.7520799578477093
-2.0499667136424016,-1.7725782336045453
-2.0132490603678654,-0.07734751117717709
3.9270731003529598,-0.21310281169902767
-1.5431212393992375,-3.0305108965684124
-0.7022022216074895,-1.5193653048325726
-1.5362500159495305,-2.7579703272629925
-3.453846356128974,-0.725665086631889
-0.9116670100443791,-1.372017854576225
-0.99790944740705,-1.4103236140061566
5.709818461681085,3.100724704812055
-3.28265704796247,-0.5176706255723187
-1.9920700995676945,-1.7912278116990277
-2.4195655791514348,-1.0726275385667035
-2.6420868842356633,-0.4488570631791302
-2.5254987685435246,-2.7117857874680706
-2.8043464629404973,-1.2438335360337445
-2.0037843196146916,-1.1166982592393109
-2.555660626148505,-0.5562567652512738
-3.205426117634101,-0.06360911739360775
-1.6175810305827092,-1.3824071825791546
-2.2260085551493596,-1.2994503916550824
-3.1024731604807805,-0.8400480688859173
-2.0402015654795598,-0.44355272663127865
-1.822628399586005,-2.0687284411240765
-1.2410863845103215,0.43916488277423893
-1.9808870761149358,-0.9741144121934124
-2.1073330847971867,-0.06516265285503353
-2.1878618209116887,-2.4309277476121136
-1.3871666400187443,-1.058170312767143
-1.3057483641856145,-1.7613253535081097
-1.0830644576304387,-1.718389982109184
-1.792333504413886,-1.205082410698051
-2.759052654957099,-2.3280420244981
-1.2706986872904729,-1.9173393191147992
-1.9971434085123967,-1.6799483240891644
-3.802845379566474,-0.9105567873765179
-1.699492117618842,-2.8036904276658245
-1.5061980693095158,-1.6588602007676312
-1.1900257079356145,-1.4180722178269574
-1.3820456473582219,-1.2247748316575238
-1.605047127460761,-1.2799749316025921
-1.5316428153269719,-3.2487988413621136
-2.391353985523505,-1.0011701525498578
-3.102063557361884,-0.4645414294053265
-1.310571572040839,-1.6958193720627972
-1.9894761054270695,-1.475164884452934
-1.3714858500712346,-1.4282450617600628
-1.319243094181342,-1.9561262072373578
-2.3456257788889836,-1.4282274187852093
-2.9108795134776067,-1.4819230974961468
-1.6513506381266545,-1.2864675463486859
-2.7094277350657414,-0.8262808264542767
-1.7571646182291936,-0.18363665950786556
-3.0569361655466984,-1.4642662943650433
-2.507755181049628,-0.12995957744609798
-2.2259217707865666,-0.806067222480888
-0.631592890476508,-1.510549062614555
-1.869803568577094,0.10267902004230534
-1.383581063007636,-0.4629363955308148
-0.8892704455607365,-2.4251670779038617
-3.1582106559031438,1.6025195180128864
-1.7492250411265324,-3.051611894493217
-1.4268328158610295,-1.5135693491746136
-1.6157831160777043,-2.1597876490403363
-2.184672495579047,-0.6007864416886517
-1.387344261860175,-1.34238528621685
-1.396140238498969,-2.1452169359971234
-1.4613710849039983,-0.11648344409954037
-1.9862839190714787,-0.0806906164933392
5.961164572978692,2.8522364257525257
5.592467406535821,3.0073131530236057
5.4903143437153865,2.9094999043892673
5.651481011653619,2.7893001793574146
5.598156789088922,2.785548692817574
-2.252285143589301,-1.4586310328293988
-1.558815380787177,-1.1632299364854046
-1.71745028183393,0.3793034611891559
-2.0255037753336858,0.15836573230731998
-2.343093773578925,-0.19420956981670345
-1.6599134413950871,0.056356435890083656
-1.7787689177744817,-0.2279558123398968
-1.6753567664378117,0.3144481240462116
-1.1235636679881047,-0.4142808855820843
5.041871407771783,0.030016189689522133
-2.3612317054026555,1.4605828581999591
-3.3522619216196965,1.9981622754286579
-2.2775148360484074,0.32773304569232975
-1.8214072196238469,0.7143759785841755
-3.3277839629404973,1.0275850354384235
-1.776286026691718,0.21370673763263737
-3.185482403492255,2.02582395660389
-1.690996309971137,0.3250985203932575
-1.940407177662177,-0.019374841575736657
5.705386260295587,-0.14494299304973568
5.134854415202813,-0.4165663660813519
5.525571921611505,-0.0946521700669476
5.335788110042291,-0.3896691740800091
5.655108073497491,-0.5703716219712445
5.7089773209340144,-0.11972188365947689
5.563027003551202,0.06261110889423405
5.454344132686334,0.11905408489215885
5.425823310161309,-0.667353147392387
5.393821576381402,-0.1678478659440228
4.784883836055474,-0.4791572035599896
5.265207627559381,-0.6097917498398968
5.618923285747247,-0.15250896823894466
5.575021365428643,-0.5191779078293988
5.405713179851251,-0.21266078365337338
5.092547992015557,-0.17980217350017513
5.386804202342706,-0.289782518272514
5.274673321986871,-0.20963310611736263
5.666833499217706,-0.2980952204514691
5.319379428172784,-0.5614333094407269
-2.431770703052802,0.3825919686507038
-2.425305744861884,1.9746704159926227
-1.9043427912943791,1.5001335202406696
-4.030614277576728,0.7284259854506305
-3.930766483997626,-0.018165820961112633
-2.122569462513251,-1.119299405937309
-2.103944441532416,-1.3898539484788128
-3.852711579059882,0.0687232075880817
-3.461915394520087,-0.708215946083183
-1.880698582386298,-1.4750728548814007
-2.1410285441630315,-1.9017872752000042
-1.9484433142893742,1.0442719517897419
-1.4521719424479436,-2.664888376121635
-3.246879002308173,0.8163120804976276
-4.0267471282237,0.23209524738300358
-2.446360489582343,-1.1621127070237347
-3.237011810993476,-0.5146934927750775
-2.41734304115705,-1.2112588824082562
-2.5935834853403996,-1.7771868647385785
-2.8866313903086613,-0.8493237437058636
-1.2805217711680363,-3.0044636668015667
-2.5594667403452824,-2.193105691795463
-1.273084303592963,-1.8327360094834515
-3.095842739795966,-0.3539144934464642
-3.6687129943125676,-0.5668864191819378
-3.001019379352851,-0.7623467387009808
-2.3868178336375188,-0.9255099238206097
-1.217847010349555,-1.8545436800767132
-1.4281951396220158,-3.2565383852769085
-2.748545548176093,-0.6098117770005413
-3.92359246895246,0.06034374820697819
-2.635480305408759,-1.4610204638291546
-2.3587669341319035,-2.124252790336723
-1.629961153721137,-2.313577169304008
-2.706861397480292,-0.3448975027848431
-3.060181996082587,-1.041657918815727
-1.451323410724921,0.22998023616779362
-3.5166090934031438,-0.2890348376084515
-3.49892320320539,-0.2834615649033734
-2.202412029957099,-2.2200975359727093
-3.950900456165595,0.23734188663471256
-3.292344948505683,-0.5946335734177777
-3.8203119246714543,-0.3495061339188763
-2.322605034565253,-0.9734950007249066
-1.6641961543314885,-1.354266160850639
-1.693956753467841,-1.8373374880601117
-2.839811703419013,-1.1502451838303753
-2.197609802936835,-2.0021719874192425
-3.560624977802558,-1.031622403984184
-4.043230911945624,0.22429514514911686
-2.5846404044383,-0.286805862312431
-3.7961820571177434,0.23322249042499577
-1.8860739676707219,-2.1997895182419964
-2.532516857837958,-1.012213224296684
-3.572048088764472,-0.6151094378281781
-3.270290276264472,-0.2800154627610394
-3.1090716330759953,-0.9431195200730511
-2.3023869006388615,1.4185359536360553
-1.8137363402598332,-1.2998332918931195
-2.312958618854804,-2.03505467784893
-2.0374502150767277,-2.023026460533256
-3.7836002318613957,-0.18327354801189388
-3.4085291831248234,-0.7132546843339154
-3.42444171593122,-0.4971036852647015
-3.0411452262156438,0.5885176716994098
-2.1134854762309025,1.2135859786223224
-3.5162257163279484,-1.08034276378643
-1.7153998820536565,1.0124199448775104
-1.6497241465800236,1.4269022999953083
-3.206168553089423,0.16118693935382877
-3.4052199332468938,0.020707613105659828
-3.721809765552802,1.2480340062331012
-1.8478354422800969,-1.5515141428757855
-3.5010255782359074,-0.33857011211406673
-2.172143360828681,-2.6025485934067913
-3.0080846755259465,-1.3950710238267132
-3.026093384479804,-0.1975438536454388
-3.4041179625742863,-0.6849501074601361
-1.8170417754404973,-1.5907835902024456
-3.806191345905585,-0.05959653270732845
-0.9343124835246037,-1.7672476710129925
-3.1306461302988957,-0.825725072746391
-3.214157482837958,-0.7286047877122113
-3.937149426197333,0.5080833493422321
-3.5545085875742863,-0.28919290912639584
-3.877148529743476,0.4789593278120807
-2.6415785758250188,-1.2628669680405804
-2.0733264891856145,-1.5323138178635785
-3.9332560508006047,0.302169328803902
-2.497460743641181,-1.610428327446098
-3.133118530964179,2.2709935365866474
-2.9197787253611516,-1.065788263206596
-1.8859962432139348,-0.1873972357560345
-2.9175466506236027,-0.5666725577164837
-3.1966856925242375,0.92858958827961
-1.6782947985880803,0.5171990452956012
-1.2529968230479192,-1.434687131767387
-3.574027439808173,-0.9953875483323285
-0.9043997733347844,-2.49098729503643
-3.649204155659003,-0.21632384670268978
-3.5351237265818547,-1.1695036829758831
-3.974964997028632,0.01622033702838932
-2.211804768299384,-2.381666177635307
5.595451215053277,2.665705388660317
-3.7991970984690617,-0.2658390940476605
-2.771109959339423,1.9989705144118122
-2.1775790660136174,1.42817032920826
-2.489418884968085,1.9390957413862995
-2.067170521473212,1.628845697517281
-2.9509681670420598,2.5499759374808124
-2.984540364002509,-1.0884890497971722
-2.3535536734812688,-0.8187675417710492
-1.7868181674235295,1.2247299014281086
-1.8424381224863957,-0.06325482738506283
-1.593518397068305,0.8230078278731159
-1.3549808470957707,-3.1448368967820355
-2.4931539504282902,0.33812189685810123
-3.7806719748728703,2.3126942573736957
-2.3246087043040227,1.6557396708678058
5.039422133708673,0.7121126710127643
-1.7959190814249943,1.1682466326903156
5.6953078301198055,2.677832400674706
5.348727563167291,1.1255590974043659
-1.846540114139838,1.4252716361235431
-3.1861638037913274,-1.1193876208115765
-0.5175582377665471,-1.6184768618394085
-3.898391625141425,2.454561596984749
-2.9567874877207707,2.505714660758858
-2.621226212238593,2.2697154341887287
-2.1290332286112736,0.185939556236153
-2.9120458571665715,2.4427475391577533
-2.3285969702952336,1.7972664891432575
-1.566787621235175,1.2255498229216388
-3.821440598224921,2.1715191661070636
-2.439139267658515,1.3207091151427082
-2.9689067809336613,2.4101021944235614
-2.517565151905341,1.9752878009032062
-3.094823738788886,2.452823227519875
-2.6741970984690617,0.45507026302326237
-2.5877875296824406,1.4451390563200763
-2.4683274237864445,1.750710850829964
-3.882787605976386,1.8595120965193561
-2.1333173720591496,0.06984305965412174
-2.245240351414008,1.7863837538908771
5.338906148219781,-0.5996689738084027
-3.666601559376044,2.333468979473
-2.7737072913401555,0.5983779488753131
-3.817055126880927,2.1899507104109577
5.579447129512506,-0.5824315489579388
-2.233629366611762,0.528600460166817
-2.584362885212226,0.35663152324665104
-2.987996002888007,2.2805988250922016
3.959276297832208,0.011564260597114906
-2.947376629566474,1.9669908343504718
-2.648997685169501,1.9410568534086994
-2.9975046126597356,1.8653926907728962
-1.790068289493842,0.6048259793471149
-2.876174828266425,2.1024985371779255
-2.4379910437815617,1.8693238555144123
3.9185334236867,0.013543611640816078
-2.4034842459910344,1.8321358023833088
-2.6614378897898625,1.5559824763487629
-2.8840092627757024,2.4583162127684406
-2.4496926276438664,2.112064248199349
-2.2548591105692815,0.44200921642292057
-1.728338143085761,0.731295829887276
-1.4706508128397893,1.0526862202833942
5.31366978004046,-0.6195230425645062
-1.0293158499949406,-0.15993928325664486
-2.646403691028876,2.195218747730141
5.291169265056329,0.2253255902479938
5.306274750972467,0.002417570228462562
5.6658912689930965,-0.6236102522660443
5.4395495445973445,0.19039106952655827
5.418437102580743,0.3013095914076618
4.639627793575006,0.3918767033766559
4.884821513438897,0.2373924313734821
5.5970717461354305,-0.23030757320415463
5.146307566905694,-0.47844695461284603
5.64170179679461,-0.3644714297105023
4.948093751216607,0.247462993736153
5.038432696605401,-0.2015271128464886
5.701482871318536,-0.3099577368546673
5.463603118205743,-0.0746192873765179
5.567580559993463,-0.3672399462510296
6.164228537822442,2.5461790620039753
5.163491585994439,-0.2392756880570599
5.449471810603814,-0.47646426570903744
5.126651385570245,-0.27432035816204037
4.76867089583941,0.0753445683668903
5.653262475276666,-0.0469543875504681
5.382426360393243,-0.18570851696025814
4.659453490520196,0.3236997185896686
5.540820697093682,-0.2468004168320843
4.936895230556207,0.2998144684981159
-2.423190495228095,1.789536124343758
5.381727555537896,-0.10889243495952572
-2.9639023749583195,1.705790287132149
-3.351416012501044,-0.31731533420574154
-2.9079898802988957,1.80995584117878
-3.7124470679514836,1.0158562718581012
-1.8274258582346867,0.005845314140205726
-2.7212757079356145,1.2481221018980793
-3.351755997394843,2.3378724514197162
-3.636371990894599,0.48262215244281803
-3.7786020247691106,0.32759810077655827
-3.600042244648261,-0.2188131750870892
-2.7641881911509465,-0.7149679602433392
-3.8879598586314152,0.2724866925429157
-2.632799526905341,0.08145428287494694
-3.3408035247080754,1.2310602723311237
-3.6610859839671086,0.5442969857405475
-3.1530012099497746,0.10525823223102604
-4.1081236808054875,0.3713212071608356
-2.274078985904975,1.2690753995131305
-2.9679874388926457,-0.5278060377885052
-3.7168935744517277,-0.5379698218156048
-3.6002825705759953,-1.0317134798814007
-3.779610058521552,-0.5492820681382367
-4.0527576415293645,1.46137345420826
-4.090563198780341,0.970586544151192
-2.730554005359931,0.062070613975410804
-3.758611580585761,0.32865024196613346
-4.06734361336164,0.6801743565748981
-3.8936580626719426,0.25414133655536686
-1.799730440830512,0.5252285062025837
-3.151607891773505,-0.5840783060837933
-3.402130982136054,2.421133762473946
-3.1405915229075383,2.5665161668013385
-2.2468422858469914,1.795085555190926
-2.376355072712226,1.8061559258650592
-3.204750439380927,2.476498430843239
-3.5253142325633,2.261576479549294
-2.960353752826972,2.416780298824196
-3.046538254474921,2.0989122449110797
-1.9988664595835637,0.6420145093153766
-2.59888019249372,2.0151295720289997
-3.141074558948798,2.232042080039864
-3.4884919135325383,-0.9009399355698773
-3.74720086738996,0.3404085694502643
-2.756219288563056,-0.8140280188370892
-2.1688822715037297,-1.148460382347221
-2.8603157012217473,-1.1668567599106976
-3.8211363761179875,0.8745131550978473
-3.8840259520762395,-0.03743886363994564
-3.5940603224986027,0.4762373028944782
-2.8478225676768254,-0.31356572521221127
-2.4664591758006047,-0.10082482707988705
-1.515288016056342,-1.2568459452439495
4.395687201762872,-0.7092382849503704
-1.5016857592814397,-1.1054754198838421
-3.8818172423594426,-0.07456874263774838
-3.692611119007392,-0.6146042288590619
-3.0618776290171574,-1.4641041697312542
-3.8883718459361027,0.08603525745380436
-3.8267654387705754,0.2516717969130329
-3.866906544422431,0.887379175300484
-3.332459351276679,-0.5168206633378216
-3.5169133155100774,1.6794648228834919
-3.8088029830210637,0.038399702186470375
-3.2133158652537297,2.288154071445351
4.070837834621148,-0.12197899234783138
-1.9246520011179875,1.3677594720076374
6.037924388194757,2.718857860441094
5.569883683467584,2.833502894515877
5.741785624767022,3.512274002904778
4.515772202754693,0.02762008296955143
-2.279804608082099,1.6953713952254108
-2.021611830448432,1.641146904106026
5.533422330165582,2.9345870672415546
-2.8199271170847844,2.2386775075148395
-2.032422205662055,1.5844072161864093
-1.4139613120310734,0.971377616996651
-3.865507981037421,1.4415625392149738
-3.8831695525401067,1.9432669936369709
-3.857577702259345,2.277090018863564
-3.740280529712958,2.2412818728636554
-3.930130383228583,1.3517186700056842
-3.2091902701609563,-0.16493963611614193
-3.569886109089179,-0.01769995105754818
-3.5444334952586125,0.9798281251143268
-4.104055783008857,0.7129843293379596
-3.7447151152842473,0.3388929425429157
-2.986369511341376,2.3952469884108356
-1.792652985309882,1.3674014865111164
-3.006435295795722,2.5615928231428913
-2.927322289203925,2.2714542208861164
-1.9961778132670354,1.6514163075636676
-3.2327808348887395,2.282889371986275
-2.025025269245429,0.33249617206562077
-1.5303505866282414,0.6972930489729694
-3.034899136280341,2.555361455554848
-1.8205565421336125,0.651536947364693
-2.3925141303294133,0.206752544517403
-0.8153799979441594,-2.753126615409965
-2.283845564579291,0.5750148354719928
-1.8623136489146184,0.8587486802290729
-3.289600750660224,0.2693898736189655
-0.8435825316660832,-2.6899866999436566
-3.6296390502207707,2.262232130641823
-3.7082165686839055,1.7209745703886798
-3.8135537116282414,1.6103553830336383
-3.437514683460517,2.246339148158913
-3.58203973457746,2.0906544982146076
-2.9124664275401067,2.2294304429243854
-2.9774641005747746,2.5776994286726764
5.740587332988458,2.796338236207848
-2.9229029624216984,2.3848941384505085
-2.59808673546247,2.0803514777373127
-2.4654134719126652,1.6616830884169391
-3.0584835021250676,2.467258816833382
-3.4453901259653996,2.3375010548781208
-2.669124981617255,2.15568155633915
-3.2857569663279484,2.3369557319830707
-3.2194746939890813,2.33425981389988
-3.3050507514231633,2.2653315721701435
-3.8050846068613957,2.43798763143528
-3.4873990027659367,2.401962882156258
-1.7757963149302434,0.35760999309528385
-2.3715938536875676,2.0140310584257892
-2.147873064731879,1.624852901573067
5.2157524616963435,-0.38296365154277767
5.133973696971612,-0.41239690197002377
-3.4489439933054875,2.144649034614449
-3.7602371184580754,2.144390588874703
-2.1097673384898137,1.4451011477659992
-2.338957688068671,0.9174053727339557
4.433997014308648,-0.6236033381272503
3.7317181618458797,-0.09911250484477963
4.919598916316705,0.13304329502094303
3.7103956730610896,-0.09628223789226498
-2.8662556617014836,2.338957613582497
-1.113599440311713,0.40601134883869205
-3.1287917105906438,2.4911718426894
-2.7665995566599797,2.32711470710743
-2.958222767566962,2.2560109554480365
-3.181299111103339,2.4475355206679157
5.081610301280694,0.06961703884113346
5.341134408260064,-0.3292448462296673
-3.093903919910712,1.3825612126539997
5.456394770885186,0.09680152523029362
5.454228976512628,1.1470911561201862
5.211340525890069,0.07991576778400455
6.073924163127618,2.4066184221457294
-2.335828205799384,1.7564569770048908
-2.4981945960276555,1.4716705142210773
5.531982043529229,0.3907616196821979
5.658190587306695,-0.4322700442124554
4.858137229228692,0.3500516473006061
4.830739596629815,-0.15915727031719173
5.0527649910695125,-0.15638613117229427
5.473528245235162,0.3057708798598102
6.051657298351007,2.690925693387871
4.84814391448565,0.020319467658882484
5.336982110286431,-0.37084459674846615
5.456865885997491,-0.5022594870377728
5.144878962779718,-0.59702658069622
5.309394934917169,0.08636737453449284
5.338983634257989,-0.03312158000957455
5.552763322139459,-0.2305781782914349
4.5418818981892635,0.31659222232807194
-2.9988678900950383,2.491792863483315
4.81573949172564,0.20146394359577213
5.051571944499688,0.15298843967426334
-3.114533802723212,2.1430962144087604
-2.3430599181406926,1.995939260597115
-3.1037992446177434,2.506025677795296
-3.0908974616282414,2.39101714479435
-3.003357788776679,2.341079538936501
-3.5965103118174504,2.405341571445351
-2.863761326526923,2.3851658164213947
-2.2622567622416447,1.6937130747984699
-3.143980881428046,2.4549884854506305
-3.192778012012763,2.50930065500248
-3.3746437041514348,2.0997654257963947
-2.4464625327341984,0.3723087369154743
-2.726222893451972,0.2746408044050983
-1.7628051249735783,0.9863224087904743
-2.633592507099433,0.1682090817641071
-3.0114411322825383,2.5084741769980243
-2.02278794929914,1.1889386235426715
-3.2860077826731633,2.388670748348122
-2.1414724795573186,0.416715866203194
-2.7909735648386906,1.8246429024885944
-2.6836685149424504,0.4229703007887653
-1.6492797343485783,0.7488541661452106
-2.439210316395087,1.768642431373482
-3.168340584492011,2.283308392639046
-3.321440121387763,2.262283688659554
-3.858664890980048,2.4543511329840473
-1.6653021781199406,-2.807605260734672
5.142211535716729,-0.3178698958207318
5.165507653499322,0.10072327243793522
5.194428065562921,-0.30839013469707455
5.2116182835347225,0.07487774478900944
5.308337548518853,-0.13068889987956966
5.1679619343525935,-0.3740544260789105
4.821135619426446,0.2994043885420612
4.527466157222467,0.3614664136122516
5.391498664165216,0.25713229763019596
5.485162118221002,0.001795297737007484
5.460205653453546,1.207540398712044
4.937853434825616,-0.2546410502244183
-2.1615289656870793,1.6994301139067463
5.283511975551324,0.15650249111164127
-2.857949158405585,1.8159437237929157
6.038413623119073,2.6340538023661426
4.548552373195367,0.317087656135445
-2.551869293903632,1.352605348701363
6.036861041331964,2.463387554759865
5.327792981410699,-0.3957068861771771
5.068213084483819,-0.4881048144150921
5.542185643459039,-0.11858009708415951
5.521196225429254,-0.26408171070110287
5.6462780030018855,-0.4398534239579388
-2.9067682234995793,1.8867273389052204
-2.9881614653819035,2.4527679144095234
-3.4370745627634953,2.44687092887867
-3.4366382567637395,2.289241498584633
-2.3895496337168645,0.410581833000069
-2.83461656258039,0.030135398979072914
-1.8796993701212834,0.6426816044997028
-2.3309253661387395,0.5486161767195514
-1.7523528544657658,0.5602660237501911
-3.3506912200205754,2.425216978664284
-1.8345250098460149,1.5625484048079303
-3.804118534778876,2.4472274242590717
-3.8088354079478215,2.035500413055306
-3.3387383429758977,2.4240766226004413
-3.1583842246287297,2.4729319869231037
-3.5737074820750188,-0.3054547251511761
-2.6154412238352727,-1.288043016319389
-3.845098873829169,-0.12524079692851986
-3.1695550887339543,-0.30463957202922787
-0.7530547587626408,-1.311156743888969
-2.6618508307688664,-0.8530414046097943
-1.7718905417674016,-1.5102491320420453
-1.5128518550150822,-1.68286322963726
-2.7711175887339543,0.06502628910053287
-2.188998839115424,-1.7547826708604046
-2.224894425129218,-1.431083673362846
-3.3090862242930363,-0.5465764941025921
-1.718537232136054,0.5392007886122516
-3.875278374409003,0.12291288959491764
-2.483500858997626,-1.0548334063340374
-2.7834376303904484,-0.7823469580460736
-3.347868344044013,0.32588673221576725
-3.7317127196543645,0.11468959438312565
-1.7443849055521916,-1.233590120201225
-3.0628422705882024,2.0938204585264972
-4.1079877822154,0.8910477219771198
-3.3337887732737492,1.774614101524239
-2.0593325106852483,1.7225040255736164
-1.7963327376597356,-2.2326521815110394
-2.26392450020246,-0.5384404600907513
-1.4148706404917668,-1.7186613024522015
-3.196854016041083,-0.7803225458909222
-1.2413770167582463,-2.2344951571274945
-1.7359920947306584,-3.1217465342332074
-1.607878348087592,-1.5535349787522503
-1.5482596366160344,-1.7184691370774456
-1.7752057521098088,-2.03142976177227
-3.7389878241770695,0.2686770020674518
-3.8317665068858098,-0.8984904230881878
-1.350584646915717,-1.4928946436692425
-3.2654746978037785,-0.4890780390549847
-1.4641746489756535,-1.2809424341965863
-2.702923676227851,-1.3182358683396527
-3.77521600410871,-0.01641964328777279
-1.6183334796183537,-1.846977228050346
-3.384991547321601,-0.620959276085014
-2.382034203266425,-2.1986160219956585
-1.9668525664561223,-2.0753440798569867
-3.4961904494517277,-0.7078926504899212
-2.6300004927866887,0.13733053791034733
-3.305205246662421,-1.0356726588059613
-0.777480980610175,-2.4801082552720257
-2.3920010535471867,-1.3320803583909222
-1.542425057148261,-2.124459260826225
-1.472225329136176,-2.1328225077439495
-2.7815579383128117,-1.4463405550767132
-3.6514395682566594,-0.44371771228801693
-2.674651047443671,-0.8828637541581341
-0.47685637161664474,-1.5716433466721722
-2.471683403705878,1.7803970633696369
4.937916615749078,0.04432511913288151
5.802947142863946,3.0759363605331234
5.8658543617970516,2.6507138370226673
5.935833075786309,2.569857901210671
6.173479655528741,2.9878120927761844
5.4269317181355525,-0.5142197550584027
5.641341546321588,2.672514295453911
-3.3559969870799016,2.2005560456465534
-4.071703812336249,0.681913620109444
-3.7519463507883977,0.22895980464923893
-1.5350991694682072,-2.0618977488328167
-3.1110562293284367,1.4713121710966877
-4.128503224109931,0.9484643994520954
-2.001688858722968,-2.562299722557182
-3.890661141132636,0.5766012726973346
-1.5819348304026555,0.9721484242628864
-3.7685259787791203,-0.5934693754960247
-3.499524971699042,-0.9782314242173382
-2.367411514972968,-1.2694377840806195
3.954774239803033,0.13712168323505436
-3.3607462851756047,-0.6288261355210492
-3.738819500660224,2.4583488165091327
-3.6510647742503117,2.3396068273733905
-3.674451729511542,2.4523684440802387
-3.859692951893134,2.4764502702902607
-3.754283329700751,2.5022657571982196
-2.8986104933970402,2.311925357456093
-2.9793490378611516,2.459540492172127
-2.437275788044257,1.3010921536635212
-1.8254870383494328,1.4327439128111652
-3.018621346210761,1.6559045373152546
-3.388909718250556,2.4294731675337604
-3.191562077259345,1.7421774922560505
-2.7641366927378606,1.3573694287489704
-3.080764672016425,1.714281087989693
-2.732758423542304,1.382357603187447
-1.9814053981059025,-0.25968121898662533
-2.2278670279734563,-0.3506152571488568
-1.7478205172770451,0.9053719102095417
-2.933888336872382,2.3657769023131183
-2.529328247761054,0.10110545742023502
-3.208154579853339,-0.6398522795487591
-3.1057995764964055,2.423383241767769
-3.539552113270087,2.4392414747427753
-2.260592838978095,1.3044343053053669
-2.3909787146799992,1.896111971015816
-3.1853865592234563,1.9763821421812824
-3.410109898304267,2.313250189895516
-2.9503902404063176,2.4828861414145282
-2.1986550299876164,1.7934565602492145
-3.079368015980048,2.4730126916121296
-3.0834959952586125,2.5220730959128193
-3.1101583449595402,2.2843562422941974
-3.4430922477000188,2.378161853427773
-1.8330177275889348,0.7641358433913044
-2.7818173377268742,1.8468513547133258
-2.3445638625376652,0.513665443534737
-2.2402860133402775,1.7566613017271808
-3.0138520209544133,2.5697311221312336
-1.8743571250193547,1.3941900788496784
-2.8465923278086613,2.4283204137038044
-3.3077815978281926,2.093632584686165
-2.9772390334361027,2.4753938375662616
-1.8108369319193791,1.3260984479140094
-1.7636414973490666,1.126966839904671
-2.0869957415812443,0.502451425666695
-3.4317621199839543,2.3938591538618854
4.302037814403253,0.10700417148578678
-2.4583524672739934,1.913741356010323
-1.8029455153696965,1.1996495782088092
-3.3268760649912785,1.9448909817885212
4.258265355373101,-0.014839881782645836
-2.155485293125434,1.6226159392546466
-1.687733551716132,1.1321965514372638
-1.8885008303873967,1.2394577323149494
-2.9290985076182317,2.4296395240973285
4.422608235622125,0.12321377384174381
-2.948137661670966,2.2605527697752765
-3.0019816367381047,2.38906938421238
4.7227667362935115,0.21057963954914127
-3.589079758381171,2.427042966956978
5.16387353255816,-0.021364683036918297
-2.942780873035712,2.4877628146361164
-2.8348111121409367,1.4475779591749958
-3.59967364952497,0.8927433549116901
4.463131049419122,0.38080120670307194
4.490942099834161,0.3124401627730182
4.660668710017877,0.02579236614215885
4.658439973140435,0.06036282169330631
4.489296534801202,0.2210216580580524
4.7672542126423885,-0.022357696418876305
-2.8711360900156926,1.8701957522581867
4.549983599925714,-0.05133842838298763
4.29035435035296,0.22526622402179752
-2.489493271564765,1.470268374557381
-2.7362712828867863,1.7584406195830158
4.504801610255914,0.26926184284198795
-2.8180612532847356,1.9472478686522297
-1.8102735488169621,0.4352271615217975
4.898208955074029,-0.1597623766709515
4.333666184688287,0.2704894601057819
4.358694175029473,0.29381156551349674
4.432651618266778,0.1866140423964313
4.342338183665948,0.2838263570021442
4.334753611827569,0.34398341762531315
-2.5345877616160344,1.8799086867522052
4.637672522807794,0.15111590015399967
4.644919255519586,0.08677268611896549
-2.540136715626044,0.6225962697218708
-2.14256539032392,1.1176222621153644
4.320684054637628,0.3344225941847614
4.42005143477984,0.2683720647047809
-3.0211981742136906,2.51518649446476
5.613390544200616,2.3226313649367145
4.8311089070088435,-0.39878534687053646
-2.869826695179267,1.128122812385445
4.447205165172296,0.23499394046772037
-3.02828635857038,2.3736835776518634
-2.2358073203318547,1.8095024882506183
4.454558470988946,0.32726336109149967
4.907054522777276,0.31501913654315983
-1.8535570113413762,1.4281423150252155
-2.479523560261054,1.3097086011122516
4.607521632457452,0.08632898914325748
4.2864733727223445,0.3696837483595661
-2.9420913665049504,2.064509278411751
4.380680421138482,0.00560474979389225
4.652255872035699,-0.05132460010539974
-3.2171558348887395,2.345253294582253
-2.984974762653632,2.0731902180861286
-2.858955761646552,2.4133205472182087
-3.0126112906687688,2.269068604583626
-2.471581837391181,2.0099036751936725
-3.2795685736887883,2.352123445148354
-3.0769628493540715,2.4207717238615802
-2.1090184657328557,1.5584058819960407
-1.9163509814494084,1.0989234505842975
-2.2705732791178654,1.6282925664137653
-3.3147462813609074,2.516491120929604
-2.9919923751109074,2.44359362709034
-1.8345059363596867,1.2663441954802326
3.8487759621388484,-0.15318178546916927
-2.9548849074595402,2.332441156978493
-3.0113476721995305,2.5939461647223285
-3.3145913092844914,2.096517211074715
-1.809144160007758,1.4264915047835163
-1.959922215198798,1.171382909889107
-2.5668987242930363,0.6630554257582477
-0.6598860232584904,-1.4527225436021038
-3.5287994353526067,2.41152632820118
-3.6822813956492375,2.4407692013930133
-3.5594223944895695,2.382797068233376
-3.691088101124091,2.346097117538338
-3.367432495807929,2.2343934236716083
-3.7698849646799992,2.3280581294249347
-3.855359932636542,2.3878681718062214
-2.8066948859446477,2.1507513581465534
5.068292954707818,-0.20992969882976498
4.683017590785699,0.04513908016193424
4.7459083588368465,-0.33746075046550716
3.9346426518208553,-0.18857645404827084
5.313860514903741,0.21507812129962955
-1.7644752471201848,0.9118573723982624
4.874513009334283,-0.294496291999931
4.613759139323907,-0.02082800281536068
4.5013757736928035,-0.05488371265422787
-0.5689314810984563,-2.021824354057426
5.233081200862603,-0.14946030986797298
4.661455491328912,-0.31440352809917416
4.810352900767999,0.07705522167194401
4.6379490883595516,-0.19149064434062923
-3.0958270041697453,2.377712315196877
-1.7938798873179387,-1.3366007746506878
-2.4234875647776555,1.1967799721907428
-2.1967634169810246,-2.2517847956467816
-3.240308186268134,-1.0315418185044476
-3.105143925403876,-0.7724094332505413
-2.2511636225932072,1.1151245890806964
-1.1902612654917668,-3.491349214439506
-3.192396065449042,0.30795765506732975
-1.5230430571787785,-2.522221082573051
-3.724936863636298,-0.788043016319389
-2.790974518513007,0.2406432686995319
-3.2437719313853215,0.0035138188551715466
-3.775600334858222,0.08329654323566471
-2.824947258686347,-1.2515311182786175
-1.893802305912299,1.0599153100203327
-2.291195294117255,-1.638621801262016
-2.665643116688056,-0.33951687229167904
-3.126792332386298,0.27170587169635807
-2.701116940235419,0.14831495868671452
-2.5922407119028996,-1.6129445971299359
-3.8740705458872746,-0.0036418379594036487
-3.0834440200083684,-0.5465679110337445
-2.645128151630683,-1.1928057612229535
-0.8937155215495061,-2.1254529894639203
-3.6900886504404973,-0.8049180449296185
-2.2037896125071477,-2.141891950492973
-2.108910938953681,1.4271173535536579
-3.0699209182017277,0.2970254479597858
-2.974467655872626,-0.9067220629502484
-2.842260262226386,-0.8927364291001507
-3.3538626639597844,0.032464271659736976
-3.281831166004462,0.4166715203474811
-2.3673542945139836,1.818154698486214
-2.923392674183173,2.50442582952488
-3.4960679023020695,2.443034535522347
-3.1107925383799504,2.3941035329054645
-3.298026463245673,-0.19713878047954525
-2.081125876163764,-1.7490067423630902
-3.2143911330454777,-0.4102623404313275
-1.8939250914805363,-1.1588511408616253
-2.5267790763133,-0.7838802279282757
-2.5111712424509953,-1.3954782427598187
-1.0586527793162297,-1.4105844439316937
-2.0471328704112004,-1.292733186607475
-3.046554943775458,-0.5709803046036908
-3.389457127308173,-0.5643522681046673
-1.483366629337592,-1.576659673576469
-3.0700706450694035,-0.4884540976334759
-3.3608912436716984,-0.3284292162705609
-1.2372602431528996,-2.775539869194145
-2.578116795276923,-0.8694910944749066
-2.2279147116892766,-1.895502561454887
-2.3148614375346135,-0.7046580256272503
-2.4082707373850774,-1.449798101310844
-3.3291195838206242,-0.617440456276054
-3.4493073432200383,-0.9081668795396038
-2.8573707549326848,-0.7137341440964886
-3.7060550658457707,0.803429847831612
-1.5002833811991643,-1.686348909263725
-3.1819943396799992,-0.43039821994792904
-3.1769851653330754,-0.20768594158184017
-3.586854359363837,-0.8778240622330853
-3.969283482288642,0.2328789292525104
-3.493510147785468,-0.66723560703289
-1.1940142123454045,-1.514410489921684
-1.7225901095622014,-0.8425641001511761
-3.561151406025214,-0.5793588103104779
-2.501285454487128,-1.5540165842820355
-1.9308182208292912,-2.5439643801499554
-3.2536200492136906,0.004379755134468422
-3.3099578826182317,-0.4102475584794232
-1.749423405384345,-1.7670035303879925
-3.6540435759776067,-0.546083206062431
-4.047861477588935,0.25376058208454166
-3.073105236744208,-1.0050907076646038
-2.4439205138438176,-0.8237659872819134
-1.9400407283060979,-2.310438150291557
-2.675080677723212,-0.6580054701615521
-1.7590900866740178,-0.0572540701676556
-1.921232840275092,-1.7705907763291546
-3.537866493915839,0.29091644870746647
-1.7410844771616887,-1.4928703249741742
-2.239105841373725,-2.480777734642143
-1.9171816317789983,-2.1438770235825726
-1.7987746207468938,1.2583619414519123
-2.0550776927226018,1.4058939276884845
-0.8546885459177922,-2.1643614710618206
-1.7096351592295598,1.0690043030928424
-2.65761985466413,1.6118249951552204
5.671679595256524,2.607560104007607
-2.224542757725043,1.7982673703383258
-3.669901749347968,2.1973619519423297
-1.5308147876017522,-2.658845895652885
-2.084687849735541,-1.5780224741746136
-2.8713234870188664,-0.9791402758408734
-2.6601003615611027,2.1780549346159748
-3.0032371489756535,2.430825835342293
-3.424378296589179,2.3712013422201923
-2.27094354317121,1.7862080393980793
-3.3423980681651067,2.4018903433035663
-3.0594576804392766,2.4378169237326435
-2.965284249042792,2.5157832561682514
-3.267828366016669,2.3567426263045124
-2.678230663990302,1.9420795499037555
-2.3866762130015324,1.0333607255171589
-2.840609928821845,0.19390273677814518
-3.035157582020087,1.2233842669676593
-2.6718415229075383,0.9365503846358112
-2.467647453998847,0.1960253773878864
-3.0600065200083684,1.3620715199660114
-2.883374115680976,2.265929049129372
-3.4614986388438176,2.321091002101784
-2.988460919117255,2.5177403150748066
-3.1700080840342473,2.348830944175606
-3.22498407051496,2.4988526164244464
-2.2012959925883244,1.7389192639540485
-2.8295544593089055,2.084204560394173
-2.3956555335276555,2.038627272720223
-2.324884554600043,1.7588313876341632
-1.3333529441111516,-3.7197976054001995
-2.9496835677378606,2.47807849037159
-2.853209397053046,2.2284878550719074
-3.145259758686347,2.432133322830086
-2.63717307732038,1.6896416007231525
-2.899582287525458,2.06851935970295
-3.3265971152537297,2.3508240638922504
-2.7458447425120305,2.2373285947989277
-2.979349991535468,2.502880519504433
-3.7335156409495305,2.4513070045660785
-3.505656143879218,2.407726234073525
-3.7118886916392277,2.4574462829779438
-3.51563348457746,2.4235753475378803
-3.543014904712958,2.2408368645857624
-3.0640005080454777,2.414019709701424
-2.9143179862254094,0.4695842324446491
-1.7642260997050236,1.247938281173592
-2.9601181952708195,1.921736127014046
-2.1113625972025822,1.5887277184675983
-2.2447694747202824,1.61420810806263
-2.9354318587534856,1.5613330661009601
-1.7621654479258488,0.9992396889876178
-1.912378212665839,-0.054033273582572594
-1.90474857971601,0.08072424518573795
-1.5639206378214787,-0.18990277660381283
-2.349279782032294,0.2824676095198444
-2.981004616474433,2.3673146425436786
-2.0111409632914494,-0.3534998835374066
-1.325358530735297,0.37780023204792057
-1.9794825522654484,0.7006189881514362
-2.6565836875193547,1.7914159356306842
-1.2977854220622014,-0.1345410288621136
-3.064311405872626,2.4119322358321003
-1.7713645903819035,0.6121122895430378
-1.8596965281718205,0.22070909130085026
-3.7179473845713567,2.3092795072745136
-2.18912996933393,1.0043745099257282
4.552646497035699,0.2919409333418659
-2.948869606708808,2.0887972174834064
-3.469849487995429,2.1960800348471454
-2.9746536223643254,2.095592981452828
-2.918244740223212,2.105348473663216
-2.803882977222724,2.1188415943335346
-3.5792983977549504,2.3149390875052265
-2.624930760120673,2.1681760011862568
-2.8647879569285344,2.3431354819487384
5.682228663707452,-0.43419908893596615
5.205715277934747,-0.22079991710674252
4.8514476807362605,-0.2566890658189007
4.05060563399859,0.04422903644550358
-2.692174813007636,1.3807658015440754
4.52214989974566,0.6483337937544635
-2.8639596907847356,2.3337187825392536
-3.345460316395087,2.223241335029488
-2.9682826010935734,2.13054168807972
5.399012425685601,-0.4175448359299847
-2.486488720630927,2.174319809551125
4.3845308811909725,-0.019473785286063805
4.894842007899957,-0.224397415046806
4.696781256938653,0.2348754464339069
4.561823466563897,0.26669693576801334
4.441804507518487,0.32019615756977116
-2.6622432677500676,1.6460982619475177
4.689544060970025,-0.4145717562485882
4.862455228114801,0.07125115978229557
4.715543130183892,0.24525690662372623
-2.5994748084299992,2.2585954128454975
5.515584805751519,-0.3184347094346234
4.8396702797658016,0.26632857906330143
4.562549212718682,0.3006272374342731
5.309686044002252,-0.12046884906780209
-2.4167155234568547,1.8625061570357135
4.568023064876275,0.3489215432356647
4.903601983333306,0.22818184482563053
4.937858680034356,-0.3197205008317181
4.768611529613214,0.20085216152179752
5.1946245224721,0.12615371334064518
4.749449589992242,0.2451615391920856
4.459218600536065,0.1116461812208942
4.684153416896539,0.14147353755939518
4.47129426314898,0.41988087284076725
5.170405009532647,-0.3792414606858441
4.334049323344903,0.2093463002394489
4.91679797484942,-0.1524817885209271
5.409524300838189,-0.4339604319382855
5.093417981410699,-0.04283737552654232
4.50962171866961,0.37414932834613834
5.337447503352838,0.05038738834369694
4.54821977927752,0.289396530265694
-2.857340714191718,2.0704439936827472
-3.482181450580878,2.3200545965384296
5.347581008220391,-0.6741506995011517
-3.701109310840888,0.4876682816695026
-3.168596169208808,1.7801693736265949
5.531336644435601,-0.28896879566204037
4.932564357066827,-0.3498241843033978
-2.8397964446299504,2.064010149116402
-2.8155087439768742,2.2260170041273883
3.9502264054066707,0.12633634197223698
-2.3639501540415715,2.014055496330147
4.400639155650811,-0.20203375232707943
-2.683648964618964,2.305555766696816
-3.082670590137763,1.9550904093931964
-2.028638502811713,1.1186335145186237
-3.177266022419257,1.9659285603712848
-3.0604270903819035,2.459300047035103
-1.9533728568308781,1.0511817990492633
-2.174549719547553,0.1915564595412067
-2.4283284156077336,0.8823068200300983
4.15857396438189,-0.19661545169841732
4.599838832164483,-0.06322264087688412
-1.6559030024760197,0.8743441163252643
4.566380122447686,0.302178627128487
5.704079249644952,-0.44245647800456966
5.316414931560235,-0.1183967531968304
5.01869473769732,0.028810983772163734
5.300924876476007,-0.4483959616471478
5.013913968349176,0.11201859104145084
4.805842259669976,-0.42474197757732357
4.809341052318292,0.056904083366279945
4.6654969246632625,0.3087561188887409
4.688731768871026,0.04186893093097721
5.530141690517144,0.07703471767414127
4.894013741756158,-0.15499543560039486
5.568991997981744,0.13417482959735905
4.839970210338311,0.1918783246229938
5.592497685695367,-0.2809638918687054
4.682469228053765,-0.24899839771282162
4.514323333049493,0.08084798442829166
-2.98366965935163,-0.6871342600632855
-2.548813244556708,-0.1402003706742474
-2.409499546741767,-1.3142142237473675
-2.2343820540659856,1.2775192319105915
-2.130261799549384,-2.0890345515061566
-1.7071114985697697,-0.6831090391923138
-2.3639434783213567,-0.12303733242046322
-3.1588415114634465,0.2646422444533161
-2.9326118437998723,-0.2955195845414349
-2.808700939869208,-0.6715407313157269
-2.911401650165839,-0.7373270930100628
-2.7801751105540227,-0.17758917224895443
-2.2367948500864934,-2.1488556803513714
-2.691527268146796,-1.3057579935837933
-1.7162729708903264,-1.2271289767075726
-2.97326984093122,-0.4310195387650677
-2.116862436985297,-1.7991247118760296
-2.404302498554511,0.7958741246413044
-1.5647014586680363,-1.8472771586228558
-1.5946907012217473,-1.851745122795219
-2.073522469257636,-3.492604726677055
-3.7676600424998234,-0.11928629291545834
-1.8639573065989445,-1.707692617302055
-3.447252651905341,-0.7837474287797161
-0.6844839064829777,-1.1448912562180706
-3.7429341284983586,-1.011964315300102
-3.9021324126475285,-0.1725511492539593
-1.7966879813425969,-2.369792932396049
4.689440110469537,0.4413995801161579
-2.650659462665839,0.04280686962116276
-0.6601346938364934,-1.80246829402935
-2.4751309363596867,1.1362807809065631
-1.6621166674845647,-1.6892452181626507
-2.208729168628974,0.013933187599068031
-1.881571909641547,-2.189663881187553
-1.8809255568736027,-1.5209236086655804
-2.1337958781474065,-2.4887814463425824
-1.639832398151679,-1.196915143852348
-1.83909334824018,-1.6613655031968304
-1.1714428870432805,-1.9803776682664105
-3.3591193167918156,-0.3555476607133099
-2.9657610862009953,-0.4303460062791058
-1.9720672576182317,-2.0057773531724163
-1.5622586219065617,-1.766185277824516
-1.8558989970438908,-3.494658941154594
-3.610850235676093,-0.3599233568955609
5.72794447257586,3.2876213251303485
-0.9722830264323186,-2.060677522544975
4.905958512569146,-0.6587514818955609
-2.1941873042338322,-2.3034276903916546
-3.389358422016425,-1.0389246882249066
-3.5969337432139348,-1.0097327173997113
-3.6507357566111516,0.9709158002089313
-2.901983162617011,0.2084622441481403
-0.7477785556071233,-1.3565721453477093
-2.93409051582746,-0.34965037715923275
-1.3783303706400822,-2.257473462944145
-1.9064542262309025,-1.4553155840684124
-2.4114517180674504,0.4077744542311481
-3.216185471271796,2.439885860557442
5.523762801433282,-0.3200848044205853
5.719885924602227,-0.48044633281719173
5.515881636882501,-0.5402297915269085
5.669683554912286,-0.19934629810344662
5.400140145564752,-0.683182233696098
5.805245974803643,-0.03793000591289486
4.468197205806451,-0.3860652388383099
5.668736794734674,-0.050539249305839196
5.593255141521173,-0.3004305304337689
5.4450660736805965,0.07537937747943912
4.733868697429376,-0.5679364146043011
5.681468108440118,0.08219290363300358
4.980527737880426,0.07776094066608463
5.632885077739434,-0.37172865283977474
5.303590157771783,-0.02057599437725033
4.912848332668023,-0.2312936724473187
5.376068690562921,2.1726875959585956
5.372092822337823,-0.5277366579819867
5.680900672221856,-0.013519519691581383
5.587663749004083,-0.056396955375785485
5.641799309993463,-0.12478136432659115
5.477962353969293,-0.13602995288860287
4.874278643871026,-0.01480531108867611
5.588394025111871,-0.21761941326152767
-0.5471755473368596,-2.4921522082139203
5.509265044475274,0.1019859372328571
5.568194726253228,-0.2012214602280804
5.455790379787164,-0.047533267860526696
5.691867926860528,-0.12555503261577572
5.7356053383595516,-0.12010788333904232
5.380347111964898,-0.09014725101482357
5.702589133525567,-0.14017676723491634
5.584552863383966,-0.22378396404277767
5.65412125899859,-0.09804725063335384
5.534777739787774,-0.4100525320817181
-2.822569748615546,2.3695798574637226
-1.7792479006998967,1.0460748730849079
-2.1524251906626652,0.8445203362654499
-1.585158964847846,-0.3831818045426556
-1.4461833445780705,-0.5868644655991742
-1.6106406657450627,0.0313229619215778
-2.0899096934550236,-2.741907113914604
-1.7805990187876652,0.032834774131660804
-2.0535389392130803,0.16371656047809635
5.2734375984913875,-0.086452239875907555
5.348731139445977,-0.5828933657456585
5.09197149589129,-0.20881509197246517
5.216880658412652,-0.11839961421977963
5.623373130107598,-0.12173222911846127
4.682935336375909,-0.6256525458146283
5.385115006709771,2.7996196507166675
4.934333899760919,0.04814148532856022
4.963079551006036,-0.4900212229539105
4.763900140071588,0.005784755821113929
4.347494939113336,-0.23335217845928158
5.290887931132989,-0.4715423525620648
5.134338238979058,-0.5169587076951214
4.729523757243829,-0.027494186287040367
5.503023246074395,3.0121829195569805
4.605581143642144,-0.4699463785935589
4.892055133128839,-0.5701999605942913
5.36643324210711,-0.1512639464188763
-2.404950997089667,-0.266222947960014
5.067191699290948,-0.4327156485367962
-2.518022915577216,-0.4996182860184857
-1.496787211155219,0.38191962825763737
4.98001180007525,-0.8262524546433636
-3.664491078113837,-0.6066901625443646
-3.7111343352549504,1.1327434836577228
-3.332349678730292,0.8900537549208454
-2.0688106028788518,-0.43868445766460384
-1.9217053858988713,-0.8883409441758343
-1.654957672809882,-1.42738866222393
-1.9636928050272893,-1.0430889071274945
-3.407178303455634,1.3635172902296833
-2.025567909931464,-1.1237454356003949
-2.790002247547431,0.06103396999347721
-2.6397046057932805,-1.6515202463914105
-1.9132689444773625,-1.183846467857475
-1.4476629702799748,-1.8247852267075726
-2.383007904743476,-1.1118564547349163
-2.095108410572333,-1.3603219927598187
-2.106787106251044,-3.003694051628227
-1.7168921439402531,-2.1375012339402386
-3.416730305408759,-1.0497364939500042
-2.619890114521308,-2.0660123766709515
-2.7514060942881535,-1.3934125841904828
-1.8155266253703068,-1.7895040453721234
-3.0550798384898137,-1.0187025011826703
-1.3103422133677434,-1.7748846949387738
-3.113989254688544,-0.5658557356644818
-3.1076311080210637,2.4408565221976093
-2.7339123694651555,0.5673327504347614
-1.8547243087046574,0.775473362083321
-3.271743199085517,1.6243257580946735
4.6329136879689266,0.6139340459059528
4.794766762996392,-0.052994245414847985
5.624663451457696,-0.5762834490586468
5.659504273677545,-0.44390439403545345
5.175167420650201,-0.46115970027934994
4.880848506236749,-0.5647311152268597
4.958390095973687,-0.0672171057511517
4.860765555644708,0.21546269046772037
5.029949763560968,-0.4392702521134564
4.650223592067437,-0.40351604831706966
5.72423467948504,-0.39811324489604916
5.3170214684254695,0.1157188473891071
5.498617032314019,2.3288571892927936
5.68308363273211,-0.24802207363140072
5.227463343883233,-0.5336129607011029
5.668181994701104,-0.16278814685832943
5.682915786052423,-0.3867821635056683
4.741039136195855,-0.5040204466630169
5.498156407619195,-0.23202514064800228
5.484794715190606,-0.24811767948162045
4.929615596080499,-0.3725323618699261
5.302759507442193,-0.37304162395488705
5.569118598247247,-0.19016050708782162
5.596850732112603,-0.43183588397991146
5.340330222392755,0.3394749222945026
4.663827040935235,-0.49857377422344173
5.462775328899102,0.8688068448256305
-2.7374028174632024,1.9406095801543048
-2.0392462222331,1.1013264714430622
-2.9068607299082707,2.001728540534859
-1.3925801722758244,-0.3800964297105023
-2.337342640613837,-1.6089734972764203
-1.6486445872538518,0.0787167607497028
-2.2344263999216984,0.45012593852985416
4.789326527858453,-0.24482631099712338
5.780423262859063,-0.324264997367973
5.871471980357843,2.8220725117873005
5.6641799004323055,-0.41672658336650814
5.766652205730157,3.2149533315252117
4.812068322444635,-0.16282414806377377
5.239003518367486,0.059989458198433265
5.341961959148126,0.5702724515150837
5.831763366008477,2.4660844861220172
4.6448677571065,-0.5052850188065716
5.592181781078057,3.30235390948761
-1.3082856147044133,-1.2586245478440472
-3.7516449897044133,-1.0606551111985394
-2.609208962177558,-0.8502469004441449
-2.3336910216563176,-1.1870646418381878
-2.5946425406687688,-1.120158666496391
-1.200128456806464,-1.1350407542039105
-3.222661873554511,-0.29603409183513607
-1.7926241366618108,-0.30288147342693295
-1.8143726794474553,0.023334270591621742
-1.8325575797312688,-1.0631956995774456
-1.3231510131113957,-1.5568408907700726
-1.7142230479472111,-1.5810708941270062
-1.4265536277049016,-2.055017942314262
-0.910502335285468,-1.326875680809135
-2.4007290808909367,-2.0970740259934613
-1.7039205043070744,-1.1357479037095257
-1.0313743560069035,-1.0101256312180706
5.1109291107899715,4.507716661567574
-1.425645968174262,-0.5939571799088665
-2.988857170795722,0.46861649143207584
-2.1963781325571965,-2.7266049326707074
-3.0121768920176457,-0.7191851080704876
-1.1956318824046086,-2.1586403788376995
-1.8670293299906682,-1.1037664355088421
-1.902093550419135,-3.5640282572556683
-3.710304638599677,0.5067391453932575
-2.5604695288889836,-0.2758529127885052
-2.938066860889716,-1.1364984453965374
-3.355772396778388,0.9727964459608844
-3.006907841419501,-0.44402789485942806
-1.9424959628336858,-1.4190874041367718
-2.8033160178416203,-0.2027141989518353
-3.98506822273664,0.6005146561812214
-1.8057657687418889,1.2906427441786579
-2.0284942595713567,1.6564791260908893
-2.965380093311591,1.472293978805428
-2.3602785079234074,1.4550269900511554
-3.915490528797431,0.14915562259662662
-1.901152273868842,0.9464924393843464
-2.3563422171824406,1.561767226333504
-2.380608937000556,0.991413599128609
-2.800733467792792,0.3316919861983112
-1.8300198523753117,1.0008161126326374
4.807945349956231,-0.10669040096294369
4.734524586940484,-0.5750715674210736
5.457368949199395,-0.1949047983933636
4.646984198833184,0.056055551643257484
5.609082082057672,-0.12025069606792416
4.5782915146596,-0.38495706928264584
4.994284251476007,-0.49506568325054134
4.7285839112050105,-0.19693588626872982
4.595160582805352,-0.05781053913127865
4.330642083430963,-0.3754019678879925
4.706543782497125,0.3218164502333454
4.647490123058038,-0.1851203383256146
4.939263442302423,-0.47829889667522396
4.550470927501397,-0.5065305174637982
5.531506636882501,-0.6200504244614788
5.239620307231622,-0.049477332954520836
5.117607215190606,-0.6047012747574994
5.083038190150933,0.069278961295967445
5.135900595927911,-0.2799446524430462
5.827821353221612,3.478904759759789
4.804638007426934,-2.0646465312923468e-4
4.819737771297174,-0.5775117815781781
5.0010939629323055,-0.5836481989670941
4.852167704845147,0.08243561374652897
4.8817304165608455,-0.16378354442607845
5.384011605525689,0.9290361462782672
5.8455835373646785,2.7337862311552814
-1.7611490695231389,0.9300832806776813
-1.927613159870429,0.8789944707106403
-1.591361185764594,0.6463363228987506
-2.053422829365058,-1.402141088371391
-3.3842867820017766,-0.10471462619792904
-2.8179973571055363,0.1155517159651569
-2.298030516361518,-2.121038907890434
-1.982085129474921,-1.6825265826035687
-2.782293221210761,-1.4236030520249554
-1.481974741672797,-1.8555092753220745
-1.392051121448798,-0.1830010355759808
-2.3564337699168156,-2.014551633720512
-1.8000611273997258,-1.5847010554124066
-2.1644264666789006,-2.2631893099595257
-2.6260985343211125,-0.437504047279472
-1.3491021601908635,-1.154305452232475
-2.52915944740705,0.6582353173445514
-2.4010075537913274,-1.1706328333665081
-2.2800954787486027,-0.63901876819622
-2.096946379398627,-1.1155610026169964
-0.9038030116312932,-1.720000738029594
-1.673949143146796,-1.1473298014451214
5.221674779201226,4.1073570309828575
-3.116073033069892,0.6688354073714069
-2.9288467375987004,0.6357700883101276
-2.7780484168284367,-0.5337722243119427
-1.1039899794810246,-1.3036279619981
-1.9540342299693059,-1.8866062105942913
-2.75372638389997,0.277032142753487
-2.19029225990705,-1.4039688051987835
-2.408586403583808,1.5785433112334064
-2.626463791584296,0.40045619594562565
-1.9178890197031926,-1.282458299522514
-1.8059662787669133,-3.220282071952934
-2.4862112014048527,-0.6405553759385296
-2.756904980396552,0.31335926639545475
-2.2319306342356633,0.10928845989215885
-2.6120156256907414,1.2232478915404132
-2.0076168982737492,1.4428839741896442
-1.6768135039561223,-0.07645487201702084
-1.8438853232615422,1.17580319034565
-2.085220000004096,0.9251713811110309
5.059141495967584,-0.11991762531291927
5.3450435192830135,-0.3005096854020306
4.964800456309991,-0.43145441425334896
5.364624837184625,-0.2525172175217816
5.154598572993951,-0.4182918013383099
5.308994153285699,-0.27992963207256283
5.3788031132466365,-0.5875077189255902
4.652727702403741,0.15671468364704166
5.51750598266192,-0.3598177374650189
5.784740069652276,2.7299403904627613
5.334985354686456,-0.4091842116166302
4.895457604671197,-0.7250409067918011
5.684189894939141,2.7902940272043995
5.0942054779774715,-0.25164436710369076
5.08999715163775,-0.14218997371684994
5.369831660533624,-0.20522856128704037
5.468422034526544,0.159940963859444
4.873274901653009,-0.3339116514970013
4.993420222545343,-0.47843241107952084
5.47312794044085,-0.027206653480643883
5.106924632335382,-0.38796638858806576
6.3501659424550105,3.1067134088527015
4.5786603482014705,0.35329151737201725
4.73052654578753,-0.21323489559184994
5.24840460136004,0.06530809986103092
4.988993743205743,-0.550257200126762
5.352901557231622,-0.10833906543743099
4.313454964900689,-0.010303491478080407
4.738332846904473,-0.12586807621013607
5.694347003246026,2.253059154624825
5.081487515712457,-0.31496190441143
5.042232850337701,-0.03520678890239681
-2.0940145461314152,1.7508149205397419
4.844198802257257,-0.424719566230888
5.244511225963311,-0.14414905918132748
4.818133452678399,0.025076871986275062
4.984176257396417,-0.4615485609818646
5.565851786876397,-0.37760733974468197
5.194509366298394,-0.4073681772996136
5.0719769985920955,-0.19070028675090755
5.298907855296807,-0.5426313818741986
5.681827643657403,0.12183690654743229
5.373662808681207,0.27278853046405827
5.2282200844533016,0.03564358341205631
5.077111581111627,-0.19386910808574642
4.899887898708062,-0.07736229312908138
5.4316712410695125,-0.35910963428508724
5.1825352700001766,-0.3632264078904339
5.308185914302545,-0.16074251544963802
5.544836858058648,-0.4230992735673138
5.300550320888238,-0.13199352634441341
4.865942099834161,0.11673308002460514
4.8175285847432185,0.09661031352985416
4.885279515529351,-0.37079810512554134
-2.5978464095347356,2.249967282886391
4.834033110881524,-0.06488775623332943
-1.9625846354716252,0.6167161523054889
-1.6144048182719182,-0.0787074507523724
5.051390031123834,-0.18479704273235287
5.099578479076104,-0.29499172580730404
5.016861298824029,-0.3947014750291058
4.737806657100396,-0.13956760776531185
5.226372102046685,0.12453795063007389
-1.1952847449534367,-1.6081976832200238
-1.5614005534403752,-3.4612483919907757
-2.154835125660224,-1.5013003290940472
-0.8559030501597356,-1.447551244621391
4.897319415355401,0.016638046378975258
5.299001792216973,4.083494728679543
5.433570006633477,-0.0554985941697308
-0.9786004035227727,-1.3612394274522015
-2.6261319129221867,0.3867046891402057
-1.798925539707465,-2.9545369089890667
-1.5346981494181584,-0.08819603336345638
-1.6953739135020207,-2.336110586052055
-3.35608758613996,-1.061703676109428
-3.0597700087778996,-1.5199403704453656
-1.5635162799113225,-2.5893673838425824
-1.5961319415324162,-2.760358804588432
-0.8557692973368596,-1.4158987940598675
-3.0559243170969914,-1.3671970309067913
-1.5672275035136174,-3.236595147972221
-1.8390716521494817,-2.059590333824272
-3.290112396930976,-0.28948425663005795
-1.614859720920844,-1.4315276087571331
-1.0638922660105656,-1.0096764506150433
-3.596016308521552,-0.671679490928764
-1.981035610889716,-3.2577657641221234
-1.4564880339854192,-1.9491763056565472
-1.2584268061869572,-3.679536336784477
-1.8143638579600285,-3.5582089365769574
-1.5209425894968938,-3.2428212107468792
-0.9866219966166447,-2.077260011558647
-1.5014146773570012,-3.318687433128471
-1.0385393111460637,-1.6993107737351605
4.551741936946588,-0.590570682411308
-1.3443418948405217,-3.2086043299485394
-1.3203727214091252,-2.907568448906059
-1.1198588816874455,-3.1057348192979046
-1.2031039206736516,-2.449668401603813
-1.0743218867533635,-1.860263818626518
-1.396849533771796,-1.5947885454941937
-1.63245215103559,-3.231101983909721
-1.54177512810163,-2.2549228609849163
-0.9598945586436223,-1.3858280123521038
-2.0227400271647404,-2.8066835345078656
-2.001273533558173,-3.406289571647758
5.61597690894671,3.2530342845867923
-0.7278238742106389,-2.1568393648911663
-1.1661044566386174,-3.1086597384263226
-0.9948216883891057,-1.626264566307182
-1.1792265383952092,-3.0727915705491253
-1.5308460204356145,-3.5287227572251507
-0.9083188979380559,-2.6054930628586956
-1.5646051375620793,-1.2526268900681683
-1.3513282744639348,-3.367968553428764
-1.5306884257548283,-2.297562116508598
6.278270343089776,2.9392627685021213
6.137405017162042,3.1483753419171623
6.117965319896417,3.219087874765282
5.620883324886041,3.277964970345383
6.152976134563165,2.6905721782397083
5.5829845459706355,3.042911781246548
5.742261508250909,3.4581485449026874
5.6694220097310115,3.227827957148438
-0.7455684153788518,-2.1866908015061566
6.0048781426198055,3.084290545682197
5.3028682263142635,4.358543759460336
5.150335410381036,4.613350397224313
5.119406560207086,3.6785589514921955
5.309071400905328,3.379046714181786
6.011260607982354,3.195567993695622
5.461063721919732,3.12377839746583
5.170961240077691,4.523378735656625
6.073262313152032,3.3746038137625507
6.049247363353448,3.1178014876942686
5.762494185710626,2.786912298078423
5.9857154877430965,2.9041382877777866
5.698395827556329,2.899487039322739
5.8699904473073055,3.2202765031408123
5.476979592586236,3.1197998065191856
5.992034533763604,3.3895528076838306
-3.2329124419444035,-1.0444674433518597
4.863397935176568,-0.3382172526169964
-3.108549496387763,-1.2579884470750042
-1.701111695026679,-3.231329435234184
-1.138391396259589,-0.7379674853135296
-1.89120139763288,0.805122381324654
-1.6682812182658147,-2.3505701960374066
-2.8081807105296086,-1.1702699602891156
-2.214696785663886,-2.124201291923637
-0.8815239875071477,-2.1259884775925824
-1.849181076740546,-2.0493526400376507
-1.0638889281504582,-1.504201406364555
-2.834610363697333,-0.8661856592942425
-1.609472176288886,-3.760657304649467
-0.8822392432444524,-2.286805623893852
-1.4626652209513615,-1.0320281924058148
-1.9918040244334172,-2.9170284212876507
-0.8110660521738957,-2.6226019800950238
-2.5981706588023137,-1.880994790916557
-3.2920583693736027,-0.7818543852616497
-2.786514183735175,-1.368072027092094
-2.001047989582343,-2.582711690788383
-1.2841965167277287,-3.4095869005967328
-1.096387049412055,0.8842668591688922
-1.3155745475047063,-2.7338309229661175
-1.4563645331614445,-2.6458153666306683
-1.5011190383189152,-1.4590043963242718
-1.1169389693491887,-3.267137998466606
-1.0646993129008244,-1.7807059229661175
-1.7063392607920598,-3.8623900355149456
-1.3501001803629826,-3.248069757347221
-1.412058731769843,-2.016722673301811
-2.7258838622324895,-1.3572916926194378
-1.7805074660532902,-3.1975240649033734
-1.4269639460795354,-2.0892310084153363
-2.8889860121958684,0.41551757442462955
-1.542204758381171,-3.6772065104294964
-1.069325110172553,-1.1057553232957074
-2.6621111838572453,0.8456518708418659
-1.685120484089179,-1.468537801628227
-1.77055086777143,-1.9617056788254925
-1.418638607715888,-3.022333616142387
-0.5531515090220402,-1.7071566523362347
-3.8933180777781438,1.6223760901640705
-2.785833260273261,-0.8286452235032269
-3.4726633040659856,0.2776427327345661
-0.8056925742381047,-2.9303712786484906
-2.3278290240519475,1.0223836957167438
-1.5004559962504338,-1.6892690600205609
-2.019501349186225,1.0633618889998249
-1.9911219088786076,-0.11225532901775326
-2.346251389240546,0.44929695713031803
-1.3809067218058537,-0.9660797060776898
-3.15906610176496,1.9532593547056964
-3.1411627738230656,1.9419845400999836
6.2931285889393855,2.924455276007538
5.748700240398126,2.769175982351189
6.232236960674005,3.244620701546555
5.619947293544488,2.90598099517334
5.849745848918634,2.864573007697945
6.253162005687432,2.724683052177315
6.0970083267933894,2.5639587699126056
5.833344081187921,2.5172178207587055
-1.6378201453440617,0.6851835309218219
-3.239512821888251,1.1141935645293048
-1.785669228290839,0.31609058963764225
-2.5649694411509465,1.3060281335066608
-2.6024970023386906,0.964647298927193
-1.809564253544135,-0.17978596103679623
5.374903538966851,-0.45615529430400814
5.16366134002276,0.17205119716632877
5.614256957317071,-0.5442933977891156
4.873247721934991,-0.5940577925492474
4.4322300942189266,-0.11573099506389584
5.34632096602984,-0.5327429713059613
-2.3343767134898137,1.5073311387251667
-2.3664649932139348,1.630572444076424
-1.786988398289008,0.32460690128315006
-1.708065411304755,-2.5322737635422894
-1.7346850840800236,-1.107231134300346
-2.162774941181464,0.28668571102130924
-2.2367323844187688,0.04144263851154362
-3.200607678150458,1.995311385269051
-1.8700579612009953,0.6602506695936969
5.538932183528619,2.638827806587105
-0.5781191794627141,-1.2778449000168988
5.613583663249688,-0.40345382106792416
4.100332120204644,-0.2527675570298382
-2.1341921298258733,-0.9233655871201703
-1.2061323134653996,-2.0885066927720257
-1.6000157801859807,-1.9307141245652386
-1.4442037551157902,-3.346190923576469
-1.4224931208842229,-0.9909820498276898
-0.6201080291026067,-1.3662481249619671
-1.4352888076060246,-1.8654627741624066
-1.577564856266303,-3.0867366732407757
-3.2176836936228703,-1.3643898905564495
-1.3696495501749943,-1.8352122248460003
-1.030837675785346,0.027431970710640297
-0.7958272902720402,-2.5128745974351117
-0.9925087897532414,-2.3035964907456585
-1.4212542979472111,-3.3886609019089886
-1.5817452876322697,-2.578072542076225
-1.5210639445536565,-2.2215418757249066
-1.4806918112986516,-3.5779542864609906
-1.9129635302775334,-2.15685700786602
-1.5656742064707707,-3.1188964785386273
-1.4994911162608098,-3.322612756614799
-1.0607277362101506,-0.006546729927177086
-1.4617802111857365,-2.584209436302299
-1.4699918238871525,-3.4450130404282757
-1.2236238925211858,-2.1695074976731488
-2.023884197925849,-3.085974210624809
-0.698665758823676,-1.7669973315049359
-1.282828470920844,-2.858752721672172
-1.0721854178660344,-2.8557624758530804
-0.8721951453440617,-3.0176062525559613
-0.7244030444376897,-1.7387142123032757
-1.5170330016367863,-3.505187505607719
-1.4653302638285588,-2.6043052614976117
5.616851428294854,3.124894495370572
-2.724493405079169,-0.10021423709880795
-2.309764048313422,-1.3017072619248578
-1.3641973941080998,-3.1622886599351117
-2.161194941257758,-1.3254728258897015
-1.7662419287913274,-2.096019739036674
-1.5698191134684514,-3.1225385607529828
-1.3458577601664494,-3.230801576500053
-1.5352076499216984,-2.858129972343559
-1.813613554691596,-1.444673055534477
4.425136903072076,-0.09799837482463802
4.851949790263848,0.11325455295551334
-1.4237214534037541,-2.9832858980942913
-1.1919361560099553,-2.865745061760063
-1.4316543547862004,-3.586504453544731
-1.740148445820136,-3.8357429446030804
-1.2000032870524358,-2.848077768211479
6.02317676856585,2.906544437880402
6.180809119487481,3.4112666307638935
5.595057347560601,2.9170604406546405
6.01412782981463,2.7336143611620716
5.923492053294854,3.171940727407818
6.102649310374932,3.309791496271973
6.148511031413751,3.2873974947880558
5.734840491557794,3.7569909154127887
5.693572619701104,2.8310157118986896
5.56479749991961,2.925274377937203
5.4194594414479305,3.791171914214974
5.289326051021295,3.7764371095846943
5.240531543040948,4.270556098098641
5.257032731319146,4.446395164604073
5.584062197948175,3.672276443118935
5.374980309749322,4.271777635688668
5.438726523662286,3.3743701933573536
5.532080510402398,2.643978869790917
5.594348052287774,2.9763147144268802
5.209813454890924,4.439183837051278
5.2027166874653865,4.502196317787057
5.372496226573663,4.16141498672474
-1.6880442111247014,-3.6211504877854535
-2.63597097084455,-1.7525610865403363
-2.161504408573432,-0.8045356215287396
-1.677449127888007,-1.5492749155808636
-2.1950594393961858,-1.3866090716172406
-1.492867132877631,-3.5051088274766156
-1.6168438403361272,-2.358508104210014
-1.5392998664133977,-3.146587365989799
-1.6332537142985295,-3.156906598930473
-2.2276705710642766,-1.19699954402935
-1.2249998061411809,-1.4814338625718304
-1.0208600966685246,-2.5424456538010785
-1.4992853610270451,-2.4700112284470745
-1.0902375190012883,-1.7486395777512738
-1.644919535373969,-2.9668002070237347
-3.6266459433787297,-1.1124710978318402
-1.664415737842841,-0.9776515902329632
-1.7077745406382512,-2.383457654838676
-1.9163602797739934,-2.381396287803764
-0.998292109226508,-2.2285423220444867
-1.725910803531928,-1.8959851206589886
-2.4723113982432317,-1.2169961870957562
-1.648785969471259,-0.3952383936692425
-1.8828138320200871,-0.9018473566819378
-2.0296181647532414,-3.024822229271049
-1.244493862842841,0.5145564137648395
-1.047956129764838,-2.9968995989609906
-0.9317594973795842,-1.3606390894700238
-2.0257588832133244,-0.606303686027641
-1.279375454639716,-2.8699560107041546
-0.5956202952616643,-1.2925395907212445
-1.8027466742747258,-3.5681319178391644
-0.7272666899912785,-1.9543852747727581
-1.760980269169135,-1.1761474551011273
-1.3399263827555608,-2.164432996635551
-0.9786390273325871,-1.2415361346055218
-1.5776194541209172,-1.2062578142930218
-1.5276166407816838,-1.5268235148240277
-1.7759300677531193,-3.761518472557182
-0.5614470450633,-1.8692588747788617
-0.9857698886149358,-1.9183487833787152
-1.656894346927924,-3.5849409045029828
-1.3973313777201604,-1.3545117319871136
-0.9681884257548283,-1.5741581858445355
-2.158476015781684,-2.9748167933274456
-1.3403359858744572,-1.460946077232475
-1.5076776950114201,-2.115965837364311
-1.3711406199686955,-2.3885312022019574
-1.4626203982584904,-1.0718584002305218
-1.1711093394511174,-2.983322137718315
-2.263079306339545,-2.226441854362602
-0.8614458052866887,-2.2780561388779828
-0.8327359168284367,-2.1765632571030804
-1.3943757025950383,-1.6463212908555218
-1.1420077292674016,-2.7328214587022015
-1.8383344619028996,-3.1947145403672406
-1.265001436924262,-3.0395860613633343
-1.708513638233466,-3.8019480646897503
-1.6203988997691106,-1.580049508934135
-1.027006527637763,-1.8665275515366742
-1.3630510775797795,-1.3557701052476117
-1.2245768515818547,-1.4624261797715374
-2.305545708393378,-2.3003377856064984
-0.7908576934092473,-2.169851297264213
-1.4315074889414738,0.5817778168867878
-1.207161566471381,-2.7984270991135785
-3.4989880530589055,-0.026192659263724938
-3.5108808486216496,1.9345623313139728
-1.051244637226386,-3.3290152491379925
-3.6035574881785344,1.3707071601103595
-3.7810439078562688,2.373300558204537
6.206874469066339,2.719483202571755
-3.941994568561835,0.18147826778400455
-1.683423420643134,-2.805754655723686
-3.8441165892832707,-0.46395611179363216
-2.0638941733591984,-1.6109466494370648
-0.9630514590495061,-2.311909669761772
-3.854822060322089,2.436255818481331
5.185929873729425,-0.24416875255596127
4.9726635010487605,-0.13323258770000423
4.8429354222065975,-0.5042581499863812
5.376155474925714,-0.4800124110032269
4.792310336375909,-0.014943117027396813
5.104084828639703,-0.6701242865372845
5.854913333202081,3.350850096220856
5.315779069209771,0.2062962113570026
5.270499804759698,-0.2524869383622357
3.8997376950032283,-0.19591688526164974
-3.858256718372626,2.383396214122658
5.167035678172784,-0.5473198832322308
-2.1463252513163518,0.17268825160968815
-1.8963524310343693,0.4984552918623737
-3.1998924224131535,2.3743538318823627
-3.0308650939219426,1.0788781701277546
5.709514716411309,2.450983708972817
-1.5094727484934758,0.10707331287372623
-1.6564568488352727,-0.12431239498149838
-2.4012164084666203,1.1185951291273883
4.3763335736043025,-0.3913297594834515
-0.9739231078379582,-2.470620626335258
4.586616614604669,-0.567882293586845
-2.8475312201731633,-1.4281387270737835
-1.8349884955637883,-1.8767251910020062
-2.1154970137827824,-1.9306664408494183
-1.4378363101237248,-1.9686841906357953
-1.6222163645976018,-2.5809326113511273
-1.8543228118174504,-1.9856362284470745
-1.6875790564768742,-1.5981025637437054
-1.3051539866679143,-2.5695190371323773
-1.7156087367289494,-2.897544378166313
-1.6867093055003117,-1.6393151224900433
-1.857080361103339,-2.813790315513725
-3.2845758406870793,-1.0833892763901898
5.705770591045098,3.2517249791573337
5.714775183940606,2.367708629245644
5.803579428935723,3.412433719510918
5.531628230357843,3.1876535250495723
-1.5616337268107365,-1.6615295351792523
5.281115630412774,3.9914614616583637
-1.7739402262919377,0.3805821000288776
-0.9635659663432072,-1.0966606081772992
-4.035473725055976,0.6393466054152301
-1.309406897281928,-2.621708387260551
-2.1145349948161076,-1.9583716334153363
-1.6084424464457463,-3.4858198107529828
-3.0228547065012883,-1.2835469187546917
-1.6728414504282902,-2.6721153200913617
-1.7659462897532414,-2.103327268486137
-1.8181432692759465,-3.755238527183647
-1.3630796878092717,-2.785441869621391
-1.0715466944926213,-2.1571454943467328
-0.9955069033854436,-2.4098825396348187
-1.3957656829112004,-2.3607344569016644
-1.512583634113593,-2.544175142173881
-1.172007700657172,-1.9358601511765667
-2.070613762592597,-2.934632772331352
-2.0198172538035344,0.4790756760786823
-1.8673149554484318,0.6501274167250446
-1.7811464278452824,-3.778920167808647
-1.3633543460123967,-2.8471898974229046
-1.105932137226386,-2.3074936808396527
-1.383649489139838,-2.0292296351243206
-1.8930527178996037,-1.9200568140793988
-1.3196481673472356,-2.948047155265922
-1.5695876090281438,-2.4062299670029828
-1.4721330611460637,-2.6975789011765667
-2.5899452178233098,-1.645880216484184
-1.7778555361979436,-3.2662310541917035
-1.828717848514838,-2.894708627586479
-1.2691110579722356,-1.8432431162644574
-3.072783371662421,-1.2705554903794476
5.095457652354913,-0.5556225718308636
6.04474888160296,2.937618410463219
6.132251837993341,3.267430698747521
6.249599555278497,2.740531211967354
5.514623263622003,3.3387621103476337
5.691388228679376,2.885633355255013
5.202746728206353,4.420923477287179
5.021137574458795,-0.4962060393143841
5.880846122050958,3.376557415599709
5.295726159358697,4.2477060614775475
5.200669387126641,4.302512651557809
5.247071841502862,4.455449944610482
5.42319069221087,4.092670565719491
5.1773425133473445,4.50166464435566
5.327033141399102,4.274681573982125
5.53044805839129,3.004415361459141
5.138400176311212,4.351337200279122
5.493026355052667,3.174009157593136
5.730785945201593,2.0082342683028034
5.618155339503961,2.828821337098961
5.702997782970147,3.1929109527419857
5.55385623290606,3.2109540312241367
5.322466471934991,3.869388884181862
-1.8955687491648625,-2.8865661562730023
-3.072405239795966,-1.0620021761704632
-0.95099463150434,-2.683444970970268
-1.542798182224555,-2.0866632403184124
-2.575890919422431,-2.033333772544975
-1.62207617447309,-2.1789174021531292
-1.3724183051341008,-2.178061956291313
-2.9020151107066106,-1.5733365954209515
-1.345957895969672,-3.035761350517387
-1.3059791533701848,-3.0183234156418988
-1.385386368488593,-3.4693555773545453
-1.3901692836039494,-3.43578767192852
-1.128146788334174,-2.2041187228013226
-1.2961782424204777,-2.9628839434434124
-1.5618771521799992,-1.8037118853379437
-1.8676713912241887,-2.7921032847214886
-1.1333679167979192,-3.3915762842942425
-1.9101358859293889,-3.559098237877006
-1.6134118048899602,-3.4707689226914593
-2.1567353217356633,-2.1759090365220257
-1.8995918242686223,-3.665808671836967
-1.1554430930369328,-1.7919096888352581
-1.059057375644965,-1.950455182914848
-1.5955950228922795,-2.22870063198101
-1.229819437717719,-3.3869404734421917
-1.5066129176371525,-3.627023214225883
-0.8035773246043156,-2.567966932182426
-2.154967447971625,-1.4786400736619183
-2.3604387252085637,-0.8658926428605267
-1.6318389384501408,-3.0888161600876995
-1.2572387664072942,-3.5727963389207074
-1.3875988929026555,-3.0989456118394085
-1.5047108142130803,-3.323190206413383
-3.6910304038279484,0.509270912284737
-1.0450152365916203,-2.218251699333305
-1.3612712828867863,-1.458652490501518
-1.5738967864268254,-1.6731181086350628
-1.7243818251841496,-2.810846799736137
-1.2526949851267766,-2.1698279322434613
-1.9847403971903752,-3.131023401146049
4.41763649299212,-0.4145231188584515
-0.9238919226878117,-2.611303800468559
-1.7363542525523137,-2.9253330172349163
-2.226418158268256,-0.4818937720109173
-1.1401950328104924,-2.841033452873344
-2.3379420249216984,-1.5734519900132367
-2.938571354603095,-1.3634796084214398
-1.2786981074564885,-2.2112927378464886
5.481222966457086,3.272772601122742
-1.7121082751505803,-0.4004378260422894
-1.627463719105048,-3.5295863093186566
-1.251867434238715,-1.0648055018235394
-1.216288706516547,-1.8201236666489788
-3.7364167182200383,0.0026600419234088513
-3.81740989372663,0.18189287769306217
-2.5829414336436223,-2.079504484062309
-1.750440022205634,-0.9798111857224652
-1.931669851993842,0.36449075328815495
-1.7173992602580022,1.1157054959486774
-1.6675535647623967,0.3813262044142536
-2.3012465445750188,0.2739098130415729
-2.7011550872080754,0.47699356662738834
5.6210866959340144,3.235708533103352
5.791647532726007,2.6832385121535114
6.130951979900079,2.742159610862618
5.511876443172174,3.554936593646889
5.249216893459039,2.952079525465851
5.8110400231129695,2.5753320513914875
5.809551814342218,2.5648883639525226
5.909230330730157,2.9436843602608493
5.873673537517266,2.5583531318854145
5.780714133525567,2.8753116040180973
5.76884613349505,2.481727307910805
5.710964301372247,2.691285437221413
6.047596076274591,2.7113060115526966
6.212816813731866,2.621991848821526
5.713520148540216,2.865767201657181
6.120985129619317,2.635739064092522
5.538446524882989,3.465609943742638
5.302304366374688,2.9764849899958423
5.807753184581475,2.5222829042624286
5.80873117759295,2.618879055852776
5.957497218394952,2.7984398363779834
5.8291064293629695,2.5809696375082782
5.724653342509942,2.724613702173119
5.8811036141163875,2.6491577087591938
-1.5574676005595158,-2.606945032005424
-1.8172651736491154,-2.925416463737602
-3.5762304274790715,-1.2074780405808636
-3.6151913611643742,0.008502012367134437
-2.982577702259345,2.5110493360709003
-2.9840268103831242,0.7260384617995075
-1.8331600634806584,-0.8118691386033245
-1.7608856169932317,1.09592676746357
5.531024316096978,-0.36483168018352474
5.068056443477349,0.060709482307319984
5.050065854335504,-0.42034530056011166
5.066137889171319,0.25421858417499577
5.032365659023004,-0.38523578060161556
-1.0177661387675236,0.3597538529585651
5.215802529597955,-0.2930333555985638
-3.006329914783759,0.6396415291975788
-1.8147927729838322,0.48898769008625065
-1.7599319426768254,0.06179237949359928
-1.9406975714915227,-0.23633479488384213
-2.1295961348765324,0.412840133781319
-2.4286846129649113,0.866845375175362
5.079866269374566,-0.3768002928544232
4.928304055476861,-0.4732220114518353
-1.50207843468122,-3.315701002006645
-1.8852397410624455,-1.7920556010056683
-1.6818250624888371,-2.772904390220756
-1.5397454707377385,-2.211032861595268
-1.588332792972846,-1.8588104189683148
-0.9416667430155705,-2.2407813013840863
-1.1247388331644963,-1.3240613879014203
-1.7534586398356389,-2.2345519007493206
-1.554442068790717,-2.216026300315971
-1.4432860820048283,-1.3717355669785687
-1.2680238692515324,-3.4217724741746136
-1.2465914695017766,-2.228993409996147
-0.8469428031199406,-2.781052583580131
-1.0612346141093205,-2.1901459635544964
-1.5961777178996037,-1.535188669090385
-2.259029528354926,-2.142837995414848
-2.2977596728556584,-2.4589400233079144
-0.9688359706156682,-2.333577150230522
-3.1572755782359074,-0.6971108855057904
-1.3297897784464787,-1.6459097803879925
-1.3083826510661076,-2.5703124941636273
-1.1357799975626897,-1.2306408823777386
-0.8224331347697209,-1.187846654777641
-1.002010485386176,-1.7205138148118206
-1.6943787543528508,-1.3028688372422406
-1.1741360633128117,-3.2738532961655804
-1.2081705538981389,-1.696894163017387
-1.1412493197672795,-3.1904349268723675
5.655146458888726,2.855503445739632
5.353462317729669,4.23952663528431
5.267064908290582,4.462829357261544
5.440280297542291,4.255588894958382
5.251682618404107,4.423431759948617
4.702709773326593,-0.5035233439255902
5.353159287715631,4.40761495220173
5.468933919215875,3.1696862524997047
4.6118212731129695,-0.5558199824143597
-1.767553469394965,-2.428827279930229
-3.1408108680003117,-0.3865237177659222
-0.9975649325602483,-3.014974588279838
-0.5825079886668156,-1.0274681986619183
-3.082856556629462,-0.6258072794724652
-0.8124031035654973,-2.240815633659477
-1.336447855686469,-2.4782957972336956
-1.6148728339426945,-3.37105321300518
-1.4163531272166203,-3.495316499595756
-0.6932503192179631,-0.9109167994309613
-3.2506097762339543,-0.7601439894486615
-1.375557324146552,-3.4413127840806195
-1.2558518855326604,-0.9999232233811566
-1.523140331959052,-1.3385467470933148
-1.4351116626017522,-1.7591142596055218
-1.5397259204142522,-3.3024315775681683
-2.324639937137885,-0.590448612098808
-2.1180230586283635,-2.135598653679008
-2.00305499718122,-2.349641794090385
-1.2830709426157902,-2.215404027824516
-0.6274076907389592,-1.8413648546982953
-1.3470419852488469,-1.5915131510544964
-1.0286661593668889,-2.3795285166550824
-2.7022332160227727,1.5114589987944416
-0.8806756942027043,-2.4739360750962445
6.184173205638604,3.3204369305323413
6.249638179088311,2.425977533931618
5.538780310893731,3.5839185475062183
5.782636264110284,2.807475453491097
5.855296710277276,2.781463479871636
5.438042739177423,2.94780405449379
5.948840716624932,3.167669950301533
5.810049155498223,3.4679168521117023
5.934865573192315,3.2622617392491153
5.193046668315606,4.247939711685067
5.589943030620294,3.163120931262856
5.378606417918878,4.373074418182259
5.337097028041558,4.144507890815621
5.829417327190118,3.0361770896862796
5.3765893967396785,4.288891321296578
5.816813090587335,2.9151662646483234
5.408777573848443,4.320270544166451
5.353486159587579,4.336756592864877
5.834995368266778,2.9801730869959644
5.6857863457448055,3.3941427229594043
6.112037757182794,3.339678189034348
5.628051617885308,3.6079871116827777
6.033956626201348,3.294859027738457
5.136619189525323,4.470525985832101
5.601880172038751,3.0656298569093994
5.237045386577325,4.471745854492074
5.350866416240411,4.293711668128854
5.295409777904229,4.406432515258675
5.24672208144732,4.477903729553109
5.348750928188043,4.2348676978300865
5.283625224376397,4.321860915298348
5.614399531627374,3.489410585040932
6.027330497050958,3.399394786233788
5.710765460277276,3.4000316916655353
6.07496652915545,3.2795715092371753
-2.0368787257426213,-3.0540428103257367
-2.768999001240058,-1.6404566706467816
-1.5761128871195744,-1.3597364367295453
-1.7051609961741399,-2.3971257151414105
-2.0441729037516545,-0.11286568058025326
-2.622568985676093,-1.1907114924241253
-0.9765185324900578,-2.1102833689500042
-2.5677489249461125,-0.5104639471818158
-0.6923822371714543,-1.3231210650254437
-1.9362188784830998,-2.2200879992295453
-1.3969754187815617,-3.0941843928147503
-2.488493344044013,-1.9056796969224163
-3.283727547382636,-0.13001536739360775
-1.4880069701426457,-2.8525133074570843
-0.8916281668894719,-2.3287053049851605
-1.6841260401957463,-2.5873579920579144
-2.046115299915595,-2.604282850151176
-1.4761425463908147,-1.7679662646104046
-1.170338532184882,-1.8732562006760785
-1.2199160067789983,-1.6957659663010785
-1.4606749026530217,-1.731071466331596
-0.6123591868632268,-1.821788305168266
-1.321839234089179,-2.9905967654038617
-1.8513797728770207,-2.974336618309135
5.321786025310235,2.9327147810410312
-1.1000734774821233,-2.0656952799607464
-1.6524607150309514,-2.8739814699937054
-1.7857784240000676,-2.451464170341606
-1.3688472716563176,-3.334342950706596
-1.228958031391425,-2.1140913904954144
-1.191149136280341,-2.682682508354301
-1.776581904148383,-3.0064463557053753
-1.500564238285346,-2.1217346133042523
-1.7234996764414738,-2.4898920000840374
-1.293634316181464,-3.183951848869438
-1.6550623385661076,-2.846082681541557
-2.8603447882883977,-1.505729669456596
-1.6145163981669377,-2.9777831972886273
-1.5226594416850041,-2.1769623698044964
-1.3183034865611027,-3.0159544886399456
-1.5401610343211125,-2.9273571909714886
-1.6255499331705998,-3.562527650718803
-1.284784218525214,-1.5314402521897503
-1.297178646778388,-3.136649602775688
-0.8030380217783879,-2.634781354789848
-1.7072938887827824,-0.09813665760051693
-0.6166635958903264,-1.8436841906357953
-1.30880131409101,-2.345052713279838
-1.3198505847208928,-2.9818959177781292
-1.8988157717936467,-3.5449557246018597
-3.3591636626475285,-0.36083435428630795
-2.379635235523505,-0.5483176649857708
-1.3171283213847111,-0.9686584414292523
-2.8655728308909367,-0.8260312022019574
-1.9656292407267522,-3.129525655632133
-1.91998614952497,-2.558562272911186
-2.456417462086005,-2.6984891833115765
-1.4473320452921818,-1.0957784594346234
-2.2890087573283147,-1.8304266871262738
-2.54926385567121,-0.18816470516216244
-1.203701159214301,-1.4940562189866253
-3.117704769825263,0.21210098850238834
-3.541039845203681,-0.15575956714641537
-3.9153012244456242,0.28572536098468815
-1.8307875602000188,0.4225616513441852
-2.146834751819892,-2.6286110819626995
-3.3862613646738957,-0.8188297690201947
5.806320765758233,2.6194494723032764
5.751267531657891,2.659732407207375
5.957898238445001,2.9813784121226123
6.122120955730157,2.7862269638727954
6.244480708385186,2.9370746074866108
5.703382113719659,2.7036159692953876
4.714918235088067,-0.4704587401200482
6.022966006541925,2.916279560203438
5.94254408195086,2.9673146514843753
6.046656230235772,2.9722770361851505
6.104179480815606,2.7806730030726245
5.856256583476739,3.249959221358185
6.279002288127618,3.1333037282030634
6.194285491252618,2.5934106765936664
5.859336951518731,2.7223987041662983
5.851934054637628,2.734040117139702
5.99143324210711,3.307950368399506
-3.125799080585761,2.249153679485207
-1.0989643542521428,-2.6508235873032757
-1.4658922164195012,0.6489896832655719
-2.45949449226789,0.47792435276020084
-2.269196173404975,0.3925898133467487
-1.0635942427866887,0.7040302811812214
5.682087043071466,-0.3847410620499798
5.6175983937031795,-0.5309781969834515
5.654049018169122,-0.33777570140850033
5.645409920955377,-0.339282029991264
5.595819094920831,-0.11202930820476498
4.865448334956842,-0.03360914600383724
5.661565640712457,2.9861454575012973
5.656558373714166,-0.4154674948502728
5.704565623546319,-0.46815323246013607
5.650103190684991,-0.3493235052872845
-2.3525246588938664,0.34486771213520084
-2.5945710150950383,1.2494695244978717
-2.4260534255259465,0.2773521004866413
-3.126761814808173,2.4356091080855182
-3.2719749419444035,0.1856961308668903
-2.2854660956614445,0.489925151939278
-1.99837650940351,1.0168075619887165
-3.9339808432810734,0.14218807804096256
-1.4492789714091252,-0.3938949049760052
-3.7220944373362492,0.1901512204359821
-1.9171220271342229,0.6232566891859821
-3.964764973377509,0.031165128822212562
-3.787049671863837,0.015603548164253578
-3.0320366828196477,-0.6515588702012249
-1.6089283435099553,-1.2841706217576214
-3.455128094410224,-0.6030521334458538
-1.416075607990546,0.4330449162672809
3.9828868897206355,-0.18915986431133236
-0.880923887943549,-2.2000684679795453
-1.4517547099345158,-3.5946659983445355
-1.108460566257758,-2.8806180895615765
-0.9914041964762639,-1.7955346049119183
-1.4304064719431828,-3.643208497886772
-1.5482627360575627,-3.7063507975388714
5.867458441997247,2.9107293246935657
5.24031339004107,4.393753176803475
6.05679664924212,3.1002704382564477
5.196130135799127,4.322468763465768
5.1389764340169,4.488766199226266
5.3853243382222225,4.310631638641244
5.8619175942189266,3.1761740280937008
5.696339228892999,2.667987084264641
5.7540823014027644,3.323973467821961
5.804136374736505,2.7811591087530902
5.900615313792901,3.107819708778297
6.162827113414483,3.138855241487508
6.212470153117852,2.985746091480141
6.232759574199395,2.722545271987801
5.844936469340997,3.332479587073212
5.788169482494073,2.705907827491646
5.925242522502618,2.864405354733353
5.407051661754327,2.7689283250521473
5.8157912285573055,3.2655239610623172
5.755392649913507,3.5622416197012714
5.837072947765069,3.4312817214678577
5.836773970866876,3.2136760114382557
5.591579774165826,2.908781683320885
-3.9036201445811223,0.08784008609760319
-2.6091450659983586,-1.90545844448101
-1.5566569773905705,-1.0862083376694867
-2.4114302603953313,-1.2022561968613812
-3.8695143668406438,0.3151989041518024
-1.2001623122446965,-1.349902147178764
-3.4352091758006047,-0.9527897776414105
-3.856413265919013,0.09067726718891178
-0.8974672763102483,-2.040744775657768
-1.1708613841288518,-1.5886073054124066
-3.412248989795966,-1.1114296854783245
-3.1915306060069035,0.7716732083510212
-0.9588841407053899,-1.911707395439262
-3.979017159199042,1.8023186980437091
-3.911088844990058,-0.2480211199570843
-2.507036587452216,-2.1455202044297406
-3.6991008727305363,-0.3787870348740765
-2.582020661091132,-0.30817627323162045
-2.535663983082099,1.4797369300078205
-3.2074135749094914,-0.9170427264023968
-4.03852166817121,0.18749046909320866
-3.4309200255625676,1.5885353146742633
-3.1967815367930363,-1.329135888939018
5.812389472270684,3.0926893914740137
6.047674277568536,2.8517554162691883
6.060445884013848,3.3738085089873127
5.933371642375665,2.6558639465521625
6.18791876151629,2.8374057768534473
5.535646298671441,3.0565649254869274
6.274083712840753,3.125591626639252
-3.0163296668284367,2.4629229961584858
-2.1539751498454045,0.1042766629408649
-3.296326538776679,0.9200224934767536
-1.7699159590952824,-0.5702128351975628
-2.4972814528696965,0.891881710166817
-3.672655483936591,1.7424895821760944
-3.1358922927134465,0.5148179589461139
-2.697311779712958,0.46340060817707096
-2.4679278342478703,-0.021433347587699547
5.035545209193902,-0.5320942343522259
5.843167403484063,-0.025470012550468102
5.1207369358784725,0.054625755424385414
4.861392596507745,-0.017458433036918297
5.5395368130452205,-0.44060491931926693
4.52867541625567,0.21123695957172428
5.661469796443658,-0.3804638327408978
-3.0479177443736027,1.0989375172804645
-2.250944515919013,0.16329122173297916
-3.173669239734931,0.9194278775404743
6.1026941330678035,2.52089071857441
5.761111357951837,3.3760743497561267
5.279775479579644,4.179159647102242
5.443225482249932,3.165828911836033
5.192313054347711,4.437503224487191
5.309041837001519,4.351919418449288
5.24939427688189,4.43717182266224
5.6147697956807185,3.738361841316109
5.256463149333673,4.288267499084359
5.356124261165338,4.318894630546456
-3.4335578887217473,0.2539205609511188
-2.1874269454234074,0.8557868062208942
-1.4518598525278996,-3.3628635348130413
5.313861230159478,3.797961836929207
-1.5477231948130559,-2.3662862719346234
-3.0294593779795598,1.3576886712263874
-2.354467770313544,-0.7765371741105267
-2.4270705191843938,1.3062214909743122
-1.6886996237986516,-3.2183003367234417
-1.5564826934092473,-3.5424733103562542
-1.6083771197550725,-3.487905496482963
-1.4618085829966496,-3.6012630404282757
-2.813036343311591,-0.7839205206681439
-1.4907952754252385,-2.657723420982475
-0.8834620921366643,-2.11325930965435
-1.4790984599345158,-3.0790481509019085
-0.908056399082465,-1.7621340693284222
-0.44175042793683517,-2.321502202873344
-1.3496343104594182,-1.9030022562791058
5.267684319759088,4.417918211097604
5.2673879654652644,4.355094557876473
5.5388866455800105,3.570023333902245
5.201979020381646,4.265165692443734
5.235407689357476,4.241441017265206
5.235189536357598,4.194157963867074
5.614169219279962,2.7833030282210163
6.097988227153497,3.281688815231209
5.3972192795521785,4.086402183647042
5.790550330424981,2.7381450890253833
5.865299323344903,2.8095240055273822
5.955008128429132,3.2844710855435184
6.237285235667901,3.1688083766650013
6.049968341136651,3.375206655139809
5.7980042488820125,3.572491800660973
5.5849212200886775,3.492477035398369
6.27569780662127,2.8871967403839878
5.187445739055352,-0.6089744509507367
5.984073260570245,3.021078555161839
5.49514851882525,3.063513992602711
6.009646991038995,3.3742159961413196
-3.4765743224375676,0.24431419956195866
-2.168742558216376,-2.744306558494682
-1.6503340213053654,-1.474228376274223
4.664557793880181,0.05216050731647526
-3.410591503834052,0.8328144608687214
-3.077917000507636,-0.7051463068772503
6.179329493785577,2.595914846534615
5.9984894783742,2.8533497213076404
6.013779261851983,2.435172921295052
6.1721054108388,3.0529524444292835
5.309709885860162,-0.22765612018596615
6.1831666023976375,3.272324195380097
5.103243926311212,-0.7084619940568158
5.280607798839288,-0.1711766661454388
6.175909140849786,2.7622556744765094
5.310307124400811,-0.5281970442582318
5.318147996211724,2.9174683152388385
6.053141215587335,2.6269814728449634
6.153390029216485,3.0424803628276638
5.867868045116143,2.9039434997986606
6.174749949718194,3.0507315604637912
-1.4254986254923772,0.833956962699776
-1.562857767795844,-0.42594098461162533
-3.5141924826853703,1.0831668435286335
-2.346201798176093,0.22836542713153873
-2.8694304435008,1.1785212813566974
-1.8884149996989201,0.6256413518141559
-3.3621090857737492,0.8941559849928669
4.966243603969293,-0.3793699682999798
5.563119271541314,2.1404278932761005
-1.0985809771769475,-2.5063171328355023
-1.8982941119425725,-1.4358692110825726
-3.6666792838328313,-1.1103911341477581
-1.5837234465830754,-3.848817342643852
-1.4324203936808537,-1.8177761973191449
-1.853948494648261,-2.2410583437730023
-3.366512676929755,-0.9256391466904828
-1.1887904612772893,-2.9506487788010785
-2.0253650157206486,-2.988402837638969
-2.447991749500556,0.8106455861281208
-3.5151671378367375,-1.200129026298637
-1.784471890186591,-2.159085267906303
-1.8459590880625676,-0.6841056288529583
-1.7068029849284123,-3.664798730735893
-1.2318152396433781,-2.6461114825059124
-1.6651960818522404,-3.6385173739243695
-1.5390485732310246,-3.211150163536186
-2.358516594623847,-0.24894570720684017
-1.5338181464426945,-2.258981222038383
-1.9322174994700383,-2.3678712786484906
-1.3883508651011418,-1.7244839609910199
-0.6957191436045598,-1.8727841318894574
-1.3119317500346135,-3.6363573015977093
-1.7431398837321233,-1.5569796503831097
-1.1023069827311467,-1.601493829612846
-1.1162814109080266,-2.1946749628831097
-1.4420849292033147,-3.033237928276176
-1.4504231421702336,-1.7192668856431195
-1.6796857325785588,-2.3801441134263226
-2.293526074146552,-0.5690822542954632
-1.8513714282267522,-2.83869933498394
-1.270783564304633,-1.2792324961472699
-1.5563501326792668,-2.716153139000053
-0.7490066497080754,-2.132999414329643
-0.5606879203074406,-1.9141292513657757
-1.263463875507636,-2.5009627283860394
-1.6112967936747502,-1.3613128603745648
5.60012088134356,3.018068937833195
5.98192510917254,2.898858761663323
5.816393473888116,3.212537763888722
5.946192363048272,2.982928788537865
5.831500628734307,2.9637856094788364
5.926161387706475,2.8443650959681324
5.947768309856134,2.7308144329737476
5.759664634013848,2.820517784232979
5.398308137202935,3.7748592554282
5.88196811988421,3.0940838141988567
5.330836156154351,4.374294406051522
5.111160853648858,4.4680970965575035
5.286666491771417,4.406677132720834
5.350732663417535,4.03681040393818
5.307614186549859,4.2186533271025475
5.320022443080621,4.534180766219979
5.872275450969415,2.7114033161352924
6.251255610728936,2.7563478110979847
5.642927506709771,2.788860595102196
6.290329554820733,3.0095407201598934
5.5409992726094295,3.533722495908623
-1.446118971561713,-2.79359435451519
-2.016947886204047,-2.032648080711479
-2.3492406813853215,-1.729832166557426
3.731795886302667,-0.08530425441753353
-2.6143239943736027,-2.0813293398667523
-2.796350380634589,-0.10748099697124447
-2.4896329848521184,1.2537816821287922
-2.468501946186347,-0.4459097327042767
-1.8937546221964787,-3.597646230583305
-1.7847117392771672,-2.2467727602769085
-3.226439377521796,-1.3637986124802777
3.8218966515309383,-0.18727778804790463
-2.3457569091074895,0.4418804703902057
-3.811432739948554,0.029658323402290687
-1.139717718815131,-2.065935605888481
-2.9345025031321477,-0.5801770628739544
-1.0118907897227238,-2.231064790611381
-1.9417883364909123,-2.5330090464402386
-2.1382895915263127,-2.621433252220268
-1.1126622168772649,-1.8899807871628949
-1.5520330874674748,-1.9410729349900433
-1.3086050956004094,-3.1830139101792523
-2.035917898868842,-3.1794714869309613
-1.9485010115855168,-1.3858251513291546
-1.461182495807929,-1.9270935000230023
-1.5147124736063908,-1.8335146845627972
-2.0607019870036076,-1.9736375750352093
-3.4275020568125676,0.1869499741743854
-0.7725309340708684,-1.830384725456352
-1.6874779669993352,-3.4594726504136273
-1.5394996611826848,-1.4646987856675335
-1.7684625594370793,-1.8223056734849163
-1.0343643634074162,-2.0346126498032757
-2.6222223250620793,-1.8055148066331097
-1.572132965778632,-1.5847477854539105
-2.596998116230292,-1.7210040034104535
-3.2581547705882024,-0.411331647758598
-1.0714374987833928,-3.171541208152885
-1.705321213459296,-3.7586913050461956
-2.0177329985850285,-1.1330156267930218
5.147657969737725,4.321747070426827
5.961599448466973,3.1109108841202757
5.751529792094903,3.296495428557282
5.700493911052423,3.0096533207844547
6.011875251079278,2.837805694217568
5.576863148952203,0.34796405422199284
6.113534072185235,2.5326392708967975
5.8961111099965144,2.7527781783293537
5.718558886790948,0.027549511070137367
6.259319880748468,2.6213654934119037
6.0032654793507625,2.8815567253779224
5.897208789134698,2.7579462288569263
6.235980609203057,3.222904643292313
6.051683524394708,2.6775892137240223
-1.8734270541422795,0.320998674507027
-3.213697334980292,0.0609555302809528
-2.6949480979197453,1.9684416114043048
-1.9050392119639348,0.056469207877998695
-0.8276170699351262,-1.2572512568284222
-3.725922962879462,2.306502526874428
-2.009627958988471,0.3296165524672321
5.699734786296563,-0.39335083377849545
4.735563853526788,-0.5413286627579876
5.2829967530018855,0.21602702724445377
5.328415730739312,-0.6696977556992718
5.278139451289849,-0.11919068706523861
-1.917983671879096,-3.6235070170212933
-1.7364050357096623,0.8596270142744831
-1.7220653502695988,0.07404065715778385
-2.2373837439768742,0.38591647731769596
-1.9558879344218205,0.05421805965412174
-2.6347679106944035,1.2999118624876789
-2.6503628699534367,2.0024963675688556
-3.0078152625315617,0.6612889825056842
-1.7931488959544133,0.9326181470106891
5.602236607814508,-0.39522575748455013
5.652938702846246,-0.4889290274430462
-1.2384952513926457,-0.4966742934037396
-1.173202177738471,0.34566522228229557
-2.5200222937815617,-1.1576232851792523
-3.2373250930064152,-0.9706659258652874
-1.7641433684580754,-2.920489782219047
-1.3535205332987736,-0.17407774341594662
-1.5159603564494084,-1.0705780924607464
-1.2618736235850285,-3.083664888267631
-1.5486725775950383,-3.6425695360947796
-1.2009653060191106,-3.2220067919541546
-1.1741582362406682,-2.794273370628471
-1.5211841075175236,-2.2851514757920453
-1.775976320957465,-2.575689786796684
-1.4518023936503361,0.3505668698500446
-3.440559765552802,-0.5844974459458538
-1.4146756140940617,-3.5031838358689495
-1.1713825671427678,-3.307848924522514
-1.6721457450144719,-2.748949521904106
-3.4620684592478703,-0.26198744190227474
-1.0996908156626652,-2.4541654528428265
-0.7431243865244817,-1.154782289390678
-1.7217904536478947,-1.9270205439377972
-1.9133612124674748,-2.61341857326519
-1.655326267933173,-0.7919897974778363
-1.1343039481394719,-1.865252488975639
-2.8770522086375188,-0.7842152060319134
-1.5410040824168156,-0.3238995016862103
-1.100767513965888,-3.563118928794975
-0.9217220751994084,-2.0448474825669476
-1.88086523697309,-1.75046634090435
-1.7339211909525822,-2.1885609568406292
5.918183425212579,3.054479616011267
5.99551210715838,2.6825342236708454
6.175076106334405,2.8051431833456806
5.705814936900811,3.3227542101095966
5.884017565990167,3.0134483932207874
5.2337349446065,4.411622172469979
5.139919379497247,4.443847781295663
5.158617118144708,0.1325063763808063
5.241843322063165,4.4053657113264855
5.264802315974908,4.381711488838082
5.565020898128228,3.7755175887297443
5.820469477916436,2.88181244420517
5.14832554175921,-0.029742473487968102
5.96714124991961,2.7329687236498645
-2.682613274311347,1.6627583562086872
4.027402261043267,-0.2423729838181683
-1.040143629764838,-2.4881410540391156
-2.2525474040263127,-1.0514960230637738
-2.9744266478770207,-1.1111497820664593
-1.1101218669169377,-0.18825673473369564
-1.0217756240122746,-2.295592779045219
-1.9782270400278996,-2.037746900444145
-1.8602949588053654,-3.5910978258897015
-0.9100107161753606,-3.2990093172837445
-1.7091199366801213,-3.292228216056938
-1.7191273181193303,-2.79457091701519
-1.4868070094340275,1.0240724145125202
-1.9618948905222844,-3.096876615409965
-3.056740662311835,-1.4296202601243206
-1.0787211863749455,-2.021044248466606
-1.1339680163615178,-3.3194394053269574
-1.6826757399790715,-2.852009767418022
-1.9901527373545598,-3.1034827173997113
-1.7862774340861272,1.1048524438093952
-3.38747300789289,-0.911390298729057
-3.145358463978095,-1.3004155100632855
-2.6097907035105656,-1.8900408686448285
-1.1388906447642277,-2.1359848917771527
-1.6524619071238469,-1.4764361323167035
-1.7299403159373234,-3.7779097498704144
-1.0552162139170598,-2.3629856051255413
-3.306740662311835,-1.0607209147263714
-1.848401209568305,-2.2369041384507367
-3.8589967696421574,0.7263312398146442
-2.0777865855448674,-3.143608087425346
-1.5161875693552922,-3.207854741935844
-3.327374359821601,-0.48251103771221127
-0.9823891131632756,0.230556255454903
-1.0945853202097844,-2.50865029705059
-2.97248162910871,-0.25022529972087826
-1.4886571376078557,-0.4148733557511517
-1.36204256699018,-1.2777295054246136
-1.0313006846659611,-1.775803083305473
-1.8739789931528996,-2.1427621783066937
-1.7933954207652043,-2.520633691673393
-1.6255711524241399,-3.091721052055473
-1.7047804801218938,-1.3898043574143597
-3.359767815326972,1.884297734374886
-2.44881858513288,-2.327554220085258
-1.3159159629099797,-3.505175584678764
-1.3397516219370793,-1.4151105822373578
-3.888640305256171,-0.2347278536606976
-3.577494522785468,0.5879862366865924
-3.0417717902415227,-0.9100708903123089
-0.5917402713053654,-2.087293619041557
5.67889080360003,2.9717044888685993
5.741389849925714,2.838181084270363
5.6870399506337215,2.7343939601134113
6.1883288414723445,2.7791589556883625
5.756459334636407,2.972943147892838
5.731060126567559,2.6402788220595172
5.533112624431329,2.999838909382706
5.812226870799737,2.784438079471474
5.577456572795587,3.7651394067953876
5.921926120067315,2.5773927031706623
6.2109118492848445,3.253293087954407
5.762786486888604,2.390179937953835
6.095231631541925,2.640903538341408
5.769170859599786,3.205976700658684
6.019131758952813,3.1925052760790638
5.347115853572564,3.929373985404854
5.76589784934588,3.150685688729172
-1.7056955306284856,-1.428616517906303
-2.4173249213450383,-2.433768743400688
-1.3615836112254094,-3.835934633140678
-2.6721724478953313,-2.2428893984605023
-2.671730419849677,-0.5123243273545453
-3.0569786040537785,-1.2242994250107953
-3.67965354607038,-0.4424169005204388
-3.548173805927558,0.8106613217543415
-2.3683775870554875,1.4613612948607257
-2.9802664725535344,-1.116086000328178
-2.941369911884589,1.85434961902607
-3.7794350592844914,0.15046930896747623
-1.9703182189219426,0.1913421212385944
-1.966344734882636,0.18860269176471745
-2.6678236930125188,1.3863834201048664
4.508678534770684,-0.47222256076824154
-2.8839277236216496,1.5623424111555866
-3.1564873664133977,0.9567983208845905
-2.018049141620917,0.7896373330305866
-2.717314621662421,-0.1946723402787396
-2.491784950947089,-0.006611818199271813
-2.090602537845893,0.35513640033710514
-1.998188635563178,0.4815800248335651
-2.3861831633799504,-0.1760113180924603
-1.8132044284098576,0.09639573680866276
5.6434515507466365,0.15817237483966862
5.549577334666925,-0.1283295096207806
-2.9892977683299016,1.4011863528441242
-1.7647778002970647,0.11024904834735905
-1.6728564707987736,-0.877435916786308
-3.7027281729929875,2.4769914208601764
-3.818750282978339,2.4174919782828144
-2.115596434330268,-1.077457422142143
-2.4715265242808293,-2.208744520073051
-2.4869951216929387,-2.361594671135063
-3.8318757025950383,2.4168284593771747
-3.828095337604804,2.4237374125670246
-3.783708950733466,2.399938648815041
-1.099021336292548,-2.2958049715806195
-3.0662397353403996,0.07095981227863346
-3.67037620232038,-0.19576930416118588
-2.35240163490705,-1.7449550570298382
-2.2766651122324895,-0.42245101345073666
-1.567782780384345,-1.086547368888969
-2.916251560901923,-0.6690664233018109
-1.9877149073832463,-0.8690359534074017
-3.733320137714667,-0.7931237162400433
-2.246348044132514,-1.7980298937607953
-2.4537443129771184,-1.6747693957139203
-2.0137254206889104,-2.899312013511772
-3.6910470931284856,0.3292036114882282
-3.7832387892954777,2.0422605334471515
-2.0662557093851994,-0.22706198108684505
-1.8257297484629582,-0.11492347133647884
-2.0449360816233586,-3.192572587852592
-3.3309678046458195,-0.06297802341472591
-3.827037235950751,2.419288343067055
-3.5284823386424016,2.3275218664358905
-3.3105725257151555,2.4091383277128986
-3.5696381537669133,2.22696263181675
-2.4986714331858586,2.096865063781624
-3.8006123511546086,2.317900007839089
-2.5592206923716496,1.6744725762556842
-2.749057194446845,0.2522389947127155
-3.2524956671946477,2.2894170938681415
-2.067639967655463,1.3056649028013996
-2.909565827106757,2.036551481361275
-3.6821097342722844,2.2252038179587177
-3.5673569648020695,2.1347659884642414
5.5959497483021785,0.3981463967512897
5.033450225139337,-0.7297334612656781
5.430336097026544,-0.3581001700211712
4.801366904521661,-0.6034986914445111
5.168921569133477,-0.3669791163254925
4.997813561702447,-0.0030448378373333362
4.693791964793878,-0.2696120680619427
-1.6077965705149602,-3.121489519004936
-1.7498558966868352,1.2410653887938312
-2.0890871493571233,0.26289511310565983
-1.3147527186625432,-0.26438712490093197
-3.4630812613718938,1.3500598727415851
-2.1359034983866643,0.9574933110426715
-2.970830818867011,0.21388459789264713
-2.2202831713908147,-0.11456059825908627
5.04784045531817,0.18198204624164616
4.927834132457452,-0.12300562274944271
5.666439154887872,3.377874588842278
5.140143254543023,-0.14983391178142513
4.984769681239801,-0.6964535654832074
5.502726176524835,-0.31489109409343685
4.926255324626641,-0.3222989977647015
4.694399932170587,-0.23154830348979916
5.46015677764483,-0.2956869543839642
4.447868684077935,-0.1406450213242718
5.544236281657891,-0.10358452213298763
5.722277739787774,-0.19521498096477474
4.888254979396539,0.1440386830519489
4.686298945689874,-0.3439378680039593
5.478169301295953,-0.04691409481059994
5.072162249828057,-0.3062615336228558
4.984015563274102,-0.45473527324687923
4.52589426353045,-0.41640781772624935
4.924001792216973,-0.4103116930772015
5.247911313319879,-0.5948927344132611
5.122682908321099,0.2758438645552448
5.4889479668385555,-0.2880616129685589
5.435947755122857,-0.07122158420574154
4.862960913921075,-0.6517012060929486
5.067744115138726,-0.038648122673148766
4.722802737498956,0.1541702805708698
4.6482897789723445,-0.1258401812363812
4.616877415919976,-0.12978195560466732
-1.5412870852702092,-2.763536924247856
-1.3213309256785344,0.7391789017866901
-2.3866180388682317,-1.2460522593308636
-3.427233120655341,-0.5187566222001263
-1.6650244204752873,-3.5120034159470745
-2.683014771198554,-0.6556632460404583
-1.9225160090678166,-1.5812196673203656
-3.728425404285712,-1.027948850517387
-0.9736052958720158,-1.791047567253227
-2.972148319935126,-0.4070198477555462
-3.5821174590342473,-0.9678468645859906
-1.8217328994028996,-2.069927209739799
-2.988786598896308,-0.5042293013383099
-3.9208282439463567,0.4499442635725788
-1.1407331435435246,-3.0029964388657757
-1.9358586280100774,-2.9348154009629437
-1.8155583350413274,1.285935050125008
-2.8291272132151555,1.6017632542799762
-3.6565507857554387,2.384316867465859
-3.1802314727061223,1.1901511012266925
5.274092772746759,-0.48012756717693295
5.49497852637835,-0.15708803546916927
-1.8251863925211858,1.3412268220137409
-1.4622839896433781,1.0532808362196735
-1.0578690974467229,-1.6421685160447308
-1.4296246974223088,1.0040421544264606
-2.3718465773814152,1.5742503462981037
-2.233400007938666,1.5757767020415119
-2.330120941852851,1.487343078727608
-1.4157384841196965,0.8140018044661335
-2.975178620075507,2.3867293654631427
-1.821022650455756,1.1834274588774494
-2.049925944065375,1.5969477950285724
-2.5980338065379094,1.6658715068053058
-2.123932501529975,1.6079268513869098
-2.1864177195780705,1.413626676673775
-2.0366369693034123,1.4221855460356525
-3.7497257201426457,2.141490584487801
5.368040898585992,-0.5047984064866253
4.756691077495294,-0.566738838081474
5.336298087382989,-0.6674411238480755
5.396692851329522,-0.32990717304241146
5.586005547786431,-0.5014741362382122
5.3540907891041805,-0.41563248050701107
5.738056281352716,2.6092898307989887
5.172134021068292,-0.5297017039109417
5.143124678874688,-0.2183399142075726
5.376106837535577,-0.4975905360032269
5.344943860316949,-0.6347761095811078
5.234507420802789,-0.3905248583604046
5.336671689296441,-0.6143236101914593
5.481638291621881,-0.1825730742264935
5.202148774409967,-0.3213062228013226
5.46601090743609,-0.2691037596512982
5.5325106175190975,-0.6257891596604535
5.209600785518365,-0.6992447317887494
5.251085141444879,-0.19561099422466244
5.525134423518853,-0.3780233801652142
4.8043542893178035,-0.36669444454204525
5.507527211452203,-0.3698425234605023
5.561073163295465,-0.31249451053630795
4.707250455165582,-0.3610866011429974
5.3018425495869685,0.12576795207965885
5.350559333110528,-0.2539050520707318
5.172730782771783,-0.6621503771592328
4.992537596965509,-0.4160456599045941
5.488212683940606,-0.46608876598369564
5.261627057338433,0.05816865550983463
4.922892192149835,-0.48592686069499935
5.183510640407281,-0.39994215381633724
5.609601357722955,-0.5800213755418011
5.4175323040730525,0.011490827674751625
5.138728001857476,-0.1012148798752972
4.515261748576837,-0.1633348406602093
5.354154446864801,-0.3338327349473187
4.472303012157159,-0.44280218494426693
-1.7791060416453313,-3.289057248954887
-2.3062623946421574,0.643848663444405
-2.0772026984446477,1.0825731812666706
-1.5108453242533635,1.0921783505629352
-2.577156445240302,0.33847833263385807
-0.9951688258402775,-1.5950117052842328
-3.2797073333018254,2.380233830089455
-2.3514679877512883,1.2482762395094684
5.380282738948541,-0.6331191004563519
5.152053454662042,-0.34623264682781185
5.191039899135308,-0.5535921992112347
5.190655568385797,-0.33375048053752865
5.235939362788873,-0.12229823482524838
4.808776000285821,0.06002832042682682
5.2201515228993465,-0.37441872966777767
5.052268365169244,-0.08480142963420834
4.592538216853814,-0.41958188426982845
-2.8946742026560734,0.048652177924995765
-2.612744232868476,-0.18511580837261166
-1.713488003467841,-1.8143615664292523
-2.548669239734931,-1.1778531016160199
-3.6502193419688176,-0.9478416384507367
-1.2353490798228215,-1.2721729220200726
-2.9827169387095402,-0.43970941913616146
-3.075109383320136,0.08704090702045475
-2.2897824256174992,-1.522765630607719
-1.7718361823313664,-3.5228581370164105
4.63443599059649,-0.30328153980266537
-1.5235871283762883,-3.689558023338432
-2.4311379401438664,-1.45495795619976
4.636432984615045,-0.22348904026042904
-2.17031254455976,1.4412514029692463
-2.0018664805643986,8.552132796100231e-4
-1.727857014393134,1.260011559600716
-2.9624122588389348,2.4847213684271625
-1.803439757084174,1.2786587535094074
-3.7882145850413274,2.1760917364310077
-2.1980220286601018,1.6581801234434894
-2.0167583434336613,1.4111865817259601
5.2653881104237605,-0.5900146902848431
5.547336438441949,-0.3832116068650433
5.141927579189019,-0.069316619758720055
5.427489379192071,-0.5293435992051312
5.489497521663385,-0.10417699230205502
5.2110174687153865,-0.5860116423417279
5.22042117431231,-0.681179756050224
5.634424784923272,-0.34336661708843197
5.450736621165948,-0.024675601844901696
5.07732043578692,-0.552454465751762
5.531540015483575,-0.3508615435410687
5.516651967311578,-0.4001161993790814
4.780370333934503,-0.4804139078904339
5.6282888443715144,-0.47142815006267513
4.705232718730645,-0.4491910876084515
6.125452616954522,2.2206092535208515
4.824376920009332,-0.05090760601055111
-1.6036509482615422,1.1998164712141803
-1.322651764606757,0.945975071067696
-2.381727120136542,-0.34469413173686947
-1.213264843677802,-0.9716486872483441
-2.9678811042063664,1.4866514264296344
5.1540809662587215,-0.2180495203782269
5.231610873485284,-0.5313358248521038
4.866296389842706,-0.341601365928764
4.991508343959527,-0.673710101966972
5.041076997066217,-0.477026695137138
4.775953391338067,-0.46833609951030697
5.122352460170465,-0.46538495433818783
5.60146651580401,2.415867751712685
5.395634034419732,-0.4912435950089642
4.916104653621392,-0.3566317499924847
5.253652671123223,0.3766725121687702
5.332048514629083,-0.48993682277690853
5.3214934857136775,0.1733543931196979
5.150849917674737,-0.19192122829448666
4.539295295024591,-0.17658447635662045
5.354819157863336,-0.5246524752427288
4.406031230235772,-0.22079443347942318
4.625980714107232,-0.2524318636704632
5.108841279292779,-0.4429786146928021
4.878259518886285,-0.5847392023850628
4.765669205928521,-0.31715225589763607
4.6484235317952205,-0.22316979778301205
5.075083115840631,-0.5472960413743206
4.960918525005059,-0.033037179832572594
4.738032677913385,-0.16724204433452572
5.735426047588067,-0.19069933307659115
5.168533662105279,-0.4665584505845257
5.260215142512994,-0.7459785879899212
4.748601535106378,-0.3806679190446087
4.922889569545465,-0.5018079222489544
4.54140792205401,-0.28901385677349056
5.466988423610406,-0.11555385005962338
4.793378213191705,-0.1886458338547894
4.886258223796563,0.0059623776625445934
5.580581048274713,-0.22353600872051205
5.195931294704156,-0.6212251128007122
4.682326415324884,-0.41639017475139584
5.157328704143243,-0.7477185667802044
5.266647198939996,0.08740473377216373
4.787787535930352,-0.49091433895122494
4.885402539516168,-0.4024717749406048
-1.9274498431437443,-0.6377403677750775
-2.301054140781684,-0.5094029845048138
-2.1891199557536076,1.7021570264052204
-2.8860749213450383,1.9753770886610797
-2.788222691273017,0.2133286057661823
-3.533371350025458,2.422591751689797
-2.349537274097724,1.5547603427122882
-3.1972660033457707,1.960335022086983
-1.3989795653574895,1.002894884223824
-3.7761248557322453,1.6556984244536213
5.1787978203541805,2.872483378524666
-2.3185357062571477,1.4959727584074787
-1.4168268649332951,1.0115885792921833
-1.9305330722086858,1.436230426902657
-1.839067837452216,1.4077552615355304
-2.4663619010203313,0.013725048179512367
-1.7063189952128361,1.2626129447172931
-1.5405711142771672,0.9133210240553669
5.271039107585626,-0.462009662513847
5.534145692134576,-0.34551786792766537
4.989083388591485,-0.5121724547196576
4.49580917670794,-0.1123080195237347
5.44255743339129,-0.45756077182781185
5.091581919933038,-0.5795667113114544
5.401125291133599,-0.6097595633317181
4.994578221584039,-0.5746052206803509
-1.858613154148383,1.3419250308226398
-1.7722264735453557,1.3315297423552326
-1.3680860011332463,0.9465200959395221
-1.4452146498911809,0.9962155877302936
-1.603178879474921,1.005834108466988
-2.094393870090766,1.506591206664925
-2.310589691852851,-0.33617638957988705
5.012878039622979,-0.12400698078166927
4.798568347240167,-0.6075463236619183
4.875754216457086,-0.7035207690049359
5.007181504512506,-0.26403521907817806
5.4079590828663875,-0.2778179587174603
4.739765980983453,-0.24277567279827084
5.30147323920794,-0.4536640585709759
5.556053260112481,-0.48999928844463314
5.689071753764825,-0.46541642559062923
4.656210759425836,-0.2871541918564984
5.234808066631036,0.20894623386371647
4.755316594386773,-0.4117608012009808
4.952332595134454,-0.6170031966019818
4.500581839824395,-0.10360192668926205
5.144395688319879,-0.6888081969071576
4.564986565852838,-0.35258006465923275
5.3895054848439266,-0.5053088606644818
5.062888720775323,-0.3493564070512005
4.677076676631646,0.05847597705829655
4.825419524455743,-0.02490233791362728
5.054826596523004,-0.14228581798564877
5.2376051934010555,-0.6479453982163617
5.007531502986627,-0.6395947874833294
5.166227916026788,-0.7234072626877972
5.152083972240167,-0.39654468906414
4.670302727962213,-0.4650921763230511
4.585127928996759,-0.25416206729900326
-3.7142008750193547,2.423172896976357
-3.325853249286933,2.1450684724997333
4.750501492763238,0.042748695487861976
5.897992709422784,2.940861663098221
5.274269202495294,4.4031615315626915
-3.199769398426337,0.08554363834369694
-1.4768344371073674,-1.0562157572556683
-2.2488898246043156,1.5360553322981647
-3.982967278217597,0.6965591965864948
-3.897701641773505,2.146901196117287
-1.7046891658060979,-1.2396812380601117
-2.9325636832468938,-0.06221794498455013
-1.2300816981547307,-2.693750852470512
-1.8876646964304875,0.9302930890272907
-3.4265631644480656,2.3331419287871173
-3.1198076216929387,2.289124494666939
-2.6786827056162785,-1.4691290797043988
-3.7804588286631535,2.433797484512215
3.728901484752374,-0.10452770603191341
-3.5147603957407902,-0.3225879610825726
-3.6690792052500676,-0.044043535118217125
-1.3607043235056828,-3.184503549461479
-1.4765411822550725,-3.017192834739799
-1.6260820834391545,-3.779057020073051
-1.8984092681162785,-3.693920129661674
-3.724775215839667,-1.0320253313828656
-1.5836619345896672,-3.8463983477402874
-2.164024016117377,1.2605711280058673
-2.3578132598154973,1.8136570512007526
6.072539904857354,2.9053808807085804
5.251129487300592,4.418658977622872
5.311268666530328,4.397725111122018
5.862490752483087,3.2435756235073856
5.552864411616998,3.5873175619791797
5.2953539879567195,4.418689375991708
5.606918195033746,3.697347050781136
5.290203908229547,4.421070343131905
5.266495087886529,4.414684659118539
5.196386197353082,4.196931844825631
-2.6525577513926457,1.9561413584898761
-2.3051523177378606,1.4949809371184162
5.9220300705678035,2.734039550895577
5.781682589793878,2.7066892443846515
6.1722365410573055,2.71178934561718
5.8585768730885555,3.0350106267880252
5.856063464427667,2.6739760099600605
5.968690493846612,2.6936962662886432
6.181826689983087,2.7806865333269886
5.905079940105157,2.72435334908474
6.04135999991961,3.185234343881493
-2.3878969161265324,1.6756502448271564
5.769579509044366,2.496678596610909
6.080970862651544,3.0523601679753116
5.8273292572743465,3.037796197707539
6.21899614646502,2.6751289128016285
5.954306700969415,2.850686824197655
5.87948952033587,2.7742526887606433
6.137609103465753,2.6462968944262317
-3.7227658240549992,-0.6615979613114544
5.508952000880914,3.0917864407103113
-2.3054410426371525,1.4627670108031086
-3.6165422408335637,-0.9900631846238324
-3.7899831740611027,2.2377852855871967
-1.3485769240611027,-1.501957410698051
-1.0045095889323186,-1.7427229822922894
-3.019224545215888,-1.1362900675584027
-3.4879621474497746,1.520184522743111
-3.5231274573557805,0.7167644559096149
-3.873148819660468,1.435015803451424
-3.213344475483222,0.7507596074293903
-3.4846543280833195,2.432226246471291
-2.3103217093699406,1.6091686545561603
-1.9018713443034123,1.3952170668791584
-1.4489063231699895,-3.3080496729661175
-1.3874813525431584,-3.3557577074814984
-1.1795317141764592,-2.6369209231187054
-2.334240814899726,1.8744465171049884
-3.6704520194285344,0.7080073414992145
-2.9499296157114934,1.7435181199263385
-3.717483422016425,2.4615362940977863
6.124602416301446,2.56969488250721
-3.772313973163886,2.3896166740607074
5.958349803233819,3.140063062558656
5.330938676143365,0.14971376049030338
6.2759376557118465,3.013286864633446
6.099260905528741,2.863600304598694
6.036630252147393,2.40826351034153
5.519070723796563,-0.324542039756889
5.571290353084283,0.06421042072284733
6.262432673717218,2.7616213618468097
6.2006484062916805,3.2228677554677776
4.871138671184259,0.027101045722847328
6.15947113349505,3.255842721338158
5.9404955895192195,2.913526198143845
6.196988204265313,2.7748835741232685
5.931059935832696,3.092909049491172
6.191240409160333,3.247965177769547
-2.3911084143870305,1.8393437920759967
-3.7406143157237004,1.1867811738203815
-2.2254497019999455,1.198005920524483
-1.8574375121348332,1.3925383149336628
-3.9492019622080754,0.9927463589857868
-1.363730570530219,-1.1204514445115277
-3.6964301078074406,2.36841029512394
-3.2542861907237004,2.3275173960875324
-2.5431026427500676,1.2605383454512409
-3.368996044849677,2.3229638396452716
-2.0875688998454045,0.7001874505232624
-3.727858921741767,1.3635597287367633
-3.7131628005259465,2.0289812146376422
4.745948174739556,0.0785179196547321
-2.3934015242808293,1.7312841473769
-2.010658642505927,1.0337116776655964
5.558063843990045,1.3862170039366535
-2.605228325580878,1.2193287669371418
-2.845800301288886,1.3173903285216144
-3.6820730178111027,1.2920887528609089
-2.3935855834238957,0.36038995372760807
-1.741005560612006,0.6172885953139118
-2.4479960410349797,2.0134599267195514
-3.161854168628974,2.116377299899941
-3.0662678687327336,2.127692109222298
-3.6686018912547063,2.3746998964499286
-3.739085575794501,2.4065838514517597
-3.1743463484995793,-0.9787387789536663
-1.3526348082774113,-3.4812092722703167
-1.7504693476908635,-3.7602543772507855
5.627843955302911,2.3168046532820514
6.0024205239064266,3.479394352311974
5.394411900783258,4.421511536712533
5.412544348979669,-0.5482447089005658
5.01294956519671,-0.0818822325516888
5.4733675511128475,-0.3465022982407757
5.345549920345025,4.141417389984017
5.383781531596856,4.349514371032601
5.429246047282891,4.284752732391244
5.164626458430963,4.442304378623849
5.350732901836114,4.400058394546395
5.406387189174371,0.7990524827193073
4.955014565730767,-0.28771185291301693
5.603285411143975,3.6787215529631427
6.174053290630059,3.291182091708069
-2.8124360053294133,0.3829753457258991
-3.7346071212046574,1.0757014809798053
-3.730871102070136,2.4239202200125507
-3.7560934035532902,0.7376923619459919
-2.9499186484568547,2.070752984161263
-3.6360491721384953,-1.0342040003586956
-1.8527761904948186,0.5585296212385944
-3.5936211554758977,1.3203322945784381
-2.578543564533515,1.4963463603209308
-3.6741193740122746,-0.45513104808818783
-1.2311405150645207,-3.291343206291313
5.916916468883233,3.5275797306250385
-3.835133454059882,-0.3266816080857464
-4.040447136616034,0.2608623563002399
-2.763945481037421,-1.7637386263657757
4.328015902782159,-0.4633395613480755
-1.072137734150214,-1.5074753702927777
-2.6675785987132024,0.16133785831440006
-2.6227997748606633,0.4792623578261188
-0.8707953898661565,-2.3349757136155316
-3.812775513386054,1.062965637321358
-1.696381470417304,-1.2943992556382367
-3.7699159590952824,2.4125441371153644
3.833762744212823,-0.14380692852031673
-3.8504656760447453,2.3970029412459186
3.954175809169488,-0.24117349994670834
3.8247374089009334,-0.30646466625225033
-1.5084830729716252,-0.6127185763169476
-1.8651317565195988,0.2633633671950153
-2.2203558890574406,-3.024645799522514
-2.0088709799998234,-3.165832036857719
-1.2049628703349065,-3.33811282527935
-1.7611221282237004,-3.7689566553879925
-2.1815694777720402,-2.71001862895977
-1.766748329853339,-3.7416644038010785
-1.2123512236826848,-1.8152518214036175
-2.4893092124216984,-1.3387417734910199
-2.1150671450846623,-0.0407745779801556
-1.075011154865546,-0.01701163661968197
5.939563849712091,3.24877964543808
5.686248400951104,3.018749809141045
-1.636374613498969,1.0566785393904499
5.738803008342462,3.5661768375586322
5.170178511882501,4.515515690917855
5.241544583583551,4.470201378936654
5.16892347648211,4.501394992942696
5.841809848094659,3.4987218736361316
5.953083136821466,3.112155787662377
6.199256995464044,2.9042645006130985
6.190258601451593,3.190018115813618
6.029428103709893,2.4756088315199665
5.964796641612725,3.245096391315346
5.576014140392022,2.9951380326103023
5.8065138848073055,2.63566664444912
6.201155761028009,2.9697959779452137
6.1271949799305965,2.58218324768055
5.822096446300225,3.253018116826897
4.703853705669122,0.7306652127455524
6.252223590160089,2.721948450679665
6.045233348155694,3.139758633698111
6.034839728618341,2.5900375305365375
5.904015639568048,3.012293389315491
-2.402935883259101,1.810827857131844
5.774859526897149,3.487339293832665
-3.816566845630927,2.2955187617491535
-2.779032608722968,2.019623523826485
-2.904288670276923,1.7928955613325885
-4.071074387287421,0.8917794285963825
-3.3525203673594426,1.3354420720289997
-3.764679810261054,0.9261283932875446
-3.4000219313853215,2.186235970134621
-2.0262636153452824,-0.28544067752849545
-3.6934036223643254,2.091562753791695
-3.687414070820136,1.3314362822722248
-3.902495285724921,1.8489112912367633
5.377575019145684,0.40459323513019596
6.1449209244496394,2.8133771775912098
6.124910453105645,2.7748686431597522
6.2515636475331355,2.6266322492312244
5.737991908336358,0.6867721139143756
5.715188601756768,3.0802347867440036
5.810735801006036,2.4904376922797016
5.7995887787587215,2.763630246991997
6.282273391032891,3.0100198148440174
5.625331500316339,1.3520816622923664
-3.699102780079169,2.118639296169167
-3.718372723316474,1.4566061555098346
-3.4202455489390324,2.2968092619131855
-3.595399281238837,1.6478236972044757
-3.6170863120310734,1.0104289113234333
-2.9195107428782414,0.5984795151900104
-3.833853623127265,0.7540140210341266
-2.8279012648814152,0.33704114543903385
-3.1313590018504094,0.9857790528487018
-3.3056048362009953,0.44711733448017155
-2.481869122242255,1.4653276263426593
-3.3627652137034367,0.9218988476942829
-3.7549199073069524,1.1678327380369953
-2.9348939864390324,1.129957562560921
-1.9891983477824162,1.406435972328072
5.588626006389337,-0.40644645107280697
5.0194843800313045,-0.34280156505596127
5.327347853923516,-0.14483117473613705
4.957891801143365,-0.10441231143962826
-3.021555802082343,0.562653308982735
5.061617711330133,-0.13510631931316341
-3.4133485762827824,2.263135498638039
-2.353814980243964,1.7227782069395832
5.684872725749688,2.715982234353905
6.159761527324395,2.873582219953423
5.370518544460015,4.393890148277169
5.297334531093316,4.213839655990487
-2.143062731479926,1.5947586356352619
-1.6757527796976994,1.1839835702132038
-3.698820969318671,2.3699904738615802
-3.6192831008189152,-1.0517554224778363
-2.367124935840888,0.9013567029188922
-1.9779819457285832,-1.831232541923637
-2.9190467803233098,1.6457090436171344
-3.3961624114268254,-0.7645339907456585
-3.294963261341376,-0.8531894625474163
-3.6931594817393254,-0.10406994236003841
-2.406835457538886,1.7222458182524494
5.716124633098321,2.5478707014273456
-2.0510772673838567,1.3925486861418537
6.205329039836602,3.3516195325802616
-2.732434174274726,-1.7494001330186078
-1.6095746962778996,-1.453380102043266
-2.4184173552744817,1.3929603158186725
-3.7557448355906438,0.13457060443866764
-1.6251245944254826,-1.3539175928879925
5.469491103435235,3.058724818999653
-2.3953527419321965,1.3280308304976276
-1.5098129718058537,-0.8691430033494183
-2.4923519103281926,0.06816483127582584
-1.4867817370646428,-1.161758893852348
-0.8980621306651067,-2.005487436180229
-2.2153393237345647,-1.2888989390183636
-1.856373688434882,-0.7323639334489056
-1.9614707438700627,-0.5482478083420941
-2.467662235950751,-1.7037854136277386
-1.3977922408335637,-1.1994347513962933
-1.5741638152354192,-2.702788823967094
3.930352786327081,-0.13487982166301693
-3.560012242054267,2.4340826331328205
-3.8856362311594914,0.20288873302448307
-1.2522355525248479,-2.973735803489799
-1.0313602893107365,0.034139639015083656
-1.9649373500101994,-3.161460393791313
-1.5515505282633733,-3.4775438250352093
-1.577642342304511,-1.4392938555527874
-0.6777726618998479,-0.355151170616264
-2.4739760367625188,-1.9862513483811566
-2.0558356253855656,-0.8806080759812542
-2.5619548766367863,-1.5071806849290081
-1.8928851096384953,-2.3056440295029828
-1.574539086078925,-0.9399800242234417
3.8803053887135555,-0.13660811794292416
-1.7401620356791447,-2.634722226982231
-2.603347679828925,1.6956785975645832
-2.354892632221503,1.8293755112837604
5.709945300365167,3.0034111200522235
6.168948748851495,3.3736609874914936
6.3306532891041805,3.007401338095551
5.360287049556451,4.391041403884774
5.294158318782525,4.246026164169198
5.331858495021539,4.223132616157418
5.547394850993829,2.7839548944186023
-2.2657300441019963,1.7496835051726154
5.761919120097833,3.021586684758549
5.326937773967462,4.340488082046395
5.2404271157033016,4.415501361961251
5.781235316539483,2.872585362071877
5.788780310893731,2.9568063824127964
-2.648982903217597,1.6698328314970783
-1.0150245635264348,0.13320327388752018
6.357245543742852,2.8946057169388584
5.903002837444024,3.074925529087668
6.062980750346856,2.801541751499062
5.6731616051442195,0.3886671124647907
6.042959788585382,3.2606065778683475
5.682693103099542,2.882642274970894
6.237965205455499,2.808923935766106
6.0696812660939266,2.9035115747402958
6.152240374828057,2.7002276538561634
6.03650102927752,3.0760506300877384
6.20600376441546,2.698867416257744
5.535339215541558,3.025406686837559
4.140160897517877,-0.030205482368583336
6.044838526988702,3.141150845463162
6.056737998271661,3.1989919229100994
5.830230334544854,2.5375276266287616
5.728232005382257,2.6981932281206897
6.122111418986993,3.350460907692795
-1.1101707427256535,-2.4962091387559124
-3.864104172443671,-0.3424086512376019
-3.748629948353095,2.3294071017454914
-3.5650967566721867,0.9498162327956012
-3.7089332549326848,0.06172681438434635
-3.595495602344794,1.3964107094954303
-2.833062550281806,0.21913242923725162
-3.38174094841413,1.5024251996229938
-3.0011810271494817,-0.06714820278179134
-3.369827648853583,0.1964678822706989
-1.8298644034617375,0.747768169517403
-3.211311718677802,2.466185158367043
-3.7498725859873723,2.128922408695107
-2.864160439228339,0.39862585651386295
-2.6275185553782414,0.3747363148878864
-2.528211495136542,2.0413891135405353
-3.0867427794688176,-0.3086252154160687
-3.2417019812815617,-0.3187735022355267
6.100607493663507,3.160608018065577
5.397051432872491,2.846151536579018
-2.5045470206492375,1.5891816674422077
6.381605723643975,3.0014572723459056
-3.516581913685126,2.4150556384276203
6.2273231537587215,3.1960957481216243
5.651245454097467,2.9479933588455967
5.759492018962579,3.160462918008452
5.727212527538018,1.9695129452894977
6.1737977059132625,2.8865700571488193
5.855170348430352,3.452827310438042
5.861700633311944,3.177155351514702
5.922712424541192,3.308618759984856
6.2059889824635555,3.1709963216136745
6.214801409984307,3.031831829125767
5.880646804118829,2.6227807460974506
-3.501297375416083,2.1278697906683735
-3.847636124347968,1.6611347256850055
5.065252879405694,-0.38329386127483334
-1.9791349379771184,0.5773515759657672
-2.8155259101145695,1.9047266303252033
-3.754857918476386,1.78703046428669
-3.385775944446845,2.1859603582571796
-2.200409552311225,0.7600615082930378
-3.6547779052012395,1.4455804883192829
-3.4293025939219426,1.1717671214293293
-3.5139726607554387,1.4264253436278156
-3.7713321654551457,1.015010839576607
-2.986021897053046,2.5132699071120075
-2.7685307471507024,2.3561199961851886
5.4228588135487605,1.2511628924559406
5.538003543163018,0.17994094478595768
-2.0189417807810734,0.19162989246356998
-3.016278645252509,2.5302830396841816
-1.2537697760813664,-1.297822946434135
-1.6414338557475041,-3.609945291404838
-1.4325345961802434,-2.434470647697563
-2.0096336810343693,-0.30977987659465755
-1.5468024222605656,-1.7867336214829632
5.15498886420794,0.10294628726947819
-3.6923245398753117,-0.22111153018962826
-2.9027470557444524,2.3961818872641376
6.238639453197198,2.8610049544524006
6.163730719829278,3.2343109978984645
5.875206092143731,3.381219929332619
5.270420172954278,4.4327718077849205
6.216754058147149,2.657935267562752
5.584306576991754,3.042099802071934
5.449290612483697,3.9145255743216327
6.190167048717218,2.9192228971670917
5.329161265636163,4.395185237998849
5.732056239391046,2.8751641719292453
5.440956691051202,4.102292245502358
5.272265532756524,4.453150635833627
5.411980727458673,3.376864051694756
5.366236546779351,4.29516959774006
5.359902003551202,4.1423360167692955
5.275686124110894,4.437508112068063
5.283995011592584,4.406698471183663
5.448970654750543,4.125164872283822
5.878592112804132,2.648197686548119
5.5528107674367,3.7881924568365863
6.046980002666192,2.9852968810747913
5.380745270991998,2.7333470045279316
5.886493781352716,2.6344734488676838
5.308601477885919,4.353353625411874
6.018112281108575,2.86617346691597
6.219812491679864,2.7392780839155964
-3.8463739363902043,0.7216703950117878
-4.021286865925116,0.6916613637160114
-3.3796833960764836,-0.6027204932023236
-3.1461996047251652,0.021116500968819008
-3.891093155597968,1.272652989501839
-2.175925871586127,-2.7983169497300335
-3.919204136585517,1.3159066497038654
-3.5368675200694035,-0.35157226932537045
-1.4090994803660344,0.6789872704695514
5.9447327645070125,2.7967916785429767
-1.4425939528696965,-2.1011309565354535
-2.5931772200816106,-0.17791604412090267
-3.493043324207587,-0.08844708812725033
-3.3268379180186223,0.7502064763258747
-2.849162480091376,2.0451469479750446
-3.771116635059638,2.1202799140166095
-3.8252204863779973,0.2805149613570026
5.154744485164361,2.813674902791863
6.14957533195086,3.1333898401509575
5.866659739757257,2.6443074105929187
5.973919966960626,2.469980424518471
5.76824627235003,2.8557320891569904
5.655585625911431,-0.5464806498337933
5.8730913193471,3.079222319896107
6.158398249889093,2.528716152782326
6.083730319286065,2.4498508630942157
5.8381324799305965,2.776577985162621
5.695697406078057,3.214389575893765
6.157562831187921,2.9570144622277073
5.81983957603045,3.1347336026530317
6.04405889823504,2.6331676303099445
6.2059350998646785,3.2435807495068363
5.3615911991841365,4.175792938346749
6.203060248637872,2.6712226031969837
6.027255156779962,2.9374032674979023
5.718351939464288,2.735277718181496
5.96184978797503,3.157728569830542
-2.051969668125434,0.3976738511275104
-3.528708836292548,1.1396778880308918
-3.7377346961253117,1.3663966714094928
-3.497907540058417,1.480133777732735
-3.1425923316233586,2.136274760837441
-3.8332165686839055,2.231484299774056
-3.5097845999949406,1.0203955231856159
-3.867862602924628,2.0553454219054035
-3.873165508961005,2.29448736297596
-3.9439491240733098,1.8772262393187336
-2.975488087391181,0.4368870316695026
-3.6194905249827336,1.1553038417052082
-2.6125606505625676,0.28572822200763737
-2.2214812247508,1.6134959517668537
-3.877991577839179,2.0467259942244342
-2.46205796883039,1.140472060317879
-3.4189566581004094,0.5855305253218464
-3.8265379874461125,2.3391748725127033
-2.507825276111884,1.9609420357893756
5.094890692973809,-0.3917868078995892
5.1633840592152644,-0.5141029299546429
5.444228509212213,-0.14284848583232845
-3.5474451987498234,2.382536655540352
-2.433008095478339,2.0668553172301105
-2.1305676905863713,1.51456690418232
4.303165534282403,-0.3060936869431683
-2.1722620932810734,-1.348054403190727
-1.814304014896674,-3.611836427574272
-1.5182846991770695,-3.6009521426011273
-1.633811136936469,-3.5209565104294964
6.095322230601983,3.1893272979806713
6.134319880748468,2.592094308013802
5.710087397838311,2.597018009300118
5.934925654674249,3.3027906327198795
6.120608905101495,2.7153321562956623
6.218768695140557,2.934622606511002
5.260257581020074,4.42203236209858
5.383399823451715,4.363313323135262
5.201474288249688,4.457255726928597
5.218624928737359,4.473435169334298
5.380403140330987,4.247334366912728
5.327366212154107,4.368412738914376
6.20621595695086,2.947613483543282
5.195485451961236,4.520725732917672
5.267146685863214,4.410424953575021
5.213131049419122,4.50022650348652
5.792658427501397,3.4818551896761707
5.347809174800592,4.145807510490304
5.212813952708917,4.464638715858346
5.296697715068536,4.4364548979948815
6.136239627147393,2.6772283374022297
5.219270566249566,4.461085086936837
5.239686826015191,4.442422395820504
5.29315648391314,4.28017604934681
5.780174353862481,3.455987459297066
6.0421238930470516,2.9893466069053463
5.904821494365411,3.2367025001596264
5.2460633309132625,4.470092779273873
6.077919104839044,2.9806978015850834
5.315216401363092,4.203344708557015
5.651525119090753,3.2681604682158283
5.317934850002008,4.389808779830819
6.223535636211114,2.9035165517281345
5.263920405650811,4.46017683135975
6.297754386211114,2.6519362686823658
5.882149794841485,2.682422792787438
5.962321379924493,3.397871827955132
5.938860991740899,3.112745619860252
5.768158534312921,3.2312852500628284
5.788845637584405,3.420086032028084
4.560081103587823,0.294431930656319
5.93116245582171,2.6611307321738056
5.8678236992604305,2.8330078779410175
-2.428158184742255,1.8426001130293659
5.7426830322987605,2.9518063424776844
-3.8628210036509465,2.4022172747801593
-2.9774431197398137,-0.05397200000774349
-3.5378273932688664,2.4594687877844623
-3.7230009047739934,1.240711456413155
-3.437028786396308,1.545230990524178
-3.321285149311347,2.239900773639565
-1.2895547358744572,0.8852996884535602
-3.757686993336005,0.7447912751387409
6.0655776055104305,2.891543170685654
-2.1493228881113957,1.6759280024718097
-2.9968308417551945,2.501366621131783
6.17925701453753,2.756876176471596
5.900343993449884,2.797849124545937
6.1545177490956355,3.1450849755357555
5.6155091316945125,3.3310862837981037
5.984450438762384,2.5674817620467
6.221643069530206,2.803457355375176
5.8907800705678035,2.7914137898634723
6.225436309123712,2.7967815755556873
5.917723277354913,2.748246079559212
6.005934336925225,2.3381192146490863
5.804391482616143,3.2647122203062824
6.146399119640069,3.1478796361635974
5.241808512950616,3.569642758245354
5.857175925517755,3.072070019568091
6.175860503459649,2.60365963565815
5.694615939403253,2.775472825641518
6.182582953715997,2.9464292584608844
6.120984175945001,2.7150600312899402
5.6650298626668025,2.8122908829401783
5.638904193187432,2.4668978511046222
5.8042980225331355,2.8927665113161853
-3.931970020984931,0.09156942951190983
-3.142319103931708,0.7783873139571003
-2.0995108096354436,-2.767776960258598
-3.7376302687876652,0.7541103421400837
-3.8204292266123723,1.7804434357832721
-3.9080099074595402,1.9192009030531696
-3.100108525013251,0.6565468369673542
-2.0130516497843693,-0.7468883932877728
-3.3680795638316106,2.338270312423592
-3.4042614905589055,2.2352595983694843
-3.1805280654185246,2.4270039259146503
-3.559716603016181,1.3048270999144367
-3.5917309729807805,0.6512534676741413
-2.237733027195258,-0.23803495777141537
-2.359882733082099,0.31407929050434147
-3.6744951216929387,1.11557210075367
-2.0599855391734074,1.6041401683043293
-3.809470555042548,0.25777412044513737
-1.18412508652143,0.804718738670235
-3.5161293952219914,0.8763947545241169
-3.6020807234995793,0.9614539204787067
6.15354261710711,2.511914735908394
6.11573801353045,2.80449051248539
6.274419883037286,2.684895193452721
6.107026675487237,2.7328983007620624
6.1499119789845516,2.7523255704592517
6.153746226573663,2.718287116165047
6.009980300212579,2.5424794613074115
5.693164447093682,2.891043370838051
5.928305247569757,2.6886939464758686
6.030085185313897,2.587150221938973
5.855233290935235,2.864343336100464
-2.0373250453226994,1.6010094939421466
5.748056033397393,2.7547678111742786
5.920162299419122,3.2459420620154193
5.579035619044976,-0.3647940100480267
3.8547018559224178,-0.14992665660869564
-2.9881710021250676,0.5456752835463337
-2.0380789248698186,1.0317688046644977
-3.840361019825263,1.9895405827711872
-3.789533516620917,1.2692974864195636
-1.934275528644843,0.9722471295546344
-2.495960613941474,1.248721128578072
-3.7304662673228215,0.9982764779280475
-2.128714462971015,-3.308832162742729
-3.3847702948801945,0.7846195756148151
5.243069031978326,0.2303423939894489
5.723631480479913,-0.3933582247544476
5.1253851444966365,-0.31191634548198666
5.6924592049367,-0.3618984164048382
5.559111693645196,-0.3481042326737591
-3.3040112464182805,2.212814634914284
-1.2978838889353703,-2.990187162284965
-1.3090325801127385,-3.11908149135601
3.8296912701375057,-0.1280400694657513
-2.2304445712321233,1.5654701052855304
-3.690262219166083,2.4215639887999347
-2.222776552891059,1.6728134213637165
-1.416068455433173,-3.459362024192924
-1.7333692519419621,-3.8598256052781292
-1.106671950077338,-1.1583747805405804
-1.5540377108805608,-1.2365102709580609
-2.0397170989268254,-1.9505567492295453
-3.7862595526926945,2.3638486324499897
-3.540723702167792,-0.8466348589707562
-1.0500048606150578,-2.5594301165391156
-2.092014214252753,1.6055452882002643
6.08159027412005,2.7521324514101795
-2.147916933750434,1.557524210090523
5.577852347636895,3.024779198939686
5.999936202312188,2.62079266297329
6.141620257640557,2.857203221197014
5.071167567516046,-0.18074035060893978
5.199142792964654,4.333200937385445
5.238600114131646,4.416244155044442
5.311795333171563,4.4286766110609825
5.26557145431109,4.448214536781197
5.266306737209039,4.4182841836165245
-2.055615803455634,1.6336492358397297
5.317380049968438,4.377906089897042
5.266223290706353,4.443739539260751
5.252166608119683,4.420783048744088
-0.8582653014414738,0.14124537097919498
5.059729197765069,4.204226380462533
5.322937825465875,4.449285393829232
5.284480908656793,4.438279873008614
5.280156472469049,4.3797802983473595
5.2666181118733455,4.4034056721876915
5.920813182140069,2.8681735156725696
5.304625371242242,4.370313650245553
5.229901650691705,4.410050159568673
5.977290728831964,2.634942775840645
5.322800734782891,4.2802155076216515
5.274455407405572,3.7451483665655902
5.420803645396905,4.106529420490151
5.428295949245172,0.279781108970528
-1.1680599658244084,0.9319422303389362
5.584778645778375,-0.25030230892192806
5.969791510844903,2.960175520057564
5.223191359782891,4.388647204513436
5.687423327708917,3.1412712375323824
5.9470544846303035,3.2556602566193393
6.032462695384698,2.866206651801949
5.387416938090997,4.306931739921456
5.814539054179864,2.9360145537804416
5.292768338466363,4.380144363517648
5.25373587920733,4.460438495750314
5.922864058757501,2.62110370981205
5.277373173976617,4.4559779225539025
5.337523558879571,4.370493298644906
5.244634488368707,4.479144936675912
6.223425486827569,2.7131233571718982
5.798757651591973,2.8215004562090686
5.957759478831964,3.529989337797051
6.110325434947686,3.251126548523789
6.0104299576527644,2.720689153547173
6.023471930766778,2.8244213520239643
-3.3564399687998723,0.1320774613570026
-1.5711308924906682,-1.4145893992234417
-2.815778633808417,1.0337827264021686
-3.7465042083018254,0.5256722031782917
-1.5762311427348088,-0.8490509928513714
-3.631175419544501,-0.0781726778794476
-2.021053215717597,1.148497110481148
-2.4362739531748723,0.8247027455519489
-1.648692032551093,-1.820621961479301
-3.7336567847483586,2.2269983349989704
-2.236108204578681,1.574064737434273
-1.8564475981944035,-0.7210061491776654
-3.5758389441721867,-1.1681146563340374
-1.4678672759287785,-2.040817254905815
-4.01974143669538,0.2977695523451618
-2.3088799922221135,1.8908845244597248
-1.643100401615424,1.2000809966276935
3.887064793849664,-0.18154858959209408
3.940684178615289,-0.24353598964702572
4.181707003856378,-0.07620143306743588
-2.3208025901072453,1.9611132203291706
-3.3406437842600774,1.9505411444853595
-3.3166226355784367,1.9658640681456379
-2.89529075310163,2.037143832321053
-2.533464333271308,1.3361971436690143
-3.0398062674754094,-1.3482961596299359
-1.6675623862498234,-3.7495007456589886
-3.526800057148261,2.131765311832314
6.153924086833673,2.734724408264046
-2.367710015034003,1.4675275145720295
5.9527073891408016,3.1053343855466298
5.837304690623956,3.3781982420634082
5.968770125652032,2.8931749968479923
6.154788115764337,3.361927753562813
6.114074328685479,2.5851300417136005
6.172001460338311,2.7677727400015644
5.995684722209649,3.0122882037113956
6.154522040630059,2.732318049545174
5.940303424144464,3.0347074403117946
6.099779227519708,3.259996583933716
6.019068339610772,3.1373865569632104
6.228016951823907,2.688320404167061
5.356303313518243,3.8900332509230426
5.772622683788018,2.7070846019934467
6.206278422618585,3.1411586685727886
6.009334185863214,3.0603709502767376
6.260130980754571,2.7616592405985645
5.558248618388848,3.1946116967748455
6.293598273540216,2.7219819186877063
6.225989440227227,3.2697371153782657
6.086444476390557,3.3336016445111087
6.270193675304132,2.9499244152258686
6.173935035014825,2.9772883115958027
6.060483077312188,3.4094521163653186
5.420458653712945,3.032644732172375
5.881405928874688,2.8967596350859455
5.668639758372979,3.089702541257029
5.450533726955133,3.145474819714909
-2.662394901966376,1.4913083373259357
-2.1861309020274113,1.6925221739958576
-3.8078383414500188,2.3059490977476886
-2.8671211211436223,2.1067441760252765
-4.09793271706037,0.6381945668410114
-1.2584690062754582,-1.3767418803025433
-3.0537127463572453,2.2248591242979816
-1.994550129627509,0.3629725037764362
-2.955161473011298,2.286977475757485
-4.0562414138071965,0.9602561055373005
-4.109014889454169,0.5784575997542194
-1.0913771598093938,-1.6198153437424847
-3.945926567768378,0.9358594475935749
-4.090100666736884,0.9245929776381305
-3.682484051441474,-0.9240708292771527
-3.5297316519968938,1.1178610383223346
-3.769837280964179,1.2157808600615314
-3.59912433311872,2.204686945552712
-3.6594747512095402,0.6063575802992633
-2.437106987690253,1.8051230965803913
-3.3671831099741887,0.816021925086861
-2.3344658820383977,0.25156283962238346
-3.1364554373972844,0.6773130952071003
-3.128128430103583,1.1047363339613727
-3.346063515400214,1.000441795463448
-3.0217799155466984,1.5294789134215168
-3.348908802723212,0.2666451989363483
5.382909396434503,3.056620316828375
-1.9901470153086613,1.3509804068754963
-3.9127105681651067,1.6402784644316486
-2.657831093525214,0.34700370418537174
6.229933837199884,2.9743041752528003
6.003219226146417,2.753029948348885
6.1575389893300105,3.232302537436371
5.37327180221148,3.222296616310959
5.953686812663751,3.164171235884314
6.1997328789479305,3.0773453249286464
6.018962004924493,2.7220601795862964
4.819490769649224,-0.33727478397380795
6.215190032268243,3.0520793704937748
6.048091986919122,2.8912183402727893
6.083220580363946,2.7038243769358448
6.2598739655263,2.7619963346670917
5.762915709758477,2.8229862807940296
5.866529086375909,2.716292238111382
-1.7833231894724797,0.4738888798903278
-3.900363823627753,2.0319511948775104
-3.6699098555796574,2.0668884574126056
-3.7695402114146184,1.5051089583586506
-3.93555535957746,1.0336973725508503
-3.794350525593085,1.1347621737669757
-3.68805255577497,1.8333364783476642
4.8558913262135555,-0.36428474796306576
-1.6270214526408147,1.2874510346602253
-3.417767426227851,2.2712029277037433
-1.1628200022929143,-3.130213254814262
-2.9256943671458195,1.4103381692122272
-1.5686742274516057,-3.6853475512314984
-1.5651015250437688,-3.658451551323051
6.191382506633477,2.6598236321162037
5.278622010493951,-0.2014629782487103
-3.668640991901679,2.3272482215117267
-1.4631220309489201,-3.426919454460258
-1.2866801230662297,-3.2494625986863324
5.100578168178277,4.485022789115792
-1.01577415153913,-2.3539924563218304
-0.7553471534007024,-1.4643440188218304
-1.5942210166209172,-3.680078977470512
-1.3001545874827336,-3.2108626307297894
-1.964079519962592,-0.9065418185044476
6.169542887950616,2.6134450494002155
5.33450136497088,0.717539316291695
5.316385844493585,4.301852112884408
6.040414431834893,2.6375331937025837
5.226299861217218,4.511867767448312
5.462901452327447,4.155307417983895
5.282490351939874,4.461204534644967
5.30082044913836,4.3834904490660485
5.34644828155108,4.393813496703988
5.308626273418145,4.335229164237862
6.170931914592462,2.591038054103737
5.280410388255792,4.4623714743803795
5.2889569790608455,4.414113169784432
5.339597085262017,4.280645972366219
5.283084014201837,4.434338933105355
5.934120753551202,2.949567770833855
5.654936650539117,-0.5595726908494183
5.166464665675836,4.5189110099028404
5.29663286521502,4.35561287986744
5.27012501075335,4.44675684558857
5.316275218272882,4.367727881545907
5.078130820537286,0.025356775398140297
-2.2481616942637395,1.7519863902281574
-3.924747368549628,1.7818161307524494
-3.9166048972361516,0.6679403840254596
-3.012351414417548,1.9650516568373493
-3.2905062644236516,2.341289704913979
-3.5052184073679875,-0.23272346866619076
5.0966280491597225,-0.6036128939439007
-3.7633832900278996,2.3764506040762714
-2.969346901630683,0.28176069843280827
-3.471427342151923,2.3522561846922687
-3.8746828047984074,2.4341685830305866
-2.6598609893076848,1.594247227783089
3.804738381648736,-0.13936352146160091
-1.8023859469645451,-3.776319497947807
-2.9890541045420598,-1.330896848564262
6.129266360545831,2.784569984550362
6.198600867534356,2.8010113297652057
6.256895163799005,2.6650953947256855
5.607110121989923,3.6312570034216693
6.028835395122247,2.9216017185400776
6.147324183726983,2.6314860044668964
5.267037966991143,4.437051540489083
5.279656747127252,4.381388074035531
5.300800421977716,4.4265565930556114
5.141891816402154,-0.4296114386368939
5.367567399287896,4.3157732545088585
5.375762561107354,4.331114894027596
5.31172976806231,4.395348316306954
5.207835295940118,4.427908187980538
5.243550637508111,4.404581194991952
5.238537648463922,4.515841966743356
5.3307918102986385,4.36175358879078
5.351472714687066,4.30917311298359
5.828148940349298,2.716216540212517
5.473014453197198,3.8692221103857807
6.137658217693048,3.245402088637238
6.2712331803090144,3.0268299563478283
-3.920312782978339,2.293755239124184
-1.9974395243876408,1.308439260597115
-1.2038775889628361,-1.0942907275010296
-1.7232357470744084,-2.1558661402512738
-1.3000623194926213,-3.238637918357963
-2.003709933018012,1.5444005786131672
-1.4671544043772649,-1.3599815310288617
-1.545847794269843,-2.8061194361497113
-3.5629548041575383,-0.5978479327012249
-3.9360188452952336,1.782890444869881
-2.1341716258280705,1.2511771975706867
-2.5239662139170598,-0.19152807605754818
-3.232817074512763,1.0648548661421589
-3.667655369495673,1.0344593583296589
-1.859866759037299,-3.7409839571763226
-1.9743017165415715,-1.1654753626633831
-2.0954538790934514,-1.2112483919907757
-1.9919554202311467,0.4661831914137653
-2.0256163089030217,0.9525091706465534
5.734681227946954,2.878757750863915
6.294643023753839,2.8892489432047657
6.09899578406878,3.2798086761187366
5.527750590587335,2.929961478586083
6.059156993175225,3.0105730502556614
6.18410263373919,2.942748969669228
4.624391177440362,0.1627318917464069
5.719544032359796,2.7959041355799488
4.942365506435113,-0.6436819971848675
6.024077513957696,3.004882311696892
5.9381762535817195,3.1563403329502395
5.624843457484918,2.5718374310683063
6.297512152934747,3.0602497516821674
6.204656222606378,3.193608304734116
6.185597995067315,3.124957003879135
6.261133769298272,2.7984088419627002
6.208917716289239,3.268426334733849
5.610491374278741,3.2502064614247135
6.168018439555841,3.2075220926355175
6.169353583598809,3.219568616027718
5.743719676280694,3.2813970355938724
6.029881099010186,2.7034705339621357
6.159609893108087,2.86006108510006
6.199730017924981,3.325789859766846
-2.0756460635416936,1.4760862647246173
5.166722157741265,0.12578774082172428
6.148041346812921,2.7100295780848316
6.295517066264825,2.982341787094956
5.648572543407159,2.9097481428335956
-2.5742844550364445,-0.14780163181316341
-3.8276952712290715,0.9928023873518756
-2.3981322257273625,-1.1448965014268109
-4.024981400226874,1.0594899712752155
-3.4950980155222844,0.9644155560683063
-3.7850126235239934,1.277677780265694
-4.03017320320539,1.1151536761473468
-2.6753639189951848,1.1408411322783283
-1.4110278098338078,-0.6450092734147259
-3.5889357535593938,2.0514047204207233
-3.752170464252753,1.4540751038740924
5.97259722068377,2.740744507188683
6.075980761790948,2.816579705352669
5.74085483863421,2.192485397930031
5.796489814067559,2.733572041864281
6.199939349437432,2.8725173233698658
5.938924887920098,2.6873763858031086
5.676219085002618,3.0663892647873214
5.877002337718682,2.7888196765135578
6.022924521709161,2.8557699381064228
6.312262156749444,2.9654008059452823
-3.344802757953925,0.8294975815962604
-2.6759027449839543,0.44200873958576237
-3.0706976859324406,2.2252067981909565
-2.2571906058543156,0.8281483708571247
-2.4447869269602727,0.8278827725600055
-3.7347182242625188,1.1813293753813556
-3.266734501575751,1.370952254409676
-3.020604988788886,2.544651096935158
-2.5329803435557317,0.9395573197554401
-3.492625614857001,1.5058016835402301
-3.687599560474677,2.10797453510273
-3.5234345404856633,0.9753217755507282
-2.120777508472724,0.5163471757124714
-2.8778103797190617,0.5252919255446247
5.690025428081231,-0.25120090854656185
-2.4791716544383,1.8787332831572345
