UMAP1,UMAP2
-1.8543763803126239,-2.5340727591201744
-1.423569505083742,-0.9242472672149621
-1.0503032849909686,-2.2452996992752037
-1.933842246401491,-2.161879661051937
-0.8570200847269915,-0.5013619088813744
-1.2479370282771014,-2.796553256480404
-0.7108432696940326,-1.0378904366180381
-1.8617299245478534,-2.274437549082943
-2.5564144300105,-0.4885920905754052
-1.7056651757838153,-3.027619006602474
-1.9964144872309588,-0.6090560578987084
-1.450403992998781,-1.3548096441909752
-1.7016561673762225,-0.2435518526718102
-0.8955721305491351,-1.2911151671096763
-1.662205283510866,-0.48470336434096917
-0.1372274802805804,-1.4296531700775108
1.310824180972395,0.3275223052814521
-1.9460449861170672,-0.20043206450194936
-1.0100460694910907,-2.773347976176449
-0.4539195941569232,-0.7901316904708825
-1.3825317071558856,-3.0314320349380455
-1.7324076341273211,-2.7463246607467613
-1.9416983770014666,-2.6549295210525474
0.45465769900065434,1.6204405999496498
2.704658205640135,1.7268650508239785
2.299676711690245,-0.41176569697112664
-2.440849845278444,-0.759574177233883
0.017075593602476236,2.5351384854629555
-0.11731845604199398,-1.6542013907119713
2.1406032396672345,0.33785626056938545
2.745912368428526,1.0114457583740273
-0.22444802986401546,-1.7871745848342857
-1.3945961640955828,-1.1532093310043297
-0.3303049253107928,-0.3579979562446557
-0.8369191335322284,-0.4763411903068505
-0.8816421674372577,-2.0527826571151695
-2.2407696889521502,-1.4276108765289268
2.7284871889470197,1.2407909608200112
-1.9189739869715594,-1.725987555949398
-1.667771165239992,-2.1444579386398277
-1.713486497271242,-2.287689330546566
-0.3042233632685565,-0.8631949448272668
-1.137826268541994,-1.203322532145687
2.9924632860539533,0.992142496140293
-0.7731408523203753,-0.6200906061813317
2.163346464764891,1.7956538176849404
1.1378897382138349,-0.7540736818000756
3.1580221010563947,1.2438718056991616
1.2810511244652845,0.015650165708354896
0.5752811683533765,-0.6167494082138024
2.2374485088704206,1.2321857190444985
0.5307150734780408,-0.5629252218887292
-0.4210479901911639,-0.33172148701400384
3.179239447247801,1.295215246708683
0.039736325871763345,-1.3572398447677574
2.9701415850041486,1.4536405778244057
1.5207797838566877,2.32428467038422
1.9153367830632306,2.348203537495426
1.808586473595915,1.9319946742370644
0.9726575715659238,2.801138041050724
1.3810095740674115,2.526845810444645
2.1140029980061628,2.2991698956802407
1.6065787030575849,2.3739284253433266
1.1474413527367688,1.8122243857696572
-2.0718324826838397,-0.5727665447875939
-2.211530511248293,-1.49296009775848
0.38194933069926273,-0.4517607712432824
-0.30061048733014095,0.5253979540184058
-2.4651210950495623,-0.38847637411803826
-0.5190098928095721,0.06027176740913767
1.4835310531972028,0.24124907094388384
-0.8791869329096698,-1.649001004664608
2.7296195579884626,0.995992777378849
-0.704313461649599,-2.1192148947402916
-1.6516915010096453,-1.4090558314010582
-1.4497545407893084,-2.6070946478530845
-0.5349336312891864,-1.9169355654403648
-0.36651200519818294,-2.170710923640438
-1.5361350225092791,-2.029461028544613
-2.0934901879908465,-2.5224851393386802
2.8001242233632184,0.6853563165977515
1.0560640050290204,1.0831752991989174
-2.2438500569941424,-1.5855917954132042
-1.7592900441767596,-1.8894718908950767
-1.5653138803126239,-1.894796731440731
-0.8307563708903216,-0.7612916850730859
-1.861257378924074,-2.0683912062332115
0.7032670183299161,-0.9216346764251672
-2.2049725698115252,-0.09045836564750295
1.151430333983717,-0.1598925017997704
-0.9555231975199603,-0.41763693329543694
-2.1019509481074237,-0.6595696234390221
0.8881239062367059,0.17078615862279314
-1.858778064119997,-2.671886565653988
-0.9879687474848651,-0.014379712311931664
-1.7763708280207537,-0.4546098136589013
0.36588495506030094,-0.5594449066802941
-0.15753263698834408,-2.1894832873031578
-1.1397298024775409,-1.160240771739193
-1.8752637551905535,-0.4490807676002465
1.822281713616667,0.08906701716928858
-1.2652989076258563,-0.6804462098762475
-2.0179992364527606,-1.8589779162094078
-0.8826990769984149,0.3502411669805564
-2.3037708448054217,-0.40050441261977776
2.865135247838316,0.9849001741722144
-1.2359605477930926,-0.6898789429351769
-1.5015128301264666,-2.8272033953353843
0.7256243331549741,1.7755966162994423
0.5593065275071241,-0.2869462394401513
-0.07980597482937801,2.308368084461979
-1.4120135949732684,-1.2375350022003135
-1.2698262380244159,-0.9993501925155602
-1.9091859506251239,-0.16647741433829885
-1.8377237962366961,-2.495141150920101
-1.9121857331873797,-2.26735556360931
2.836367781293211,1.2408217168167153
-2.133680884707155,-2.1866396689102134
-1.3100169347407244,-0.593896093337246
-1.732661073076906,-2.2256902479812584
-0.2718281196238421,-1.6407640003845176
-1.692020957338991,-0.2992526316329919
-1.7586067365290545,-2.378728511302181
1.680243845116911,-0.31303084131927117
1.0401240540860273,-0.06296366688460928
-2.1703854249598407,-1.198566558329769
-2.1614669011713885,-0.19600057837218862
-1.6198719190241717,-2.1071394705459556
-1.788083379137697,-3.0215963148757896
-1.8241272615076922,-2.6814607405349693
0.6373797310708142,-0.9499857449218713
-1.9022365258814715,-3.04280460116119
-1.5930271791102313,-2.944996001689144
-0.6830232785822772,-0.4036953472778283
0.8304495094535924,0.09845629099159617
2.7581809116719342,1.0190506553962746
-0.6873790668131732,0.4917499995544471
0.35203605426531803,-0.4023288511917077
1.8751926971791364,2.4295645928695717
0.7815312175272084,1.8547575450256386
2.205459649693785,1.9299412942245522
2.108124430310545,1.8325381255462685
0.9647512464044667,2.444328663380436
0.757818716597376,2.400181171925358
1.0909153027651883,2.698613045246891
0.16564124358874333,2.2653347230270424
1.128324831855116,2.193961141140751
0.6900560362456418,1.6499470448806801
0.440730358493147,2.027070877583317
0.24607103599291813,-0.46227175232619866
-1.9258788274409198,-0.03555304047317129
0.18265950216036808,-0.28022912379951104
-2.026026074755373,-1.3806043886825523
-1.3603175328852557,-1.7780888104125938
2.162944610249815,-0.5913170003578149
2.1312418533681012,0.8870570040061988
-1.1455441163660907,0.4527170485570945
2.862622792851744,1.0889399028137245
2.888390953671751,1.2640300965621987
-1.9694598363520526,-2.770063998667904
-0.5787462638499163,-1.2453455948516807
1.6739194942830182,0.36414327982216255
-1.9111977265955828,-2.33711350199432
-2.317194049227419,-1.0738675617858848
-0.9362743543269061,-0.5205240869209252
-1.1928270505549334,-1.8948878073379478
-1.9405742334010028,-2.1287273192092857
-1.2271145032526873,-1.449992420642086
1.294693524968443,0.9210046506240882
-2.0438283132197284,-2.121504428355404
-1.1625440763117694,-2.8014844679519615
-1.4361887620570086,-0.5597930574104272
-1.0338802980067157,-2.7611867212936363
-0.9353507207514666,-2.5285724425003013
-1.3770480798365496,-2.3032833361312828
-1.1096323178889178,-0.4237400316879235
-0.7563168452860736,-0.9254006170913659
-1.4709685491206073,-2.330399396388241
-2.0740743325831317,-2.3947035097763023
-1.1794987367274188,-2.4389122748062095
1.714245195519743,0.19715523857026476
2.7967759920476056,1.602792379887394
-1.837535445559206,-2.1053968691513023
1.2675074590561963,1.0149040198638954
-2.2462404416682147,-0.9148051762268029
2.1005896879551984,1.8362712836578408
-1.6041382001521014,-0.7301545762702905
-1.3613837407709979,-0.8994071507141076
2.4838268114445783,0.8064251518562354
-0.3260896848322772,-0.9148298525497399
2.5579170538304425,1.813617107899479
1.5398426605580426,0.6993987536743201
-1.945730035174074,-1.2602701210662803
-1.6343017266871356,-2.292419316737362
-1.8460651086451434,-2.7764061712905845
-1.8870762036921405,-2.754420640437313
-1.8854895280482196,-2.909996392695614
-2.2148004220606707,-1.5177021050140342
-2.0410512136103534,-3.031144740550228
-0.08642441498059261,-0.9077656292602502
0.768557558786688,-0.8820393109008752
-2.3231163667323016,-2.5510550760909996
-1.803682391512575,-2.9678686880752525
-1.9457011865260028,-3.1309596323654136
1.0882321251748182,1.33017062905579
2.1200640751240827,1.7391095137908974
-0.9535680459620379,-1.041940810649105
-1.1810701535822772,-1.4239276671096763
0.7484024791238881,2.197256205113224
0.42616080774050724,2.7816055989578286
1.2950794650433637,2.659409878285221
1.5847738934872724,2.542313931019596
0.3861571503995038,1.585163590939335
1.8568982435582257,2.452685472996525
2.1412594868062116,2.2011668658569374
0.5338538540719129,2.7875043130233803
0.9360606400487996,2.520780203373722
-1.0785495685221576,0.310215180249504
-1.1154307769419574,-0.521223130194851
-2.30493623482007,-2.0807467722579918
0.6057780934689618,-0.5511319064781152
-1.642401521074953,-0.21242398258895498
0.655571798813162,-0.7250149273559533
-1.1398983644129657,-2.80843222376556
-1.5072544263483905,-2.7336598658248863
-0.25543207393902767,-0.9349958920165978
-0.6140784667612933,-1.8108514570877037
-1.3077090428950213,-1.884040477244564
2.996369297635374,1.1515660262420693
0.7524345098255254,-0.25158903238029107
2.193115646970091,0.4406497454956092
-0.8866471694590472,-0.19447922941894155
-2.1638425038935565,-1.7279353165313682
-0.49913579689282406,-2.4800974154159507
-1.8757405923487567,-1.0736362957641563
-1.2475786851527118,-2.6155461096450767
0.9666107474086858,-0.4551387452766381
-1.739006106722536,0.1488494327977218
2.2990245176671125,-0.23714456197471243
-0.37149435745495785,-1.6164540075942955
0.8070292500970937,0.571734336645893
-0.3199653075816058,-1.5644587301895103
-1.4312003301264666,-0.8783421539947472
-1.9369297670008563,-2.66943657633514
-1.778622453081789,-0.14106035467834097
-1.2605505632044696,-2.76477349039764
-1.3083737538935565,-0.22114208575934988
-2.1960902856470965,-1.0531893992111168
0.9425652874825574,1.6195694184616127
1.5137863112805463,-0.43628382918090447
-0.9297437118174456,-2.4506729864761314
-1.309933726656618,-2.852915170161434
0.8272287650225736,-0.37411356207580193
-0.17665023075360287,-1.3487472557708702
-1.699535195696535,-0.7079303288146935
-1.871816222536745,-2.6332296156570396
-0.2857376979472064,0.3478540307596244
-2.078120295870485,-0.19605717298240286
-1.8686671899439715,-2.750168921916195
-1.4927776502253436,-2.5032738470718345
-0.4895709203364276,-2.4456805014297447
2.473076517712889,1.6601816392257729
-1.6635888265253924,-0.6599303507492028
-2.2973035024287127,-0.8108392977401696
-1.7376697705866717,-0.7352544688865624
-1.6044500516535662,0.6764281666591682
-0.9243984864832782,-0.6432989859268151
0.12700187696200382,0.6907135224655189
-1.6490979837061785,-1.7546194815322838
0.9683370767353154,-0.327372553317257
-1.8352432893397235,-0.4324184083625756
2.755351836812315,1.370455143482975
-1.1249850438715838,-2.7456461214706382
-1.8396149324061297,-1.1600419306442222
1.2179972483037091,-0.533522787062832
-2.0948205636622332,-2.986845138041683
-1.3510273145319842,0.16969252514987368
-1.8751657651545428,-2.5114988112136802
-1.8853955911280535,0.18510522271840948
2.2688928200123883,0.25467410820870773
1.5572990728734113,-0.188205095498272
-1.5857036756159686,-3.163513781993099
2.1650738073704816,-0.4804517054244958
1.4833974195836164,-0.23635015126914602
-0.6536325858714007,-0.15107554432601553
0.769598851930914,1.5934748626068154
0.06536656154376042,0.0020966357305564343
2.1800042940495588,-0.42414659496993645
0.11509787572604191,-0.5138443731948815
-1.4932523416163348,-0.7172502302810632
-0.7820214675547503,-0.7354412698432885
-1.6513772653223895,0.6670451438739814
-1.9110091374995135,-2.633972051112362
-1.8727362798334979,-0.1558358692810021
-1.1409340547205828,0.12071017685680765
-1.5745087312342547,-0.656145336596676
-0.8319124625803851,-0.9842617535278283
0.9764881534693814,-0.5006684684440575
1.6164480997441388,0.49281677368431465
-0.4905851529719256,-1.7322468781158409
-1.4201718019129657,0.5177991366699256
0.6005216790555097,0.3740741885021247
-2.1253457711817645,-2.83964240786285
2.1909448458073713,0.16261516276150126
-0.9982580588938617,-0.21134963866920095
-1.380771939623537,-0.7024564766571008
1.0816349191783048,-0.030168043939777428
-0.14794880615490902,-1.0620050453826866
1.460078115594206,2.4619849896743813
-0.06855458484906185,-1.2670766138717613
-1.6480901883723162,-0.6722344779655419
1.733012492787657,-0.06948644158095937
-1.437079493868532,-2.6515542292282066
0.7874916671035863,-0.35161483523101433
2.254804666173277,0.5200643515899696
1.6292563630459882,0.040937570364765113
-1.510112826693239,0.14392576131372828
-1.7140865968348407,-0.9661384844467126
-0.6325172828318499,0.3918804502800025
2.20187049640399,-0.38141322371215447
2.451157982480345,1.637832639248661
-0.9735407279612445,-0.40816551682204827
-0.9062078641535662,0.027339172990611976
0.25534641278964054,2.364071962864689
1.134393985402403,2.2700935578659096
-2.224045102465334,-0.4014171385452233
1.385043318402586,2.62410795453339
0.26463579667788517,2.78069770100861
-2.1898246453883075,-0.4211596870109521
1.888869459760008,1.9671094394043007
1.4983395887730695,0.27087358895092384
0.6542435391066648,1.6320501542404213
0.5735614849446393,-1.136982920138546
2.3696328951237775,1.252619621784977
0.9877812965033628,1.631531951458744
-2.076736752855959,0.010589209826282447
1.843114848267851,1.2174589610412636
-0.9349576877238177,-0.7210537814781152
-1.8786855386378192,-2.981086137263485
-1.4485746072413348,-3.1348093771621666
0.23857068551760685,-0.9218248152420007
-1.5206602262141131,0.629968640835575
-1.1381323979975604,-0.5188421630546532
1.119106839430151,-0.3550730967208825
-1.843460862505617,-1.5893249535247764
2.4164707018254377,0.4248792505577125
-1.1987655805231952,-2.8096579336807213
-0.09956551061886776,0.5475474572494544
-1.3158646272303485,-0.7605186724349938
-0.7804110692622088,-1.7998880171462974
-1.1197982476832293,-2.4449869417831382
0.6319765998242475,-0.6057552718803368
-0.5266681359888934,0.24843675035386462
-1.731447045672121,-3.0862368368789634
-0.2387979673029803,1.038490531475834
-0.8212209390284442,-1.166387798754879
0.12712829841357243,-0.15275559064597707
-1.2968400167109393,-0.3614122295066796
-1.6395903276087664,-3.0354326986953697
-0.06022817360180843,-1.2417982840225181
-1.7099009202601336,0.4337808466270484
-0.5914093898417376,-1.742186548678585
-1.6409986661555194,-1.614331724612423
-1.8050382779719256,-1.5798041844055137
-0.2738961623789691,1.9058095193222084
2.5765202595112897,1.4121180749252358
0.6666749520419217,0.8510242081001319
-0.19683748947400082,0.6304795420482673
-0.3579124854685687,-0.7833622121498071
-0.8228933261515521,-0.49511933562011345
-1.4518647836329364,-0.9860553764984094
-2.0204363511683368,-3.0578252100631675
-0.5639755176188372,-1.7985919737503013
1.9545273138402082,-0.002129139868923241
-1.1589723275782489,-2.885256411997982
1.809805328976927,0.11371256175785441
-1.5732687162043475,-2.4157747053787193
1.8217939092038251,0.4985261535957374
-2.1539219068171405,-2.050504090754696
2.820920283925352,1.247898933918766
2.8251168085454084,1.64893865350037
-1.3390794442774676,-1.322776558367916
1.4036723924992658,1.7835329747512856
1.4129512263653852,-0.08282485839576345
-2.018459861147585,-1.8200703882858238
-1.8481648610712909,-1.6263083243057213
-0.7757218526484393,-1.6457676911041221
-1.6191371129633807,-2.080583217112728
-1.3636496709467791,0.15730542826800722
-0.5326153682352923,-1.1090614819213829
2.1078866077778913,0.29389831933527366
2.1852627350209333,0.7074762559249915
-1.406953875887575,-1.986952664820858
-1.4551835702540301,-2.0863403105422935
-2.1769622014643573,-2.574145915476986
-1.2481289552332782,0.18062541026025195
0.7451057983754255,1.4681354737594643
-1.2946394132258319,-2.5179804587051353
-2.3252401994349383,-2.3106330656692466
-1.9659414933802508,-2.2345520281478843
-1.7705429242731952,-2.144033315150448
-0.24095839725750912,0.2920117205694236
-0.5674714492442035,0.34044901791363136
-1.1669195340754412,0.8601140952423133
-1.9221125291468524,0.1751678618356504
0.950072693657694,0.6006869948223151
-1.9122398542048358,-0.02825732764453512
0.3393014026997663,0.11923564735203165
3.024226839673338,1.1339524960830727
-1.2892082379938983,-2.3134969496414146
-1.3525672601344012,-2.0741657042190513
-1.4806054280878924,-2.7930361056014976
1.086423660647688,0.11122330787926096
-2.1337404893519305,-0.5250554704353295
-2.38708955513257,-0.6948351287528954
2.1326273037312604,1.0316209769561806
-1.3456080602290057,-1.0399484657928428
-1.5442715333582782,-0.07593444225043874
-1.5929780648829364,0.6025120592430152
-0.46589786278027523,-2.2672697329208336
1.7041138364194013,0.29251438889055625
-0.6232416080119036,-0.592379512755581
-1.8549125836970233,-0.490777733294674
-0.4984388993861102,-0.39900017019958123
-0.7288462566019915,-0.006927313773342186
-1.713418547976198,-1.3987141871139488
-0.20338374840039242,-0.7003938579246484
0.9119125670014001,-1.2067576670333824
-2.1092353509547137,-1.7217650437042198
-1.6077378438593768,-2.7305003428146324
-2.364862744677248,-2.0056568407699547
2.8091219021199323,1.3614385104492226
-1.1147236274363421,-0.802909138171383
-0.6218634294154071,-1.7526842379257164
1.8315368844388105,0.6467683589771308
2.8461012197850324,1.5465211844757119
-0.617857162821474,-1.5962215685531578
-0.14004105793255794,-0.5834077620193444
1.8119217110989667,0.9298574900939979
0.005478794705686685,-0.11893618342132192
2.3473390890477277,0.6400417661979713
2.646921332013426,0.6353391385391273
1.9542279793141462,1.573948500187687
0.6279483391163923,1.3558756089523354
0.16603928340655338,2.645207283528141
-2.3730898545863055,-2.150043132273861
-1.113873665201845,-1.4690091633483848
0.6579105658648587,2.8556040501907387
0.32592892183047306,1.3676943755462685
0.19929235709887516,2.2896248078659096
1.731328184735594,2.3267742371871987
0.6085093571065046,1.4756854749038735
0.2085209442494489,2.3705877042129555
1.578290994298277,2.3260513520553627
0.3212441755650617,1.7227653241470375
0.7409462137339689,2.834150908024601
2.0761464191792585,2.209930536778263
1.928255732190428,1.8633824563339272
1.2724351836560346,1.8265553689315834
1.6365894628880597,1.4491810775116005
1.6103985263226606,1.4204645133331337
2.4120165659306623,1.4097996926620522
1.5319670988438703,0.4673811471775092
0.8335856599925138,1.7502642846420327
2.2424523187993146,1.1947900629356423
2.8690504385350324,0.8453331566169776
-1.7623856710078143,0.29230394724159614
-1.4653537915827655,-0.026616262762256676
-1.4799278424860858,-1.1595376753494224
-1.8887484716059588,-2.662950160472103
-1.1769643472315692,-2.436558845011898
-1.5865414785029315,-2.940991284815975
-0.7761704372050189,-0.08235600825996023
-0.6011807368876361,-0.196232678858944
0.6176555110333539,0.15351206946521181
2.250318343770323,1.2113430476501503
-0.18535358177441585,0.34440251949577705
0.7760487375972844,-0.3912412547752343
-2.3958483384730243,-1.3055733465835533
-1.6384385274531268,-0.057276668517299706
-0.8617740319849871,0.3053028783515014
-1.0093393968226336,0.5515068447902717
-1.2097001718165301,-0.2122771763488732
-0.07207400070446957,-0.9913629316970788
-1.5110519574763202,-0.5057408237144433
-0.863560025561037,-1.44754994150848
-0.6367073701502703,-1.656646850077816
2.389631087910948,1.4423085427597084
-1.4502204106928729,-0.03867942330093008
-1.5225985692622088,0.00713287058620829
-0.2453575776698016,0.08890894565134425
-2.0585022615076922,0.27017863604574577
-0.9992560790659808,0.7621213770225562
-2.0570550607325457,0.10291144016533274
-2.034934823382082,-2.3415347361251793
2.394409592282591,0.1558578475132503
0.35395842326861393,-0.5987609052345239
2.3977478100178815,-0.02890761431903463
-1.4373965905787371,-1.0430178665801964
-2.3020265744807147,-2.083418490855404
-1.7040558503748797,-2.374748589961239
-1.547506158220949,-3.136343123881527
1.1660562111256696,-0.19562414523810964
-1.0842108176829242,-1.3083785795852623
-2.278814856875124,-0.9471402191802941
-2.0323939965845965,-2.6385110640212974
0.0039724065182782375,0.8002239442184486
-0.9862675117136859,-1.9613317274734459
-1.5468192742945575,-3.1116105341598472
-1.6581047223688983,-2.71207893130035
-0.3544701980235003,-1.8987737917587242
-1.030472342837038,-0.7036225223228417
-2.132335965502443,-2.4539245390579185
-1.5651395963313006,0.18476070973425288
1.0386354578850843,-0.303186717002102
-1.3541868375422381,-0.6840737485572778
-0.6456777499796771,-0.22864848610610586
-0.9924276517512225,-0.9331084513351403
-1.2589004682185077,0.44739930096416847
-0.23891348110455501,-1.0980579876586876
2.9977907492039777,1.0441408133819619
2.564513738286314,0.4918129420593299
-1.3583644078852557,-2.2746621393844566
2.116767819058714,0.346114573509983
-1.7108300374628924,0.5153468227699317
2.2960990024922467,-0.30543732878417595
3.0544964624760724,1.2674133754089394
2.575701530110655,1.4822390055969277
1.4111136747716047,0.4734302437618293
0.3118510795949079,-0.41050017115325554
-1.9899814771296405,-0.2921032333061181
2.1813288284657575,0.7843048549011268
-0.6139854835154437,-0.3805179619476281
2.0308394981740094,1.2587225413635292
2.8756920648930646,0.9837631559684791
-0.5402969764353656,-2.300943257777401
2.9003664804814435,0.8404796099975623
-0.31760925518292416,-0.40204078194350823
-0.2898493455531024,-1.856710793940731
0.4737021578667737,0.5090857720687904
-1.3236213372828387,-1.481654288737484
1.428613419663725,2.508549091847233
1.9193279100773908,2.3073266721084633
0.8891146006254531,2.423915026219181
-0.23839754329937923,0.9548584199264564
2.081532771718321,2.160541770489506
0.9201120389817334,2.4642487740829506
-0.10117298828381527,1.0519418096855202
1.9518679930089093,1.9290267205551186
2.1359555078862287,1.9782696938827553
1.7555984808323957,1.60016095402985
1.6531106783269025,2.012532231838993
1.3246404482243634,2.6005774712875405
0.8639324465958453,1.7901823497131386
0.34805953038912785,1.6454024291351357
1.135499383342085,1.5196492648437538
1.5464640213368512,1.9074611640289345
1.9197265459416486,2.4208437180831948
0.8339215694187261,2.0887732482269326
0.3009298993466474,2.3140977597549477
1.08770654631835,0.0477137244060554
-1.1309908078791522,-0.6412988924667321
-1.9779465840937518,-3.07733190294952
-1.6849568532587909,-3.141860129801937
2.8658378673909284,0.81391268733292
-2.0776396440150164,-2.510193469493099
-1.8369949506403827,-0.5519291782066308
-1.4939776109339618,-0.22966423866004568
2.0649092747090436,0.09600946071892161
-1.4693709062220477,-2.329273345439144
1.453067298066435,-0.0371619635507546
1.812951262128172,0.02596764031200785
0.4126663757680036,-0.6406602883026086
-1.4124923394801043,0.8663373565986671
-0.6249030278803729,-1.5374659323379478
-0.6983043597819232,-1.1287183785125694
0.530387694966612,-1.0006064200088463
-0.976341311800661,-0.7311615371391259
-1.3034234689356707,-1.8635457777664146
-1.8174212621333026,-1.210327269999691
0.325472767484007,0.5237833237960853
-1.6674972222926043,0.3202896541669883
-2.2388499425532244,-1.1789896511718712
-2.031082455980959,-0.7489284896537743
-0.8576872991206073,-0.3194738650009118
1.464306528699217,0.14394955101757426
1.453694636952696,-0.3302503847763024
-0.4481199430109881,2.077834603817753
-2.201551978457155,-1.8953825258895836
-1.3349376367213153,-1.2741445326492271
-1.3160780118586444,-2.6374119543716392
-1.8861838029505633,0.19787929158060927
-1.5029793428065203,-0.5906348848030053
-2.187788789141359,-2.6556714796707115
-2.014554087984743,-2.776822926966854
-0.4173931525828265,2.0450859046295204
0.47452368868571293,-0.21340215441436391
-1.3887146161677264,-2.7822371744796714
1.09234421981555,1.4345542168930092
-0.3652330087305926,-0.5785642885848962
-1.2166431592585467,0.01678630474357981
-1.39937621818799,-1.209943535296627
0.05752384198885929,-0.7040578746482812
-0.8694987939478778,-2.148601653544613
0.7988050086615659,1.3529742932632485
-1.2165742562891864,-0.6579433107063256
1.4436897589085675,-0.6250717663452111
-1.6116007016779803,-0.46226811644286736
1.246037210357008,1.2406555390670815
-1.0180875705363177,-0.20279181238860708
-2.07096726166028,-0.39575463768691643
-0.3210617946268939,-1.6666822457000694
-0.5100110219599627,-1.5145818018600425
0.8311018599389173,-0.7885373258277856
-0.6414452241541766,-0.9727158569976769
0.24461781514864933,0.4932019687011756
-1.7441468881251239,-3.0864337706253013
-1.4096356080653094,-0.2938945614978753
2.7867460800526715,0.8857080316856422
2.313443000447569,0.5928872204139747
-1.4012387441279315,0.08517461034803767
-0.6662908242823504,-2.3594633364364586
0.19125973714571964,1.3153376555755654
-1.8080526040675067,-1.7542682909652672
-0.7104492829920672,-1.4359418177291832
1.7456870032666303,0.3229935220196761
-1.191659276354494,-1.8220976614639244
-1.323725287783327,-0.7725688838645898
1.4283461524365522,0.0416729277685203
-1.9211149858118914,-2.792339923350521
3.0530132604954816,1.3273225999191323
-1.19720393883008,-0.664290072886654
-1.607935731280031,-2.7305637621566734
-1.1418462442042254,-2.35268271204681
-0.7662568734766864,-2.131841304270931
0.8795817848486878,0.9688066220596351
1.5494548632023908,0.37029036644249336
-1.2542515443446063,-0.8577561402008019
-1.7308939145686053,-2.8539444231674156
-2.0445182965876483,-2.726426246134945
-1.1360402749659442,0.20859622091389377
-2.2238045381190203,-1.0359189533874473
-1.658303801882448,-0.706134977309414
-1.9855640576960467,-2.2924917959854088
-1.5230770753504657,-3.130855205027767
2.163349087369261,1.571050403149418
-2.2301548169733905,-1.0942399525329551
-0.9398379968287371,-2.5629450106307945
1.5542393876431562,-0.1798505508586846
1.826304431092558,-0.25200319525451287
-0.40810090767163265,1.1819643950775185
-1.5488682435633563,0.5766646242454566
1.9482628656743146,0.7931309318855323
-1.2405527280451678,-0.5831611776039086
2.8143636537907697,1.3193562007263222
1.3170978678582288,-0.6941117667839013
0.6490506632445432,-0.7425641441032372
-0.898269121515932,-1.6011649393722496
-1.5778904603602313,-3.0934644961044273
2.178651149403868,1.426133272679142
-1.584505145418825,-0.12651762601585012
-1.492633168566408,-2.273794534175106
-1.6933913873316668,-1.9251660132095298
2.807018931042967,1.5897370553329506
1.6122434092877485,-0.10794297095985037
1.6698285294888593,0.7127358293846168
-2.192271773684206,-1.1520838761016807
1.068898658287344,0.5180459893062629
0.9607877312419988,1.1212737536743203
-1.3068366693140887,-1.5715225958511314
1.081453527343092,0.3325127041652717
-0.18348879085797298,1.6854215836837807
-0.9552212403895282,-1.2096669697448692
-1.6148768113734149,-1.5153219723388633
-1.007546965944948,-2.2176226401016197
2.23116737140399,0.4793722009971656
-1.7823203252436541,-2.4574335837051353
-0.13644475208538998,0.003598791988185829
1.613698299062071,0.26407809692769424
-2.213329617846193,-1.4139515185043297
-1.802083794939699,-0.15971079704017263
-0.24117821918744076,0.22018606352954287
-1.6844514058710955,-0.7209464335128747
2.5359746767399884,0.4356964505031623
-1.7879312680842303,0.04754483464508433
0.8876738939626194,-0.7212671065017663
-0.7629142449976825,-0.04629162189216238
-0.9427736447932147,-1.5312389158889732
1.2823802782414533,2.2377606606796303
1.7664672685978986,2.281998751194767
0.6672412855742551,2.519496080906681
1.901768024098692,1.9950603223159828
0.8995177066145517,2.6490064835861244
1.115337173473654,2.0314437127426186
1.0528648300288297,2.0979067063644448
2.0776744438527204,2.284238693745426
1.841400797498045,2.3602112508132973
2.214671666753111,2.1141744828537026
1.6455942345975019,2.589144108326725
1.0771551234839536,2.0809795832946816
1.5121861649869062,2.227431414158634
0.6840574844000913,2.8823093152359047
1.9406390739796735,2.330371496708683
1.3779485179303266,2.206944344075016
1.9258868051884748,2.3774684644058266
0.33134096397143376,2.845207331211857
0.025329406392393228,2.7235654568985024
1.4050437165616132,1.7982050156906166
1.582044119965849,2.0661358809783974
0.8830724591581203,1.7617404437377968
2.2236909223912336,1.1077908253982582
-1.7353475736262225,-2.3700486445114097
-0.9219608949305438,-2.1961334967300377
0.9206805853365041,-0.10651904579848867
1.2776903463719465,-0.2623889767810784
-1.0376669810892962,-2.547372701136776
0.7947377814171888,-0.20251092550010305
-0.4504897044779681,-0.034847217170902306
0.5125215901253797,1.1784527278259316
2.2669163299916364,1.7782576060607949
-2.3434990094782733,-0.3540326380416833
-1.7841590093256854,-3.110215547053524
-1.471059386599245,-0.4840900325462304
-0.5836269305827044,0.18080867964177508
-0.4734442876459979,-0.6559044146224938
-0.35095233188885677,-0.768425586192318
-0.14218360649365414,-0.22347414728850942
-1.2263894723536395,-0.8623423599883996
-1.1990547822596453,-2.872532966105648
-0.4295504735590838,-1.6482602381393394
-2.042583052981081,-0.03590373930186849
-0.8184759067179583,0.5900830304935493
1.1566875232575513,0.220220670545093
-1.293923919069948,-0.3419701480552636
0.7297615362523175,-0.6322704577133141
1.481101269852934,1.2819957709625283
0.032018478047666665,-0.3346239351913415
-0.6598267005564593,-1.0957771563217125
1.4147109938977338,0.9646105146720924
-1.384713475573244,-2.066490771739193
-1.455185477602663,-2.9377785944625816
2.442156608235655,-0.08921063181609731
2.4411738468525983,0.8533698296859779
-1.8333128141047381,0.2523524253383197
-1.1482754396082782,0.8331491923645057
2.415410692822752,0.5215871310546912
-1.2208541082026385,-0.5358185791656457
0.44550168050509464,0.5511755323722877
-1.1340637849451922,-1.140756490199276
2.7917154384968854,0.9034561491325416
2.5066526485798932,0.7872551656082191
1.9097000910161115,0.6700284159496345
-1.2488544629694842,0.7916768765762366
1.9490739656804181,0.776228246720127
2.1117575718281842,1.309277770550541
2.1274953438160993,0.6334315514877357
1.9839623524067975,-0.2359106266185723
-1.4798911260249041,-1.2818446182891807
-2.02420908676404,0.04091280463486094
0.30378841890078556,-0.35167795654983147
-1.200725619661989,-0.8128765844985925
0.29185992015582096,0.16133941847234148
-0.3833515094401263,-0.5885505699798547
-0.11249393688458431,-0.8543117069885217
-0.9204762624384784,-0.9810479902908288
-1.6551175759913348,-1.3836405300781212
-2.014765326845827,-1.3816591949086798e-4
-0.8170661376597308,-0.03513977166862112
0.6583565427182294,-0.33078342911452874
-1.4300256417872332,-1.3937886976882896
-1.25170833336133,0.1550750112846412
1.6524347616551496,1.7203186726882973
-1.4100669072749041,-0.9691741490051232
0.5492932452080823,0.16922277721910853
-0.3205528901698016,0.888483581574253
1.464723165166197,0.6772079146221198
0.8408316327450849,-0.8612350248977624
-2.1628704713465594,-0.7783316397354089
-0.9867128776194476,-1.9268311285659752
0.5441309465287305,0.02135859194546122
0.7611694066045858,0.06929529968052286
-0.4620220111491107,-1.0200719856903038
-1.939266984331789,-0.9695776724502526
-0.6289623426081561,-0.9373641037628136
-1.2755761788966082,-0.6495574736282311
-1.1557949231745623,0.80389231208115
2.1078279568074323,0.6592423296287574
-0.30448645817059505,-0.8562123799011193
-1.4890847848536395,-0.10255035993308645
2.2318431688664533,1.2245147204711953
0.9162674462614633,-0.43270212647170647
1.047696854007063,2.150380370648197
1.7407077504513837,0.07899354162960429
0.6076627327321149,1.846495387585453
-0.5497171329142474,0.6495539522483863
-0.982000057566347,-2.2328594946548423
0.8034765226958371,2.2007197118118325
1.2526191128609754,2.705099461109928
1.1667445255635358,2.721909163029484
1.1470234049676038,1.7324422574356118
2.047532255780516,2.2870217538192787
0.3719037724850751,2.8218160844162026
0.563976402413664,1.9839416718795815
0.5462134434102155,2.1569291329696694
0.44675528539401066,1.5367243266418495
0.41816585792284977,1.6794829345062294
1.2504306687234021,2.4278622842147866
1.985227759015379,2.3318918919876137
2.3228992773411847,2.1108748889282265
0.3914115084527112,2.280430195362858
0.9729457823751546,2.408599255116276
1.24406963123065,1.3123927092865029
-0.5010228799464129,-1.5719264769241295
0.34313743842822086,1.3853342509582558
-1.9521160768153094,-1.4820776009246788
1.6534140659688092,2.4058302617385903
1.3234887672780133,1.2940878844574013
-0.3701857970835589,0.07371771100311655
2.966897900235472,0.916215834648899
-0.8763472484232806,-2.6995140337631187
0.04482084048968327,2.3529742932632485
-1.4631527112604998,-0.34416854616851433
2.373481686246214,0.4949443614795722
-1.363201205599489,-1.726840975253292
-0.5882933782221698,0.1614243662670173
-1.0818086312891864,-1.7193560623809776
-0.8170155929209613,-2.7149266028091392
-1.7913070367457293,-1.9981468939468345
3.087794954907713,0.9789572930648841
3.1203791452763654,1.3985809064224282
2.6662377668736554,1.7111412263229409
-2.220890347826662,-0.06839075919837576
3.1428679777501203,1.2202072120025673
-0.6207065032603167,-0.22266993161887746
1.9579701973317243,0.9562067962005653
-2.4394355462672137,-2.357621791331478
2.6157563282368756,0.7085940218284644
2.7539282394764997,0.9188382006004371
-0.4302678750636004,-0.12982657787055593
-2.2741401837946795,-0.3900505327865563
-0.2698850082041644,0.12518150869160075
-1.403050010073366,-2.5500687384292564
2.0518397642491437,0.7352673387840308
-1.7164612458826922,-0.51273286577911
-0.38800973163861263,-1.017973663775631
-0.9441624330164813,0.10298900815992731
2.238873417508421,0.13905729863195795
-1.2372284577967547,-0.5104659223243676
1.370092148911772,-0.2607507133171044
0.3321965290425397,0.22744473952203173
1.9610971762059308,0.6699241078212775
-1.8898306535365008,-1.5266100191757164
-1.2073703454615496,-2.1327906870529136
-2.0053270505549334,-2.576329114405819
-1.020469729769411,0.6849201000049628
-0.7843913482310199,0.5010100579574622
-0.8872706340433978,-0.6017714762374841
-1.0128654883982562,-2.1288400911972007
-1.489804093706789,-0.7970429682418786
0.8941129977075435,2.5773555016830483
-0.25047928558606136,1.595484612019352
0.7511631874559499,-0.14317974683494192
-0.11363512741345394,-1.273631336657711
0.364552254807768,1.3327504372909584
-1.106846396792116,-1.0236412310287437
-2.0282688783289813,-1.5020560049697838
0.023466165196714517,-0.8678323054000817
-2.0034793065668963,-2.923274638621517
0.842788266968546,2.425222275288395
1.8493020488141156,1.8886771178558388
-0.21387058960217464,-0.9885749840423547
0.49386673701983463,-0.10668516394347768
-1.7293713735224627,-0.6494389795944177
-1.481763903963747,-0.8707523369476281
-1.3518429444910907,-0.5669094347640954
-1.0675471471430682,-0.9925739788696252
-1.2830107854487323,-2.369044187037655
-0.11984533535260189,0.004848045738033241
-1.3334749387385272,-2.935950877635189
-1.3279262231470965,-0.7190278792068444
3.033888752591429,1.3207366442993203
-1.5762308286311053,0.2619249871686019
-1.2712736772181414,-2.7856999659225425
-1.1919522927882098,0.617750612528614
1.3731335951207257,2.2028882479980507
1.707792992722807,1.541596648724369
0.4266360951779462,1.0979859209373513
1.1633683992741681,1.0261426544502297
0.5576583100674726,2.479261515171818
0.8332362948177434,2.3033713078811684
-1.178355758059206,-2.794696214167782
1.264219368827162,0.9319146251991309
0.5417742682812787,2.6174579835250893
2.1816578461049176,2.201536414654545
-0.7228960441233538,1.2926640487030068
2.051674659383116,2.2765537476852455
1.1627565575955487,1.9960504746749916
0.1237631989834882,1.588727471859745
0.8405775306938268,2.2172411656692543
1.4585424615262128,1.9327468848541298
1.2470433367608167,2.4109462476089516
0.9254544740734674,2.337655422718815
2.1003240896580793,2.2815071320846596
2.1249986244557477,2.275705215962223
-0.20418876873272884,-1.1227892660781822
-1.033172194826784,-1.8470546030685386
-1.5848928140284442,-0.4108752035781823
-0.8139533446909808,-0.7104537510559045
-1.9722617314936541,-2.472187163798519
-0.4580411361338519,-0.03990262982101064
2.9478749586461164,1.3843940472915688
1.18828150166255,0.21600426870732684
-0.0617112563731097,-0.23648563262672048
-0.23442847000378597,-0.26739526030273064
-2.08642250763196,-2.7159529947921714
2.856956060063658,1.2531796670272866
-1.762117211687746,-2.8032616400405845
2.859311754834471,0.7441891408279456
-0.7242079423548602,-1.7974795126602134
-0.9268268989207171,-2.3455892824813804
-1.938480918276491,-2.7458926462814293
1.7774097873089887,-0.26456311580390557
-0.8725188420893573,0.35579988125114814
-2.338551823961916,-0.5216711783096276
-0.6083168433787249,-2.103365542857357
-1.755295579302492,0.5259844041183509
-0.8928020642878436,-0.552495422331997
-1.7413857625605487,-1.2065604948684654
2.0901336027501203,-0.041294010846324974
1.2133678449509717,2.533691284687809
-0.573008243906679,1.4350399947479286
-1.7823007749201678,0.07503740254192728
-0.07381743656414974,2.002751824887089
-2.2392090009333514,-0.15689996120185476
-0.6354324267985247,-2.429920318095394
0.396370406281767,0.03384868565349955
-1.5282171414973162,-0.6084228777572595
0.41785037053805363,1.0171868181541481
-1.1560233281733416,-2.545112493006893
-0.08990502821225155,2.434900877507023
2.5546994758961774,1.4420285201385536
-1.9813609765650653,-3.0284599089309654
-2.035353247988405,-0.5751956724807702
-2.0940116094233416,-1.9244018816635093
-1.9644122766138934,-1.1211121105834922
-1.0161584066035174,-2.0670412802383384
-1.8483429597498797,-2.9571174406692466
-2.0726490663172625,-0.5183715247795068
2.889357741010008,0.7218292332008399
-0.6366210626246356,0.15372440728693385
-2.195393864977541,-2.5359369539901695
2.326317722928343,1.192400453121952
1.9029471231816388,0.9864875054672279
-1.965106313097658,-0.7071350836441003
-2.1844566510798358,-0.7346900725051843
0.9894124819157697,-0.20465564963073354
2.161270434987364,-0.37500918146819695
2.7294662548421003,1.579784748585514
0.8294015554903127,1.686334369213871
-1.5279203103663348,0.7501741028144874
2.308934385907469,0.2856352529242553
-0.9850286887766742,0.12638740751295466
-0.5386731074931048,-2.4763718866989097
-1.792233531344118,-0.5021857046768151
1.457686836850462,0.440133852393917
-1.446483437884035,-2.1045309328720054
2.7114936663029767,1.3003771281555214
-0.37235850559491146,-0.24453991886825185
-1.859290187227907,-2.6979030394241295
0.9779815403936483,-0.3237164640113793
1.8521667672513105,0.41403655472545997
-0.022938494551362876,1.077945766480259
-0.4495887206675433,-0.7318192743942223
-1.4762080358149432,0.39495855334549324
-1.0519995139719867,0.499521521361164
-0.4796870397211932,1.0154023146942177
2.16674869788867,0.7880997038200416
2.9169146372197248,1.3505097604110756
-1.942760293352785,-3.0144075178787193
-1.089558307993593,-2.818124654261776
0.4208010090706922,0.4843451655223884
-0.4204332278849505,0.6235949075534858
-0.817348425257387,-0.10757330295295339
-2.0036206887843035,-0.562238755194851
-1.4838131116511248,-2.2900995039627037
-1.1996634648920916,-1.2683627628967247
0.38589161170702946,-0.3912543677970849
2.627780373227415,1.7374970889404335
-0.7452879594447039,-0.3389866375610314
1.357799495589552,1.0494167185142556
0.1858017994282819,0.4072433835580863
1.3316667033551313,1.0683196759536782
2.463200981747923,0.2940968624070205
0.5735939992783643,2.665784952671818
-1.7066384004237078,-0.13866305586547475
-1.9028664277674578,-1.1505864882156334
-1.5099375890375994,-1.1308524632141075
-1.7392452405573748,-2.9788969778701744
2.303383047711668,0.3947235173299827
-1.3149028466822528,-1.9469312452957115
-1.549412076342287,-2.322089793650814
-2.2398524926783465,-2.0819193148300132
-1.8968604253413104,-2.103062512843319
-2.221775834429445,-1.1593574309036216
0.08241861594897282,-0.7963720583602868
-1.2418568776728534,-0.859661223857113
0.3382683349965192,0.5012525892570533
-2.133316819536867,-2.0996316694900474
-2.1521030114771746,-1.2145603918716392
2.381564076077757,1.7347464537933388
0.3556325985310651,2.0720119452789345
1.3167544854996778,2.104355094464115
0.7654777346370794,2.4180048680618325
0.8698916637996263,2.7731186127975502
2.1011511637089826,2.3371311402633705
0.7180610550759412,2.3691433644607582
1.150578136575041,2.697389481098942
1.7796531869290448,2.211577770741276
0.7465787930605985,2.848073599369816
0.8881910443497874,2.5804101205184975
1.201926614177046,2.463834641011051
1.3631603373406507,2.003878591091923
1.0849480880616285,2.419665930302433
0.35523575080615055,2.885974047215275
0.44463848603945744,2.1212893700912514
1.8768231226323224,2.2394560551956215
0.8654486234491743,1.4461053586319008
1.9079492641804792,2.127120492489628
-1.897817199099245,-2.2340060496017418
-1.2208169149042987,-1.3354033255264244
-1.8341098474146746,-2.486278655497738
2.4307113243458844,1.3527104831054726
-1.412336413729372,0.846388695271305
-0.3886571572901629,2.386384842427067
0.9836036144016362,0.2312140832409181
2.7967500044224836,0.5931839323356666
-0.09617865549344051,-0.7199632548973046
-0.42480642067212093,0.014855158956340736
2.3067138744710065,0.44522897663860694
-1.2126932786585711,-2.118094088999935
-1.127757851946535,-2.5099190497085533
-0.1468848632456683,-0.7855898761436425
-1.2931245015742205,0.597187606127552
-1.5304520772578143,-1.0960533642456016
1.4961938811658002,0.22752020459025282
1.3019552184460736,-0.02896937963218313
-1.059024040568056,-0.812792065112301
2.750770027768431,0.9022743678405799
-0.4207239793421649,-0.5979208969757043
-2.190157000887575,-0.5706704282447778
1.9869840694783307,0.7299755192115821
-1.296435658800783,-2.2806216501876793
0.9964978574035741,-0.5900336527511559
-1.886847321856203,-1.438311340777584
1.28802355660182,0.16629594701676745
-1.5147493528010272,0.09815540674477
-1.5629499601008319,-2.8025833391830406
-0.874182526934328,0.16953906554131884
-1.9955304311396502,-0.583364071814724
1.92744844688159,1.1386672830894509
-2.007755820620241,-2.9418584131881675
-0.2625929759623431,-0.4621773981735192
0.7896004570839978,0.7059800601318397
2.8349339319584943,0.8648824072196998
2.650072033536253,1.1852902746513405
-1.2527852700831317,-0.509680333106228
2.9235646082280256,0.8594080782249488
-1.8526456998469256,-2.7006922983810386
2.357773358952818,0.7803050852134742
0.2770898295758344,0.9238857603385963
-0.8780133174540423,-1.763797523944088
-0.9264069245936297,-0.8802174353286706
0.9974283902166463,0.6584205007865943
-1.2113278554560565,-2.6262689852401695
0.3798250509617902,1.8316477513626137
-1.5748694585444354,-0.3253263854667626
-2.019793813097658,-0.75174480911941155
-0.5801721261622332,-1.5972738289520225
2.1799940420506574,1.1010920977905312
0.19905280603152287,0.3211862495854415
2.35352950824481,1.0160112953498879
0.6392705990193464,0.7521311021163978
2.4240454985020734,0.778991279633335
-2.0424509690882586,-2.6588827395126304
-0.505274360048952,-2.1586736464187584
-1.4081404851557635,-2.9862314486190757
-1.0594895528437518,-2.275299670664974
2.6978160692570783,0.9990186667755164
-1.8906593965174578,-1.6850079321548423
-1.4452500985743426,-2.392217042414852
0.7858066884992696,2.467808601887516
-0.4709507869364642,-2.0736936354324302
-1.3403812097193621,-1.540404083697506
-1.2734313653590106,0.6209032214000739
-0.9990251706721209,-2.64780104395599
2.7386780334828473,1.4457671618774453
-1.2438126252772235,-2.271453740565487
-1.670132701265993,-0.30253303286285027
2.3563596559880353,0.7373148179367103
-0.4692650483729266,0.5101570761516608
-1.6715136216761493,-2.7578345560714683
0.37905400527697575,0.29082329335956947
-1.4128170655848407,0.46772524479179756
2.6843518568394757,0.8513458943679847
0.796364228260336,0.9619639492347755
1.7057988597272016,1.903722760708622
0.7823654888389684,1.7707899785354653
1.6482369853375531,0.7610155916526832
-1.8632131265284442,-0.8674461865112267
1.8962156130192853,0.5195016241386451
0.8004748104332067,1.8661737418487587
0.3453897787449933,1.416925189526371
-1.457819526064577,-0.40686619517058953
0.943969677221594,-0.4749127649948083
0.5045109046815015,0.9656074619606055
0.49469071162920963,1.0454706526115456
2.5871117664692975,0.5324636078193702
1.2951896144269086,1.0748385763481179
-0.767330114710512,0.5142629421070136
-0.8324696467997454,-0.50111073490829094
-1.1705983327509784,-1.8470331453964195
-0.9121502088190936,1.059294221432499
2.0644419742940046,-0.24301839110107046
-2.171853368151369,-1.4072819971725425
-1.2551322625758075,-2.0023368620559654
-0.022107188570680503,-0.7222294830963097
1.537827367913542,0.9300985312774696
1.37369769347888,0.1828516977593221
2.4571379972813703,0.8199236965492286
-0.423325364458742,0.08112093570976633
-0.3557791160227679,-2.054875972239681
-1.6306837247492694,-1.8631325983688316
2.224861080777464,0.7771171903923072
-1.2569447206141375,-2.5580405020400963
1.7219002796528913,1.0204333043411293
-0.9893519328715228,0.13035149637012858
-1.7114508794428729,-2.804704549281307
-2.0088599370600604,-1.1339466595336876
1.98179894222003,0.21864628649651188
-1.821290795672121,0.07677791777401347
-1.691387240755739,-1.1895535015747032
0.8518886296270467,1.6275496459320107
-1.9213562654139422,-0.6626385473892175
0.06288653148394596,1.6458463645294228
-2.2064965413691424,-2.405046107737728
0.5902336491463758,0.3048014319255866
-1.276402060854616,-1.6688437485382042
-1.7539728330256366,-3.1339081549331627
2.0756915165303327,0.17054156723766703
-0.9822129653574847,-2.3456126475021324
3.102422411572752,1.3173372721984902
-1.1841748403193377,-2.8684090399429283
2.7064885450718976,1.309869525463871
-1.3715022252680682,-2.7345904135391197
2.694871838223753,1.2641144967392006
0.3688269211171247,2.6272526955917397
0.8242422817466832,2.6243931031539955
-1.2048590825678729,-1.058203222720333
0.2314611626980878,0.28794158759861366
-1.5952885793330096,0.5041349506691016
2.1990247322438337,1.3246099925354042
0.7131205154774762,0.11706221613436121
-2.116895501482668,-1.5348922037765464
0.808972868156252,-0.4129727506324731
-1.0744612859370135,0.40129916134624855
-0.5337144778849505,-0.6008064174339257
-1.5430117295863055,-1.9242717051193199
2.1581187797902204,1.1310663199737587
-0.1530794547678851,2.4757696366622963
2.6496502710698224,1.4325486398056069
-1.9311834024073504,-1.8724888586685142
2.2250228477833844,1.0901269889190712
2.540437514912901,0.9298862195327796
1.0860409541247464,1.1021298146560707
-1.3327201055170916,-0.2585093998596154
-1.9240699456812762,-3.0758355879470787
2.1291015697835065,0.7496066665962257
-1.3515282319666766,-2.5864547514602623
2.7914527012227155,1.275058028729252
-1.5151944802882098,-2.5323165678665123
-0.9750060485484027,-2.466541411845394
1.7307908488629438,1.2580269551590004
1.8252422167180158,0.09981654349117655
1.0536144329426862,1.596546885998539
2.785022909772215,0.7446509576156654
0.1046291543362714,-0.9368997835800134
-1.7009542630793475,-3.0651584887191734
-0.9251002715708636,-1.2132303738281212
1.502372558247862,0.4329458004549064
1.082428704035101,-0.017149108020969445
-0.9532460616709613,-0.8213671469375573
2.514953787457762,0.489000794918827
-1.1622181581141375,-0.6263677501365624
2.0732241226552106,-0.18758374687881094
2.098512466084776,0.7908601141288795
1.2416657759068586,2.5791920399978676
0.2841771198628522,1.0814117169693032
2.1335998131154157,-0.38917738434524163
2.041029031407652,0.6999932205989875
2.702446634900389,1.2384340739563027
1.3911266280530072,0.938906846077732
2.0483817411778547,1.4540851092651406
-1.7999809430720233,-1.411196114985653
2.8466088129399396,1.0194636559799233
1.9727680040715314,0.26243259522467033
2.2944925381062604,1.2642602897003212
0.40572684539538395,2.1381026482894936
-0.31345600353497494,-1.0216691517517051
-0.8529575513483905,-2.3100081705734214
-1.39251643883008,-1.1517107510253868
2.69233566058856,0.8679741597488441
2.6008489681599714,1.0529821491554299
-1.4298909352900409,-1.585049393145748
-0.1629242347361468,-0.7869265103027306
0.6780656827805616,-0.04821688172072988
-0.4123018430354022,0.5985260582283057
1.3484877301571943,-0.21293953296393972
-1.416289632189455,-0.09947663780898672
2.2570689274190046,2.122440097363285
1.5052075339673139,1.1224796152427712
1.7562473369954206,1.8229283070877114
1.043167571556387,-0.5759511017486535
0.6658551646588422,1.8077214932754555
-1.785341088640871,-0.5209189676925622
-1.809295003283205,-2.368736627070614
-2.121367995608034,-1.7436696314498863
-0.5845504449488543,-0.5898908996269189
-1.3990669892908953,-1.950815322367855
-0.7122322963358783,-2.1070681833908043
-1.2584393666865252,-1.8504778170272789
-2.0716837094904803,-1.1855133795425377
-0.7676952527644061,-2.4017001413986168
-1.8661943124415301,-2.1199818873092613
-1.7605641530634784,-1.8289729380294761
-1.9484685109736346,-3.106721999613949
-0.5275737689616107,-1.8118435167953453
1.925084526669798,1.9291081404998818
0.7939224196789838,2.4128216481521645
0.9485161779640294,2.568305370838932
0.5445675505517102,1.6289700246170082
1.2025811029790021,2.542651531727604
0.28967016471606266,2.6608589864090004
0.16242616904955876,1.6760079837158242
1.7485687686322309,2.4896644330337563
0.36509054435473454,1.569815633328251
0.7353785885689832,1.8816659427001992
1.2109554065583326,2.6948674893692055
-0.023191695082368735,1.720027086766056
1.3249829663155652,2.0936493850067177
0.42691069377642643,2.4775987840011635
0.29146849645358097,2.475621101887516
0.713035474550543,1.7697592950180092
0.3167560650227643,1.8476936793640175
0.3306879354832746,2.3026961064651528
0.6176861180184461,2.0497981286361733
0.21729343665820133,2.3067539906814614
1.419952030312834,1.769992349179081
1.29949754012805,2.1902898526504555
0.731781492960272,1.8403547978714028
0.844399007987795,2.581875917942814
-1.742928807604494,-0.2588230693027459
1.3415866745827771,0.1892806715086021
0.4510579658864118,1.24443745377808
1.121349374782858,0.8012281632736243
2.3415378881810285,1.0305896973922768
2.7322220159886457,0.6195817566230811
1.0528888059971906,0.36444650355129615
-1.0126408980967425,-1.4709576391860923
-2.1322568105341815,-2.711831691233822
2.9338983847020246,0.9883021688774146
-0.7964864419581317,-1.2377626919433555
1.7335455371258832,0.03285191717892069
-0.5015941308619403,-0.1590787493869744
0.11305945647936833,-1.1894762539550743
-1.9584639714838885,-2.501157166926571
-2.022784774172487,-1.547487618891903
-0.958828990328493,0.20354042339473147
-1.5519653009058856,-2.617769362895199
2.0996844126103498,-0.09300530192107778
-2.108329598772707,-1.9854322695419273
-0.22460061775464046,2.2780772424057045
1.1724051786778547,-0.0367722534820519
-1.9355691121699237,-2.6768902563735923
-1.6426983522059344,-1.0768368267700157
-1.8167808698298358,-2.8136070990249595
-1.3548923181177996,-2.9007672094985923
0.6945076389430143,2.1970076537445107
-1.8419523881556414,-1.5230864309951744
-1.7711959527613543,-2.7340081953689537
0.9405955849407293,-0.4923346066162072
1.4579294873593427,1.3875427222564736
-1.2480881856562518,-1.0483734631225547
1.9358048988698102,0.08962872389107127
0.2754108859418012,0.14873553949742693
-1.5498505281092547,-2.3694797777816734
-1.614973370897951,-2.651949765650936
2.892257387769041,1.0516918278053322
1.9209400965092756,-0.3003359460517846
-1.023822967875185,0.465825346739582
1.86624741090518,0.20065454158335108
0.3494070721982099,2.3053830838516274
-1.2562878774287127,-2.2058194899246177
-0.2720689223887347,-0.40980357166976555
-1.9462187932612323,-2.390132310359188
1.9869010998128034,1.0397666073158303
2.090521390569029,1.1199551201179543
0.8294272897956945,-0.4378582858726464
-1.5890877889277362,0.6886978721931495
2.599255259167967,0.8787482357337989
0.26158409847002995,0.1781803774401464
-0.7276329444529437,-0.3071686649009667
0.8766313747229106,1.9406077838256874
2.7784060789464093,1.073350367577366
2.7451272560475446,1.1077018952682534
0.1845997525570966,-0.10559770700187307
-2.158855025637331,-0.06375065681190115
1.6501208497403241,0.7761294222190894
-1.6882401155115985,-0.25349864598960503
1.3914194656727887,0.25969521838574783
1.0302001489518262,0.317311247320465
0.4443348599789716,1.0761606669738808
0.8717185047181375,-0.22823435303420644
-2.1982174562098407,-2.1371122622177086
-1.969021861422243,-2.3722008490249595
0.025736267697630044,-0.5504155778572045
-1.647666995394411,0.03765831652431864
-0.8255022214533709,0.5211105025127448
-1.792493884432497,-1.3119766735717735
-1.5419150041224383,-2.892170073954769
-1.3916047261835955,-0.6084965490982018
-2.1697626756312274,-1.0470740818664512
-0.07917714582699764,0.7850339985206641
-1.121830289232912,-1.631971123187252
2.81592660678607,0.6717427945449866
2.6715090824483014,1.0379511690452614
-1.8019345449091815,-1.5240037464782676
2.187393958699522,1.0968563533142128
3.0753545118687726,1.0992792225196877
-0.9942067311884784,-0.5955635928794824
2.7079094005940534,0.9090400910690345
0.9701470015762426,-0.5490359687492333
2.564008767735777,0.6855567670181312
-0.967523043024721,0.19387322708367485
-1.081097786295595,-1.4297355436965904
-1.1930838273646258,-2.4323648237869224
2.5493798805592633,0.9570047831848182
2.4776129080174543,0.5921652889564551
0.2412961078999616,-0.9057161831542931
-1.2929957555415057,-0.706279876200863
-1.9748304532648944,-2.8285838389083824
2.3075285507557965,1.341511247189335
1.9524058653233625,0.3959291553810157
1.4996879054425336,-0.03746028479785543
-1.4173505948664569,-0.024579139916606957
-1.7952633546473407,-2.284423711268612
-1.9419627832056903,-1.5222858214065513
2.8553060842869855,1.2263612723663369
-1.4782210038782977,-3.0850306772872886
3.1464185072301007,1.2878198600128212
-0.6661892579676532,-0.2693383121177636
-1.795437638628664,-0.5240855836555444
1.8573775841115094,-0.41024220225066765
0.8497263016371108,-0.20640722152442556
-0.07018775211590755,0.29802476379423515
-1.623703544008913,-0.40252775189132317
-0.3254413055064105,0.8828410482719459
0.7279670639155484,-0.4698841595336877
1.034829343688307,0.1535114026382484
2.4188373638508893,0.7273971414878883
2.155783112180052,0.3246255866005935
-0.31139094101208675,0.5424821651294746
-2.120863263476076,-0.6916213655158959
2.5008446527836896,1.3376092887237587
-1.4206672357203387,0.5814951634719886
-0.7714821742655658,-1.3691839003250084
1.962839300763426,0.15717968109398264
0.3235528422711469,0.3047259500935592
-1.4000554727198504,0.5101294195964851
2.168797667157469,0.4955309903934516
0.8379751881776429,-0.6550598764106713
1.171992327105818,1.3033640361145058
2.5605699373601056,0.6395263648345985
1.6357897473691083,0.7302820658996619
-0.8551966594340228,1.5942118144348183
1.1994779957650281,1.8975975489929238
1.2181438459275342,1.9495708918884316
-1.2504201577784442,-0.19000324842185598
1.75418823493701,1.1949781155899086
1.0415431661723233,1.8482961631134072
0.7310810787795163,1.7907626605346718
0.33872860206347477,1.8428612923934975
0.965380447935877,2.008763787777714
1.736931438576994,0.21242818699552793
0.5839912546990491,-1.140419723956295
0.44505479468089115,2.1678694463089028
0.4485014630673505,2.72229492429047
2.0396444155095197,2.0903848386123696
2.153545434605894,1.8575813746765175
1.2408670736668683,2.2205702042892494
1.7775003267644025,2.3041886067703286
2.0228826357243634,2.311412689717106
1.3655447615502454,1.5598431802108803
1.5485845161793805,2.1232267594650307
0.3249081326840497,2.5685085034683266
1.999534661900816,2.2901662564590493
1.402104015481291,2.5372487283065834
1.917379791867552,2.3760853982284584
1.4951017452595807,2.2023543095901528
2.153995568883238,2.2398618436172524
-0.9100717948557757,-0.6350352191612206
-0.46981877552289,-0.4801483773872338
-0.4400638984324359,-0.8934303545639001
-1.6583207296015643,-2.817845466105648
-0.8402661727549456,0.2057833535117947
2.9682916952488996,1.1527243233039894
-1.7119544194819354,-0.7628855728790246
-0.13754052387494076,-0.6985713267013512
-0.8858336852671527,-0.5890771174118005
-0.8612861083628558,-1.35676145788879
-0.8298447774531268,-1.490106584994503
-0.4798582242609881,-1.3933920883819542
-0.6969642089487933,-0.9636756205245934
-1.6579194711329364,-0.0807195031330071
-1.485026900637331,-0.4456347846672021
-0.44519383178967464,-0.2607219838783227
-1.1088628219248675,0.17066488179712672
-2.2937606023432635,-0.9963561319992028
-0.7997643397929095,-0.81031906840057
0.9166160999057866,0.0847094855025329
-0.6040681050898455,-0.9507215046569787
-0.5346471713663958,-0.5304672741577111
-0.5590397761942767,-1.5782706761047325
-0.9116783784510516,0.8328086710289039
-1.8411758588435077,-0.3949876451179467
-0.30467004047650326,-0.5954868817016564
0.12315779460650456,0.27049377325325386
-0.8914844440104388,0.6134738302543677
2.3592041088460065,0.6726046479061164
-0.8465033219935321,0.5922106480911292
-0.8041198896052264,-0.018008666603275353
-0.5863738702418231,-0.7514954828903161
0.8503717547474481,-0.17535510894507986
-1.5079467939021014,-2.7261997484847984
-1.3391311811091327,-1.8899809145614586
-1.6135535882594012,0.031695199640087074
0.9687048597453214,0.37877036395817176
-1.9587648557307147,-0.4551358842536889
-1.438718144762697,-1.598853709666439
-1.2054513143183612,-0.6355119371101342
0.13639777435046208,-0.8407199406310998
-0.03749651180523861,2.4177256799057045
-1.3571875737788104,-0.5102878832504235
1.9271351648686506,0.7132064676597633
0.9277999391971208,0.6196340298965491
-1.7587657617213153,0.40404982629566566
0.6188811613438703,1.61617076161652
1.6308304025052167,-0.25542271372527703
-0.5258671687724017,-0.8432614826843224
2.0965982033131696,0.4536366588190116
-1.5922549413325213,0.20522821289064944
1.7735768510220624,1.12644988063126
0.1937758280156232,-0.4020733260795556
1.3107138825772382,0.8338821506813087
-0.787431661951723,-1.2025191807434044
2.7936404301045514,1.3573304391220131
1.204337353837309,-0.4640404009506188
0.8123827940044976,-0.5655215406105004
-0.8679085420252703,-0.8129936480209313
-0.8603976415278338,-0.9626605534240685
-1.4205260919215106,-0.1951032602474175
-1.410730903017702,0.2734219408348121
-0.2966966079356097,-1.389336469142147
-1.6430476354243182,-0.016155632703014428
1.4852791978238202,0.1051044366076507
-0.0967422770144366,-1.0410527014419517
-2.300642316210451,-1.8997870707199058
0.6582118077395536,-0.047202529875942284
-0.7670206473948382,0.7140511250808753
-1.1879780934931659,0.33816696468143836
-1.3022607015253924,-0.24575957891196828
0.5118835522053815,-0.328643145529934
-1.557745997774782,-0.36354303595275506
-0.8750997232081317,0.1423811665490188
-0.5002948688151263,0.04596322539596934
3.044617588650999,0.9943464374855079
-1.767856900561037,0.12949611011295695
0.8893236750928737,0.6450902796104468
1.1423131479142286,0.33543005350380317
-0.6530981706263446,0.5691335475757636
0.46824529303294193,-0.5734629058525048
0.999397750031767,0.42242097619324104
0.006152088773069497,0.9026549434974708
2.051777536999998,0.9526633000686683
2.907757218015013,1.1486502862289467
-1.1643293546320819,-0.6840499066993676
1.0020319177029706,0.7078995681121864
-0.08992171751278866,0.9654791927650489
-0.21446198688763607,-0.06110322710723501
-0.28955322967785824,-0.23758509990424734
-0.972937409746828,-0.8424931788131677
-1.7905288385035418,-2.621361138789364
0.541649068724928,1.9969196296051064
-0.7226260350825213,-0.8358503603622399
0.7720511658309079,1.6426206803634682
-0.6866025375010394,-1.0738214277908287
-1.995093171465578,-1.0277366661712608
-0.9344450877787494,-0.6365942978546105
-1.9015675233485125,-0.3478128337547265
-0.8495324300410174,0.7207933044746436
-1.941563193667116,-2.0251899981185875
-1.9825497316004657,-1.310053112475582
-1.461145942080202,-1.1703724884674034
-0.005281154978456382,-0.23201462861747366
-1.5057452367426776,-2.4827891611740074
-1.3968167947413348,0.08218592170029063
-0.09195554720181454,-0.3157615685150109
-0.7863495992304705,-1.7353649162933311
-1.6129055665614032,-0.17259553310126882
-0.2594872163416766,-0.7368734502479516
-1.7930195973994159,-0.9285099529907189
-1.389666859972658,0.11139321091919321
0.5209207786439038,-0.38354271885604485
-0.8742540525080584,0.050341022641948646
3.0202254606602765,0.9518872475936927
-0.6421856330515765,1.5129595971420327
1.6125037623761274,-0.618889989821621
-0.5619706557871722,-1.242881300418087
1.3767609549878217,2.1243100142791786
0.7843218622921087,2.6507855630233803
0.18618064655047428,2.7023721909835854
-0.1257424996973895,1.581682679684452
0.42443504465800297,1.7658352828338661
0.5548246754525281,1.73968469861298
0.14511763585787785,2.1645094132736244
0.8911312921164609,2.363661644490055
0.05639057887774479,2.1006427979782143
0.5718247844098188,2.808509466679386
0.2034310056088544,2.1729381060913124
-0.23954385982769955,1.617537138493351
0.2393756462452985,2.712066051991276
0.07205837501269352,2.0510758138015786
-0.16241354213971126,2.4349323487594643
-1.995614354479494,-0.8857591175720178
-0.7983654187800311,-2.676985862223812
0.20692425502520573,2.1988546824768105
0.8299787482438661,2.0172811723068276
-0.12978977428692806,1.5783935761764565
0.1104473425267316,1.601590750248722
0.5148769570706464,2.4098004079177895
0.6180734886048413,2.6842244839981118
0.9002378424821473,2.450072643788151
0.3396143270848371,2.5307368016555825
0.05031615031939518,2.225813505680851
0.3090754104970075,2.065184114010624
0.5009840978501416,1.9761216616943398
0.32778423560839665,1.706683752568058
0.5718424571869947,2.0041999793365517
0.6307014180539228,1.8499526954010048
0.6227413965581037,1.9493575072601357
-0.8348483489634417,-1.1580005907699547
-1.491093222963991,-2.419173123805233
-0.1480971025111102,2.4148901677444496
2.753707106244383,0.9620878672912635
0.27934920324069035,-0.2740494036361657
1.8634503437398053,0.78654795649795906
1.890476281773863,-0.13944301244468313
2.918124611508665,1.3522999263122597
0.7161883367417432,-0.2868284606620751
1.6991341663716413,0.3290465450599708
1.277360464465437,0.9595097875907935
2.4568754984257795,0.5313146388843574
1.8900849176762677,0.43397255006580726
2.4102945877431012,0.8073900318458594
2.2866972042439557,1.689977881939701
1.8653392149327375,0.48314121130257026
0.6172341657994367,0.4979417002513923
-1.4991253064753436,-0.3621548437759362
2.3535072161076642,0.7789493775680579
-1.5678010629298114,-0.4682526611968957
1.341390187871275,0.7017691409900703
1.4828305198071576,-0.013174893824764305
1.0201208992121793,0.5773856616333045
1.287111098897276,-0.14615664121360403
-0.449116175043764,0.3271546712830581
-0.559183781016054,-1.3394295000717125
-1.6448836969019793,0.5390768325641669
-0.9579843925120257,-0.8560056709930383
-1.943478886950197,-0.7274878048583947
-1.096218888628664,0.5782519853427924
-1.1640029595972918,0.48490547898559944
-1.5734663652064227,-2.590886476008602
0.4327318621991254,-0.24843967196197134
-1.7647202657343768,0.44893243673591987
-0.6635320829035662,0.33176412943153755
-2.2239413903834246,-2.101879241435238
-0.639171426165285,-1.3031761669799766
-1.6020076917292498,-0.3383271717712365
-0.43620127903241146,-0.10318857666701894
-1.9919505761744403,-0.6998325609847985
-1.0017488645197772,-0.9176650070831261
-2.008668725359621,0.24818846348076243
0.06611370576601994,-0.4533895873710595
-1.7946744607569598,0.4442643648698844
-0.6101318048121356,0.37865318122654334
-1.4770320104243182,-3.0765682482406578
-0.7668179916026019,-1.9001544737503013
-1.2266638921381854,-1.6046530031845054
-1.855327193606081,0.4170436686590232
0.17099189294558537,-0.652210416762539
1.0975677473662473,-0.41318524119109734
-1.2002115892054461,-0.7065209769889794
-1.8572564767481707,-0.23727846380920034
-1.767803256380739,-2.406630637614437
-1.4598098443629168,-2.5109974169418297
0.2454760028241254,-0.8418030762359582
-0.6856437371851825,0.6623516655281104
0.7689572749851323,-0.6390214585945092
-1.1084371255518817,-0.5073747658416711
-1.137866084444704,0.38850384715347663
-0.018755917418184165,0.4020517444923438
-1.9871035264613055,-0.3438202762290917
-1.1080136941553973,0.4607205665424384
-2.334852044451418,-2.0470923208877525
-1.2394431279780291,-1.0775811695739708
-1.0337429689051532,-2.186542155711361
-2.0607631848933123,-2.7386657023117027
-1.5787411378504657,-0.04816079374999624
1.4180854512570478,0.7067601061180152
-1.8462317632319354,-1.1561146998092613
0.2832766724942304,0.1013364842846908
1.416019196641264,-0.40826249357909783
-0.655064170229616,-0.4706221246406518
-1.3021062062861346,-0.6528888368293725
-1.3526385472895526,-0.2699335837051354
-2.008389537203493,-1.4373648190185508
-0.8338065789820575,0.2022056504838087
1.1513167573330976,2.2656592107131996
-1.7163518117548846,-0.9297492527648888
-2.1700072930933856,-1.6312236809417686
-1.5222812341334246,-2.944781663386532
-1.720003192293825,-2.428650500743099
-1.6105688260676287,-2.3020883822128257
0.06396072639208805,2.054287192852787
-1.979954068529787,-2.375193002192684
0.3237572862027265,-0.304226698844143
-1.9847715543391131,-3.0346175455734214
-1.206225459444704,-0.2832049750968896
2.501894886624632,0.6517268991783179
1.6230054451344587,0.35397238794117347
-2.010821406710329,-2.903903129069515
0.7350470824359037,-0.04817858573646169
-1.075202886927309,-1.7173866057083091
-2.140551869738283,-1.6067932867691002
-0.5253542111994647,-0.19186371800155264
-1.7205753968836688,-2.3249989771530113
-2.3206699536921405,-0.2906948351547204
0.3251484586117841,-0.226601513592907
-1.8624244378687762,-0.8063261532470666
-0.35920733677166927,-0.5406452440902673
1.5430613113759137,-0.03140574928969961
-0.46439272629040707,-0.6134394430801354
-1.6687081502558612,-0.021029981343456322
2.227097089421568,1.304778692753605
1.5073725534794904,0.3049760884359397
2.080682213437376,0.5249943709686317
-0.7242493079783343,0.7132591581657447
-0.8403183864237689,-1.0599386715576133
-0.15773350464123714,-0.6885921978637658
-0.8839556621195697,-1.2847945713684044
1.1669417275307752,-0.28082007405013665
-0.31592745052594173,-1.2411501431152305
-1.2238336251856707,-0.3196619772598229
-0.1851771520258807,0.48188110950737373
-1.8575235055567645,-2.105661513774105
1.1424052966950513,0.5591738796546973
1.5220603300450422,0.175699823977045
1.1487713111756421,0.014274222286037391
-1.155554597246828,-1.6895332359954796
1.9059846950886823,0.4943129992797889
2.4071795297978498,0.9281244254425086
-0.3193181203486346,-0.49386400219649895
-0.2057924913050555,0.3114143064930953
2.033695752751646,0.3895435160711326
-0.48601741062420833,-0.6883887076065026
1.8838170124409772,1.8307485556915322
-0.5871407436015033,0.857833323509983
-1.8510053800227069,-0.4198498153373681
1.6970892502186872,2.307203409703068
1.884331638943968,2.3046575761154213
0.4891642285702802,1.6698480820968666
0.24223178161364567,1.7234204984024086
-0.5439903186442279,1.0359159684494057
-0.10087341533917416,0.9978817081764259
-2.1001825975062274,-0.7320964359924279
0.9913300303934194,1.9834679341629067
0.7227483941434003,2.177245495350651
1.670910771024046,2.1196641898468056
1.010353635084448,1.8240284896209755
1.5068571521161176,1.9777657962158242
0.10061299337130558,2.644617674382023
-0.1437723086954974,1.261644837887577
1.3053574217675306,2.2211483693435707
0.20862745774966251,1.6715831733062783
0.32874869836550724,2.209590313465885
-0.7671168492915057,-2.194117429225155
-1.5367553876521014,-2.124300601451107
-1.6230943845393084,-1.4478189968749962
-1.379004304278078,-2.7141145491287193
-1.0596669362666034,-1.0940749668762169
1.1060049040434934,-0.4925121092483483
1.960495288502989,-0.2003842317745171
-1.248971526491823,0.03775122526436228
-0.9773544715525531,-2.3526884340927086
-1.6151583837153338,-0.7980006956741296
1.8945389343617536,0.9437354779556312
-0.8023263858439349,-0.07162174817771536
-1.9425531076075457,-2.2143028998062095
2.5790755106328107,1.813737032444767
-0.9846883462550067,-0.7664327048942529
-1.7539287255885028,-1.2784242653533897
-1.428482835161867,-1.6123129152938804
-1.2938707517268084,-1.5364292883560142
-1.5420697377802752,-2.5170887732192955
-0.6969676660181903,-0.7147187018081628
-1.4217973397852801,-1.8564559244796714
-0.12373382316845882,-0.2858274602577172
2.8366306377766706,1.2669379687622109
-1.6254120515467547,-2.1313742422744713
-1.3213768647791766,-2.720583322016903
-0.5889934943797015,-0.9199502491638146
2.599948341977415,1.049676952393345
-2.0394645379664325,-2.585803391902157
-1.3222006009699725,-1.7293857359573326
1.4262434793828107,0.3260397813036956
2.0723256422398664,0.9453178620651282
-1.0796687053324603,-2.1935931467697105
-1.1048595355631732,-0.8463193201705895
1.7239683224080182,0.7927230573013343
0.9892554534791089,1.3739132857635536
-1.8007474588038348,-0.1879556202575646
-0.7413794444682025,-0.5790764116928063
-0.4213764117838763,0.08868191900997538
1.653630669247923,0.7143878317192115
-0.7595118926646136,0.3079629144385375
-1.6523428605677508,-2.898222091166683
2.1200960232136823,0.646783289940647
2.700145776402769,1.1098226285293618
1.5369297815678693,1.2236585593536415
-1.5146547006251239,0.26964051041155235
-1.1614051507594012,-0.5469416403457604
0.782547253203211,1.4641835666015663
-0.5561348842265033,0.8764394498184241
-2.380241696703615,-0.6148871206924401
-0.1911508487345599,0.4445746815517463
-0.6575763867976092,0.9687973833396949
-0.9244275735499285,0.5482881045654334
-1.6033945726038836,-1.3512706780120811
2.450657422673521,0.6768896258190192
-0.33821076618451107,0.7562682009056129
-0.3021207498194598,-0.8430103087112389
-1.6569190667750262,0.322422174246601
1.2654796494362928,0.7868488407447852
1.6581852985737897,0.8334772563293494
-1.0346334622980975,0.5015434897258796
-0.7630145000101947,-0.7826272272750817
-1.0300868199946307,-0.052080544202037865
-1.0089536355616473,-0.05377191540450674
0.04679232372027409,-1.8443232798263511
-0.7254121945979022,-0.933874132601925
-2.0347068952204608,-2.5851665758773765
0.7411682559369184,0.891443250210575
-1.1465843366267108,-1.009422066180416
-1.4789879964472674,-2.4987806105300865
-1.7470970796229266,-2.599375131098934
-0.7042824672343158,-2.202991130320736
-1.204446141588869,-0.865037085978695
-0.525211875307741,0.4593432522132911
-1.0483278678538226,-2.596163156001278
1.6858586622593976,0.2976666963413276
-0.772170488703432,-1.3507864498779258
-0.9157219575526141,-0.3441948318168603
-2.157132451403322,-0.7643410586997949
-2.12689143883008,0.06895486775188822
-0.7127471612574481,1.7949669337585488
-1.7523995088221453,-1.0138374590560875
-0.7539722369791888,0.6861110306098975
0.22242378724795353,0.6800070083454169
2.104405815732298,0.2262204638436355
-0.6989958928706073,0.21889369978903908
-0.3461923049570941,-1.3875178122207603
1.5091755343793012,-0.07274139162749868
0.4405282093403913,1.3714255070999184
0.857150725108204,-0.5162836336776696
-0.35139662491101253,-1.1638144278213463
-1.571354215014162,-1.7590423845931968
-0.42666000591534603,-1.7530177855178795
0.5050339354394056,0.5262639499023475
1.3827007962582685,0.026358572275928444
-1.0728779481532,0.01395374301224131
-1.9521158383967303,-2.7120236181899986
1.4397879792569257,0.38814966145306007
0.9821368185995198,0.0523308343008079
-0.9553719209315203,-2.033107163874813
2.4712147070286847,0.8165163374259986
-1.1861305879237078,-0.7262885594055138
-1.9625271009089373,-1.5686674141571006
1.7654597712872602,-0.053069891898342186
-1.760687892306032,-1.2206747555419883
-1.488940303194704,0.4365548169925727
0.4979515923379041,0.046090287597469276
2.0189768625615216,0.2402968196883716
-0.8752691196085833,-2.3369065546676597
1.256360675227461,-0.5088716172859155
-0.9340273784281634,-1.7321556830093345
1.7044689012883283,0.6742855882957496
-1.2852407144190692,-2.4648610376998863
-0.8860492156626605,-1.8593863272354088
1.4424239946721173,2.0048679089859047
1.9329164577839948,1.25729727509766
0.6897289259551145,-0.8112659477874719
-1.3931773351313494,0.6536928391769447
-1.4346533464075946,-0.7385119223281823
-1.3421528981806659,-0.7370694899246178
-0.8163324044825457,-2.3259435915634117
-0.7431851075770282,-0.6718882345840417
0.5581420017598249,-0.09544548627585989
0.6651719911215879,-0.18473386999816518
-0.08145136104840267,0.21586899410336394
-0.24505657421368587,-0.844822766749569
-1.0878905700327777,-2.6365467333480797
-0.4803246902110003,-1.3710058951065025
2.167187626492796,0.5265705263927497
1.99724345935565,0.4022371149375953
0.955030920934496,1.1165580129936257
2.4214993072865583,0.5288516855552711
1.1492551518796064,0.6640400863006629
1.831708724629698,0.8539428687408485
2.88486188186389,0.9627621150329627
2.924908335339842,1.281359193356327
1.6893749190686322,1.175687966378025
1.5486278487561322,0.63715287807732
-0.44910103546399105,1.5048372721984902
0.05714070333224308,2.0093725896194496
-0.07718217836636532,1.8434095359161415
0.25055193437319767,1.9252454018905678
1.8956529451726056,2.2253540730789223
0.5269069327233411,2.1017519212081948
0.06347220672350895,1.7780833220794716
-2.2268288777949237,-0.21502360936851125
0.2754924250958539,2.2601562714889565
0.16418092979174626,2.108651754887394
-0.21834630237835873,1.8112153983428994
-0.04232442842740047,1.7725191092803994
0.9180505899904348,1.7935746884658852
0.11817419065218937,1.9793618893936196
0.6499613924143888,2.1714628911331215
0.5929101659176923,1.5856549716308632
0.024496431481657144,2.537400124104313
0.014935786855039712,2.009444711239628
0.27475946677905094,1.7683007693603554
-0.4872018741251849,-0.4236030006095849
-0.31911987530011166,-0.929378750292965
-0.1066404031397723,0.38564821842461006
-0.7601618217112445,-1.4283677363082847
-1.689708535540285,-1.321497204272457
-2.266364161837282,-0.6717773699447595
-1.805781190264406,-1.0946564697906456
-0.45925492512005794,-0.9905166649505578
-1.0197625802637957,0.2133123981520452
-0.8216730998637103,-0.7170982384368859
-1.740283315050783,-1.4535821699783287
-0.8130100415827655,-0.27592373129577263
-1.1531441854121112,-0.4172240519210778
0.9128816826460935,-0.3335911655113183
-0.4808115409495257,-1.4183936142608604
0.1886382056592084,0.5082409656360664
-0.8848515199305438,-0.38513636824340447
-1.0589047120692157,-0.6474688076660119
-0.9722618507029437,0.067048308880619
1.7725964738247968,0.5232047117069282
-1.0528340982081317,-0.6040850305244408
-0.7415247605921649,-1.1292874836608848
2.8119036508915998,0.8181068873718299
1.68689029945117,0.2023333108272322
-2.0744898961665057,-0.7891457700416528
-1.2253375695826434,-1.4072015309020958
-1.024694387781801,-2.665679814784237
-1.3939035581232928,-2.119953515498348
-1.397850100863161,-2.2964085364028892
-1.5368142770411395,-0.27923822638244256
2.0433240486500837,0.3670554435565986
-2.0189924882532977,-1.3762060427352867
1.012447516453085,-0.08510670301169973
-0.5048597501398944,-1.3102899813339195
-1.0139148877741717,0.6798213100746192
-1.2458589719416522,-0.20715686914176565
-1.3390718148829364,0.8944395160987891
-0.9597712205531024,0.18902829985468764
-1.4044547723414325,-2.944921138255306
-2.014886920321169,-1.858858468501278
1.4114615274785138,0.7832393026664771
1.6125884009717084,0.2832841998651542
-0.8096420215250872,-0.3943327092811547
-1.0971884177805804,-1.859199168650814
-2.220326726305666,-0.3362919711753808
0.23686599267703068,0.12010293963699717
-0.09874576793927181,0.46390035513191596
0.1872889353154279,2.157424924404911
-1.6176286386134051,-2.9648212217971763
-1.2809169934870623,-2.5013340735122642
2.264532024991331,1.176546213658146
-1.7320900605799578,0.27023123714476005
1.9307684255955793,0.35631820324211494
1.7407985879300214,1.3339430070236244
-0.21989173160809505,-1.9822777533218345
1.4656515075085736,0.4775728857830085
-0.933901970255556,0.13702623310833353
-1.2179852174403094,-0.281651380030819
-2.1504171537043475,-1.1506766104385338
-1.9990997956873797,-0.7052820944473229
0.6545649720547773,0.032191736133388466
-1.3020992921473407,-2.627634170024105
-0.8385381148936175,0.8998680687263526
-1.1281436132075213,-0.22124427792281728
-0.7501757787348651,0.31050763788967506
-0.10351276861447323,-1.2409728789016685
-0.7356812404276751,-0.10710093614310842
-0.5179066108347796,-0.5726356529876672
0.4348448170540906,1.2525666928604164
-1.4259174512507342,-1.9649058603927574
-2.0719078229548358,0.03942805293350596
-1.3270764993311785,-1.6553299450561485
1.9567294670460798,0.19548214271067757
-1.1927900956751727,-0.27660843965262993
-1.6462288545252703,0.29095562312155143
1.582761163842497,0.5240972912624396
0.7074788315413572,0.32773455742149726
-0.7254064725520037,-2.413151624171444
0.8720985470764391,0.09197956833391566
0.004245932233152505,0.22615383702664751
0.6685164971469022,0.6522783911541022
-0.7067121909739398,0.3583585745409049
0.5534408642171003,0.36381146076469795
1.3596964432118512,0.3827108866289176
0.295992250573454,0.8799332356765784
-0.841398422587099,-0.5258901142761193
-0.06337607370633114,2.406425831349186
-0.3057443545939349,0.5965370810344733
0.4383630706189252,1.4823114848449745
-0.49889046417492855,-1.9955786490127525
-0.37095493541974056,1.265712974102787
-0.9540149615885638,-0.15595373746604543
-1.3255396531702899,0.001104844243816322
-0.48430091606396664,0.4010352766826667
-0.41726631389874447,-2.3287652754470787
-1.3344832109095477,-0.5548670911476098
-0.1441007302882098,-0.4816581034347497
2.1947396351216413,-0.45181733605117425
-1.5968416379572772,-1.4133719229385338
-0.8824600623728656,-0.15430665251464468
-1.5430207894923114,0.20945415736510534
-0.9305818723322772,0.2088664124939509
-0.6561916516901873,0.29896715048103706
-1.709979121554079,-2.3402963900253257
0.15704935325366032,-0.06525355812759023
1.2562275482533551,0.9543906426742591
-1.3194401906611346,0.1339706754997291
-0.17915803657788265,-0.149020525185772
-1.6079974816920184,0.24530088666229624
-1.3802676843287371,-0.5294209146186791
0.21138399375659,-0.24881118771285635
1.1126600606558896,-0.6616508984252892
-0.6336252139689349,0.21581677950321812
1.0835405392764188,0.005801869066051429
1.0683620376704313,-0.4639065289184533
0.1600125385640241,0.33693174782543556
-2.100202863085451,-0.7645951533004723
-2.0439787553431414,-0.9484472298309289
-1.2646155999781512,-2.0855706953689537
-0.940418665278139,0.005645391972354835
-0.5423161433817767,-0.8906054520294152
0.4383052541134931,0.9812502837493934
-1.0992322610499285,-0.1152029359027825
-1.207218711245241,-0.8076378130599938
-0.23294240700024593,1.7503502345397988
0.377921874654112,1.5384283042266884
0.44800605906229984,1.805023071797184
0.6751899970887281,1.427713034184269
0.02783453000765812,1.961375234158329
0.1006165696499921,1.6330099082305947
0.025542671811399575,2.0854094004943886
-2.337963406908693,-0.8538484596893273
0.7845610929844953,2.85207164052277
1.0977787478087522,2.0959712243392983
0.27980261577349674,2.1981135583236733
2.0287164999363996,2.279826757939152
0.16923516525012028,1.855109570057682
0.12751823199969303,2.1582516408279457
0.327208812367735,1.7178710675552407
1.159522558581648,2.143223402531437
0.2292474461911298,2.7670716023757973
3.0877563310978986,1.365405676396183
2.755551154744444,0.7472601509407081
-0.123410289156618,0.33843099835663215
0.1501696063397504,-0.21250817414970022
2.7300085379002668,0.9567284560516395
1.9056792808888532,0.25760909307151214
-0.2839261935831927,0.12229537728577036
-0.04644704328793514,-0.7052925252601586
-1.5055175469996356,-1.3604744696304283
2.8817462278721906,1.0468503213241616
0.569143409859953,-0.09416404601783376
1.7373007489560224,0.6341546750381507
0.38440715802889835,0.2812165296390571
0.5187271489022351,-0.8521815561935387
1.2976420177338697,0.12701228025703806
-1.8999140905024432,-1.888237836329647
0.5196443153737165,-1.2291481518432579
-1.3444119142176532,-0.27967301246375664
1.7500031544087506,0.6807153499439277
2.1119915796635724,0.1604725657716312
1.3102642847416974,0.34285631540565864
0.30013894571047794,0.27615938100366966
-1.0214594052912616,-0.5032652043983422
1.1075038267491437,0.748792407543949
2.64592772258502,0.9765948629692115
0.4385999096749402,-0.2549054050132714
0.18140989078265202,-0.8889075541183434
-0.5904250787379168,-1.22081232306213
1.3963531209347821,-0.09681877729148489
2.052819187772093,0.7664707875564613
1.9885865999577619,0.7623510933235206
-0.041140799391450766,-1.2425907873794517
2.722011501920042,1.2393791652038613
1.8202344132779218,0.07938095691948313
2.2533786846516706,0.13056622955351252
0.4698564959881879,0.14177822086363215
-0.6841078446986102,0.2961000553086318
-1.0001350091578387,-0.622871878115841
0.9431273890851117,0.05065414074211497
-0.13248211609143246,-1.0791455530807457
1.9161793543217756,-0.2541415714904748
2.9415673567174054,0.9142843461349525
1.1583402408478833,1.1107410765007057
2.6861935211537458,1.2293622470214882
-0.8481277869822406,-1.4615926766082725
0.5689597977517225,-0.10778439280242544
2.054360921513853,0.2031273785732605
1.8792806221364118,1.0816675401046791
1.3462956203339673,0.1522216289058246
-0.3504676269175433,0.2031957350891002
-0.061090116369905356,-1.1246749186202964
-0.7223805831553363,-0.1764926337882958
2.397804196011839,0.615342495472721
2.0273658586857892,0.43085713449268714
2.1670452906010724,0.6912351525142707
1.685631687772093,1.9704329943969765
2.084911997449217,-0.3499671840354882
0.4621702386258222,2.4886502003982582
1.949027831685362,1.2252728915527382
2.1042790962575055,0.985993621380619
-0.5366998361231707,0.2545056543067016
2.0783831430790998,0.616213438542179
-0.7931821988703631,-1.5845878147766075
0.9973092032788373,-0.3563884520217858
1.576610143315611,1.0050495243385353
1.8945700479863263,0.2576268999591388
-0.3001608298899554,-0.24196148153991323
2.443509752881346,0.8649167394950904
-1.8859942601801776,-0.4483571076080285
1.4236307097790815,0.3949996209457435
1.3552420390961744,0.23523778233080286
2.796755249631224,1.2135106301620522
2.2754192901967145,0.7155372476890601
2.7569397045491315,1.394422886402897
0.9259739434538461,-0.26653903958053216
-0.08038467632550228,-0.02612339195460897
2.7375991894124128,1.0905754542663613
0.5347186280606366,-0.7938610338851891
1.1397237433312513,0.04507283631115336
1.360521937739668,0.5257129943683662
1.8225435568211652,2.2889491296127358
0.5434982432244397,1.2215888476684609
-1.5081973718287371,0.04628467324524302
1.9254454923985578,-0.18551016089171987
-2.2621510671259784,-1.1251405501052818
2.260170991551695,0.9230348444297828
1.8936701370595075,-0.4953858279869042
2.6417865110753156,0.7216712808921851
-0.3009418891550921,-1.6180748963043174
2.3476210190175153,0.6307575083091773
0.18933885825854313,1.821697113545231
-1.900035683977785,-2.098714711634823
0.8962759925244428,1.8938918090179482
0.7242385251639463,1.7281745648696938
0.13773422969561588,2.8720523095443764
1.4706976367352582,2.013490197689823
1.07334967983943,2.4381905770614662
0.45992970002871525,1.6738510108306923
1.5205087019322492,2.190003869564823
0.8211679337738134,2.1924698329284706
0.9768257243750669,1.8718403554275551
0.4251513434765912,2.520650503666691
0.7886126144049741,2.149659631283573
0.4217354012845136,0.9794097519233741
0.0504868580220319,2.7595711922958412
2.3871040893910505,2.0228964066818276
0.282165939938841,1.9155592894866982
1.2589913858292676,2.6529766297653237
2.5519319130299665,1.4621728635147133
2.6425184561131574,1.555980560810856
2.1999525381444074,0.7664818144157447
1.0124223334906675,0.6147724664524116
2.6679361416218854,1.3261369443252602
2.333221609723387,1.6580201363876381
1.5329331709263898,1.5749125457122841
2.973419363629637,1.0411446667030373
0.8413909143028833,2.3574105477645912
1.2800829662201978,0.7233216142967261
2.2222552849171735,0.191303280623249
1.9956368757603742,-0.2914040410205804
2.2837704969761945,0.05626818302421946
3.110627110135374,1.264659998448185
1.443527753484068,1.4492589211776772
2.4900520397542096,-0.09547481176108938
2.9950856520054914,1.1947345710113564
2.596861894261656,1.07717191937714
0.2971913768170453,1.5818176246002236
1.545084173810301,0.34528948131351844
0.6142202867386914,2.0225541568115273
1.8211133433697797,-0.020704435674854332
2.6080855680821515,1.5474381423309365
1.0808262182591535,0.4700684523895301
0.7526077134726621,-0.39387023684234246
1.0026508821366407,-0.15175187823028188
2.8845142675755597,1.3914538598373452
2.6308585955021955,0.694712100060276
2.1513926340458966,1.4399539208725014
1.264946873318968,0.9849344468429603
-0.9505437062861346,0.39835834267883674
-0.5292531894328021,0.47299656036644355
2.7025552345631696,0.9429438090637244
2.067877824437437,0.2053005962852307
2.581326778065977,1.096155998738102
2.6154845310567,1.1431913352325478
2.968849356305418,1.5272681689575234
1.9369092537282087,0.600667921335987
2.659290249478636,0.9552596783950843
1.896515543591795,1.1519465422943154
2.200960810315428,1.1639137244537392
2.2361890627263166,2.109830734761051
3.1320447279332257,1.3031440949752846
2.477411325108824,1.3851089454010048
0.4396435572026349,2.9158729291275063
0.561388249528227,1.9039461589172402
-0.29119390712994564,2.324962971241764
0.44990801347476017,2.4319845414474526
1.2059643818257428,1.8007464385345497
-2.256316964495363,-1.5269619249984703
1.2158536566613294,1.9640814042404213
0.41486125720721256,2.5740653252914467
-2.2373152421595477,-1.5532088303253135
0.2180266333935834,2.0475028729751625
0.5754905296681501,2.7085059857681313
0.9202219946501828,2.6328340745285073
1.3684043539879895,1.6640921807601967
0.4448074354050733,2.699652788670353
1.1302287234185315,1.4670647359207192
0.4573987377999402,2.3140033459976235
1.2051124228356458,1.9968663430526772
0.17388480437975895,2.508986589939884
0.7946646614192105,1.505891916783146
1.206696505677519,1.483874914677433
0.35381692184191715,2.396941778691105
0.9724214626668073,1.6328176236465493
0.29468523992281925,2.5210210061386147
2.1384524656651593,0.633389142782978
0.5000214530346967,-0.008512529103466088
2.6836054874775983,0.6359846270397224
1.624537046086607,0.7900192118003883
-1.8828929113032244,0.3647571331575431
0.6857762588379956,0.40602552655487434
-0.5782602475764178,0.24270476910620112
-0.7448055194498919,-0.3024569773361169
0.20616322292071354,-0.09676632520408254
2.051082546841917,0.805860815079502
2.5944606615422345,1.080569503338627
0.7798890499590017,-0.020118462412067467
1.1758468700764753,0.5875749862506904
1.9690653635380841,1.5157049870803871
2.4038868500111676,1.2503330684021035
-0.6923221992136859,0.3693517721012153
3.154299910199461,1.249533650906376
-0.8306638644816302,-1.1788644814178428
-1.0342988418223285,-0.20574173566550832
1.5422411514638044,0.38371428612022773
-1.1462264703394793,-0.8470199131652795
-0.8099660323740863,-0.10385060545653921
-0.8299332307459735,-0.3851028704330407
-0.6090230392100238,-0.6615932607337914
2.539188439976988,1.39485990765839
2.275245602261839,-0.3126120590850793
-1.1653729127528094,0.09321012112646479
1.7450255705235578,0.44977366688995735
-0.7885494874598407,0.06752256813793558
0.5870850337861158,-0.28973168369979485
2.4613845898030378,0.8669407940223731
-0.7013505147578143,-0.7118773483917199
1.9580056024907209,0.4259664243772544
0.34711062444430363,-1.0065310024902305
-0.3759955810191058,-0.9356721663162194
1.8349218918202497,0.1324409595444717
1.4402345968602277,-0.08379018542022329
-0.07375890480298031,-0.3990896367713891
-0.9433311866404437,-0.9056416773483239
-1.3642075704218768,-1.1681852364227256
1.604392821919737,-0.04636669394225698
2.350337441098509,0.5606724596336402
0.6627072049496747,0.20649956071152467
-2.269335572588625,-0.2917668246910058
3.062746698987303,1.2742384648635903
2.6170545174000837,1.2195205664947548
-0.7591211246134661,0.15492527696638483
-1.2538691209437274,-1.5284417891189537
2.8354008747456647,1.3712186789825478
0.019578929078397866,2.587958929570011
2.2171962810872174,0.24302060294299502
1.9592192722676374,-0.5051437639877282
0.3085459424374677,-0.11254534360618215
1.3596811844227887,1.7930915332153359
1.8726752950070478,0.47957193616180793
0.4131316198227979,2.917281267674259
1.2635070039151288,2.652888653309635
0.22696333659869206,1.5125077939346352
0.5588408960221387,1.0996932959869423
0.2711377097485639,2.7082806802108803
1.1042650891659833,1.4718221402481118
0.42089622749072086,2.322359201939396
1.059217284452734,2.2025003409698525
0.32950728667956364,2.932204124958805
0.3060534550068952,2.780282614262394
0.3289641095517255,2.7539004063919106
0.5759966625092603,2.0415071225479164
0.22650599015933048,2.7268546796157875
0.7521015284774877,2.666895744831852
0.1312741590855695,2.6955295777633705
0.32700091136675846,2.7100211358383217
0.4299656702397443,2.1500915265396157
0.7622428639052488,2.2605112767532387
1.3958807541249372,1.6384720778778115
0.5544879688141919,2.504932282002262
1.515434856545744,2.521414158375553
0.4690710259793378,2.7990409112289467
0.32380485070925724,2.8756772256210366
-0.48215812908429134,-0.29278394815177544
-0.1832400010706805,-1.3984584831878624
1.4429883910534955,-0.06288612124175649
1.484892065656004,0.16937973860054392
-2.1581803010584735,-2.718351247279354
1.9029117180226423,1.8519382453277626
2.0792315555928327,-0.12167451020927053
1.45483862889987,1.8557323193862953
1.9394172979710675,1.2324537015274086
2.4844887806294538,1.0506395674064675
0.962129983138857,0.13591083648949046
0.42252972258311283,2.5044020390823403
0.23873608840685856,-0.1169010126277886
1.1418827725766278,0.9591183638885535
1.9133230997441388,1.6317948079422036
1.2609930290101148,1.3809102750137368
0.4148163451073743,-0.8261292004272424
2.498579557072935,0.9859678125694312
1.4408304644940473,0.7382518029525794
0.7097644759533979,0.1470268568709411
-1.913996283877077,-0.80545747515411
2.0162014318822004,-0.17759070035667043
-0.7678207801463031,0.15637224304824252
1.7561717583058454,1.6194397187545815
1.3114669872639753,0.22919854845254797
1.0916270865319349,0.46950787070541755
1.943506534230528,0.9938777065589942
1.9797057463048078,1.7852627015426674
1.8048990918515302,0.9447321272209205
0.13759284747820866,-0.7373140477821313
1.615495915543852,0.7752860761001624
-0.4267188953043841,0.3968596583917655
0.9052315270720102,0.14533325794487376
0.5298393322346784,-0.3167199515983544
-1.4102111505152606,0.36596655610351936
-0.2150407479884051,0.1907034334480681
1.5381109668133832,0.45881557229309455
1.7165341926930524,0.4863630807712592
-1.0458580897929095,-0.0512216114685021
1.5621407581685163,0.43280203405170814
1.8727744175313092,0.7848219251945533
0.9086710801539994,0.41385592284946815
0.32181953920107853,-0.8761467957183801
0.025836999547300454,0.4173832959249534
0.269664342534361,-0.20205807921142202
1.7116683079121686,0.4852676964118995
1.956150348317442,-0.0862359428092919
1.3039785279152967,0.29936171832828895
2.69150512946826,1.807417271168522
-1.0723181413294696,-0.19856924053878408
1.6105180336354352,0.5624211108997382
1.6833242131589032,0.9770798659637489
2.0255400492070295,-0.17315542933196645
2.8127030683873273,1.216916677983097
2.225227530133543,0.4048935002401389
-1.4630509065272235,0.10769974950104136
1.9415625883458234,0.339374033243946
0.35226171745043766,-0.4759439849540673
1.836580927502928,1.1110914922073403
2.0039786650059797,0.6908196485355415
-1.0898413108469867,-0.20278322931975942
2.118569429051695,0.26204600694923774
2.8773755384801007,1.0275620794609108
1.4703314257977582,-0.0050395154640160145
0.43078180683833134,0.24451397124081034
-0.6303452895762347,-1.4370732330963096
1.004625867140112,0.7402674532249488
0.45155116451960575,1.367998359234623
-0.5232971356989764,-0.659413638083645
2.3621064974186994,1.4267066693618813
-0.3588984655024432,0.025055659444621986
-0.524651949274721,-1.9085470461532554
-0.609468524325075,-0.8913882994338952
0.4992245389340497,2.0925545668914833
-1.6757169412257098,-0.7194111370727502
0.2929184390423871,2.7567313886001625
-0.3296154187800311,0.40129795435219184
1.1484906031010724,0.08371050420551676
0.9835657878039457,2.447384951145939
1.429951126706419,1.5893989777877846
1.5861439658520795,2.5279175019577065
1.2570118559716321,2.2969869351699868
1.0418705893872358,1.8063473677948036
1.4892663313267804,2.582071182759098
1.686134572160063,2.0210951543167153
0.3542997790692426,2.7194675183609047
0.5555777503369428,2.571344730885319
0.5966260386822797,2.7683402276351967
0.25282656682711613,2.566105244190983
0.05327987207156193,1.792136189968876
0.15899884237032902,1.7153736329391518
0.005160386693296548,1.5828292346313515
1.2064816309331037,2.021369097264103
0.2649527145741559,1.4816679930999794
-0.17255193458813656,2.4342025494888344
0.4574060691712476,2.5015333867385903
0.2984138084767438,2.435879585774235
0.5646234108327008,2.1294689154937783
0.6029387070057965,2.526948807270817
0.5810678852913953,2.778540966542057
0.39920725954752934,2.6059232926681557
0.6543550742982007,1.8322380757644692
1.0082666380522824,2.277465937168888
1.3892520619748212,0.3748403317049064
0.7555838776944257,1.3076434111907997
0.7605800880311109,2.8739162659957924
0.022105331551847573,-1.2590142512008629
-0.35563904510754574,0.9073587036445655
0.9984813137171842,1.5402120328262368
1.9131175829289533,1.3488042331054726
1.6014898373005964,0.7474667406394996
1.3731795503018476,0.7259709215477027
1.305331851374922,0.5954224741771735
0.41251238716822636,-0.2789464914485894
-1.0366156743647479,0.45751207831650154
1.6311097098706342,0.8697600937202491
-0.2013843701960467,-0.766980650393673
-0.9642849610926532,-0.5872828983947717
-0.22066897617596615,-0.22259566423148733
-1.0520668672205828,-2.6342810415908775
2.348911578786192,0.9720858908012427
-0.3850476192118548,-0.6540095829650842
1.9197372747777082,0.2085548839285888
2.2765027834294416,-0.10599294540137869
2.4293011976597882,-0.15797269579619985
-0.9676193641306781,-1.3780565285369835
1.1308815134881116,1.3590209460571328
-2.071698968279543,-0.20702398058623891
0.9723677663324453,1.8121459460571328
-0.674851243364992,-0.18325475093574148
0.6899859113810636,1.6592327332809487
-1.0509046958567523,-1.3430448794052086
-0.4380249427439593,-0.07401538130492788
-0.6336931632639788,-1.8946787142440757
-0.5397035525919818,0.5445374524906196
-0.5301442788721942,-0.13123911854476553
-1.4549918817164325,-0.36198276516646966
1.626087362897215,0.7590122795417823
-0.10601681934613216,-0.849204304187008
-1.4516652272822284,-1.1528571867629966
-1.332361762392702,-2.6993325972244224
2.07864576114398,0.41888676348476783
-0.09870750175732601,-1.464588048426815
1.8723316742299176,-0.12083441254348379
2.0901418281910993,-0.21846747633666616
1.477576370370207,1.6594593501403847
-1.9095538304926776,0.2867989963605918
1.5613105250714399,0.8782661533668555
-1.2456632302882098,-1.0402666353866539
-0.2562784598948382,-0.0020466172382317127
0.9948106957791425,2.0737591958358803
0.33988254798632633,2.654597160847477
-0.1432471917750262,1.6090364432647744
-0.08920127617138851,1.8990746712997475
0.18173455728274357,1.7139227366760292
0.5648819757817365,1.771074769528202
0.6643755389569379,1.0649251914337197
0.08191144002657902,2.512364027531437
2.2831094814656354,-0.14379438993186575
2.0570045067189313,2.1399527764633217
0.7667439757106878,0.8955954289749183
-0.3047339366557025,0.7359449839904822
-0.57564312683362,0.15651715684085268
-0.0932272122980975,0.35871357980518714
-0.2626826213480853,0.5520533597782172
1.2719828142045118,1.4995242333725014
0.5234754933236219,-0.8294723057434045
-0.37308949695843685,0.5352939343765296
-1.3183932946802996,-0.18413833018989187
0.29778080714922917,0.14653815838842768
0.11104917062502873,1.1643353081062355
-0.9295346187235736,-2.3741019987747154
-0.5832031415583514,-0.8748694681808434
1.7921904279111005,-0.11980244752616506
0.3821932925103284,-1.2465977692291221
0.6290815873263456,-0.30330425736159905
-0.5174924777628802,-0.5252690934822045
1.392462546956358,-0.004869657127567345
-1.172705476153078,-0.5117159509345971
1.3764865352032758,0.7083067870452918
1.5104650808690168,2.010543344052128
0.5658426536439038,2.6073402142837563
0.6242493940709211,2.824409124882511
-0.37348527179974544,1.6344879842117348
0.30971341861468327,-0.6142399930641137
0.04150807393771183,1.9214693284347573
0.7948749913094617,2.082845327885441
-1.0742942737223529,0.27334916356354133
2.2629439188359357,-0.35535484787673577
0.7419729186413861,0.3789218640640296
0.18246316446047794,0.10714229706077952
0.6386536760447599,0.09782711926250834
-1.4243555711390399,0.3540537035778083
1.8706394387600995,0.7092688656166114
0.010214204919157144,1.5857539153411904
-0.2732624457957171,0.1894068582668819
-1.3657775567652606,0.26880129191427604
-0.3305253432871722,-0.551187934844204
-1.3553982423426532,-0.7389175915405236
-1.6881678746821307,0.4155764705255546
-0.11176491247433651,-1.6441845917388878
-0.37371975647229183,0.3327587670400657
-1.6995275663020037,-1.0555241131469688
-0.3533101724268817,1.114257154496006
1.6972487522481061,1.7548094964340248
-0.5585075067164325,-2.059296252696224
1.6229739142773725,0.8671731329277076
-0.18415970073956478,0.20240446247494895
-1.3705495046259784,-2.863845231501766
2.448371822964964,1.5222139334991494
1.194812024962721,1.1695278859451332
1.379337067735014,-1.4896926135640753e-4
2.0620509935734845,2.12319242718964
1.4903321219800092,0.6774851060226478
-0.23131937252301205,0.06631994012146372
1.4253065539715863,1.2024640417411843
2.8762058569310285,1.3539696908309975
0.1531620575306989,2.6303135133102455
0.3445962025044538,2.707624790699772
0.7976197032449819,2.8705953336074868
0.4786731256363965,2.6834982610061684
0.8038046984193898,2.7348660207107582
1.189825440776167,2.590555307896427
1.3384365393040754,1.8774934983566323
0.42401438487750065,2.73651087048798
0.3116555167553998,2.5106099820449868
0.32624429000597965,2.536867735417179
0.32915120853167545,-0.14478177067489248
1.8315301491139508,0.9556934213951148
-0.13376874195355404,-1.318997981517025
-0.03672367798108089,-0.7102910899803124
0.31585043205004704,-1.4517160677597007
-1.1436653779627703,-0.3668778562232934
-0.5491102384211444,1.0794858312919655
0.20782649053317082,-1.1873282217666588
-0.30749005543011654,-0.27649921414107903
1.1443439675686933,0.9876191592529334
-0.9508490012766742,0.5674593127086677
1.1478825761197187,1.874497292073063
0.22408735288363468,-0.06170201536864858
0.34316384328585636,0.7508574104621925
0.03745263351183903,0.2258398602470674
-1.7025783704401873,-0.007018896310039574
-0.4462201045634173,0.6686771190479316
1.7174720121739484,2.031508085758976
1.8336649490712262,1.6343085742309609
1.1132904840825177,0.33679950001984016
-1.333650414812746,0.43435355785637275
-0.9085813211085223,0.1679437993779697
1.324082876574812,1.6112402654006996
0.0858765794156171,-0.3030595206901513
1.253911579978285,1.8521683192565956
-0.04537147747296322,0.20273643520063836
0.6554242177126981,0.902569708855442
1.5648629022954084,1.9965172982528725
0.6533373249886609,1.6889266944244423
1.2739581121323682,2.5378988957717934
0.49420529140215885,2.9468301511123696
0.012358958852110025,1.8719277358367958
0.40619506968241703,2.693286058934025
0.7727753697155095,2.643472311528019
0.5166981173871137,2.333653566868595
0.0561096025822736,1.7213550782516518
-1.277371709215822,0.02937054398804087
-1.8251186059595965,-2.703862311808773
-0.19873863922375667,-0.2764236950561486
-1.8599460767390155,0.22636938977389712
-1.9180493997218035,0.2508348054006614
1.394017095696745,1.905199286968998
-1.0750826047541522,-2.053983094660946
-1.3023095773341082,-1.0743140005752525
1.7082346631405927,-0.09636175867766958
1.4675446702359296,-0.6248084926292382
-0.9259495185496234,-1.33718776938171
-1.2861006902338885,-1.6025325083419761
-1.7008209870936297,0.30337571862488166
1.0328020705102063,-0.46556157108993157
-1.759007041323366,-2.2218378805801353
-0.5311394380213641,-1.0100344443008384
1.6799717499135114,0.8250538683250465
-0.6210369514109515,0.6213310337379493
-1.0580294774653338,-2.5157448076889
-1.0916132377268695,-0.5623229765579186
-2.2346802400233172,-2.665093543498226
-1.3821683572413348,-2.766444804637142
-1.6295617269160174,-2.3523622774764976
-1.6291437791468524,-0.5622119927093469
-1.6359968827845477,-2.325075747935482
-1.559985225069704,-0.0028576874420128406
-1.819978539812746,-1.9836493754074058
-1.8854497121455096,-1.811199786631771
-1.8601244138361834,-1.9894701265975914
-1.3847590135218524,-1.2718685888931236
-1.5492587731959246,-0.28669739004821404
-1.1866808580042743,-0.062210174767681176
-1.8621571706416034,-2.3523226999923668
-0.7983737634302996,-1.098636391131588
-1.5523243592860125,0.34049726787357704
-0.6156472610117816,-2.039510848490902
-1.1502171205164813,-2.794276835887142
-2.017518823015871,-0.6458463692352258
-1.8646712945582293,-1.9336749338790855
-1.6088128732325457,0.015040931732944435
-2.081531112063112,-1.7785909199401817
-1.8086617635371112,-2.651494386164852
-2.245553796160402,-1.2421944164916954
-0.6897837566019915,0.02450914445667643
-2.1249674008967303,-2.435033442942806
-1.2933800862910174,-1.0329632782623253
1.3933514906285382,-0.060726197926708275
1.175915415417967,-0.25939435002059563
-1.4454205678584002,-2.2893472933456382
-2.5329592870356463,-0.31116926905364617
-1.1321135209681414,-1.373162152735897
0.9068243941484071,-0.018004270760723168
-0.41931075321454037,-1.4911854290649376
-1.9853561566950702,-0.40266639229507073
-0.45948380695599544,-0.8734070086166345
-1.7828851388575457,0.3226927644327201
1.092501725089369,0.33944022420196907
-1.7637832807185077,-2.9897638582870445
-1.9252412961604022,-1.044897320239254
-1.2939220117213153,0.6215547001674689
-0.7956134723307513,-2.145496251551815
-2.0399902509333514,-1.3313401961013756
-0.015282754767122153,-1.3715053820297203
1.7463437272427655,0.4603715515449561
0.8230245886562444,-0.3754924559280358
-0.8254368947626971,-1.6243236088439903
-2.0011838124873065,-2.3958734297439537
-1.5805648015620135,-1.370988490550228
-1.2432494805933856,-1.5410020374938926
-0.9017756627680682,0.23694803330450434
-2.1715892003657244,-2.1986831450149498
-1.7183304475428485,-0.26286849614829644
-1.7963584111811541,-3.1431001448318443
-1.9530838178278827,-2.2417219900772056
-1.1178596662165545,-0.8052728199645959
0.5063479794381238,-0.16632938620299917
-1.2577560590388202,-2.410889270274349
-1.0689696715952777,-0.8466799282714806
-1.870520417559328,-2.758795859782406
-1.5213578389765643,0.5259897685363807
-0.5549572156550311,0.02259935203342814
-0.21837038265484798,-0.8185082697555505
-1.6301589654566668,-2.179025771586605
-2.418437545168581,-0.3183965110465966
1.238430256974516,0.4311612522914924
1.9796623541234113,1.2402127957656899
-2.438269917833986,-1.6747375750228843
0.8498066989896871,2.567664501698307
-0.8957836078287982,-0.39286774632186516
0.5811283840058423,2.5174854970291176
0.21305733455401432,1.51272940400391
0.12248384488802921,2.4567648148849526
2.04152315391284,2.2363249039962807
1.1160605801461316,2.6860531544998207
1.3288203431485273,2.2118796086624184
0.8148175245342828,2.8219805932357827
0.1964476062176801,2.0861757970169106
-1.004553620684328,-1.3155984902069053
-0.483487193453493,0.21420257117002386
0.8098646877525426,1.9093939042404213
0.7474683923838712,1.5827499604538002
-1.4387119458796405,-0.5483754300758324
-0.9404953168513202,-0.54878741738052
-1.781895224917116,-2.088902833430477
-0.43120950924176205,0.03824685278683085
-2.3679559873225116,-0.2417796873733483
-0.9212866471888446,-0.2803010964080773
-1.4295397447230243,-2.2404428744003257
1.2437655879376508,-0.4355382942840539
-1.0512716220499896,-0.4868071102783166
-0.9826441453577899,1.056192038090519
-2.3857176946284198,-1.2425749325439415
-1.9836593316676043,-0.8256729864761315
-1.8224898027064227,-2.310999991862484
-0.9800422834040545,-1.3592152619049034
-0.7853085445048236,-1.060754778353878
-2.2430117772700213,-2.532520177333065
-0.5159423993708514,-0.9341105246231042
-1.4852026151301287,-1.9676388525649986
-1.6578558133723162,-2.4983469271347007
-0.9355253623606585,1.0780387497261086
-1.1676338361384295,-1.2693653130218467
-1.5620201276423358,-2.5572055601760826
-1.3373835729243182,-0.9554309868499719
-1.061377351153078,-2.5441151880905113
-2.079580132830324,-0.23634106156081777
-1.7147770570399188,-1.8006466650649986
-1.9781664060236834,-1.6430094265624962
-2.363745276796999,-1.7321877503082237
-2.03145891891736,-0.06385454770774465
-1.7028704331995868,-2.541133048503109
-1.4437864469172381,-1.4841011786148033
1.1547698332188703,1.1548385596588173
-1.585629527437868,-2.1020749830886802
-0.7095286296488665,-1.068084838359066
-1.682640139925661,-2.2859786772415123
-1.8008919404627703,-2.0658420347854576
-1.3322411225916766,-1.7600903534576378
-0.5391169236781024,-0.33120286699981316
-1.474561993944826,-1.953188779322811
-1.879502122271242,-1.747737290827938
-2.2186430143000506,-2.45477330919952
-1.6820283578516864,-3.092478158442684
-1.7026544259669207,-1.609249594180294
-1.6158905671717547,-2.906360986201473
0.4365393175004102,-1.0579805397674522
0.1717200828908063,0.9400792098358192
-0.5867022918345355,-0.3360257768318139
-0.001018528807344321,-0.13155851003379446
-1.721430604326906,-2.5349386953994713
-1.0808896468760394,-1.201997282473751
-1.58028179870862,-2.040938022105404
-1.3641296075465106,-2.211982610194393
0.16757303012591374,0.44204254213123695
-1.202931945192995,0.2690099230721511
-1.622738664019289,-1.1030348562881431
-1.3422969030024432,-1.1615831875488243
-1.696957890856447,-0.15316856142730337
-1.169735972750368,-1.8332196497604332
2.1388279749272443,-0.34485489365310296
-0.35519868599194515,0.3378406590536155
-1.1314089940668963,-1.2203698181793174
-0.8464177297236346,-1.5035277628585777
-1.800067250597658,-0.9457042240783654
-0.5709496186854266,-0.6054496788665734
0.2982038213132001,-0.20567733284682851
-0.06368214355725277,1.4554636454895058
-0.1854227231623553,0.39229699734001533
-0.9947194503428363,-2.5067483210250816
-0.05954319702404964,2.419149515660099
-2.1229866193415545,-1.733398559062191
-1.252063100207033,0.1927914474844851
-0.0026004956843279636,0.7806862569168128
-1.7461298154475116,-1.6393308663055381
-2.025803391802492,-0.6286523961708032
-1.3588648484827899,-2.793200852839657
-2.0362296746851825,-0.21382060882300954
-0.2975893663050555,0.2100823591217317
-1.6862419294001483,-1.1302962326690635
-1.5337703870417498,0.5128864920452155
-0.3350607799174212,-0.1477603041812859
-0.9054905818583392,0.12431838873176951
-1.5778232263209246,-2.984807136027523
-2.457845513689699,-0.5691941404029809
-1.8334773229243182,-0.5740357660934411
-1.562659089434328,-2.7812420153305015
-1.285209958422365,0.2703539631083526
-1.8558166669489764,0.23330520603208918
-1.0700312303187274,-2.4046450876876793
-1.171379153597536,0.11579426142721552
-0.8924636291148089,-0.7442340874359094
-1.5806890176417254,-0.9613840603515588
-0.7049188064219378,0.7536370730712928
-1.8555336640955828,-1.7972725653335533
-0.16929692493695248,-1.1404289030715904
-2.0630994485499285,-0.8629449629470788
-1.9394262479426287,-0.6679651164695702
-1.2223430322291278,0.21969801883547682
-1.9713018582941912,-1.5146008753463707
-1.297724311220827,-2.507904412715145
-1.7550717042567157,-2.070486428706356
-1.544907395708742,-3.041555287806698
-0.695200626719179,-0.03292957183570486
-1.4844406293513202,-0.6015815758392297
-1.2510424302698993,0.4137857681825675
-1.2667484925867938,0.21747464451342005
-0.0658202217699908,-1.2016476416274986
-2.005448405611696,-0.9144119047805749
-0.35014099346417416,2.375569937260441
-1.8565581487299823,-1.6667991900131187
2.1228170944569684,0.9286877489402808
-2.276761119234743,-2.196378352610775
2.7950245691655256,1.1471367454841652
-1.4078589128138446,-1.6262129568740806
2.484682734143553,0.4126120633199729
-0.07369941936749447,-0.34005594488830193
-1.7560294316889666,-1.0723346495315513
0.4725806070683576,1.960986731083683
0.3382601095555402,2.363614437611393
1.860342676770506,2.3844007230117836
-0.0766304777743243,2.0005161738708535
0.03785866035204899,1.7998682236984291
1.0426929993746854,2.508326408894352
0.6931341244099714,-0.4574663662597619
-0.5347042726160907,-0.5123087191268884
-0.23002940880078304,-0.9682717346832238
-0.8848590301157855,-0.7047003531143151
-0.8404968427302264,-0.7432341003105126
-0.5497732804896258,-0.3845327520057641
-1.4231761144282244,-1.3098154091522178
-1.3677418874384784,-1.7415112280532798
-0.3775958465220355,-0.48684811827392205
-0.9919094489695452,-1.9652963900253257
1.5397678567288495,-0.12947234746665578
-0.9428680585505389,-0.2251623296424828
-1.329880540239992,-0.43349051710815056
-1.6365614579798602,-1.4278036379501304
-0.28579813705700863,-1.2056046747848472
-1.517134015429201,-2.6973749422714195
1.0934126330731488,-0.3255509757682763
-1.211171929705324,-1.6125246309921226
-0.6464647697092913,-1.070274951426693
-1.5110715077998065,-3.0601347708389244
-1.4784479783656024,-1.6769740605041465
-1.7448883699061297,-0.7787129902526818
-1.9433177159907244,-1.2732595228836021
-1.4259234117152118,-1.28741228815765
-1.0355935739161395,-1.3401639485046348
-1.250285689699831,-0.5424367808982812
-1.0432753013255023,-2.377936723200985
-1.473155801165285,-3.0966666960403404
-1.5305841611506366,-1.7827298664733848
-1.7402749704005145,-0.9388393187210046
-1.0132879661204242,-0.8269310021087609
-0.4571127341868304,-0.791759612528988
-1.6794050382258319,-1.8962751650497398
-1.0410918639780902,-1.2498370432540855
-1.5423024343134784,-1.619785311190792
-1.4765580342890643,-2.4186083101913414
-1.0664011882426165,-1.931811931101986
-0.801695053446474,-0.6523039960548364
1.232075448167143,-0.45217579838485344
-1.0040859626414202,-2.1573165678665123
-2.1782749341608905,-1.2540409588500938
-0.8753848718287371,-0.9151479029342614
-0.9584450172068499,-1.0186352753326378
-1.3870759652735614,-0.9988740706130944
1.3381672157166578,-0.5010536932632409
-1.5771852182032489,-2.026691796748348
-1.871243779528322,-1.7928284430191002
-1.955843036043825,-2.382579925028988
-1.994595591890993,-2.637256028620907
-1.436236445772829,-0.8494156622573815
-1.756307427752199,-1.8104017996475181
-0.7570627378107928,-0.31764704224319085
-1.1524437116267108,-1.7909328961059532
-2.194206778872194,-2.1595805906936607
-1.2186747239710711,-2.8242582106277427
-1.6730988668085955,-2.6910060667678795
-0.09704155193585384,-1.2706807875320396
-1.358078782427492,-2.94968354937286
-1.3973632501246356,-0.25035098430366143
-1.843383376467409,-0.4886142038986169
-1.4796219514490985,-1.2674578451797447
-2.1777654336573504,-2.305682780711361
-1.8774228738428973,-2.741901519267269
-2.0032544778468035,-1.2174061560317955
-0.031973008978547934,-0.28192261096686944
0.23097109330874455,0.48927142980842964
-1.314722840655031,-2.0038870596572838
-2.1173825906397723,-2.73306715723724
-1.5615225480677508,-2.157930734126278
-1.74129516350049,-2.434174182383724
2.3574301554082013,1.4343941188171425
-1.4788761781336688,-0.8211807036086999
-1.051082317698183,0.33813139560966865
-0.7809390472056292,-0.2642520987674676
-1.159451787340822,-1.7949658655807457
-1.7151199029566668,-0.9387162947341882
-0.963850324022951,-2.4158920073196373
-1.8497791932703875,-1.1873620772048912
-1.2971857236506366,-2.0929197096511802
-2.017316882479372,-1.4614372276946983
0.29838323129397404,-0.3676772737190209
-1.1999662564875506,-0.7687577628776513
-0.14600569473523128,0.1425633034422912
-1.750748221743288,-2.7901247763320884
-1.1149938748957537,0.3592794961050071
-1.4031315492274188,-0.47505766388625725
2.598631675374327,0.7374201989486732
2.6969668222783185,1.3648027158096352
0.1461168481228925,-1.2802274250671348
-0.5155695127131366,0.4342652386739768
0.26744973195773136,2.245189306767277
0.21339022649508488,2.6900907731369057
0.1297414852498151,2.2741337991073647
0.9461865900276281,1.9278756356552162
1.429853494298277,1.9379204488113442
-1.1682463334681414,-1.4842879795715294
2.326803858411131,1.0723083591774025
1.617081756722746,2.029383299382023
-0.4182556317927264,0.7369052148178138
0.2501004291890241,2.6245998120620766
-1.9740169690729998,-2.3799029612228355
-0.45916575657147396,-0.6108995699569665
-1.583962981569948,-1.8417810225173912
-1.0034640477778338,-0.9811790013000451
-0.8795318053843402,-0.6159335398361169
-2.0137198613764666,-0.7369916462585412
-1.1694925473811053,0.7793371057823218
-0.7715377257944964,-1.0621171021148643
-0.986007158625307,-0.8534296774551354
-1.0165996001841449,0.30549676481037513
-2.067967240679445,-2.28277886149139
-1.4737959550501727,-1.2164367460891685
-2.1829536603571795,-1.442480328051754
-1.7770910905482196,-0.9673405909225427
-0.5581032680155658,-0.5469988608047448
-0.5313817905070208,-1.4488145136520347
-0.4251942084910296,-1.6699239039108238
-2.1441331552149676,-0.8796149515792809
1.6737727476475812,0.33463790777473823
-1.2209048913599871,-0.16064250704497915
-1.9816461251856707,-1.1727703833267173
-1.150277440416994,0.4371904260232963
-1.8121219323756121,0.6182615137413062
-1.5516668008448504,-0.3979914807960473
-0.37272257076519955,0.05939334395676035
-2.2021611379267596,-2.129350306956478
-1.4624250577570819,-0.28330236908645257
-2.2285354779841327,-2.0977307581588707
-0.9434601710917376,-1.4447491192504844
1.5811831904767133,0.7772083258941688
-2.133614842760744,-2.0887881540939293
-2.378203933108034,-0.6931477212593041
1.637507016789732,0.4765498018577613
-2.004569833147707,-0.47440028425902947
-1.5089185880305194,-1.3080979609176597
-1.796909873354616,-2.481142880885311
-1.8202701257349871,-2.592504146067806
-2.3240404771448993,-0.8436398529693566
1.7647833181737043,0.24044875937848467
-1.8839119123103045,-2.530552747218319
-1.0533308433176898,0.41690674188881294
-0.6453779386164569,0.14931099999099154
-0.9218060420634173,-0.41513037916869744
-1.916942422259035,-2.3859690451309166
0.5420131636975385,0.8039094782188453
-0.1051329420687579,-1.1070309900924644
-2.005577151644411,0.24094556781797785
-1.1396845029475116,-0.9602614664718591
-2.1139412568690203,-0.4185368442222558
-1.0983197139384173,-0.14774134990424734
-1.937084262240114,-1.0932953381225547
-2.2870727227808856,-1.0785405659362755
-0.832289044726076,-2.2924934649154625
0.9486024780390836,-0.6841222071334802
-0.566730921137514,-0.25269332763404473
-0.9087097095133685,-1.021354200808712
0.2677826835034467,1.5470077967956581
-1.9559033559443377,-0.8853619122192345
-1.9825936006190203,0.324385946126274
-0.498937313425722,-1.2659184956237755
-1.6656475709559344,-1.9423886561080894
0.28113549483996403,-0.9068598770782433
1.7404227806447126,1.568845388920597
-1.4323111222865008,-1.721473338572689
-1.9814289258601092,-0.9546798491165124
-1.3193064378382586,-1.6148515963241539
-1.3778172181727313,-1.642921092478939
-0.9457762883784198,-0.44112360712737664
-1.385725085604372,-0.4189168238326989
-1.1254975246073626,-0.30329531666488274
-0.9555261777521991,-0.2601368450805627
-2.317149464953127,-0.4255456351921044
-1.7630158113123797,-1.8834282183334312
-1.2725830720545672,-2.0576022886917076
-1.6391165898920916,-1.0634046816513023
-1.1857350515009784,-1.7742092632934532
-0.7598820375086688,-1.34759295222015
-1.781474654543581,-2.4241677546188316
-1.3888395475031756,-0.600403788058468
-1.6573513196589373,-1.5231058621093712
-1.2404063390375994,-2.158707501856991
-0.8817568467738055,-0.9688724302932702
-1.0293729947688006,-1.4714981341049156
-1.976589982378664,-1.9480348848983726
0.9874139977810956,-0.5666787051841699
-1.2836747811915301,-1.7271114611312828
-1.1561175035120868,-1.0186181091949424
-1.848599736559572,-1.8809162401840172
-1.5620446847559832,-1.7157503389999351
-1.6915743993403338,-2.6664463305160484
-1.197692458498659,0.010876623423389381
-1.808907811510744,-1.9165259623214683
-2.3534532235743426,-1.2837234759017906
-2.274674479830446,-0.3182769441291772
-1.3903573201777362,-1.2565697455093345
-1.8479173825861834,-1.801157119242855
-1.3902774499537371,-2.970459582774349
1.9324749065754987,0.8731965995147742
0.678278337251959,0.6700179851367988
1.0902946395991422,0.4532508081510581
-0.7169573949458026,-1.5009459280654869
-0.6967279361369036,0.8860511160209693
0.19982885850649845,-0.9252674603149377
0.8436769144801475,1.2982127642944374
-1.7440748857142352,-0.5790672325775109
1.7949380828259565,1.1499180174186745
2.2339835716603376,1.0594527697876015
2.5965297771809674,1.1595674133613625
-0.5862609790446185,-1.9154001497909507
1.8855381561635114,0.17787902380674261
0.18793981803637516,2.281402227909855
0.9534977330086805,2.154415366680912
0.9105642540572263,2.1205189204528847
1.0249816877959348,1.9223022437408486
1.1073829783318616,1.85222291711121
0.901004410368023,2.052585122616581
0.7507763905642606,2.6918810582473793
2.8842701269505597,0.9729396081283607
-0.383064453470888,1.5234690881088295
2.3277725530980207,1.1703740930870095
0.4115785910008527,1.8299642777755776
2.7078202320454694,0.8196618533447303
2.5611373735783673,0.8308210349395789
1.3527034772751905,0.451798794300846
-1.0228361533762835,0.29969162258654014
1.9909416986821271,0.2771074822857894
-1.918552701342287,-0.8199377083465539
-1.8421850846888446,-2.5484088682815513
-1.9731553243281268,-1.7150979065582237
-1.746578996050539,-0.3957647108718835
-2.0279808686854266,-2.727492454020687
-1.8231251882197284,-2.8498178744003257
2.7903241468785382,0.9615027284935035
0.5166695071576215,-1.065951230494686
-0.7737547801615619,0.5835816240623511
0.5273753954289533,0.07293572786598582
2.6831622673390485,1.3044950938537636
-0.9665342019678973,0.046363425882152504
1.8196206642506696,-0.2010701918289147
2.686860854756651,0.6935664093807258
-1.7107239411951922,-0.6006242060348473
-1.0337246106745623,-0.35159498688430413
1.6028220011113263,-0.3505584025070153
2.696856553685484,1.0786678767517128
-1.6718538449885272,-0.48971122738570794
2.52558236850482,0.4434062517002143
-0.06806749569195736,-1.4583060764953575
2.4242556644795514,0.3529831445529975
0.9521791516063787,0.9651762819603004
0.894396935608802,1.8067704415634194
1.9956529690144635,2.2737816548660317
1.2805727375863172,2.0957636809661904
1.9077618671773053,1.881780622036747
1.2773559345124341,1.9923469996765175
0.9141452675877191,1.3540124869659462
0.6388972355244733,1.8906679129913369
1.9690113617299176,2.236753342182926
2.154330666196165,1.4432691312149086
-1.7522290395380877,-2.4998132013961754
-0.7944337772013568,-1.1986969732925377
-1.359046046602907,-2.3685194277450523
-1.8200803445460223,-2.6215151571914634
-1.649136369097414,-2.439516665904232
-1.9573658155085467,-2.6949387812301597
-1.4111779378535174,-1.5288935923263511
-1.739600007403078,-0.7859987044021569
-1.5527496980311297,-2.0685349726364097
-2.094055001604738,-1.5466940426513633
-2.0620783017756366,-0.9866877817794762
-1.1060034679057025,-0.7406277680084191
2.147120053899107,1.4786396003082314
-0.6692208694102191,-2.1003085398361168
-0.7113849567057513,-0.308176996676632
-0.04133236871975887,2.7027946687057534
-0.2515019820811175,1.3138093924835244
2.1720084501622297,2.1978340125396767
0.9073787694988824,1.9486852860763588
1.4859897447941877,2.205986378224186
0.49156191481333744,2.1013735509231606
2.0253834082005597,1.9935163235977211
-1.7128296540858172,-1.2585245394393882
2.1648796154378034,-0.3283736133262597
-1.9419441865565203,-3.064532878367611
-1.7794128106715106,-1.2446988844558677
-0.5363773749949359,-1.366565349070736
2.094279344212828,0.3878923929050483
-1.778082673418703,-1.8958896422073326
-0.9477176116587542,-2.274386527507015
-0.7385914968134784,-1.0599778914138756
-1.6800451921107196,-2.8577967905685386
-1.325394456255617,-1.422266247241207
-1.653355185854616,-2.922396304576107
-1.7665620492579364,-2.2193809771224937
-1.1320174382807635,-0.9794367575332604
-0.659812991488161,-1.4103153967544517
-1.1488118814112567,-0.1911727809593163
-2.109160725939455,-0.4047966622993432
-2.1163213895441912,-2.6633878969833336
-0.44164652096051205,-0.15589151021689993
-1.4143357919337176,0.035971967013172096
-1.7336555169703387,-0.5047404193565331
-1.7960453675867938,-1.9855858111068687
-1.0057356999995135,-0.3831611299201928
-0.6611134456278704,-1.254686000315853
-0.9392710374476336,-1.7132049822494468
-0.9311369107844256,0.2625655694618739
-1.2583993123652362,-1.6177986883804283
-1.8419385598780535,-0.6559935831710778
-1.4833551095606707,-0.3464182638809167
-1.3390386747004412,-1.1250464939758262
-0.9718757318140887,0.06250840190201182
-1.326490466463747,-1.8615931296035728
-0.39569718109387386,-1.0250605368301353
0.2329856110928632,-0.7213665270492516
0.4734760476468183,-1.278341653315731
1.1670486582635022,1.1303510046318093
0.8179115867434121,0.9010151005104102
-1.2692011045100116,-2.881728293864437
-0.7737973378779315,-1.2195845865890464
1.3799165440915204,-0.5669769072219811
0.13487940562945377,1.484069702656559
0.8913435219047643,1.5460367179229775
2.6385211302159406,0.9058351493194617
-1.3533065961481952,-0.7406778359100304
1.2423590077279187,0.6849734163597144
-1.8325222180964373,-0.7444384717628442
-0.8298891233088397,-1.7222332977935753
-0.6145817683817767,-2.1434274935409507
-1.2074473546625994,-0.6894396567031823
-1.121452395785036,-0.6963673853561364
-2.212124411928835,-2.3380869650527916
-0.9991133855463885,-2.6444064402267418
-0.26497370468396175,0.08247697118072886
-0.9519117520930194,-0.4484149241134606
-1.0586544917704486,-0.46900451418609246
-0.12714356647747982,-1.0312674069091758
2.1720774723408796,1.1886917329147377
-2.173986976015749,-0.26254755493850335
-1.4058674024226092,-2.752877833811947
-0.8959607528330706,0.13532861086874384
-0.6361987041117572,-0.13763055440635305
-1.5479362653376483,-0.920338394610592
-0.8510312484385394,-0.12572235104293447
0.5978113068459607,-0.640029909579464
1.968675549161253,0.973530766995243
-2.2435608552576922,-1.9448167109176597
-0.3348249839426898,0.38484214010982887
0.26849847568255436,1.5823500132873574
0.38720604313593876,1.66397452119141
0.28804671300631535,2.447307465107731
-0.027520661223115805,1.8569253659561196
0.802670258116541,2.160917756588749
0.4072160674450971,1.8130496716812172
1.238333011996565,2.654621002705387
1.6910057617543317,1.8570277667358437
0.3382281614659406,2.4115236974075356
0.6939485771773435,-0.25884494420737847
1.641509111058531,0.07884908977299113
-1.3504756139399432,-1.7381055378601036
-0.624400918352785,0.7509032464340247
-1.900000398028078,-1.9337800764724693
-1.887579743731203,-2.8065577768966636
-2.1433752225520037,-2.1787570738479576
-1.9229579614283465,-1.7644683146163902
-1.0088406251551532,-0.9692661785766564
-0.9639361547114276,-1.5883860611602745
2.2279532505391217,0.37829330328255073
-1.9767530606867694,-2.440202596156307
-2.1770921395899676,-2.2226175093337974
-1.2182524846674823,-1.8712092661544761
2.2581739975331403,0.6063432967975654
-1.6959777520777606,-1.1513851904556236
-0.6782749341608905,-0.4727886342689477
-0.8327693389536761,-1.5500121140167198
-1.4117420362116717,-0.31511211630553826
-0.17038447128552425,1.521309373410038
-2.325544183123293,-2.4648660444900474
-1.7487009214045428,-0.5719159865066491
-0.5274037765147113,-0.5282707237884484
-0.8204459594370745,-1.0625560307189903
-2.0665100263239764,-1.2607417130157432
-1.825309817660036,-1.0010583424255333
0.39478146566134464,0.33374754849224464
0.8991391034988738,-0.07017752763480764
-1.936694209444704,-0.9436231875106774
-0.3935708449961566,-1.0581377768203697
-1.2760465787531756,-2.9068189882919273
-2.4616048978449725,-2.1046813749954185
-1.345090215075197,-2.4999710344955406
-1.005566542017641,-1.826289536921688
-1.0616293595911883,-2.5527540468856773
0.9689963339088536,-0.48422962662429436
-1.7927127526881121,-0.706639172999569
-2.1779468701960467,-2.140289905039974
-1.1028141425730609,-1.978426816432186
-1.1171882794978045,-2.484032037226864
1.6275289012311078,-0.16914138433189016
0.8996072234777786,-0.5950694107696496
0.27855354083758366,-1.0242936634704551
-1.4508631871821307,-0.7623747014686547
-0.8386119054438494,-0.15093177792281728
-1.7778654740931414,-3.089898230998226
-1.8920758412959002,-0.8762540840789758
1.7090801550267316,-0.459618749587246
-0.6724165128352069,-1.1773055815383873
-1.0127319739939593,-2.4629455828353843
-1.6582229779841327,-2.255136134593197
1.9139401270268537,0.4736920869663276
-0.245777551996889,2.359748241932682
-1.8767898725153827,-1.175165417163082
1.5247141672490216,0.5028905845001258
-1.1101278709055804,0.705439147980503
-0.7792839454295062,0.4753780937507667
-1.9046796010615252,-0.7052757763549767
-0.7250041411997699,-0.903701784579464
-1.0679162191035174,-1.8018082403823814
-1.351780478823366,-2.253394725291439
-0.7876463578822039,0.543142286570362
0.002069230210600015,-1.529193999736019
-2.2716940091730975,-2.4469336294815025
-0.8945391820551776,0.4090907401159324
2.706564362180052,0.6643291688278236
2.286010320317564,1.448712823422245
-0.7575188325526141,0.3804458654239692
-0.0782735990168475,-1.5216342234298668
-2.1070287870051287,-2.8209236883804283
0.8234700663207151,-1.1524326824829063
1.2442882908700086,0.8866441226318397
1.0950967623112775,-0.2935542189762078
2.5839474750874616,0.4008467918947257
2.5204252554295636,1.306065437825016
2.5587813211796857,1.0772621012046852
0.2757613612530805,1.8923968053176918
0.4031446529744245,1.9316668486907997
1.1390380813000776,2.516559479267887
1.8407415701268293,2.3767851567581215
0.7060759468196012,2.3906260705307045
1.3436637474415876,1.146446583302311
1.1969892634270765,1.6274207806900063
0.6112703932641126,1.9718948579147377
0.5418659104226209,2.0526064610794106
0.19946777356844914,1.819616315396122
0.23292803300601017,1.8842556453064003
0.3982167197583295,-1.3966419720336876
0.40830027593356144,-1.4210506701156578
-1.802790467608156,-0.9840515875503503
1.7413952900288678,1.3747552609756508
2.4182460857747174,0.7067221379592933
0.016369159352598306,-0.5364693426773034
-0.6501228259684466,0.4504337436273612
1.2267640484688855,0.4588917172267951
-0.24027306305188167,0.5582807040527381
2.2093277527211286,-0.226680459944912
-0.09873253570813167,-0.9238634133026086
0.45705768002253544,-0.5132681750938378
2.389968092572508,1.5389945483520546
0.09350001348238957,1.7054485059097328
0.19904005063754093,1.5074951625183144
1.9483028007863141,1.0688448524787941
0.883954982292471,2.811849710972599
1.3194474829552747,1.6932984567001381
0.6232737256405927,2.786735651524357
0.2916740728734113,2.8560711121871987
0.5535929454682447,1.8952603316619911
-0.1677520917536639,1.9163709855392494
0.8144288202939607,2.621706602604679
1.666622932088194,1.5891909575775185
0.6449950291035749,1.7165667987182656
-1.539050404894533,-1.863283994166561
0.06720834506731999,-0.09611574050635915
1.7170913769124128,0.19197897005229372
1.0054075075505353,0.6108773029163398
-0.33913535343426693,-0.2578062438652001
2.208699996602354,-0.29250657793731316
-1.3611310170771502,-0.45925343271941765
1.5107555343030072,0.9337600446060218
1.9336137129185773,-0.2752682292148553
-0.5865598367335223,-0.7756506824180566
1.393755967747984,0.6450168466880836
2.7624357296345807,1.265628335507206
-2.0557206319453143,-1.6725068115875206
-1.0089435027720355,-2.177067878215023
0.3822160614846326,2.8869916177108803
0.08426779044848454,2.8057898259475746
-1.015488211977663,0.8411406851127662
-0.018028502333345298,2.6838270402267494
0.4405961884377576,2.8590217805221596
0.5979029787896253,2.7315939641311684
0.5075370921013929,2.904024241001896
0.7789252652047254,2.730781195195011
0.5644372953293897,2.8004189706161537
0.4417170835850812,2.7420996404006996
0.15731811059695255,2.7823799825027504
1.0754036857007123,1.9528108811691323
-1.2412000344874285,0.617932257683567
0.9776958106277562,2.7201729989364662
1.700714523923216,1.5246674990966835
1.2799130035756208,1.2137652612045327
-0.5580367492319964,-0.6976833963081323
0.6656154496787168,0.06391115251331705
2.1901382757542707,-0.17053431507796865
-1.1924117253901385,0.5341579592540778
1.2950801504967786,0.7493841624572791
1.8801833940861798,1.3410462117507973
0.04961919320803654,-0.20111337539405447
-1.455478970873537,-2.6571923517868004
0.0828211857197858,-0.3127803229972802
0.433420742881117,2.868928787739567
0.33033167852145207,1.6381340003326454
0.3239318682072736,2.829315302403263
0.319812948834715,2.7766872620895424
0.5785905374405957,1.014129517109684
-0.629037206041994,0.8909238553360023
1.633352930676756,2.215503094227604
0.0034586144803143704,0.8613942241981544
1.0291513605235196,1.0247436738327065
0.06791078580599796,2.7077671265914955
0.5758730126736737,2.8658851361587563
0.05952184928637516,2.7300518727615395
0.399613495003996,2.870068190129093
0.3928245557664014,2.8815547204330483
0.8868921762524224,1.5160022950485268
0.28869819177371037,2.8540285802200356
0.12602519525271427,2.620180246861271
0.4105712427018262,2.8616701340988198
0.3796521676896192,2.8886731839492836
-0.007878546583833579,2.712444183857731
0.04452484382372868,2.748597977192692
0.23401200307589543,2.7419332242324868
0.7123621655819989,1.3878678059890786
1.5810842467663861,1.4900982356384316
-0.6856911824824237,0.6022027409389533
0.7142391009448148,2.728858110935978
2.996737415921507,1.2929599261596718
-0.7503424333216571,0.29076619956045524
1.4136353088734723,1.10428350928574
-1.518601243364992,-1.5187627100631675
0.16879194511157047,-0.6206851029083215
-1.8053167508723162,-2.089043261973568
-1.7621701406123065,-3.0615199827835045
-1.5288909124018573,-3.0536934160873375
-1.8520427392603778,-3.0469332956954918
2.3028617454884626,-0.10645473238677602
1.1103406055091,2.5360473370864907
2.07301193011981,-0.2791734957382165
-1.5209544347407244,-0.7855262779876672
-1.6543336557032489,-0.13150888916701894
2.0398904634831525,0.3356409645393409
2.3816202236531354,1.9029244160965004
-1.8060801671625994,-2.2447990202590904
3.0639783693669416,1.182668027909092
1.1871024323819257,2.6181954121902504
0.6995723946211911,2.265981552632145
1.1347881509183027,2.7233759141281166
1.33915778530818,2.608381865055851
0.9859907655237294,1.962543962033085
0.2464482141850568,2.3423053002670327
1.595237012040434,0.007616294057659095
-2.071436231005373,-2.465799691645809
-1.468214099276247,-3.0785816931411705
1.735628242623625,2.055344698460392
2.6981952740071393,1.7008002972915688
2.7165707899449445,1.7748264050796547
2.194470579755125,-0.24981847640723806
0.25460278524142277,1.6008247113540688
2.263180072438536,-0.04004889961928945
-2.0932462857844256,-2.1797126555129966
2.4204451395390607,0.552285877497486
2.952590639722166,1.066829917462162
0.4276088429806806,1.330442068608097
-1.299107138979616,-0.1556573533698998
1.3803729964612104,1.779666183026127
1.3165641380665876,2.0930753922775307
-1.9480741666438006,-1.018569948641964
2.837231333386717,1.5181081271484413
-0.45638412700909603,-0.07427156206817251
-0.8988394187571429,1.059239027531437
-0.8141115354182147,-2.5064524435684166
-1.0331189082743548,-2.485762956111141
-2.1491048978449725,-2.2503742003128013
-1.5189634011866473,-3.036607625453182
-0.631079499590578,-1.9799844050094566
-1.4329844163538836,-3.0818771147415123
-1.3659721063258075,-0.14104375478477102
0.44536822570544254,-0.024842756359287316
0.14972149862032902,0.5244654393508948
3.096445734631834,1.3347970223739662
2.2128913952229596,2.2242156243637123
2.6811292721150495,1.7023060298278847
0.471637363564787,0.9669867730453529
2.262135799062071,2.1575434184387245
1.7673340393422223,2.17664062741547
2.7157178474782087,1.5982354855850258
1.6895069433568097,1.8776677823379555
1.9028065754292585,2.29582106831818
2.015579278600035,1.772162554295353
1.092652316224394,2.221423981221012
2.0507557941792585,2.2314742780044594
1.798225338589964,1.9129089093521157
0.2599341226933576,2.6583734727218666
2.1777835441945173,-0.36330622669906243
0.8901321822969295,2.4395295358017006
1.7878448916791059,0.08956074479370493
1.6777145220158673,0.10875860366373438
2.4624755932210065,0.8253875351264991
0.7899024365661718,2.3797944760635414
0.26298254264575016,2.7156354165390053
0.7914883448002912,-0.5791416191741906
-0.590757553446474,-0.3613992356941186
0.9701496390817739,2.5810226178482094
2.7733512474415876,0.9581568813636817
-0.4977236436488055,-0.2847206914112054
0.8480318738339521,2.7174156880691567
-0.49324328171032894,0.8794072842910804
1.0159944100497342,1.8060170388534584
-0.5199558185221576,0.5484829521492042
-2.0288534806849383,-0.1923683309242211
0.1665495587704755,-0.17856037852019888
-0.16237992512005794,0.8672196841552772
0.3739487184403516,-1.0208262228652916
0.5025250865338422,-0.7069242024108849
-0.9203712390543841,0.3620827025487937
2.652293498647032,1.201668558152012
-1.8440981553675555,-1.858337523905941
-0.9079416440607928,1.0260534859016457
-1.1490371869685077,-2.451312425105282
-1.8706210301997088,-2.620858790843197
-0.6705730603815936,-0.05051166054458242
-2.002877299654665,-1.079986932246395
0.21754145158511173,-1.0623490833923301
0.6475810213206388,-0.36891120907516106
0.4407165600178815,-0.3237899565383874
-0.658079330790224,-1.3894917988464317
-0.38740057216900814,0.32470877233295814
-1.466803614962282,-1.5403400683090172
-1.9592855619074725,-1.2979519390747032
2.456307227742491,0.5672463453128852
2.4666337324498273,1.8590462184265175
2.4743726803181745,1.0332628465011635
1.456367726456938,1.6196975684478798
1.577713544499693,1.303869483502201
2.09382491840106,1.5464384532287636
0.6496809972642041,2.293429014714054
1.46653216613513,1.9567491984680214
1.5922060562489606,0.9466602778747596
1.669733102452574,0.9201103425338782
0.5362810148118116,2.1445612883880654
0.8624275559751369,2.357836840184025
2.068149383199034,2.2735956883743325
2.9018003298161603,1.439606902630619
0.7888446105836011,2.271540043385319
-1.1314759896876239,0.340867472322277
-1.6687129186274432,-2.8468850874587974
-1.4208985017420672,-1.349784615008541
-0.827854459154787,-0.5978014492675744
2.2783011747716047,0.7287963605239905
2.898034269940672,1.1512681818321266
2.9867338491795636,1.2277200198486367
1.9754880024312116,0.5110619044616737
1.9039091421483136,0.6552805877044715
-0.8145343707682513,-2.162773730723568
2.0560498787282087,0.5707533037975349
-0.15055829750317562,2.5092476582840004
-1.174527470934572,-0.5814152383491479
0.9197575627086736,1.161185262234501
2.213340814244566,0.9336720085456885
1.9980655266163923,1.3890655017211953
2.973405058514891,1.1573587632492104
0.7423604382393933,2.242556211979679
2.237471158635435,2.182383534939579
2.1667044712422467,2.187246439488224
1.6479486180661298,1.9511992907836953
1.168633396756468,1.7959290719345131
0.8410305855987645,2.204086897404484
0.17568397058230412,-0.24121019479484182
-1.4905312703730487,-2.850404860942074
-2.119454924929323,-2.5954233431503257
2.7300202204106427,0.9472775435760535
1.8389950944302655,2.1747486567810097
2.4711781097767926,-0.025118427841373497
0.6194894565461255,1.4314964986160317
0.7798699839232541,1.1739730811431923
2.32274931205493,2.1151245808914223
2.302522475850401,1.903156993420414
2.386369402539549,1.934410450489811
0.6135712815640546,2.5310655808761635
1.0386398388264753,2.3228536820724526
2.22835176719409,2.0446283793762245
-0.9841632293345355,-0.21807465192527395
0.19379072917681706,-0.7449523234054528
2.028065974843321,1.2889871573761025
-0.9256891654612445,0.3488141274765052
1.351726646554289,2.0839421725585976
2.4978759838460065,1.21122371915131
-0.44585317837018,0.8297620392158546
2.426478202473936,0.016273034246257728
0.4550777925370313,2.723620770008854
1.3890432072995282,2.4485908723190346
-0.4994100974680804,-0.5873903655693017
-0.16213602291363705,0.9599282121971168
2.1554775787709333,-0.3691479587242089
2.9090198828099347,1.0201275325134316
3.1177782369969465,1.0694835162475624
-1.3135026143671893,0.34710496428757087
0.2768359137890912,2.3318849778488198
3.084196264874754,1.281418678791813
3.0579168154118634,1.1028898930862465
-1.5666108773829364,0.19808166657908935
3.0029525114415265,1.2949128127410927
3.080010826718626,1.2917603230789223
2.216233427655516,-0.19725266334266287
2.0857339455006696,2.1864706254318276
2.5198951317189313,1.4531288123443642
1.0594830019591428,1.9201912856414833
1.8850424839375592,2.315549013645939
2.0429872824071027,2.2582081532791176
2.098248179089842,1.522633550198368
1.343859191071806,-0.49619984862060174
0.6467301501153089,2.5133436894729653
-1.0798097299219989,0.7022665119483985
-0.5290090488078021,-0.9122736477539025
-1.2108975099207782,-0.20309749480933767
-1.5986219094874285,-1.660077812640377
2.0674002720234967,0.16981450978069682
0.5477371169446088,2.692056534321598
0.8974440666107513,1.3937936997726479
-0.09680885540265072,-0.005443500845142418
-0.12320274578351009,-0.013377698628612572
0.8907987019239045,1.4516622996643105
2.800122196805296,1.5853266692474404
0.27566265596133244,0.2599779716446914
-0.606491868364992,1.0770850158050576
1.159729803931532,2.5123013234451332
2.1837025238392926,2.1945790028884926
0.6884950800059415,1.956110832722477
1.5983664347050763,2.00094437363892
