UMAP1,UMAP2
-2.1504156033047233,1.0432768158685324
-1.546763126040319,-0.6390349574316385
-1.6841294209011588,-0.2487430281866434
-1.5856010357388053,-0.5146221823919657
-1.6703364292629752,-0.2634958930242899
-1.9016577641018424,0.3150708966027853
-1.579346839571813,0.23031285331360074
-2.0472361485012565,1.577214031673586
-2.1574918667324576,1.1442437462579367
-1.6229426304348502,-0.10643574669250278
-2.0029923359402213,1.6845715336572287
-2.1205751339443717,1.1592116646539328
-2.1206280628689322,1.2812269024621603
-2.165939513827184,1.2351496510278341
1.7653349002353158,1.5800359539758322
0.5268533786288705,-0.865707726024473
-0.20677870907864904,-1.3338582225073221
0.5520523150912728,-0.8952508874166849
1.0053122600070443,-0.6884140677679422
1.5582414229861703,-1.6917186684835794
0.9183919986239877,-0.08747908546813754
1.1043336947909799,-1.7920450873602274
1.3206983169070687,-1.9270174212683084
0.17370110354342128,-1.7305683799017313
1.1752820571414437,-0.6002399630773905
2.2416620810977426,0.08913949058166715
1.2872572501651254,-1.835244268916929
1.069618995999476,-0.9034371085394266
0.4910872539035287,-0.6887569136846903
0.9151740630618539,0.16505768821350308
1.1718478759280648,-2.2375716872442606
0.7319882472506967,-2.09651294424423
1.2663643916598764,-2.1845310635794046
0.32770520052828456,-1.6862203784216288
-0.1877915302761588,-1.5063583560217264
1.552794512128016,-1.6135511107672098
0.9701963027469125,0.37569883391967984
0.1908104976169076,-2.034970433257902
1.0004816611758676,-1.3558766551245096
0.18369322619356776,-0.41264650299438266
0.8939760287753549,-0.8850584931600931
1.8230975230685678,-1.123246640704954
1.3790667613498178,-1.769636005901182
1.3732474406711068,-1.0080630488623026
0.8467779716006723,-0.9471306510198954
-0.26232403912625646,-1.2928621478308084
0.5296862681857553,-0.35133764221557406
0.1095722278109994,-1.1939519353140238
-0.31847352185330724,0.09605792091003629
1.7823896964541879,0.5601861767541525
0.289690788602015,-1.3323046870458963
0.724446590756556,-0.3778803057897928
1.1088727076999154,-0.9599419541586283
1.2723904212466683,-1.9265975065458658
1.3908324798099008,0.11618259475342008
0.2674530108920541,0.2300789646875021
1.8213251193515267,0.03181889579406949
-1.252219382906774,-0.8934573836553934
1.2280293067447152,-2.3670716889131906
0.0020392497531380727,2.2029002003442404
0.618846233700892,-0.5656454272497538
1.770347174023768,0.4877391152154562
1.7761929591647592,-1.3308936066854837
0.9011335929385629,-1.4862057872045877
2.0374599059573617,-0.6284362979162577
2.014626797055384,-0.5978789038885477
-0.7810761372097526,-0.8744126267660501
0.5017684062472787,-0.6764068312872293
-1.630912009859899,0.05084326789489957
1.4358296950808969,-1.503744811557615
0.5331795772067514,-0.24084898903259067
1.0227456649295297,0.7287962727319357
-0.20368785061917638,-1.1393000788915995
0.7619236072055307,-0.5475108332861307
0.7687342723361459,2.062158852077639
-1.185153190279821,-0.0316414542425516
-0.22802085080228185,-1.030907840274656
-0.02386731305203771,0.26803663299194547
-0.0978552738674674,0.12967041061035367
0.6523044665805307,-2.1544580168951395
0.6781108935824838,-1.271480054401243
0.5732935031405892,-0.4501130290258768
-0.43944758572659826,-1.0368995375860575
0.4510295947543588,0.4267828755151388
0.6693919261447396,0.6291635327111837
-0.6745759884365592,-0.8443727202642801
-0.8476373592861686,-0.12193700744994906
0.24854546389498378,-0.16460010483154086
0.23633747897066737,-1.2929568000067118
0.9280343612185922,0.40648034141174527
0.6952112277499642,1.0336971573602316
0.034765060757776745,-1.2118714757192972
0.7196162303439584,0.32069304511657926
0.5634139140597787,0.20669105575195523
1.8149571975223031,-0.9050820775259378
-0.5520941654690299,-0.8085728593099955
1.1708424647799935,0.2654035382043478
1.7944274505130258,0.3544071011315939
1.2017822822085824,0.8458035282861349
0.5050032695285287,1.207289009548342
0.03485279879488612,-1.7063126273382547
-0.9768268505581412,1.363177566982424
0.5942400058261361,2.2230494313012716
0.5448849757663217,1.279784946895754
0.26332693896212245,-0.631920785449827
1.4498403628818002,-0.4206456847418192
-1.9131957928188834,1.674705772854006
1.0717831214419808,-1.1531582780111673
0.17130356631197596,2.1699888996850607
-0.12635201611600255,0.9043426804315207
-0.6466876904018912,-0.4270395941961649
-0.7394406239040885,-0.6747564978826883
2.0514929851047006,0.3402791313897726
1.4997273047915902,-0.014443130039060392
2.0904419978610482,-0.21315023376830844
0.6789086421481576,-0.9278155274618509
0.7171700557223764,0.9786653809320089
0.41297322115816737,-0.5784134574163797
1.2992673476687875,0.9196410469781515
1.0660493930331674,0.42819192931762906
-0.8145515362270865,1.5117743305932638
1.509832914685389,0.7157004170190451
0.4043853839389291,-1.8843950338590982
0.8559249003879037,-1.57379326298126
1.6181753238193002,0.8869686417352316
-0.2595383564480338,-1.0367949910391214
0.08969908556856776,0.6177327923547384
0.33101635775484706,-1.8432991810072306
0.3333724101535287,-1.303668112300718
2.1828446944705453,-0.0971615023840311
1.3415043910495248,-2.2899732895124796
-0.12999457516751622,-0.4677834220159891
0.40250330767550135,-1.310107082866514
0.2702911456576791,-2.5110317177999857
-1.87344426312528,-0.08998844101318149
-0.7931429783352408,-0.8752317137945536
-0.7944199482449088,0.21038153693786832
0.3333294948092904,-1.3222282834280374
0.8695533832065072,1.066589146114504
-0.05571288266263341,-1.6980861134756449
1.2261336406222787,-1.9391840405691507
1.9266617854587045,0.5494993023645041
-1.9241735378750358,1.7080881886254904
0.20699196658053065,-6.11097428276428
-1.1012541691311393,3.674308567501223
2.261302049969813,-0.20768520309814242
-1.1160156170376334,2.820995598293459
0.4156640132419076,-5.67766711189636
0.7935998996249642,-0.8397141404379251
1.1774654944888558,-2.1427424259413126
1.7269461711398568,-1.0389311022985819
0.7030318339816537,-1.7933426804769876
1.1176939567080941,-1.006989807628477
1.2414651473514047,-1.3224796958197
0.5245397647372689,-1.2661225505102518
-0.4409191051968131,0.5265999130975363
0.31127291521944667,1.9279487423669455
0.49875813326754237,-1.1226472563970926
0.5756280978671517,-0.32470604851135043
0.4138167460910287,-0.16827532722839145
1.2091463168612924,-1.5025188632238748
0.3119938930026498,0.008910446621095858
1.4176400264255014,1.7525337033044455
1.0739367564670053,0.3183961205255148
1.0755107959262338,0.9006960682641623
1.0395835002414193,-1.1118223376501444
1.0924361308566537,0.5849588207971212
0.5024893840304818,0.6041524700891134
0.4137852748385873,-1.9434405870664957
0.5251825412265267,2.4752867512475607
0.9905839522830453,0.8302774719964621
0.21612196764864589,-1.3194670386541727
1.8165233691684213,0.9877765469323752
0.7834418376437631,-1.8594751067388895
1.7519879897586312,0.5194011025201437
1.803775604581019,0.3042509846459982
-0.6392447391994986,-1.0401757664907816
1.2462235053531137,1.4626076512109396
-0.28933304944119786,-0.17790767624267367
0.9773867686740365,-1.3864483542669657
-0.3225099483974967,-0.8970257945288065
0.7289097865573373,0.7992353729974386
1.1932824214450326,-0.2102904029119852
0.4583767016879525,1.0865958027612326
-0.8854185978420768,-0.9521217055548075
0.6579678615085092,-1.0874229378927591
0.941097792004725,1.9991634182702658
1.4756465514651742,-1.3555556245077494
0.7794516643039193,-0.5085351176489237
0.6017144282809701,0.945246487117922
1.5267217715732064,-0.5544380851019266
-0.460614387179235,-1.3580226607550028
0.7893341144076791,-0.8632132716406229
-0.9432598988064322,0.8318252854119894
1.0874217113009896,-2.028825194381559
1.0870090087405648,-0.1392152018774393
0.7380865176669564,-0.7381307788122538
0.09041958651461268,-1.9695474214781168
1.5723860820285287,0.5397684864770529
-0.5120307842739615,3.2975051693688986
-0.4779664913662467,-1.0143552727926615
1.1244650443545785,1.6250427059899923
0.49864846072115565,-1.9951185889471414
0.022650059079309948,-0.8323385424841288
1.3418813308230844,0.05689671561828824
1.0149889548770394,1.2196295552026388
-0.31022328534207677,-0.9482943721044901
0.12859659991182948,-1.8591306514967325
-0.49646681943021154,2.792280464626467
0.5908325274936166,-2.062981814884031
0.7222860415927377,-2.5337973542440775
-0.8241884151943717,-0.41181823685058383
0.2544529994479623,-2.4293169386614206
-0.09086198010526036,1.1175680451165793
0.5582612117282357,-1.3015109009970072
0.9790776332370248,1.0543062977563498
0.6507337649814096,-0.7508201308477762
0.7617943843356576,1.7117879681359884
0.05733376345553065,-1.576311916850889
0.8998749812594857,2.137176304317629
-0.4048802296169791,1.175757675625002
1.2920442183963265,-0.6948854632604959
0.5671156009189096,-0.7285127349127176
0.9673843940249887,0.8666811280023214
0.8048666079989877,1.5960471920739767
1.322410400723597,1.4957807354699728
-0.7856170574673209,2.410045414425051
0.4635575374118295,-0.6170830435980204
0.6923821528903451,-1.3880536265600565
1.09056359133639,-0.2789537616003397
0.33591204485811854,-6.1967625327337625
0.4012706836215463,1.1613111786615011
1.4115083774081674,-0.5531692214239481
1.9510107596866098,0.2774095825921652
-2.1838638226040397,0.5475247196923849
-2.1417357365139518,1.171109467006838
-1.894442741061071,1.6847522549401877
-1.0149518887051139,4.005761414028322
-1.2067610661037955,3.218462734676516
-2.069895450259069,1.6624081425439474
0.23589688143648768,-6.095294684909666
0.30254393420138026,-6.127690524600828
-2.2211119572170768,0.8718388371240255
-1.8157612720974479,1.6117823414575216
-2.0287711063869986,1.5826638035546896
-2.134626094485143,1.2163842015039084
-2.0245692173489127,1.5806758694421408
-1.3148700634487662,0.41053345725647183
-1.5570470730312858,-0.040952653430784025
-1.1464325825222526,0.024272232509767733
-1.6520540157803092,0.04972317741028043
1.504053171490809,-2.043998629592741
-0.19195384183011388,-1.199234337352598
0.7034962733737435,-0.9330838628042581
0.4435713847629037,-1.8426252312887552
0.9287982543460336,1.5080526165734884
1.5414310058108773,-2.1065497107733133
0.8425462802401986,1.983891277767336
0.549205120419642,-0.5281753249395731
0.7035148700229135,1.1523368649255392
2.0579135974399057,0.7316909127008078
1.7920411189547982,-0.8983636803854349
1.6097689231387582,-2.118521661304319
1.0728850921145883,-2.1135260172117594
-0.5200521389492545,-1.3947328038442972
0.6032698710910287,-0.7587749667394998
0.5710642894259896,-1.5555516190756205
1.0030994971744027,-2.255959898971403
1.48676138720431,-0.5559045977819803
1.3915947040072885,0.032274275280153475
0.5385435183993783,0.11261895225158902
1.3165565093509164,-1.5992856927145365
1.9209387858859506,0.549414663768923
1.6394601424685922,-0.8112350411642435
-0.6939727703579459,-0.7471036620367411
1.3334167560092416,-1.5861856646765116
-0.13758248486600255,-1.7412612147558573
0.3073084910861459,-2.4691040225256327
0.22606068453707362,-1.1637717194784525
1.1226988395205941,0.9513454727899191
0.9247098525516,1.6939494900476095
1.1456695159427133,0.1356125168573019
-0.49450129666409826,0.5385685257684347
-0.12818020978055333,0.988330154873049
0.7273529132358041,-0.6968302436102274
0.16109162173189784,1.1852419667016623
-0.10689562954984044,0.15425303504577847
-0.031965915346959584,-0.4639851756323221
0.9678812583438363,0.5833723835717795
-1.0883500019558463,-0.7679326243627909
-1.003773395205358,-0.8915744729269388
0.5077169497958627,-1.872912020229185
-1.6700484196194205,0.7011626057397482
0.314555462216517,0.23103573844543668
0.3645728190890756,-1.4428487725485208
-0.1822359005459342,0.5406694702874777
-1.0521089474209342,-0.5606615252722147
-1.4040767590054068,1.6402685932885763
0.2660945018283334,1.1303994946252462
0.8181319793216195,-1.5030891604650858
0.3055689891330209,-1.132469028972471
0.6185196002475228,-1.270358891033018
1.239625509595057,0.1318273834954855
0.1556237300387826,0.5975623421441671
-0.07571858563504552,-0.5281216807592752
0.9643502791873422,-1.5747582621801737
1.3669338782779183,-1.5311624713171366
-0.131303970003942,-0.21187564804443149
0.7643712123385873,0.8415088944207785
1.740202959393641,-1.0989844508398416
0.11780577502169276,1.0965655140649435
-1.4963328281887565,0.07968190238586637
0.053669269894739635,-1.0586994595754984
-0.9458305279263053,-0.41076633407958774
-1.2181879917629752,-0.6467318244207743
-1.607695285464147,-0.4276542372930887
-0.3419329563625846,2.8481805615197775
0.41930085024752284,-0.46719405128845004
1.726540382718226,1.5662691883813498
0.9245088656894174,0.956962852932131
0.519112404202601,-1.0955887742269876
1.1327407916537728,0.21225145385376187
-0.0010516087063345836,0.45162656829467984
0.7069333156100717,-0.0201666064489725
0.3286612590304818,0.7909770302545187
-1.951466266299108,0.9074526123773214
-0.0992295185574088,1.774749546505129
0.2901619037143197,-0.37547513916381625
0.4544795115939584,-0.7747063346136454
0.9398918708316293,-2.347753644727552
0.029938991879602916,-1.174863786243284
0.15778284869112635,0.2215333275567648
1.845277365063807,0.5484018616448996
1.6719110568515267,0.7082641415368673
-0.2043783108242545,0.646085052944338
-0.8687865177639518,2.4730232052575705
-0.470171157503942,0.6286864571344015
1.1485882361880746,-1.9046895213354471
0.4713843425265756,-1.5195871300924662
-2.0234062115200553,1.1731577210198996
0.12642269930758143,-5.895710916065061
0.2929938395968881,-6.044306726001585
0.4055464824191537,-1.0185779042471292
0.19369107088961268,-0.8385524459112528
1.3373900016299691,-1.1506411738623026
0.8339479526034799,0.9881012730371115
1.1130469401828256,-1.9465501613844278
-0.8111779133327994,-0.09245726539977817
2.2791791518680062,-0.15156719162353305
0.9144447406283822,1.5101812176477072
-0.687064353609899,-1.1687429852712992
1.7205503543368783,-1.9686344571340921
1.788843210553309,-0.3330614276159647
0.19321041903414393,2.607851295925295
1.2799068053714242,-2.0337927646864298
0.7383645137301889,-0.9278586812246683
0.018991764401575573,0.507866173244631
-0.150652114535192,0.37356403396240445
0.6655700763217416,0.37046649978271695
1.0753367503634896,1.2419674687158224
0.0495741923800912,-0.9757641263235453
-0.14481372037015294,0.07858565375915738
0.7552497943393197,2.080385475612795
-0.025775615359166615,-2.500676275037611
1.2763987143985238,0.7314915947686789
0.4294412692538705,1.801978378750002
-0.32585972943387365,-1.5980208821524027
-0.6549155155666861,-1.4516858763922098
0.3959329684726205,0.982862740017092
-1.4104878345974479,-0.22953936531432895
0.5922577937594857,0.4509980969201681
0.37123804888643885,-1.2209222026098612
-0.7741901318081412,-0.7804350562322977
-0.5987398067959342,0.23367169425598355
-0.25737828412137365,-1.330614656947935
1.1341527064792123,0.37619164512268277
0.46508007845797206,1.8641021542321798
0.4695880969516244,-1.5025142140615824
-1.3001853863247428,0.4707203202020285
0.12171965441622401,-2.06900468542465
0.4349349101535287,0.6169848732720968
0.3885176738254037,-1.6686974473226908
-0.44088191189847326,-0.055762738727414884
0.542857464169642,1.2211921505700705
0.15195399126925135,-0.4287037558782938
0.4706376155368295,0.6777768425714132
-0.7599450985439811,-1.0396521992910746
-0.6750957409390006,-1.2826075263250711
1.3594852050296273,0.4384651474725363
1.1093121131411996,1.3840616040002462
0.4964421351901498,0.8960488133203146
-0.030925456667760365,-1.1889164157141092
-0.23269099392972326,1.1160383515130636
0.604718979214808,0.8827817730676291
-0.3247405926235709,0.4556470207940695
0.8258746226779428,0.2409260563623068
0.9043970664493051,0.6850791268121359
0.5623510440341439,-1.3857464499700907
1.1522896846286264,1.7149741940271017
0.35625534853853846,-6.103456706546629
1.266999777173182,0.052702932811891756
1.2317257483951058,-1.7593954510916117
1.025441463803431,0.8651604943048117
1.3798082431308236,-0.3481957621801737
1.6373880465976205,-1.531483978771055
1.5198417266360726,0.42588308379760953
1.6061215957156625,-1.0997984118688944
1.1624599059573617,-1.6461977668035868
0.744055088376185,-0.2849552340734842
1.5997338851443734,-1.7608565993536356
0.530965145444056,-1.04120048954376
0.3003814776889291,1.7563398175012228
2.1188469489566293,-0.3848509497869852
-0.016468230868199818,-1.115015120052183
1.96499567828097,0.6958792500268576
-0.33187169232449865,1.1401522450219748
1.6731639464847055,-1.0859292454946878
0.6674073298922982,0.3127985291253683
1.0070474704257455,0.5602970413934347
1.0454571803561654,0.578690319515383
0.6629574855319467,-0.6437782950628641
0.6936982234469857,0.7218179993402121
0.47110920748629237,1.7682836346398947
0.4817669948092904,1.40033844039551
0.5307586749545541,-0.11823770477660922
-0.16815537610135411,-2.2240851230848673
-0.769271556521276,0.9100940518151877
1.3768306334964242,-0.4794580645788553
-0.17087763943753576,-0.8064684577215555
0.29190951189913417,-6.098810643695677
-1.480784122134069,1.9602244190942404
-1.746648494387487,1.6425640873681662
-0.9796521107204947,3.096244602657473
-1.1316687504299674,0.7520973973046896
-1.0441119114407096,0.09188559577575894
-1.3265206257351432,0.6793110661279318
0.2606022914401498,-6.081735105060423
-1.9064695278652701,1.4138591580163595
-0.9518691936977897,3.694278984523928
-1.3157884518154654,2.627218037105715
-0.6000263134487662,0.6347527794610617
-0.41527671017728185,0.4701309494744894
-0.8773424068935904,1.0520294003259298
-1.5882265011318717,0.6093612007867453
-1.397349063540319,0.9948194317590353
-1.0383946339138541,2.28709962890259
-1.7153036037930045,-0.3743397898901346
-0.44671172299466466,2.667146473385012
1.7170932849399057,0.3560848526727316
1.8512807448855844,0.6535003475915548
-1.4173156658657584,1.4513590626489279
-1.6962086597927604,-0.08551594688781528
-0.6368715206631217,0.6253304772149679
-1.359770480776647,1.0651798538934347
-0.6982952991970572,1.4320047192346212
-1.5000211636074576,0.2355099015008566
2.196750219678065,-0.24195596649535922
-1.1756369511135611,1.867499618984377
-1.1538474003323111,0.35358717963806363
-0.93938607373319,0.7152624420892355
-0.8429724613674674,3.1957614712487814
-1.196153823519567,0.6869633488427755
-2.151260081911901,1.1709184937249777
-1.5211569706448111,-0.3747207827795389
-1.643503848696569,0.7666409306298849
-1.886438075686315,1.0368631176721212
-0.9512111584194693,1.5484645657312033
-0.37706965603909826,1.1242616467248556
-0.20902651944241857,-1.2809043832052591
0.4271052440158334,1.2940643124353048
0.03896838030733729,0.5798590473901388
0.2488077243319955,-0.8320915408361795
1.6556935866824594,0.1419139199029562
-0.09942406811795568,-2.054220885776365
-1.5519492069729361,0.13394215629211637
1.243956383084437,-1.8480065770376566
-0.9428488651760611,2.3924000553857443
-2.0402142445095572,0.35522010848633023
-0.11739558377347326,-1.7248425193060282
-1.74547738232694,-0.22260782196410922
-1.8501402775295768,0.43285921142212125
-1.0112873951443229,2.0134547047387716
-1.1499802509792838,2.8102562718164084
-0.7871457973965201,-0.6442069716680887
-0.6348606983669791,-0.06807729675658969
-1.3091871181973014,0.3503191761743185
-2.1957256237515006,1.0135977558862326
-0.9407035748013053,2.142103462673342
-1.235234920168737,2.662076263881838
-0.6372014919765983,2.2071826748620627
-0.9427167812832389,1.097334175563967
-1.1900922695644889,0.5986671738397238
-1.7507154385098014,2.259692936397707
0.29120188555636073,-0.3535597033728006
-0.8571841160305533,3.6263878636132834
-0.5197145382412467,3.263258247829592
0.13515263399996424,-3.4346056289900186
-1.9632164875515494,1.0189755253564474
-1.8672601620205436,1.2573817066918966
-1.2174069324978385,1.4539573483239767
-1.2996265331753287,-0.20063802673705844
-1.2477437893398795,-0.7362136550176981
0.7582119067660775,2.0713017277490255
1.5909560283175912,-2.169218868755186
-0.9001209179409537,2.912245541073
-1.679381076479772,1.121485262371218
-1.6245963016994986,1.7966969303857443
-1.778962318087438,0.8839707665216086
1.1703157981387582,1.5155513577233908
1.1185510714999642,1.4746272854577658
0.492902572964808,1.357548504329836
-0.706377212191442,1.6140229992639181
-0.9696423450954947,3.7400539211999533
-0.875876609469274,-0.33537241890319613
1.1747038920871224,1.6604597859155295
-1.0209085384853873,1.3229492001306173
-0.44892520108304357,2.338404446102297
-0.8654615322598014,-0.22715398743041781
-0.6324345509060416,3.3505966954003927
1.0958538611880746,-0.03387758209594516
-0.7398631016262565,-1.31205329372772
-1.0381395260342154,1.745511322475588
-1.2229234615810904,-0.10074517204650668
-0.7676073948391471,2.920623569942629
-1.371479694033483,-0.14751979782470492
-0.6161252895840201,1.4738071255456564
-0.9304272572048697,2.449514656520998
1.298538263653895,-0.27821824028381137
0.2797220309726205,-1.5741164393652323
1.0829699595920053,-0.24628326370605258
-1.3828513065823111,2.3743036083947775
-0.937977496767858,1.7800143055688498
-0.8485099712856803,4.078615456081545
-1.9912979046352897,0.8506405644189474
-0.8022553364285026,0.5418055348168966
-1.5772954861172233,-0.44368407204040317
-0.9520313183315787,0.34362581298462125
-2.0075728336819205,0.47321656272522183
-1.3706004063137565,2.747502117611086
-1.1199404636868033,1.1093414120446798
-0.9386693874844108,1.5052202038537619
-0.9692131916531119,0.8459883026849386
-1.0189153591640983,0.8450563244592306
-1.4676610867031608,2.246673374630129
0.24805718264498378,-6.122793645404661
-2.0806457439907584,0.8537843518029806
-1.225941363955358,3.0768540196191427
-0.711558047915319,1.1935918621789572
-0.0075780788906607555,-4.805959791683042
-1.1169855038174186,-0.14861723854430942
-1.537307445193151,-0.11041209175475863
-1.1000973621853385,1.20514801070801
-0.5942022243984733,1.4226668171655295
-1.3761403004177604,1.8679278187524435
-1.445322696352819,0.11809948012939664
0.2297046741000619,-5.942337960742796
0.12222319445528651,1.24097564742676
1.8993423541537728,0.5793245129357931
-0.2923142353542838,0.3346350483667013
-0.9650637547024283,-0.8199770159948709
-1.7210742870815787,-0.10278627350219516
-0.24979943432889318,0.11029222533813687
-0.01604766049466466,1.6975496105920431
-0.9434687534817252,1.7051093868981955
1.7606204112521615,-1.7502768941152933
-1.4999434391506705,1.686734467006838
-0.5565144459255729,3.754450111843264
-0.7139865795620475,2.5184452824365255
-0.7391378323086295,3.6596052937280295
-1.9471628109463248,1.4428007893334982
-1.4529835621365104,0.15635159537903043
0.34413987002291346,-5.9084698863256815
0.4837301333896127,0.22429111526123258
-1.3840500751980338,1.6340501599084494
-1.308768455172399,-0.46158263161071567
0.14280873141207362,2.067425041652834
-0.6483404079922233,2.602745323635256
1.0490751822940316,-2.177921623729551
-0.8897201458462272,3.845865040279543
-2.0471984783657584,1.4191730313073752
-0.39913434186063146,-1.0131388612020853
-0.8222615162380729,-0.0736779875982645
-0.9285556713589225,2.846089630581057
-0.8734318653591666,-0.8196471638906839
-0.7961174885281119,3.6651132397424337
-0.6594712177761588,2.233787804104006
0.00791054568209315,0.48719480559936734
-1.7341277042873893,0.7274694733392355
-0.6686064640530143,3.7312047772180197
-1.2203528324612174,0.8270340256463644
-1.2927195469387565,1.1474542908441183
-0.44689578213773107,0.5234954647790548
-0.860216323519567,-0.34993121101745395
-0.7045170704372916,-0.3019356436956766
-0.22363633313260411,2.8156183056604025
-1.539265338564733,-0.28044053985961703
-1.4062678257473502,-0.04475399925597934
-1.4180085102566276,0.38061478660217496
-1.031159583712438,-0.8483060307730081
-1.320769015932897,0.5142388634454367
-0.9783183971890006,2.925816326595461
-0.47971743741116857,1.5536649517785666
-1.5803610722073111,1.9469807438623068
-1.5637070576199088,-0.18417260124572543
-1.3380853573330436,0.2874937348138449
-0.1780387798794303,-1.3499616093862894
-1.0851585308559928,-0.7100085921514872
-0.24368065991483068,0.6301286511193869
1.0840581019870248,0.7885327629815695
-1.3176757732876334,1.00491550490967
-0.6809713284023795,3.582366257167971
-1.3168622890957389,0.23176529929748746
-0.2055832783230338,1.522019176937258
-1.3223549763210807,0.34379056022278043
-1.0343419949062858,2.048773556209719
-0.06853026547513341,-1.4220270819891336
-1.7180473248013053,-0.5044133372534159
-0.9029113689907584,3.1146247677575705
-1.5813476482876334,-0.20997569038757113
0.28801804385103846,-6.122645110629881
1.510412510251185,0.33958533332458707
-1.6537277142056022,1.4570467762719748
0.7943184932223764,0.10620859191528531
-1.1586996952541861,1.6935088925134298
0.9285867770663705,1.1325848393212912
1.1321535666934457,-1.683265418552244
1.0147631724826303,0.6221647553216574
0.8425767978183236,-2.224664241813505
0.2990096171847787,-2.11660948469528
1.6684594710818734,-1.888310880206907
-0.8128387371548209,2.1318905644189474
0.09605866274752284,-2.088211686157072
-0.983230296755651,-0.06889721825011996
-1.686104003573278,1.4503128819238302
-1.0578596035488639,0.3465354733239767
2.262163933133265,0.07401707694641324
1.3748663028232064,-2.2391642041433695
-0.3802792469509635,0.718453913189089
1.2325659354678598,1.5090835385095236
-0.8187176624783072,0.09198406264892789
0.18094235262789393,0.7722568802606222
-0.46785945096097326,0.004470139003908358
-0.6116954723843131,1.9079015545617697
-1.2881891170986686,0.1922514729272482
-0.5007469097622428,1.5067732624780295
1.7929132541171517,0.7929795079003927
-1.238103572512487,1.0490324787866232
-1.0536801258572135,2.712894707180178
0.44878035387911464,1.1474151901971457
-1.6692521015652213,1.1296000771295187
0.257220085477015,1.232315807796633
-0.9562079350002799,2.346385746456301
-1.6329905430325065,0.6330988697778341
-0.6069166103848014,3.8681085400354025
-0.656694595003942,2.386718063808596
1.9321227630130258,-0.17991492226012973
-0.9351422230251822,-0.045280189060056486
-0.8317071835049186,0.054634600139772616
-1.1713339725979361,1.3401749424707052
0.015049274777552135,-0.1742355532873514
-0.7664586941250358,-0.5320667929876688
-0.7006146351345572,2.141770153499758
-0.5688440243252311,0.06848171279541226
-0.7265197674282584,2.3145239643823263
0.7253602107516732,2.246863632656252
0.27490979037203456,-1.212421388171995
0.5788653453341928,1.0000541500817892
0.3803380092135873,0.23227861449829312
0.6618383487216439,1.2972162060510275
0.7342327197543588,-2.153336734317625
-0.26634997525296544,0.8749039463769552
0.9978936274997201,1.8015187077294943
-0.5590636173733268,1.1852124027978537
-0.8762700001247916,3.386643677211916
1.968481357907435,-0.32350155784972934
-1.4441806713589225,-0.7253377146948221
0.17571144900240565,-0.8990437693823221
-1.390825454378942,0.620492487407839
0.5121834834567514,-1.3187032647360208
0.6834929545871224,-0.17494341804870395
-0.232345286990026,1.6935828022729513
0.13270741305269862,0.3339560322534201
-1.1250707546719108,2.258711605526125
-2.0496584812649283,1.455852299190676
-1.1324803272732291,2.184299736477053
-2.127730552340368,1.2452428631555197
1.068123634671351,-2.0198749013174417
0.5633867343417611,1.405890732265627
-1.1775485912807975,0.4891374401818869
-0.43636197247586583,1.0029838375817892
0.07272892794527674,-0.4235622592199686
-1.395179931307653,2.6934616856347677
-1.3513047138699088,2.7278855137597677
-0.8579403797634635,3.0301664166223166
-0.7538759151943717,3.159794121242678
-0.5716339985378776,-0.012883872531736174
-0.9891664425381217,3.9334070973168966
-0.9365965763577018,3.797052650905764
0.5040300448886361,0.33069971130005094
2.132027920102259,-0.18208620026000766
0.4426711162082162,0.6141395859490988
0.939233835553309,-1.0523488230932596
0.09639197192110682,-1.9770000882376078
0.07460480532564784,-0.904168099902952
-0.47594660916409826,-0.023915023349607267
1.1981912215701547,0.9087949089776632
1.86373835406222,9.305767785665608e-4
1.7324801047793832,-0.32231518700011996
1.4329605658999887,0.8974678807031271
1.7674499114505258,0.8552794747125265
-0.5231062809475455,-0.9613330073583963
0.8937397559634652,0.1903763108026144
0.44850951037325526,0.5692777924310324
-1.9884554783352408,0.9435475163232443
0.5317719539157357,-1.076723784946287
1.2563384135714974,-1.1304788298834207
1.404089506482264,1.2463066868554709
0.9969125350467172,-1.0659243769873026
0.7947743495456185,0.6263943009149191
1.2869501670352426,-1.7926065631140116
1.923437651013514,-1.5109557814825418
1.8970900138370004,-0.43200585319885043
0.12425261340059901,-2.1714135713804605
0.9768734534732308,-1.326604098819578
-1.8590070644863639,1.3344452671777365
-1.0951930920132193,3.7083328060876486
-2.07756442227445,1.5968778424035666
-2.040945712710241,1.6400368504296896
1.6424258311740365,-2.0330712504614237
1.380064781521937,0.33552411124817105
1.112425621365687,-1.4045382447470072
2.2428830226413217,0.34997537658325406
1.2151530345431771,-1.629285902522886
-0.7869088093288932,3.083850651241457
-0.8107950130947623,3.308867722011721
0.5588286479464974,-1.1338919110525492
1.5634291728488412,-2.159234315894926
1.3770843108645883,0.36249807403198453
1.054672535275599,1.606015472866213
0.2691186030856576,1.6512439541589377
1.2229827006808724,1.7330072216760275
0.8291438182345834,1.989137917019045
1.506314094876429,-0.21866461708434848
2.3061123450747933,0.19853475616089078
1.3507204612246957,0.32598760650268765
1.4388545115939584,-0.986522049449766
0.9090164264193978,1.5828826718103048
1.1743562777987924,1.307818680263674
0.5466969569674935,1.6028311543237326
1.1128795703402963,-0.29751870109924106
-0.6351377407558951,0.028428583599245272
-1.1262962261684928,3.056660919643557
-1.6828500668056998,1.528338699794924
-1.4940835873135123,1.6568258099328634
-0.813440028811315,1.1702091984521505
-0.7330705563076529,0.9125333122979757
-0.7329980770596061,1.088136940456545
-1.516764346743444,1.6604135327111837
1.4246006568423715,-2.2083912797201517
-0.4867302814968619,-0.9465307898748758
-0.6620799938686881,1.0931043915521261
-0.7121974865444693,1.3901350788842795
-0.643790427828649,4.04040077254883
-1.0451895634182486,1.8003814511071798
0.28572541079439784,-5.970597476505125
0.8951516707889047,-0.5411715216863993
1.767272051190516,0.2901056103479025
1.5299099048129525,0.7115669541131613
1.3188288768283334,0.1772043995629904
1.8392012675754037,-1.073535055660093
0.8248661120883432,-0.3860561557043436
0.6313107570163217,-0.25077840759643344
1.7368052562228646,-1.3526729054678324
1.9729962905398812,0.3378207974206564
2.182630833005091,0.2521448426019308
0.7809675296298471,-0.8258330531347635
2.0539525111667123,0.33974721953979703
1.626865204190394,0.6840820603143332
0.5075572093478646,0.2469849877130148
1.5905991157046762,-1.282541722797239
0.5073049624911752,0.10237243697754117
1.484052475308558,-1.678117484592283
0.6867092212192025,-1.2293128676641825
1.8313599189273324,-0.8698035187948587
0.5145710071078744,-0.18931457474120883
0.519427116727015,0.9588012985955832
1.337884958600184,-0.08793804123290805
1.5744352897159066,-0.04563018753417758
1.115679558133265,1.2545225910913107
0.5731037219516244,-0.8025693602789286
1.1062746604434457,0.5780709080468771
0.8799896796695199,-1.677342624210203
0.7523272593966928,1.0710389904748556
0.9493158420077767,-0.1242627806890848
0.010279949521204479,-0.18135044052490024
1.1728358825198617,-2.006141871951902
1.6332028468600717,-1.2689552016485575
1.103430326794764,-2.2262650437582376
1.7587705214969125,0.3254335217248556
0.29581290087618495,-1.296966762088621
1.4785764773837533,1.8606465153466818
1.0361493190280404,-0.22174426987060336
0.962138470029017,1.9643461994897482
1.6151118834964242,0.6535654358636496
1.0680881103030648,0.36933448836914273
1.2765875419131723,1.8354900173913595
1.6146693786136117,1.821316986538088
1.4294491370669808,-1.4211203761328104
0.32935314974703456,2.238878994442141
1.5050454696170297,-0.447308272861326
1.8082650264255014,0.8638267807733175
0.03229075274386073,2.634119301296389
2.2563555797091928,0.18781807944885465
1.4660475810519662,1.6020496182214377
0.9413834174624887,0.7109010510217306
0.8720298369876351,1.5740216068994162
1.3534713347903695,1.2854578785668966
1.0268834193698373,0.5373990826379416
0.9887564738742318,1.2009613804589865
0.11224633059420253,1.5128481678735373
1.7382698615542855,-1.4062415070761087
1.1039193233005014,1.1930377774011252
1.89435416064181,0.5961132340203878
1.1326647361270394,0.7140159897576925
1.4075244029513803,1.792407303310549
1.3084042628756967,1.6047165684472677
1.970594223355433,1.0061602883111593
0.08978014788546229,-0.19903823807128695
1.3363297542087045,1.5775368504296896
0.4482215007297006,-0.9084120698202494
0.8844373782626596,1.6835377506982443
1.3860822280398812,1.2314293675195334
1.4174073298922982,1.691779404140627
0.4265287478915658,-0.5532827086676004
1.167817409848353,1.7642996601831076
1.3866212924472299,1.3562166981469748
1.4731557925693002,0.5091035656701681
1.0861068328372445,0.9839530281793234
0.49921255907930995,1.9517710499536154
-0.321766559267858,1.9625633053552267
1.7876291831485238,0.8832195095788595
0.18703633150972987,1.2698867611657736
0.8154504855624642,0.9728288941156027
0.6585400660983529,1.8797896198999045
1.6558294852725473,-1.2191580243337992
1.752801950787684,-1.1505281634558084
1.3791430552951303,1.7724478535424826
0.9714000781527963,-1.2782180018652323
1.2353408893100228,1.6418988995324728
0.39539366564669276,1.5838296704064962
-1.0915681759365592,2.539140015102541
-1.058585349703649,3.7497079663049337
-2.119558993960241,1.30258396194092
-1.969596091891149,1.4409344486962912
-1.8087350765713248,1.7832386784326193
-0.6872088352688346,1.639775066829836
-0.9112140575893912,2.3478443913232443
2.3093948920718637,0.13691046760193082
-1.041627113009313,2.9205000691186545
0.14883738360323573,0.841040640331423
0.2022984584323373,-0.11669942810424594
1.5016511043063607,0.19524672553650113
2.0497983058444467,0.22364261672607633
1.0382755359164682,-1.2251840539205912
1.2185061534396615,-1.4359436936605814
-0.8572728077419791,0.11591532752624722
1.907833631848475,0.5540848068963644
1.024185236310145,-0.989260406040037
1.2896714766971078,0.7303524307977316
1.7134821971408334,-0.41673323585876254
1.5708230098239389,-1.9439210005033853
1.5135245879641976,0.6578512482415793
0.7074258883944955,0.7844336323510763
0.8145363887301889,-0.9497551627386454
1.2866957744113412,0.18569996879211637
1.6725223620883432,0.16649034545532437
0.06766491732515956,-0.5938415236700418
1.3340218623630014,1.245384483791506
1.2841103633395639,0.6994900994073507
1.5428124030581918,0.31839993522278043
1.164953764294764,1.0082140259515402
1.365026768063685,-1.3940196938742044
0.6036098559848275,0.8821010880242941
1.3850412925235238,-1.0665657229650858
1.1122904380313363,1.052933721996462
1.5279307921878305,0.6553452305566427
1.841979320859095,0.6697330765496847
1.8669975360385385,-0.5225226588476541
1.3369513114444223,-1.3418849416006449
1.6889730056277719,-0.1344837851751688
1.0815053542605844,-0.17523762657531528
1.170831974362513,1.228221683956301
1.4062758048526254,0.5239222340356466
0.8298552592746224,1.868187218166506
1.4881284793368783,-0.14493081047424106
-0.664720718050817,0.13928225562683316
0.981597002362391,-1.7350138135183695
0.050632770871302135,1.257361202694094
1.3189895709506478,1.7073557667504904
0.9482086261264291,1.0624039463769552
0.3431542476169076,-0.8654900498617533
1.3395121654025521,-1.266917557262266
1.1929832061282601,1.0021834664117453
0.1565826495639291,-1.6063677973974588
1.2785389979831185,-1.4448588795889261
0.9636583884707894,0.8465400032769796
1.3432245810977426,1.647012024379885
1.8884296973697152,0.1038108162652609
1.1520040591708627,0.5039971165429709
0.5133970340243783,1.5495055012475607
1.455555971478602,0.23641660735717984
0.5857446750155892,-0.8502145714987162
1.0208724101535287,1.3025639347802755
0.196487720822474,1.1475346379052755
1.0943880637637582,-0.5845706172216776
0.08139448962130214,-1.0904066272009256
1.2736838420382943,-1.106037349246824
1.7788930495730844,-0.07701227142699985
1.3977265914432015,1.7465598873864767
1.4091086944095101,1.2550018124353048
1.916641529416224,0.5050216011773703
0.7714016993991342,1.5340583615075705
1.3152869304172006,1.8238232426416037
1.698123987530848,0.5962646298181173
2.083826597546717,0.5633430771600363
1.5009813865176644,1.4240911297570822
0.5661056598178353,2.105508118129885
0.597667034482142,2.1385667614709494
1.6199553569308724,1.6151702694665548
0.7173975070468392,1.799074440456545
1.9017379840365853,0.719801216579592
1.310001428937098,1.7983949475061056
1.003093059872767,1.6666052632104513
0.5603864749423471,1.906857758022463
1.475669678067347,-1.5694880194891336
1.7988141139499154,1.070269852138674
1.8624926169864144,0.8452151112329123
-0.1126572529324088,0.3866138748895285
0.755895908688685,1.0960555367242453
2.2230129798404183,0.13746359870544644
-1.053740207339147,2.8676483921777365
1.864073570584437,-0.4504220195043924
0.7718847354403939,1.4051311306726095
1.9857857783786264,-0.17994996979125766
0.9373367389193978,0.8561394505273459
0.9210005362979379,0.33217981383911344
1.3610930999270883,0.39366105125061246
2.273110206936976,-0.05468747093566684
0.9418929179660287,-1.2007614083517435
0.9778709968081918,0.9733276657830832
1.9491956790439096,0.3141527466546652
1.5824471076480355,-0.9001364417303446
1.8749416430942025,-0.8709199137915018
1.3671227057925668,1.7489755444299337
1.1790788730136361,0.9197128109704611
1.0813530047885385,1.284775524593508
2.058637197827479,-0.5605430312384012
-0.6868431011684928,-0.0604347892034891
1.3340812285891976,2.0555918507348654
1.5379531939975228,1.701718597866213
0.6462057193271127,1.7793872647058127
1.3547585566989389,1.8037860684167502
1.869154032086512,1.1572034649621603
1.4862459262362924,1.4147603802453634
1.0162573417178598,1.53431060836426
-1.2341772953518424,1.59042575881592
-0.8938404957302604,2.8067124180566427
-1.0127636829861197,3.8932154469262716
0.24294310412325526,-6.135946721576536
-1.542424861574987,1.7420218281518576
-0.9621626774319205,3.581120281673586
-1.0541045109280143,3.6581619076501486
-0.35647267499051427,3.328429489589846
1.2532086928836312,1.2349393658410666
0.596601303433558,-0.6024956412542704
1.67025428614535,-1.1395057149160746
0.3740213473788705,-0.10299679710754184
1.3397098144046273,-2.1470239467848184
0.6889656146518197,-0.7727520175207498
1.7290895541659799,0.7803995899926779
1.1411889155856576,-1.0235114999044779
0.7063997348300424,-2.147609741233671
1.4119873603335824,0.520883112407839
1.328574713086268,-1.5828587718237284
0.9578180869571176,-1.077816576503599
1.833675917004725,0.4764454655419943
-0.4531561771877799,3.654937057949221
1.0929780562869515,-1.3768114752996805
1.4694922526828256,-0.5284647650946024
-0.3818685451992545,-1.6453910775411966
0.046662624692102916,1.1741984181176779
-0.48696488537869786,1.9873264126550314
1.2933047374240365,1.6984312824975607
0.8290136416903939,-1.580244154476011
-0.147018138552526,1.3129194073449728
-0.2964836994656119,-0.44386765434631137
1.2538528998843637,1.050820618129885
1.5331001838199105,1.1900642208825705
-0.008211795473912709,0.6255612663995382
0.7787077983371224,0.055765419460451326
-1.0828825870998893,-0.4796087451208475
1.0985491832248178,0.7517662338983175
1.2598794063083139,1.1391279988061545
1.3514774402133432,1.7432630352746603
1.4421170314303842,0.9941718868981955
0.9212921222201791,-0.5496222682226541
1.1622417529574838,-0.020786733173215666
0.8172929843417611,1.1379025273095724
1.2697761615268197,1.372764854885256
1.4545469840518441,0.3431647114526388
1.5427556594363656,-0.104349345706785
1.18907171091952,1.174635200954592
1.6328971942416635,1.5049727253686545
1.2397394736758676,1.5685627751123068
1.8858500083438363,0.8928404145013449
1.3251014312259164,1.8129027180444357
0.9372945388308969,1.8491471104394552
0.702767189358851,1.7433159641992209
0.9899576266757455,1.2311156086694357
1.0252187808505502,0.6083891682397482
1.1701443751803842,-0.4846141047705057
0.8878410418979135,1.37901857421509
1.355742271756312,-0.07366630508788852
1.0951347907535043,0.9468419842492697
0.1679986079684701,1.4009850315820334
1.8676782210818734,-0.4326111979711893
0.6301644404880014,1.1796834759484884
1.0716364940158334,1.1998255543481466
1.038359459256312,1.1599810414086935
0.26620846590914393,1.9040658764611837
1.890553530072352,0.7111254029046652
0.43494110903658534,1.6794865422021505
1.255567606305262,0.8567841343652365
-0.6981031338223014,0.8280985646020529
-0.1708542744167838,1.4068868450891134
0.8969493468753305,2.1280405812036154
0.8564718326083627,0.7352063946496603
-0.09701031842313146,-1.107584447406614
0.4273241122714486,0.5025391869317648
1.8003504832736459,0.05623772666565152
1.6526368220797982,-1.3963927932012918
1.5022209247104135,-0.7966386981237772
1.3728974421969857,0.718045502163088
1.4736466964236703,-1.9393332309950235
2.0450163444034066,0.24472168014160367
1.8613660892001596,0.1768095783959982
1.1991913875094857,-1.5213887400854471
1.487639244412562,0.45542576835266324
1.4330924113742318,-0.5020417876470926
1.434675033902308,0.6482379727136252
0.3387477954379525,1.8819515995751974
0.8561726172915902,0.5362565808068869
1.2578316291324105,1.3507683567773459
0.836338098858973,1.6967809490930197
0.9680252631656137,1.0722410969506857
1.357484396313807,0.3929682068597433
0.5721967776767221,2.011967449642336
-1.6925870815762076,1.032886057354128
1.2218866904727426,1.7273896031152365
0.6171687205783334,-1.2646357722509745
0.5357964595309701,-0.6236009307134989
1.376337345456263,-0.6283986277807596
0.6480887492648568,1.839845924831545
1.1077535708896127,-0.10880586578735141
-0.7258102337368522,2.838939457393801
0.7948139270297494,1.3973682217370627
0.9636943896762338,1.4419305615197775
1.0165129264346566,1.2222001843225119
2.3334847053042855,0.03100851104370328
-2.0993205944546256,1.2387488178979513
-0.8044096867092643,2.279038219906008
-0.956506435061315,3.372356682277834
-0.8158227840908561,3.8331821255456564
-1.1272165218838248,2.7710244946252462
-0.6964375416286979,2.8346936993371603
-0.7324492374905143,0.1475899510156271
-0.7848870197781119,-0.33322355224975375
-0.9288374821194205,3.750607758022463
-2.0834652821072135,1.4871933750878927
-0.9223009983547721,3.1447408489953634
-2.066421214724401,1.4091036610375998
-2.0279333035000358,1.647460728145754
-1.7031995693691764,0.12519887015930387
-0.9318935314663443,3.858904629207766
-1.3295456806667838,-0.645735950015867
-0.712020579958776,0.1957454972039816
-0.7256743351467643,-0.26246783211120395
-0.8625671307095084,0.6213167004357931
-1.5832020679958854,0.7118046574365255
-1.5462643543728385,-0.07574936821349887
-0.5466215054043326,0.42193630263916226
1.2741075118533578,-1.4865626998175028
-0.22518510022244786,1.70720460937134
1.5747516711703744,0.15089753196350308
0.7944429477206674,-0.3110177226293924
0.512245949124476,0.7700650982629416
0.7079861720553842,-1.2494033284414652
1.5517008861056771,-1.4418723292578104
0.7552874644748178,-1.567911357425535
0.5608118136874642,-1.27386388256439
1.7416837771884408,0.2548573307763693
0.3225043376437631,-0.001058549426877775
-0.07221478619656896,-1.171592564128721
1.3907447417727914,-0.2412795729864481
1.1768735011569467,-1.4579533047903421
0.5481069644443002,-1.2847274251211527
-0.585985366488317,1.579075603939211
0.9108427127353158,-1.9570969052542093
1.173505361889979,-1.3752095408666971
0.9486265738955941,0.9867763809930441
-0.18709201016507482,-1.854882986091459
1.4495528300754037,0.48254063651672574
0.9866257270328012,1.841296463466799
0.5863493045321908,2.224684029079592
1.6909163554660287,-0.11780521347411899
1.5967324336520639,-1.119181961559141
0.8953931888095346,-0.43617102577575473
1.8180702289096322,1.3158748440515158
1.4435160716525521,1.7774360470544455
1.5769672950259652,-0.10493299438842563
0.6748855670443978,-1.2929374881018045
0.6950605472079721,-1.433307857059324
1.654566105221888,0.601996450878298
1.3103950580111947,-1.4764779515493753
1.64305382571139,-1.0279669471014383
0.5015428622714486,-2.0774215765226725
1.212969597195765,0.5004377655755636
1.67898493609347,0.8220320038568136
-2.0650088230618033,0.29159453437439176
-0.3334333340176139,-1.1652710147131327
2.1760988791934457,0.18862965629211637
-0.06279343762479161,1.3116681866418478
0.45621662936129237,1.9464052014123556
-0.4233085552700553,-0.33870312645324496
0.8844593127719369,-0.4140226550329569
0.641340072964808,2.095958977199709
-0.5362989346035514,3.2435753636132834
0.9329400619021859,1.8616593174707052
-0.5414449612148795,2.6005981259118673
-0.6552678982265983,4.010916977382815
0.12316113314547206,-0.03361532165893344
-0.6082508007534537,2.5131976895105
0.549484546994349,0.225498705364382
0.8187978824130502,1.3159473232995627
1.7806470950595346,0.4387076191674826
0.35417490801729823,1.1065309338342306
0.40096026263155604,0.5638020329248068
-1.898764793063024,0.7864404015313742
0.9835954268924203,1.679199009395754
-0.32748002209744786,-0.8319786496389749
0.04500323138155604,2.4745939068566916
0.4120643695346322,0.8639104656945822
-0.28360909619412755,0.9779620461236593
0.7190263827792611,-1.6112968631018045
2.3042646010867562,0.09237673804870816
0.9753158648959603,0.7456875138055441
-0.022456828738072865,-1.5122116513479593
0.19721251330294276,1.5512821964990255
1.4193125327578988,-1.4168196625936869
-0.4461104313381705,2.0253775410424826
-0.40471905865750646,-0.011504859470212736
0.599866684292933,-1.2557042546499613
0.6927712520114389,0.9307625584375021
0.8888683875552621,0.9699981503259298
-0.22260684170804357,0.5828037552606222
2.235489185666224,-0.320045203708494
0.4513686259738412,-1.8479523964155558
1.2335553725711312,0.3585379414331076
-0.4227473179348502,0.9742651276361105
1.8315461238376107,-0.9087782807577494
0.36830693087496424,1.7801025204431173
-0.01894063153348302,0.6743462376367209
0.6137888988009896,1.3314154438745138
0.9421179851047006,1.1355719856988546
1.6145327647677865,-0.8885270066488626
0.9963844378940072,0.38496139571777555
-0.9278294483669791,-0.2791499800909403
0.047175224637171276,2.3126862339746115
1.8315926154605355,-0.12581202461608676
0.02863198122896815,-1.9724662609327677
0.613989170407435,1.2059490971337912
0.5175793727389779,1.673957138515627
0.7616313060275521,-0.05478569939025668
2.0178134997836557,0.5349970154534933
0.05574398837008143,-0.3333990283239725
0.25299530825533534,1.4814880184899923
0.5296466907016244,1.2086684994470236
0.14261084399141932,-0.6001443572271707
0.8809669574252572,0.7542314820062277
1.556109007214686,0.4940882019769308
0.9944818576327767,1.9990380100976584
0.08773260912813807,2.2405050091516134
0.5084231456271615,0.7545852951776144
0.5842931827060189,1.3251030735742209
0.9619629939547982,1.9804642491113302
-0.1096198002346549,-1.7998459048498514
1.5544491370669808,-0.07817003204711703
0.9135492404452767,1.8401572994958517
0.894260462140223,1.889715939022219
0.9086871703616586,-1.74939939453491
-0.07822531857571935,0.51852372214905
0.7725141604892221,-0.1252095408666971
0.08431464037813807,0.5099356465112326
-1.9256374279507193,1.3253042988549826
-0.7569491306789908,-0.01793119385131625
-1.0932866970547233,3.425009041286623
-1.2338301579006705,1.2575409703027365
-1.9282061497219596,1.3172214321862814
0.29414873919405604,-6.0902585692633036
-0.920373622561315,2.0916946224938986
-1.8926903645046744,0.4347398571740744
-1.7382542530544791,0.2435062222253439
-1.1380869785793815,3.168257503963625
-0.5974151531704459,3.9440896801721212
-0.7135898510464225,3.2203219227563498
-0.8692004124172721,1.8301046185266134
-1.441372100497106,0.2873707108270285
-1.2285668293484244,0.2710917286645529
-1.339586440707067,-0.27279993965514926
-1.4443094173916373,0.9594950966607687
-0.9943134228237662,2.0489256672631857
0.5190003474704232,-1.6194309897650125
0.9107695182315316,-1.7825673527944925
0.20093613467135096,-0.9107970900762918
1.1750083526126351,-1.8698081679571512
2.2249663432589974,-0.30914351417907504
0.5083911975375619,-0.06571123077758578
0.5071862300387826,-2.0847872205007913
0.773605640744349,-0.3499729342687967
1.3519008716098275,-1.1926853366125467
1.0140224059573617,0.5808954529534933
1.488508280133387,-1.3246811337698343
1.23867731890597,-1.6158704467047098
0.9830523093692269,0.277780085064089
0.5882523616305795,-0.6483950324285868
-0.6392256657131705,-1.0600397296179178
1.5511847098819223,0.7656109623681662
1.304118450497767,-1.3880774684179666
0.022300537442347057,-0.09390494301208285
0.7101119121066537,-1.7958110280264261
0.615923698758265,-1.8792642660368326
1.2288783153048959,0.8970506481896994
0.5996759494296517,-1.282184571765745
1.6088595946780648,0.8359029583703634
1.3027282317630258,0.533629923320925
0.4112499316684213,-0.22936889603027133
1.0181737502566781,-1.619081110500181
1.4118071158877816,-2.0435051627386454
1.7802155574313607,-1.2826927609671
0.11126356921114589,-1.4880833335150125
1.7463319858066049,-1.022265047572935
-0.7819001118191276,-0.881266922496641
0.01562815508761073,-0.9317741103399637
0.5569184382907357,-2.018484324954832
1.1719074805728402,-1.8052642054785135
0.9987025817386117,1.3147070698510763
0.2516019900790658,-1.5665076680410746
1.3430603106967416,1.595954208828127
-0.18189496197781896,-1.3491409726370218
0.7834523280612435,-1.9796710319746378
1.1013484557620492,1.971987038112795
1.5058813651553598,-0.44975373222717074
1.3647602160922494,-1.7843156762350443
1.834288891171595,0.7773888401757834
1.2459109385959115,-1.0402240462530497
0.3697612842074838,-0.48396608307250766
0.08072262606539393,-0.503664702915037
0.3717935641757455,1.4129112057458517
0.3021705707065072,1.2391608052026388
0.47298031649508143,-1.7851189084280374
0.3333094676486459,-1.5534448333013895
0.18636303744234706,2.0017307095300314
0.08706169924654628,-0.9350573725927713
-0.5476996342190299,0.2025676064263937
-0.18001288571439122,-1.0215722031820658
-0.7027885357388053,-0.6034588523138407
-0.1998750607021842,0.2494850449334738
2.0425329764834848,0.5221948914300558
0.9850910266391244,-0.8809724755514505
-0.1549088398464713,-0.22472998573669223
0.4410112460605111,0.24762037322632047
-0.06308669247708654,0.19431832358947965
-1.359317008639196,2.0745899967919943
0.5939858516208139,-1.9135820574987772
-0.5846764484890494,-0.6810874648321512
0.9521103461734262,1.5780275158654806
1.4493530353061166,-0.42363163902648715
1.276756103848597,0.600139646984255
0.7105682452670541,2.157383232570803
2.2369928916446176,-0.1626693911779764
0.2975757678500619,0.764176159359133
1.9729569514743295,0.1974716477166769
0.6467893680087533,0.5940139584313986
0.9848094542972055,1.4707243733178732
1.019520815228602,-2.1747787900198343
0.6917718013278451,1.976224213100588
1.2822123130313363,1.7279274754296896
0.09443884692110682,-0.7221293158758524
1.0266991218081918,1.6577456288110373
0.2681110461703744,-2.1659705944288614
1.7254455646029916,-1.497314900897825
0.18821364245333339,1.9814789585839865
0.3103907664767709,1.5416810803186056
0.22503023943819667,0.8396225266229269
0.5310915072909799,-0.12749096825011996
0.8751786311618295,0.5898719124566671
0.6925666888705697,-1.9055157609213236
0.5537870486728158,-0.7675606913793924
2.1456795295230355,-0.05617138817199496
1.0669622977725473,-0.9560637183416727
1.2544949611178842,1.641678600765383
0.5714004596225228,-1.033718676112974
0.19878416857638026,0.945720701671755
1.6167717536441293,0.845838814235842
0.9049451907626596,0.15013077781311246
0.12763005099215174,0.35921886489502164
0.6141646464816537,-2.0413123674620035
-1.1779410282619986,2.947440891719973
0.29870920977511073,1.6344187550317404
-0.7957288662441764,4.135950355983889
-0.3336779514797721,0.14442685172668668
-0.27842063107571935,2.063584118343508
1.1839132865420785,1.4450643353234884
1.1972354014865365,-1.0982508368719461
0.8446076472751107,0.04896977470031949
0.5213616450778451,-0.9398069091070536
0.8778246005526986,0.29403403327575894
-0.13624066510281896,0.13860443160644742
0.28160744509615565,2.2722242169152853
-1.3092381397732291,1.236999302364504
1.7262020667544808,0.21147134826294156
0.9028132518283334,1.145446329570925
1.10163217387118,1.1801467232476828
0.33466225466646815,1.4169757656823752
-0.5127059856899772,-0.6298534579504373
0.9501951297275033,0.7303295426141378
0.02898150286593104,0.8578794293176291
1.6617723067752328,-2.0351260013807657
0.6911337932101693,2.1093504719506857
-1.3319656292446647,1.1464779667626974
0.811214979504725,1.9855511479150412
0.22112589678682948,-1.2476024337042215
2.0055609305850473,0.4553432755242941
-1.4156042973049674,0.2588260464440939
-0.783164207125524,-0.7241568274725321
-0.24306410946927404,-0.9957406230200174
0.14335280260958339,0.14341357276550504
-1.43594426312528,2.0812461666833517
0.7651527484408822,1.9369781307946798
-1.5782029072292838,1.7135365299951193
0.28827839693941737,-6.1471430964697245
-0.7639138142117057,3.6319592289697287
0.22397499880709315,-6.0841242976415995
-1.0782882610806022,3.4690773777734396
-0.9717542568691764,3.635797768093264
-0.9425846973904166,3.4706986241113302
-1.9403516689785514,1.1924932293664572
-2.0111882130154166,1.5314104847680685
-1.9250337521084342,0.7061898998986837
-0.6022469440945182,-0.7286183543432596
-2.0468584934719596,1.5387666516076681
-1.9402224461086783,0.8261802487146017
-0.6548630634792838,3.5165298275720236
-1.1742083469875846,2.0976975254785177
-1.0151898304470572,3.440429478145754
-0.36174601712308263,0.8763914398919699
0.6133401950351205,-1.1683768935430887
0.08963757357515956,-0.7606649108160379
-0.2365137974270377,-0.9572457976568582
0.5190704425326791,-1.0584447093237284
0.7177494128695932,-1.1892149157751444
1.076983269070765,0.4107587628137228
1.01003962359347,-1.7138263888586405
1.1326647361270394,-1.4706870026815775
0.030770595883509166,0.19128182456604215
1.235653456067225,-1.4416677661169413
1.2984104712954965,-1.9757898159254434
1.4089172442904916,-0.13611409141906528
0.422015007352015,-1.3075662560690287
1.442630823468348,-2.164235741638029
0.7871101459018197,-1.494351000331724
1.1014316638461557,0.7767453484307882
1.3904965480319467,-2.24296549036392
1.032798345898768,-1.4279464192617777
0.1460879405490365,-1.7592605061758402
0.7148035129062142,0.8686864666711447
1.3911862929812875,0.44239523933044644
0.258403118466517,-1.8662537641752603
0.682513054227015,0.7843780808221457
0.39681130251803065,-1.1249838776815775
0.7304170688144174,-0.13974449112304477
0.5528700908175912,2.033545761562502
0.7291195949069467,0.8111436657678244
-0.1698014179714713,0.21487763450256558
1.6872163375369515,0.31994274184814664
0.5817206462375131,1.5331809811364767
1.2868657668582406,1.8110359005700705
1.0312071403018441,1.560692100979006
0.5158904155246224,1.4923250965844748
0.3990576823703256,-1.6069779105413797
-0.7455479542263541,4.007333546138918
0.8202560504428353,1.4172437481652853
1.5292356570712533,1.0886497788201925
1.2265682776919808,1.6629836849938986
-0.6745550076015983,0.26942422912231656
1.6516705115786996,-1.9034220881689432
-0.1714946667202506,-0.6499979205358866
-1.480831329012731,-0.5883104510534647
-1.6529042164333854,0.5050335221063253
-0.395464126253942,0.9544761471521017
0.9807451327792611,-1.00645825340637
1.0565984805575814,0.3732855610620138
1.2108829577914682,-1.651171297572935
2.075405176495692,-1.1408168978918436
0.6289871295443978,-0.21218010856994418
0.33045035204805995,-2.014766664050901
0.5791562160006967,-1.0732658810842874
1.059309061383387,0.5219350151788351
0.708755787228724,-1.3049902625311258
0.5878384669772592,0.7535546116601584
1.3673217853061166,-1.4713865227926615
-0.1315171162136588,-0.9676782794226053
0.2713287433139291,-0.2532157607305887
-0.02692860760770177,-0.54291746094116
0.5475247462741342,1.0001857571374533
0.002917106961390026,-1.4826566882360819
1.6003442367068734,0.691901236034548
0.335157211636683,-1.160327047847593
1.010820921277186,0.8756614022027609
1.5602651198855844,1.4053347401391623
0.9195786078921762,0.5214028649102804
0.38509350619234706,1.1944301419030783
-0.8232342640408072,1.7115814976464865
0.9280453284732308,0.7335188679467795
1.0319457610599008,0.8786535553704855
1.4994772037021127,-1.511417479060972
0.5591681560031381,1.035482197261965
0.9777923186770883,-2.2068955011595133
-0.10373467602811193,1.6525175862084982
2.1115251143924203,-0.6867592044103983
0.13814574084200526,-0.06962344124206332
0.3748267253390756,1.4240653805505392
2.2688599189273324,0.1895973973046896
0.6988394816867318,2.3335626415979025
1.2690566142550912,-1.98708751871475
-0.45626277127347326,0.7171879105340597
1.8731406291476693,-0.7322566218603495
1.9203415473453012,0.510885029293215
0.5859501918307748,1.9591386608850119
2.2100570758334603,-0.4287974543798807
1.0897954066745248,1.1665075115930197
1.106639440869471,1.5358050160180685
0.525948341702601,1.334610729671633
1.6592815478793588,0.10157492683044644
0.8088870604983773,0.009001522518312655
1.0631697734347787,0.6913278393518087
0.8121612628451791,1.8676536373864767
0.7066763003818002,1.211784630275881
2.057151134823939,-0.0634259886968973
0.6619141658297982,1.732353477932131
0.3264272769443002,1.5720007710229513
0.671343620633265,0.34541156814209195
-0.7705099026211295,0.2928188137780783
-1.6966659466274772,0.40702298209778043
0.5923531611911264,-2.2637712068785074
1.4849041064731088,-2.1111511297453287
0.1200397571078744,-4.985861749194944
0.28288632235445643,-6.11699554397949
-0.08593100705228185,-5.627957314990843
0.2044218142978158,-5.709464044116819
0.24440699419893885,-5.968682021640623
0.3717191775790658,-5.403562039874876
0.004870708798548229,-5.446526498340452
0.0850966533175912,-5.055530280612791
0.30467634997286464,-5.480218858264768
-0.01746052899442052,-5.657958716892088
-0.006402198458531849,-5.928620547794187
-0.09417361416898107,-4.996071309589231
0.2161095698825326,-6.091219396137083
0.1320021708957162,-5.645739764713133
0.07704192004122401,-5.262973517917478
0.03407030901827479,-4.444036693118894
0.5166633685580697,-2.656252519034231
0.10544901690401698,-5.402507991336668
0.07819825014986659,-5.383202762149656
0.08691817126192714,-5.357516736530149
0.12039261660494471,-5.3894643492926
-0.0807821194180045,-5.038611144565428
-0.015049640322545521,-5.868591279529417
-0.05713147320828771,-5.682157964252317
0.08026820025362635,-4.899294585727537
0.22997361025728846,-5.4224376387823465
-0.08142489590726232,-5.113022775195921
0.8748381694308724,-2.174908906959379
0.9688597281924691,-2.223480910800779
1.3669360240451303,-1.9882967777479532
0.0559833606234994,-1.9624120302427652
0.06406622729220057,-2.427538783096159
0.2919109424106088,-2.329829365753019
0.18662529787935878,-6.02484580948242
0.6790421565524545,-2.071374983333433
-0.005580131197789662,-5.117515534900511
0.06440907320894862,-2.1946700520742777
0.14011698565401698,-5.256357879184568
0.21733933291353846,-5.661209315799558
-0.0529801289089713,-2.2544834919203165
0.26109963259615565,-5.349682063602293
0.41151839098848964,-1.8866627521742227
0.25931530795015956,-5.903596133731687
0.06389647326388026,-2.4596270926226023
0.4381692965976205,-4.777659506343687
0.4906309207431283,-1.5564623780477884
-0.05088204541287755,-5.430558652423704
0.8400159438601937,-2.4456515319574716
1.595530804013392,-2.0981124944914225
0.3248890002719369,-5.706123799823606
0.05618458590426112,-6.031863660358274
-0.026912395144322865,-5.591689080737913
0.036059196805140026,-2.0606267757643106
0.05108385882296229,-5.7162465758551
0.04490691027559901,-5.612145156406248
0.0406172832004037,-1.9773748226393106
0.024010952328821666,-5.4733738608587625
-0.01816052594266271,-5.720591754459226
0.326004322384974,-4.911799163364256
0.04512005648531581,-5.355072946094358
0.13069706759371424,-5.477412194751585
0.20818215212740565,-5.960898131870115
-0.040869418764928334,-5.4568967528570536
-0.03662985959134435,-5.234162301563108
-0.13555592694363927,-4.908527822040403
0.09006577334322596,-5.1620616622198465
0.06368571123995448,-5.189956159137571
0.007096584653040416,-5.211908311389768
0.2299626430026498,-5.247484416507566
0.06639080843844081,-5.111520261310423
0.0027015765658822133,-5.752649755023802
-0.04017323651395177,-5.066635818027342
0.03089457354464198,-5.938886374973142
0.10823326907076503,-5.981182546161497
-0.07360142865262365,-5.568232507251585
-0.007722083712438099,-5.635823936008299
-0.07787007489285802,-5.6104445166815164
0.08635931811251307,-5.826815576099241
0.8745673259250131,-2.1844220466841104
1.482517298077723,-2.190141469978178
1.3829205592624154,-2.2071413703192118
0.16188603243746424,-6.055109948657835
1.162589605664393,-2.1079226441610697
0.7104032596103158,-2.0905916400183084
0.34748011431612635,-2.194542855762327
1.4797835906497445,-2.1848669953573587
0.9712131579867807,-2.205147892974699
0.08722954592623378,-2.339594215892637
-0.056999866152623646,-5.830671042941892
-0.012268249178746693,-5.735865802310789
0.24478655657686854,-6.066006154559934
0.2591717799655404,-6.0996694274176
0.13649493060030604,-4.834559888385618
0.05979519686617518,-5.0605625815618875
0.2600262721530404,-6.012055606387937
1.636170919751307,-2.0079176731336954
0.3240202029696908,-3.6050102420080545
0.011092480038782604,-5.889309854053343
-0.16724032559476232,-2.050335855029905
0.680184181546351,-2.0044195361364725
1.0183785518161264,-2.2201697535742166
-0.031996432925084584,-1.9351114340055826
0.5503018458835092,-1.7696971602667215
0.2163684924594369,-4.9661271281469705
0.030348118161341198,-5.8279363818395975
0.10397368273653651,-4.846417636417234
0.15836077532686854,-5.350295991443479
0.15963869891085292,-2.1132367558706644
0.14652186236300135,-1.960077614330137
0.17035799822725917,-4.837059468768919
0.09394245943941737,-5.404180736087644
0.004518802975794323,-5.654334754489744
-0.12238282361111974,-5.438732833408201
0.0010421832553353383,-5.72893402054199
-0.04514760174832677,-2.1442798085440042
0.04408579668917323,-5.518266648792112
-0.01659697690091466,-5.269195527576292
-0.03587359585843419,-5.05035039856323
0.22269373736300135,-5.0551960177648905
-0.06668109097562169,-4.929803580783689
-0.023044292116979115,-5.653914660953367
0.16240053973116542,-5.409957379840696
0.11755352816500331,-5.184075326465452
0.16510992846407557,-5.672835559390867
-0.009175960207799427,-5.275658578418577
0.15054922900118495,-4.8788327880133036
-0.05970019497952794,-5.093009919666136
0.21952229342379237,-5.099857062839353
0.06721001467623378,-2.076865465186918
0.08370381197847987,-5.574747533344114
0.01392393908419276,-5.823598832630003
-0.014502231264928334,-2.1832527823675516
0.05460339388765956,-5.067559928439939
0.8251212199679818,-1.9469414062727335
0.23817616305269862,-6.024243564151609
0.3083031733981576,-6.117613524936521
0.31594115099825526,-2.714447566114748
1.261966760968348,-2.0411128707159403
1.0721388419620004,-2.3266384906996134
1.5800438483706918,-2.082142085574949
1.6208587249270883,-2.0465494699705484
0.27455693087496424,-5.020060748599851
0.32344990572847987,-4.789363474391783
0.1005843242160287,-5.881665677570188
0.1488960345736947,-1.9892214246023538
0.3551600535861459,-1.9391207404363993
0.1879394610873666,-4.915928573154295
0.28342371783175135,-5.551676244281614
0.06722241244234706,-5.247237653278196
0.009527500485559948,-5.688923329852903
1.12500601611056,-2.1822091646421793
1.333570535992762,-2.2124700255621317
0.7575214465609994,-1.965804070972288
0.05780773959078456,-5.509394855045164
0.17606669268526698,-6.035689563297117
0.03830557665743495,-5.58774921371826
0.043746288632532604,-5.643904656909788
0.18129235110201503,-6.105069369815672
0.15722256503023768,-5.171250314258421
0.23778229556002284,-5.971171588443601
0.25881176791109706,-5.117490500949705
-0.05920333066068029,-5.766904563449705
0.20452051958956385,-5.986544341586912
0.308975513791224,-5.33131119682678
0.24309330782808924,-5.2084600634802225
-0.08061904110989904,-5.686054915927732
-0.15265578427396154,-4.990388125919187
1.597167070721766,-2.0772068805921915
-0.03863448300443029,-4.963952989124143
0.12059765658297206,-5.630264253162229
0.20096236071505214,-5.924165935062254
0.20859175524630214,-5.440639943622434
0.2688544353000131,-5.8742432303655985
0.3154461940280404,-4.904963464282835
0.1573470195285287,-5.549984902881468
0.13071566424288417,-5.417995900653684
0.3123443683139291,-5.0185258097875955
1.1001189311496224,-2.1509970731962564
0.2243927081576791,-4.867688865207517
0.01258116564669276,-5.48853775932678
0.4171288569919076,-3.2180000550974253
-0.03280896344266271,-4.9211981005895975
0.08220749697603846,-5.164799184345091
0.9725537856570687,-1.99895355179199
0.10714274248995448,-5.57008072807678
0.29349594912447596,-2.2081588812101725
1.2181654532901254,-2.07572916223892
1.1465595324984994,-2.123392552875364
1.1048582156650033,-2.178800851844633
1.5497131904117074,-2.118827373527372
0.8557971080295053,-2.2806914754141214
1.5257893165103402,-2.138159067176664
0.3211162646762338,-1.9149683423269632
0.06087380251803065,-2.5071681745279673
0.2242711146823373,-5.943418950580442
0.18218069872774745,-5.822201222919309
0.14798670611300135,-5.718085975192869
0.1652663310519662,-5.280862779163206
0.124128158902308,-5.433881015323484
0.36577397189058924,-5.744216889880979
0.2028019984713998,-5.903796405338133
0.0655043681613412,-5.8396317668188455
0.2912276347629037,-5.834932775043333
0.20111494860567714,-6.0336835093725565
0.18430691561617518,-5.94598838760742
-0.04612654843411779,-5.345324725650633
-0.01594037213406896,-5.073444575809324
0.13284712634005214,-5.340723723911131
-0.09375399746976232,-5.020761937640989
0.026928242062708385,-5.124227494739378
0.049204643582483776,-5.2098707862127664
-0.05419844784818029,-5.148853511356199
0.01732664904513026,-5.640691251300657
0.2076995929233041,-5.297889203571165
-0.0491043964870963,-5.085443467639768
0.13820391497530604,-5.990627259754026
0.4316270907870736,-4.693892688297117
0.00396757922091151,-1.5899496979940775
0.24763136706270839,-5.684697837375486
0.24385863146700526,-4.590995163463438
0.13698702654757167,-4.828173846744383
0.05153399310030604,-5.292809218906248
0.3696082194797006,-3.555533380054319
0.23616677126803065,-5.179918736957395
0.13335638842501307,-5.442596644901121
0.07582074007906581,-2.202247888587797
-0.16122836270413732,-4.816138476871336
0.3682964404574838,-2.0818556256521585
0.0784438212863412,-2.4541507668722513
0.044989879941126354,-2.3216642744768503
0.13593273959078456,-2.438852757953489
-0.018750850344518177,-2.175330609821165
0.6961796840182748,-2.0101726956594828
0.9646289905063119,-2.1784476943243387
1.0494816859713998,-2.1727744050253275
1.2958469947329965,-2.1779109544981363
0.14406519732393885,-2.0480713553655985
0.4499652942172494,-2.2331153459776285
0.5942605098239389,-2.4310063727129343
0.3420718272677865,-2.395857334874952
0.8739278872958627,-1.9526646442640665
0.6690881808749642,-2.2364517755735758
0.8397636970035043,-2.1269918985594156
0.058600719784876354,-5.221044034503782
0.1414921840182748,-6.006252021335447
0.11320572695650721,-5.348367661975706
0.1403654178134408,-5.323508471988523
0.2874315341464486,-5.6115221686590555
0.0688155253879037,-5.1677121825445536
0.18515473208346034,-5.438105077289427
-0.014011565829137318,-5.098935336612547
0.06897860369600917,-5.27542421295532
0.22771673998751307,-6.10392353012451
0.16043358645357753,-5.926363439105833
-0.02493876614652013,-5.029053182147825
-0.022505466128209584,-5.031292647861326
0.0656426509372201,-5.0591187186468485
0.09905367693819667,-5.1055173583258036
0.193496998166224,-5.957570523761595
-0.007327262545445912,-5.741264552615965
0.03190594515719081,-4.984283179782713
0.04981261095919276,-5.811370820545042
0.2676389773837533,-5.566826314472044
0.21528178057589198,-5.518001050494993
-0.08748692669949865,-1.9927613444555643
1.4606645663730111,-2.131034225963438
0.3868988116733041,-2.689445585750425
0.21590500674166346,-1.9559369392622354
0.08742028078951503,-5.111906260989988
0.05514555773653651,-5.403859824680174
0.05302458605684901,-5.59767124130615
0.11214381060518885,-5.028331965946043
0.10140114626803065,-5.0714502043951395
0.02396708331026698,-5.687181443713987
0.06457167467989589,-5.841688365482176
0.08063488802828456,-5.0795397467840555
0.5482600291720834,-2.0501253314245584
0.08807640871920253,-4.865296096347654
0.05144053301729823,-5.225517720722044
0.20069008669771815,-5.350950212024534
0.08035927615084315,-5.464797944568479
0.02052479586519862,-4.500614256404722
0.21335059008516932,-5.681133241199339
0.1705921252719369,-5.637769193195188
0.2706773837558236,-5.66440936996826
0.05545979342379237,-5.9872545905340555
0.004315670346399791,-5.284985274814451
0.05761938891329432,-5.94499322845825
0.09129935107149745,-5.960655183338011
-0.0032784382351431773,-5.837172002338255
0.01869231066622401,-5.133640021823728
-0.035603706026891224,-5.133022517703855
0.12017565569796229,-5.21251556351074
0.18331175646700526,-6.038658828281248
-1.8875123898037467,1.3448207669030783
-0.717790786410192,3.9019592098962423
-0.9225842396267447,3.8392360501062033
-1.0795652309902701,3.388696938015139
-1.0152131954678092,3.91492584273926
0.26165037951388026,-6.104905099414671
-1.8504101673611197,1.9861877255212423
-0.9008438030727897,3.8435347370874045
-0.2842132488735709,-1.1557787366140726
0.47774153551973964,2.122067718959963
-0.2891685406216178,-1.0192556090582254
0.349441822384974,1.7597821049462912
0.7343009074679818,0.16767290160766812
2.224108751629969,0.1616876415979025
0.8575816710940805,-0.2191719718206766
0.9481046756259408,0.6388402275811789
1.3962267001620736,0.16795280501953336
1.0011976321689096,1.4831970028649923
-0.4154354969509635,-0.48511239960082797
0.2815397342196908,0.036896257854616366
1.600850399350306,0.6032619766961691
2.083055790280482,0.01622751281372281
0.9082196315280404,1.3850882344018576
0.31011133990206385,1.4962432675134298
0.6114991267672982,1.8422553829919455
0.10022097430147792,0.9154320053826925
0.1854236682406869,1.0574493698846457
0.31976967654146815,0.48419073150268765
-0.16576880612454747,1.798257141567385
-0.45602006115994786,1.3700001530419943
-0.6583530346401725,0.3994801335107443
0.049770649289270885,0.49831655547729703
-1.4789149204739127,-0.040595502399289884
-0.4149023930080924,-0.6379739947546366
0.31705408892550135,-6.053206176303709
0.7059295733920541,2.219685821987307
0.3353388865939584,-0.7540013499487284
0.2467625697604623,-2.013011545680845
1.4150436480990853,-1.334520072482908
-1.6806747356899772,0.8663380436669943
-1.4024216572292838,1.6848638348352072
-1.107324306155065,3.1403158001672384
-1.79202336468778,1.8491695217858908
1.738318022107264,0.22932270095459195
0.46074801287569667,-0.20026037170776156
-0.8798295895107779,1.2032134823571798
0.4064167102328744,0.9309761814843771
1.4754663070193734,0.3938086323510763
0.5226238330356088,1.839355259395754
0.8995321353427377,1.3933389477502462
1.1581326087466683,1.7619374089013693
0.1943786700717416,2.2486603550683615
-1.873538200045446,0.4274177841912863
0.7774079402438607,1.7425754360925314
0.8286262114993539,-0.7847823806036356
1.6808870395175424,-1.2313509888876322
1.9502373298160043,-0.24483081772216586
0.685323055600306,1.5891163639794943
1.9078817924014535,-0.6673719592321756
0.25511818728365565,1.6831066899072287
2.229026850079676,-0.22652241661437778
0.455577190732142,-0.8446310467947367
0.4703181346408334,0.6997673802148459
1.748552854870936,0.4690456681024191
0.25497895083346034,1.463660507656252
0.730845745419642,1.87096193359009
0.42688637576021815,1.4738595776330587
2.215732630108973,0.3305914692651388
0.20722609362520839,-6.041876525424803
0.3561399539462533,-0.18579313232787875
0.7940362056247201,1.4279930882226584
1.0443509181491342,-1.4937423176992777
1.030455644940516,0.06654217765442105
-1.6663748661526236,-0.05054375603088168
-0.6093303600796256,-0.48396632149108676
1.7267885764590707,0.26824644134155484
0.057453449582239635,-0.10393831207641391
-0.28021973767361974,-1.0943660445440653
0.5187409480563607,-0.9661292739141825
0.5975487788669076,-1.2606576390493753
0.8184984286776986,0.4274165920983908
0.010494049405237682,1.8770315937768576
-1.1459743420132193,0.6379192166101095
-0.7832080761440787,-0.9524253316152933
0.8972998221866098,1.5900953106652853
-0.11620253720364904,1.6190502934228537
-0.4457098881252799,-0.3950023360479715
0.7392514308444467,1.7570569805871603
0.9394665320865121,1.0427155785333273
-0.30180949368558263,1.5327189259301779
0.7245195468417611,1.0391288094293234
0.09955912432589198,0.17896893546692105
-0.7708370129116568,2.876893787838137
-1.2576572338589225,0.7167618565332052
2.1847303470126596,0.13928440139404508
-0.8765694538601432,0.45150664374939176
-0.43990773358426427,-0.9114585824240091
0.06859713396944667,-0.14001104309448031
-0.3110839764126334,-1.022196025394285
1.3031335433474984,0.3966770462762472
-0.8599216381557975,1.6742708973657248
0.023836429928919323,1.8414199642907736
0.19368677935518885,-1.836760313056791
0.9524355491153207,1.2780812077294943
1.1210825999728646,1.4530365757714865
1.3622644504062142,0.9216349415551779
0.8104901870242562,1.6827709965478537
0.434001262997767,0.7860679917108175
-1.2212263981350455,0.32869031951538297
1.7514374812594857,0.5684376053582785
0.1174457629672494,-0.4784674353826883
-1.5182225147732291,0.9146910004388449
-2.0575396458157096,1.5397818379174826
-1.9631254116543326,0.9602299027215597
-2.083187286043981,1.104642181850588
-0.9809634129055533,3.9818375401269552
-0.930155460024694,3.8977687649499533
-1.0158245007046256,3.696004181362307
-0.35372227826199865,-0.8604620404470804
0.8547678550235238,0.5574400715600607
1.980153377865931,-0.1876480288732889
1.1105380614749398,1.284848480678713
1.5058777888766732,-1.9224760837782267
-0.46308249631009435,1.6784580044519064
-0.2778908649929557,0.9424853615533468
1.7285268863193002,0.43521192596069547
1.7787826617709603,0.19782712981811734
1.5497835238925424,-1.9849742956388834
-2.0382034222134147,0.5954084687005636
-1.9973122517117057,1.6803925328027365
-1.1880742947109733,-0.4026601023901346
-1.2667843739040885,-0.3485471911657694
0.1671741565219369,-0.9128337807882669
0.6388800700656381,1.7609575085412619
0.9243164618960824,0.6215763382684347
-0.30358475842557286,0.1352918438684103
-0.2070314327724967,-1.4871014065969828
1.3529470523349252,0.7550285153161642
-0.2831322590359244,-0.022121638797605314
-0.4455706516750846,0.8712544731866476
1.4406815131656137,1.6511500172387716
-1.1496817509182486,0.5227299027215597
1.7670095523349252,0.016706018901979647
1.3036463817111459,0.6205683045159933
0.7312319835177865,-0.1803981967199686
0.9749827941409555,0.7393386654626486
-0.7625533977993522,-0.8021185107458475
-1.9235088268765006,1.2352912716638205
-1.8934361378201041,1.8145745091210959
-1.7035571972378287,1.4826648525964377
-1.9445726315029654,0.21833637282959195
-0.7105824390896354,3.742875366665041
-0.2819368282803092,-1.2543579049337747
0.296219166134974,-6.123392552875364
1.9592516978732553,0.8117392353784201
1.1901031096927133,1.0064163498651144
0.40329819521822596,0.8312776379357931
-1.4076940456875358,-0.3306410022009256
-1.9750177303799186,1.1195974640618918
-1.9138767162807975,1.3541505627404806
-1.6511165539272818,0.7100129418145773
-1.4771677891262565,0.8523061566125509
1.4982367118350473,-1.9354487366903665
1.3355596621982064,0.08259728477112027
-0.9001132885464225,-0.6453983493078592
-0.191606704378942,0.7430503659021017
1.1244338115207162,0.5326853089105246
1.1219339927188363,1.0556557469140646
-0.510149184847692,-0.3439845748175028
1.3379350265017953,1.5355537228356955
-2.0535880962856803,1.1647036366235373
-1.8137552181728873,1.3069083981286642
-1.9844715038784537,0.5880627922784445
-1.0306775013454947,3.43620851562134
-0.9241411129482779,3.6028478436242697
-0.9149181286343131,3.8472855381738302
-1.1538159290798697,3.26648834273926
-1.277889434481481,2.9531381420861837
-1.777405921603063,1.8804133229028341
-1.7671243587978873,1.8377273373376486
-1.7096797863491568,1.608527451015627
-0.7802769581326041,1.0977752499353048
0.5131271441928353,-1.7064369626272562
-0.5033490101345572,-1.1476629681814554
-0.8238684574612174,0.9504030041467306
-0.6307188908108268,-0.06820604278930453
1.7551687320224252,-1.1073182530630472
2.0340602954379525,0.41306856200805875
0.3462527354709115,-0.4738094516027811
-1.4298679272182975,0.01412776038757535
-1.652950469637731,-6.172366369607829e-4
2.2929359038821664,-0.22425815536865024
2.2943990787021127,-0.08682867958434848
-0.8698288837917838,3.9450075917016623
-0.6366245190151725,3.641491203762209
-0.7775561253078971,4.0408175282251
-0.9870292583950553,2.3701575093042013
-1.3293244282253776,0.45259097144714566
-1.0651995579250846,2.9430392079125998
-1.1067196766384635,0.7320454411279318
-0.9699289242275748,-0.8674006171453836
-0.8825389782436881,0.07254269645324918
-1.5289060513027701,0.6265924267541525
-0.7333061138638053,2.9057982258569357
-0.6955110470303092,3.76862457320801
-0.9537755886562858,-0.17220017387756137
-1.5967637936123404,-0.07984802200683383
-0.7234322468288932,3.9838993839990255
-0.7947427670010123,4.090402870632326
-1.2244102398403678,0.6677217774163839
-0.9206349293240104,3.021359711147463
-1.0183340946682486,1.7643626026879904
-1.06806677975736,0.8651655010949728
-1.1774269978054557,-0.06339833214172153
-1.0675985256680045,2.624987869716799
-1.0077864567287955,2.4367959790002462
-1.0707456509121451,2.9135301403771994
-0.971697036410192,2.311572819210207
-0.8528444210537467,3.6744063191186545
-1.3221203724392447,2.283939629055178
-1.2447688023098502,2.597404270626223
0.5691135486117807,1.0474188618432638
-0.6819250027187858,0.04657843635193082
-0.6291944424160514,3.048545628048098
-0.3224384228237662,1.160897760845339
-1.085206214571813,1.5574343495141623
-0.882059756899694,2.674729614711916
-0.9624492565640006,2.1473443798791525
-0.810136977816442,0.9675729565393087
-1.9187189976223502,1.2954371266137716
-0.5852548519619498,4.019734173275149
-1.3585597912319693,1.605069427944338
-0.7847659031399283,4.055474071956789
-0.5330111423977408,2.9531581692468283
-0.08553857007108068,0.9334795765649435
-0.6907221714504752,3.977837353206789
-0.8928472439297233,1.518955975032961
-1.2926313320644889,0.15496304557434293
-1.4015423695095572,1.670158653713381
-1.201170627261022,3.1738355450402853
-1.0618984142788443,1.4290311627160666
-1.5859519878872428,0.6862039856683371
-0.5083691517361197,0.01636031196228238
-0.941820327425817,-0.10252806618102817
-0.8022066990383658,0.1972389511834738
-0.5192911068447623,0.9892287544976828
-0.5222865978725943,-1.028786749385679
-0.6337110439785514,3.937511234737551
-1.226704303408483,1.590981750942385
-0.5161106029995475,-1.6953770823706034
-1.5507184902676139,-0.5379650302160623
-1.1687399784573111,0.53166749999634
-1.4067403713711295,0.27985957191101285
-0.8955518642910514,-0.41567871048339633
-0.8793661037930045,0.7564773850213644
-1.2606999317654166,1.0301645092736837
-1.2367221752651725,0.037416725612795076
-1.201618854189733,0.11036756560913297
-1.8127457539089713,-0.6126885123480204
-0.3793312946804557,0.8894920639764425
-0.6547080914028678,2.045177250362551
-0.9075486103542838,1.4176833920251486
-0.9416310230740104,3.8221390537988302
-0.7378012577541861,3.2761595539819357
-1.0428139606960807,1.5890925221215841
-1.2313439289577994,1.2801053814660666
-0.5717589298733268,2.7170369915734884
-0.8697583118923697,2.761497288204348
-0.21137684979520177,2.3290126614343283
-0.5103389660366568,0.6858461193811056
-0.42826003232083654,1.8647516064416525
-0.41805524029813146,-0.7936966128576639
-0.8975970188625846,0.36907938048950406
-1.432481948519567,0.5149226479303
-0.4416481892117057,1.1189396672021505
2.0059438308230844,-0.2315604396093729
-0.8392698208340201,2.929508476711428
-0.8512122074612174,-0.36938330604919223
-0.7167288700588736,3.063590794063723
-1.431932632113317,1.273218899227297
-0.8279368320950065,-0.17094609215148715
-0.6767565647610221,0.8977625660668966
-0.5577976147182975,3.776913910366213
-1.462924186373571,-0.35520884468444613
-0.8816906849392447,2.7663162045251486
-0.8309747616299186,3.8345463566552755
-1.3781501690395865,0.6112087063562033
-1.3625165859707389,2.547855644680178
-0.5618874470242057,3.195497780300295
-0.9153596798428092,2.058351784206545
-1.0685541073330436,0.8636019520532248
-0.7331878582485709,2.5751345448266623
-1.834281150484899,0.15905216262451383
-1.0077225605495963,1.8992159657250998
-0.9175950924404654,0.4595217995416281
-0.73137826123319,3.186917572475588
-0.6420404354580436,3.463307648159182
-0.41495675244412755,2.9663989834558127
-0.6162597576626334,1.225731163479006
-0.964065257693151,2.0599754147302267
-1.1824151913174186,1.6904795460473654
-1.9726273457058463,0.43388202712646695
-1.4133717457302604,0.08754137084594937
-0.9939829746731315,3.4808504872094748
-0.7436096111782584,0.033888845897829256
-0.610979262972692,3.053816585994875
-0.9786374012478385,1.5835969738732931
-1.1031672398098502,3.1495650105249045
-1.3787133137234244,2.103057175136721
-0.8342449108608756,3.6394198231469748
-1.4712402264126334,-0.607990235828245
-0.861775104189733,0.5661392502557394
-0.9852678219326529,0.10684373901001187
1.5834587176791635,0.8094387345086691
0.28731375536837245,1.3079259686242697
-0.5705549160488639,3.1663406185876486
0.5890796741000619,1.7717531018029806
-0.001087848330358021,1.377772121883547
-0.2992383877285514,-0.5953380770910623
-1.1042167583950553,-0.4603342719305399
-1.9366971889980826,0.9678221039544699
-1.6491243282803092,-0.23984095528014926
-1.208407584811071,1.2687013439904806
-0.9444262424953971,1.7250483326684591
-1.5266949574001822,0.19612458274475308
-1.7404739300259147,1.4152725033532736
-1.1072365681179557,-0.3396711058843973
-0.46703643002591466,3.6956789784204123
-0.6095487514980826,2.4648416332971212
-0.7293941418179068,0.19044759795776578
-0.48232239880643224,-0.05251762344726352
-1.4027382771023307,0.18489935920349332
-1.229537669802526,0.38531544730774137
-0.5416829029568229,0.15047624633423062
-0.3632409016140494,-0.14997622444518832
-0.4739100376614127,0.10840180442444058
1.9172561725131478,0.22615149543396207
1.3462410529605355,0.8918490700494406
0.8274038394443002,1.7691901020776388
0.9435499270907846,1.1096573166619894
2.1687338908664193,0.03593280837646695
-0.5765997807034049,2.727930813289797
-1.0015136639126334,2.5399110607873556
-1.1186239162930045,0.544710188366091
-1.108549777651647,0.25980856940857144
-1.11626595654569,0.3077462010156271
-0.78484505810819,0.9931431107293722
-1.5215589443691764,0.8911688618432638
-1.045471851015905,2.298112183071291
-0.5892331043728385,0.6063456825982687
-0.5028621593960318,3.3991873554956076
-0.9391953388699088,3.087519436336672
0.2490676005832162,0.9494591049920675
-1.8772541920193229,1.0210340313684103
0.29683810076632167,-1.4615009732473734
-0.9267179409512076,0.6179368786584494
-1.46064490475736,-0.030365676425779142
-0.39766854443631505,-0.7019219107855204
-0.9519349972256217,-0.8789922900427225
-0.5159336964138541,0.7948108010064718
-0.6147534290798697,0.21757677123657437
-0.5452219883450065,0.580702095485842
-1.092508975649694,1.4869349293481466
-0.9125196377285514,-0.4082557864416483
-0.33461684384427404,-0.03378889038451938
-0.49047297635159826,3.1001875691186545
-0.7202054897793326,-0.19683572723754672
-0.9330126682766471,0.6271796517144796
-1.3279954830654654,-0.38304111435302524
-0.6715514103420768,0.0468344979058859
-0.6738378445156608,3.2487166218530295
-0.45310324826321935,0.6082675747644064
-1.2754098812588248,1.5229494862329123
-0.9312717358120475,-0.2287559218634012
-0.3388802448757682,0.19627621696106168
-0.7317816654690299,1.2046358876000998
-1.0636250416286979,3.286118298031008
-1.1231295506008658,3.0794832997094748
-0.7825142780788932,3.500706463314211
-1.0567767063625846,3.1292197994958517
-1.7275530735500846,1.1696739487420675
-1.5439307133205924,0.7546034149896261
-0.7989794651516471,-0.29106018020995883
-1.0485937038906608,-0.507005424045408
-1.0545327106960807,1.148308067775881
-0.9382454792507682,2.5559656910668966
-0.9573738018520865,2.060741692043459
-1.4082567135342154,-0.175013989948118
-1.6991755405911002,0.305208235241091
-1.6059548298367057,0.8949539952050802
-1.0130164066799674,3.2815306477319357
-0.7917296329983268,0.3776488594781515
-0.7583028713711295,4.002193241573488
1.4646568854800668,1.2047717861901877
2.1537247260562387,-0.0015401549566629313
-0.8659440914639029,2.585333614803469
-1.2099129597195182,1.4462502293359396
0.7017310222140756,0.2658908657800314
1.909988697384974,-0.5478803820837381
2.2691023906222787,-0.1814205355871561
-0.2580925861843619,1.5982725910913107
-0.7571012417324576,3.826573162532961
-0.46860760846219396,0.6496043495904562
-0.7238151470669303,4.076001911617434
-1.6979219357021842,0.32693484351745816
-0.2295391003140006,1.3084295086633322
-0.8202878872402701,0.6846952728997824
-1.1722552219875846,1.4218671612512228
-0.31090993084988927,0.694708853222048
-0.9115063587673697,0.6347189240228293
-0.4350120464809928,1.2501738362084982
-0.9836503902920279,0.1957607559930441
-0.7628504673489127,0.06844642684570523
-1.728237334872106,0.8243470482598898
-0.6671759525784049,-0.253303260349119
-1.1234318653591666,1.6113822750817892
-1.7159120480068717,-0.07394644691833285
-1.3056094089993033,0.9802160553704855
-0.9135314861782584,-0.043375224613035
-0.2708794514187369,-0.49189707710632113
-1.15498084225736,3.040582924343264
-0.9159867207058463,2.4532120518457052
-0.6766960064419303,1.3453114323388693
-0.8858124653347526,1.564802437282717
-0.8489434162624869,0.7962217621575949
-0.43553799786649083,1.383145599819338
-1.3475105206020865,0.5717549614678976
-1.0733091274746451,0.44375446364990445
-1.0045186916836295,2.9969508938562033
-0.9745132366665397,1.6440670780908224
-0.9877273479946647,0.5539508156549093
-1.9659087101467643,0.5983829788934347
-1.4768888393887076,1.0892055325280783
-0.8375965992458854,0.931339769817507
-1.503672305727819,-0.4018954940069559
-1.5762659946926627,0.7029614739190695
-0.8923146168240104,0.3773992352258322
-0.8976089397915397,0.3801200680505392
-0.8028222958096061,1.4896343045007345
-0.8386904636868033,0.5038972191583273
1.6535266002170053,1.091117887951052
-1.155391875887731,2.4287774853479025
-0.12868661084256505,1.0782423310052511
-0.73316687741361,1.1743464760553
-0.9163476864346061,3.6941702656518576
-1.3748919407375846,0.39611604735962125
-1.1566774288662467,2.9320805363427755
-0.7965599934109244,0.20153191611877652
-1.1006743351467643,1.1842198662530539
0.059638317441126354,2.430419235683596
-0.3876368443020377,0.31966712997070523
1.6650579532138314,1.1984222225915548
-1.250813190127233,2.3797219090234396
-0.32436627545438146,1.2672412686120627
-0.3359867969997916,1.2231781773339865
-0.17117804684720372,0.4702475361596701
-0.2920262257107291,1.2302186779748556
-1.0237185398586783,0.03217008636108609
-0.675063792849401,3.8509199909936545
-0.608904067660192,-1.114510387920225
-0.3186838070400748,0.34258845374695035
-0.20174521603665685,-0.8787326522100809
-0.5080840031155143,1.718240051723635
-0.7238938251980338,3.999316959835207
-1.3011147419460807,0.5753999047052023
-0.9702431599148307,1.4266035847436545
-1.0687090794094596,-0.3047597117651346
-0.9170495907314811,3.961815147854006
-1.2207056919582877,1.6901066593896505
-0.7073871532925162,3.8154452137719748
-1.421882812167028,0.7596106819879171
0.11312418780245448,-5.96005818321594
-1.3062126080044303,-0.3487202830541971
-1.3720318714626822,-0.4036807723272684
-0.656048957491735,2.8745506100427267
-1.0164672771938834,0.6768188767205832
-0.9786908070095572,1.752624302364504
-0.6340653339870963,1.1621744923364279
-0.03081816830716466,0.8079324059259054
-0.9075948635586295,2.450524120784914
-0.6567022243984733,0.6592669777642843
-0.616533462191442,3.954303532100832
-1.0277478138454947,2.727853565670168
-1.8698589245327506,1.0554344944726584
0.7022064288608041,-0.3062963195074442
1.4042203982821908,1.7784965328942892
-0.2776362339504752,2.120814114071047
2.1034951766482797,-0.1517111964453104
-0.8099738995083365,3.115586071468508
0.6853936274997201,1.935422211147463
-0.8897797504910026,3.479973106838381
0.6842058261386361,-1.8081812567938211
-0.6642224232204947,3.6385600857507345
-1.572672549868444,0.3129818730126974
-1.0817729870327506,2.485104351497805
-0.9283396641262565,2.7620041661035177
-0.8226277271755729,4.019467144466555
-1.2734109798916373,2.372187405086672
-0.5691615978725943,3.7334010891687033
-0.9615036884792838,2.805377750850832
-0.7141734997280631,3.8774264149438498
-0.581858340884069,1.763711243129885
-0.8136865536221061,0.3515415482293722
-0.6214878002651725,-1.2210529752004984
-0.7298857609280143,-0.16120597793945102
-1.2187106052883658,-0.16444847061523227
-0.7269317547329459,1.2923033528100607
-0.5457469860561881,1.1924531750451681
-1.0859581867702994,-0.45746085121520785
-0.6995508114346061,2.8447392277490255
-0.6049758831509147,3.9433949284326193
-0.7344724575527701,0.7328937344323752
-1.2730695644863639,-0.0643717952001932
-0.9698774258144889,0.6769419007073996
-1.26268929638944,0.7809393696557638
-0.7165033260830436,3.9614198498498556
1.8758223613254037,-0.6250943846929911
-1.5479170719631705,0.06476786658874722
-1.573914233828405,0.336474686123049
-0.5307351986416373,0.527552395321047
-0.878036204958776,0.010240107036745272
-0.9858071247585807,-0.0515381999243143
-1.188770953799108,-0.623502702258909
-1.4689661900051627,-0.039692134403074064
-1.3423954884060416,-0.33575412704833774
-0.9554526249416861,0.7396698288690207
-0.5488936344631705,2.851167469478762
-1.0006176868923697,0.34464815185180875
-1.4965755383022818,-0.48303577377685336
-0.8540656010159049,1.840437202907717
-0.6556093136318717,0.03541544005981656
-0.6784855762966666,0.814746170498049
-1.7763649860867057,0.35961964652649137
-1.4378334919460807,-0.39157053902038363
-0.9700371662624869,1.3101823620568869
-1.4260909000881705,-0.6041655249822977
-0.7360736767300162,-0.6563744254339579
-1.2876254955776725,-0.13771483375915317
-1.2441560665615592,-0.5535018153417948
-1.4131271282681022,-0.495842904590452
-1.3705269733913932,0.7751992039453146
-1.5329515377529654,-0.5304059691656473
-1.2018577496059928,0.8652239136468527
-1.6140119472988639,0.07963445708862515
-0.3845850864895377,3.003978519893801
-1.2107383648403678,1.3586032681237814
-0.3056380192287955,0.8634596161615011
-1.5645787159451041,-0.306265325092161
-0.09664887585721349,2.7166331105004904
-1.0335742870815787,0.7822757057916281
-0.8425828854092154,0.401704817272341
-1.1686078945644889,-0.4056372351873758
-0.6997897068508658,1.8930094532739279
-0.4717847744473014,2.5988419346582052
-0.9363972584255729,0.7488811306726095
-1.1673995892056022,0.19301059768310758
-0.8926155010708365,1.2463062100183127
-0.5923301617153678,0.7736909680139181
-1.3082882801540885,1.3356778912316916
-1.1940290371426139,-0.15799638702758578
-0.7211682240017447,3.2085836224328634
-1.723420325899938,-0.08451053573974399
-1.2306553761013541,-0.2601232238043192
1.147760685300013,-0.3315388865698221
0.16088467440523768,1.2518322758447287
-0.38646859326444005,1.719352989650881
-0.7153479496487174,3.254027634121096
-0.9394385258205924,0.21719720885864469
-0.7981597820766959,2.7664563946496603
-0.9339010159023795,0.4464311890374777
-0.8698999325283561,0.8737838558923361
-0.24315613904080724,0.8817374996911642
-0.6442229191311393,-0.5129239268530252
-0.8636371532925162,2.7852304272424337
-2.003838721896032,0.20414188430420133
-1.2390400806911979,-0.2734353251684549
-0.17251080670438146,2.2830632023584005
-0.7641250530727897,0.9128623299371359
-0.7811824718960318,2.571678429104006
-1.16828650631986,0.5878131680261252
-1.5250598827847037,-0.03275176956542758
-1.1159216801174674,-0.5233559317816141
-1.5435769001492057,0.33686688468567105
-0.4843627850063834,2.8505895428430197
-1.334849063540319,0.20955040977112027
-1.8709217945583854,1.4742715649377462
-0.8696128765591178,1.5474441342126486
-0.49747771420560216,3.1388137631188986
-0.8297430912502799,0.033433943248903475
-1.9313947597988639,0.8741236023675558
-0.7564021984585318,3.894087105251467
-1.2283293644436393,0.10448411033264371
-0.20147532620511388,2.238508968807375
-0.9864861408718619,3.9197862438928244
-1.473210994387487,0.11451771781555387
-0.8703643719204459,0.5708875946771261
-0.47544020810208654,3.12739446685425
-0.7589079777248893,1.6151159100305197
-1.1902691761501822,0.7740669541131613
-0.5902635494717154,3.848097115017092
-0.594042007113317,1.4038756184350607
-1.01183480420194,-0.05674955322631625
-1.0438434521206412,-0.1817276187170389
-0.7124044338711295,2.8393872074853537
-1.6112448612698111,0.405047684169924
-0.6834175030239615,3.937478809810793
-1.4633724133022818,-0.47210666611083774
-0.8044883648403678,0.23057511375061246
-0.4944168964870963,1.0511615566980002
1.5953791697970834,-1.8956495232809427
2.162376459454676,-0.38806530907043246
-1.9216343800076041,1.347193508602297
-0.5753924290188346,3.5249917797814962
-1.1100088993557486,-0.1458832926977518
-0.6489674488552604,3.955464630581057
-1.0673901478298697,-0.5591637797582987
-0.8168031612881217,2.6596710972558615
-0.8090421597012076,3.8782055668603537
-0.6690294186123404,3.9010341458093283
-1.2315055767544303,0.962364464260256
-1.7788717190273795,-0.14715477898010043
-1.8529197613247428,0.31266310737243863
-1.7964565197475943,0.18091180846801969
-0.7212817112453971,3.5323794178735373
-0.6912552753933463,3.1296041302453634
-1.5271903912075553,-0.5862035460699442
-0.6764499584682975,3.587117462612307
-0.7168905178555045,3.107649593807375
-0.9179031292446647,1.0393982224237082
-0.915422622347692,3.738541393734133
-1.1571456829556022,-0.38404771759399203
-0.8736955563076529,0.48735049293152066
-1.41710824170194,1.127081900097048
-1.628691379214147,-0.05493852569946078
-0.5773832241543326,-0.26170489265807895
-1.4446241299160514,1.4550726704370138
-0.32116002240262365,-0.17238304092773227
-1.374404613161901,-0.5088607974279764
-0.289809886599401,0.9597051434289572
1.8398454745761361,-1.0273059315908792
-0.44230288662991857,3.0491926960717795
-0.8466841618069205,4.017561703182375
-0.6139022747524772,3.629953175045168
-1.5084182659634147,-0.4557101435888651
-0.03053254284940099,1.148235350109255
-0.6082531849392447,1.0515234761010763
-0.942458812380651,-0.37886044456847934
-1.1763612667568717,0.3741071514855978
-1.6617733875759635,0.8948655419122336
-1.81771916546903,1.1001739792596457
-1.4136812130459342,-0.6086961932409647
-1.4490339199551139,-0.5330478854406717
-1.0774728695400748,0.4557845883142111
-0.31896466412625646,2.3944781117211935
-1.4686929623135123,-0.07600280716308383
-1.0401951710232291,-1.0457455821264627
-0.6848165432461295,-0.7358843989599588
-1.1929065624722037,-0.548452825092161
-0.696001235628942,-0.6628629870642069
-0.04605549969754552,0.8450770668756125
-1.8039986530788932,0.6434963040124533
-0.9179083744534049,-0.04712244942077426
-0.79631966748319,4.014758854366457
-0.7370683590420279,0.8372018627893087
-0.6975957790859733,0.39800885245910855
-0.9530279079922233,1.7819903187524435
-0.41550749936185216,-0.038065166019285
-0.7248446384914908,3.6096971325646994
-1.7178394238003287,0.32078221366516324
-0.5834981838711295,-0.7362193770635965
-0.9704725185879264,0.23306611106506558
-1.0087134281643424,-0.7814113803137186
-0.814806167269567,0.6814883045922873
-0.6840540806301627,3.5915625386010763
-0.5806157032497916,1.7445071034204123
-1.0490657726772818,0.059596567608034334
-1.5499827305325065,0.8861115269433615
-0.7315289417751822,1.0929518036615011
-1.07268685498319,1.6378681950341818
-1.5338022152431998,0.01528122947326871
-1.134733859682897,0.28400972411743375
-0.8445612827786002,-0.051351279758298674
-0.658915225649694,1.1012280277978537
-0.42604989209256505,1.1184940628778097
-0.8339917103298697,0.4584100537072775
-1.1923682133205924,0.8373744778405783
-0.9443504253872428,-0.37030503227599887
-1.18419808545194,1.199584751583254
-0.7871848980434928,-0.03094050361999301
-0.8861667553432975,1.3232639126550314
-1.3164464870937858,0.30602791831604215
-0.9863893429287467,-0.22284051849731235
-0.40584582486234044,0.3108146481286642
-1.0422851482876334,0.3228693299066183
-0.6823126713284049,-0.17501613571532992
-0.5743739048489127,2.1445319943200705
-0.7138010899075065,-0.2837476439703348
-1.478993121767858,-0.10843345596679477
-0.581628505373815,3.243981152034914
-0.6681186596401725,3.686748295284426
-0.241167251253942,2.6050494007836935
-1.3993827740200553,-0.08151337578185824
-0.5746185223110709,3.3756559185754416
-1.8027812878140006,0.4416296772729513
-1.2031971851833854,-0.19281026794799594
-1.2122861782558951,-0.1520628638494852
-1.1389886776455436,-0.3451349444616678
-0.36132401623807286,-0.21620056106933383
-0.06657952466092443,0.3488660149346945
-0.881548110628942,2.9623840145837423
-1.2607576290615592,-0.6342029280889872
-1.4256979862698111,-0.44315049126037387
-0.8423163334377799,4.0247505001794455
-0.6578604618557486,3.2210676960717795
0.04683380923189784,2.172027378536379
-0.7653753201015983,3.502753525234377
-1.4315974155911002,0.6876015953790304
-1.323233787203649,-0.20739981605895785
-0.745035831118444,0.44122388885132047
-0.9668538013943229,-0.8282512135733011
-1.144271556521276,0.0022905163537618733
-0.946886245394567,1.1253793530236837
-0.4213907162197623,0.5455234341394064
-1.6060015598782096,0.1354899697076437
-1.4164635578640494,-0.3796593852270487
-0.4806420246609244,3.414918690181887
-0.7704212109097037,4.1013567738305685
-0.7944785992153678,4.067172794796145
-0.7017027775295768,4.054708271480715
-0.6722227970608268,3.832061558223879
0.391093548154017,0.2444362931024191
-0.8524100224026236,1.4881570629846212
-0.7011134068020377,3.302480011440432
-0.7940256039150748,4.033791809536135
-0.3448173443325553,1.0342161946069357
-1.4897725025661979,-0.2166089720953348
-1.4785859028347526,-0.5121788687933329
-1.6098677555569205,-0.213860482715452
-1.1555244366177115,0.054805307842409334
-0.8168398777493033,-0.15678235962280063
-1.178207103396276,0.5012572102319357
-0.6353365818508658,3.886652260280764
0.13547879061617518,0.47235086486450406
-0.7640621105679068,-0.11382171585449008
-0.9408523479946647,0.02603557632080289
-0.7743150631435904,4.0805037312280295
1.5933671554080453,-0.3658203788030985
-0.6007067600735221,3.6891916088830587
0.7312629779330697,0.861750393367922
0.010674293851038463,1.029474764324343
-0.6142408291348014,-0.3930029578436258
1.8278725703708139,0.5048272900354025
-1.475610438967565,-0.061913461231076994
-0.5874745289333854,2.6973021321069357
-0.7547456661709342,4.015063076473391
-0.6323053280361686,3.9787838749658224
-0.8673307339199576,3.2557990841638205
-0.4073054234036002,-0.10533472969421176
-0.6387068668850455,0.6384074978601095
-0.5531136433132682,3.827294140316164
-0.7243425289639029,4.119757442928469
-1.62191838421903,-0.12324282600768832
-0.8630749622829947,0.36086872146240445
-0.6961194912441764,4.030813961483156
-0.7209908405788932,4.040177135921633
-0.40189427533231115,3.303740768886721
0.12189274630465174,2.280552177883303
-0.6624566952236686,4.0823066525231955
-0.7754237095364127,-0.021097631000364103
-0.5885917583950553,3.825326710201418
-0.69532508053861,4.004185467220461
-0.5431143681057486,1.3567402653466818
-0.13396090664944982,0.8241396240960714
-0.3960778156765494,-0.3209900565374735
-0.8170048634060416,3.3514368824731466
-0.2027770916470084,1.3674910359155295
-2.038516704226354,0.8548827461969015
-1.1799928585537467,1.422881870723879
-1.0081874767788443,0.6681635670434591
-1.4248835484036002,-0.3480779834020975
-0.5154687801846061,3.8062122158776877
-1.3340022007473502,-0.625347823642576
-0.5330063740261588,2.749750881649172
-1.2297145763882193,0.9750924401055929
-1.0752064625271354,0.17631891296020719
-0.5364162365444693,1.3765805058251974
-0.753428165102819,4.0533736042749045
-0.9904071728237662,-0.36738941147216586
-1.0182120243557486,0.1574755005609152
-1.0312950054653678,0.7696109108697531
-0.8735739628323111,-0.0803475089300516
-0.691273395205358,-0.21562454178222445
-0.5407668987759147,2.97069337890259
-1.4556605259426627,0.7169573597680685
-1.8191086689480338,0.3822810940515158
-0.45611256756863927,3.2032239727746603
-0.6140753666409049,1.4850395016442892
-0.6008703152187858,3.572222500301516
-0.7656676212795768,1.3311193279992697
-1.7154719273098502,0.696406155086672
-0.7091147343166861,3.2889859967004416
-0.5495287815578971,3.448234348751223
-0.07300872006497716,0.5950734905969259
-1.5129000584133658,-0.10950204803832797
-0.2834784428127799,2.547044067836916
-0.7575828472622428,0.26543810889831754
-0.9001948277004752,-0.08431693985351352
-0.5235254208096061,0.19905927703491422
-0.5380675236233268,3.998144894100344
-0.6100751797207389,-0.8267805285681131
-0.5619713703640494,3.9626620106469748
-0.2855050007351432,-0.9496288008917215
-0.5172616878994498,-0.14851400329955844
-0.7710105816372428,3.103777676082766
-0.6560689846523795,3.328570633388674
-1.1473462025173697,-0.12411496117004184
-0.2627846638210807,2.0691821865808127
-0.6030995289333854,0.06858923957458707
-0.7790777126797233,-0.26295325233825473
-1.0187112728603873,-0.8037967391241434
-1.8499519268520865,0.4734096817742941
-1.437442008639196,-0.30786654426940707
-0.8044635693081412,-0.3483204550970438
-1.4234406391628776,0.3859629921685812
-0.1115281025417838,0.469897537685549
-1.5289060513027701,0.3041935257684347
-1.5557438770779166,-0.5065636344183329
-0.9371659199245963,3.5624563984643576
-0.766794864321569,0.012963800884401522
-0.7541996876247916,4.045367985225832
-1.0114046970852408,2.6769421391259787
-0.5017654339321647,-0.28865429832824496
-1.0301248470791373,1.6984727673303244
-0.2885434071072135,3.3034417919885275
0.07748823962130214,1.207629471279299
-1.799653236056188,0.38422849700561734
-0.8621179501064811,3.653007297969973
-1.2187377850063834,-0.20831987335571078
-1.267175380373815,-0.26611372902282504
-0.8505942265041861,3.9811995320092795
-0.7113029400356803,3.9761107258569357
-1.5967285076626334,-0.5530655093420389
-0.7689377705105338,3.2432492069970724
-0.8957292477139029,3.528625278927004
-0.6566798130520377,0.3526070408593771
-0.7915245930202994,4.050815372921145
-0.5144087711819205,3.9190819554101584
-0.5920168797024283,3.947192936397707
-1.1856500545986686,0.19123771712890836
-1.2258946339138541,-0.015445918582761564
-0.8443056980618033,3.970184116817629
-0.8078820148952994,3.9243448071252462
0.310226734494349,-0.5620858378637674
-1.4154025951870475,-0.3721694655645731
-0.3863121906765494,0.4854927353631613
-0.9782525936611686,-0.6144997782934549
-1.20822209515653,0.3674559883844015
-0.5886351505764518,2.678471355892336
-1.0938832203396354,-0.533100099109495
-1.4465329090603385,-0.2840859599340799
-1.1402160564907584,-0.08391210510619906
-0.9017307201870475,1.7188251309167502
-1.002583209658483,1.1489644341241476
-0.6573845783718619,3.993057995296633
-0.7466027180202994,1.0806193642388937
-0.8240243832119498,-0.20173499061950473
-1.75935095944486,1.0341964058648703
-1.2422716061123404,-0.09498545601257113
-1.5679771343716178,-0.569899768375242
-0.7383076588161979,0.324530630565798
-1.6041275898464713,-0.29170700981506137
-1.1154705921658072,0.9137761883508322
-0.7426678577908072,4.000159531093752
-0.6951834599026236,4.019155769802248
-0.7430397907742057,3.9262535862695334
