sample,label
11_41_40289,1
11_41_50139,2
11_41_50301,2
11_41_50325,2
11_41_50351,2
11_41_50363,2
11_41_50376,2
11_41_50384,2
11_41_50404,2
11_41_50419,2
11_41_50442,2
11_41_50454,2
11_41_50482,2
11_41_50522,2
11_41_50536,2
11_41_50645,2
11_41_50682,2
11_41_50799,2
11_41_50843,2
11_41_60307,2
11_41_60323,2
11_41_60337,2
11_41_60385,2
11_41_60398,2
11_41_60425,2
11_41_60431,2
11_41_60432,2
11_41_60441,2
11_41_60452,2
11_41_60461,1
11_41_60476,2
11_41_60478,2
11_41_60493,2
11_41_60504,2
11_41_60508,2
11_41_60529,2
11_41_60564,2
11_41_60589,2
11_41_70216,2
11_41_70264,2
11_41_70447,2
11_41_70458,3
11_41_70719,4
11_41_70965,5
11_41_150324,5
11_41_150702,5
11_41_150739,5
11_41_150749,5
11_41_150759,5
11_41_160600,5
11_41_160624,1
11_41_170582,1
11_41_181302,5
11_41_181323,5
11_41_181326,5
11_41_190111,5
11_41_190135,5
11_41_190138,5
11_41_190383,5
11_41_261500,5
11_41_280406,1
11_41_281368,1
11_41_291348,5
11_41_291356,5
11_41_380653,5
11_41_380694,5
11_41_380735,5
11_41_380739,5
11_41_380753,5
11_41_380754,5
11_41_380762,5
11_41_380763,5
11_41_380770,5
11_41_380778,5
11_41_380784,5
11_41_380793,5
11_41_380794,5
11_41_380799,5
11_41_380803,5
11_41_380814,5
11_41_380815,5
11_41_380817,5
11_41_380830,5
11_41_380835,5
11_41_380838,5
11_41_380848,5
11_41_380855,5
11_41_380863,5
11_41_380866,2
11_41_380868,5
11_41_380873,5
11_41_380889,5
11_41_380891,5
11_41_380918,5
11_41_380935,5
11_41_380938,5
11_41_380944,5
11_41_380945,5
11_41_380953,5
11_41_391565,1
11_41_391592,3
11_41_392030,1
11_41_401378,5
11_41_401483,5
11_41_401499,5
11_41_401501,5
11_41_401503,5
11_41_401504,5
11_41_401508,5
11_41_401512,5
11_41_401517,5
11_41_401521,5
11_41_401522,5
11_41_401525,5
11_41_401542,5
11_41_401552,5
11_41_401555,5
11_41_401565,5
11_41_401572,5
11_41_401577,5
11_41_401582,5
11_41_401588,5
11_41_401594,5
11_41_401596,5
11_41_401599,5
11_41_401602,5
11_41_401607,5
11_41_401615,5
11_41_401624,5
11_41_401627,5
11_41_401628,5
11_41_401629,5
11_41_401630,5
11_41_401631,5
11_41_401633,5
11_41_401634,5
11_41_401636,5
11_41_401639,5
11_41_401641,5
11_41_401642,5
11_41_401665,5
11_41_401667,5
11_41_401668,5
11_41_401670,5
11_41_401672,5
11_41_401673,5
11_41_401680,5
11_41_401682,5
11_41_401686,5
11_41_401688,5
11_41_401690,5
11_41_401712,5
11_41_401713,5
11_41_401716,5
11_41_401730,5
11_41_401731,5
11_41_401732,5
11_41_401735,5
11_41_401740,5
11_41_401742,5
11_41_401744,5
11_41_401759,5
11_41_401760,5
11_41_401768,5
11_41_401769,5
11_41_401780,5
11_41_401788,5
11_41_401789,5
11_41_401791,5
11_41_401796,5
11_41_401797,5
11_41_401804,5
11_41_401821,5
11_41_401824,5
11_41_401837,5
11_41_401844,5
11_41_401857,5
11_41_401858,5
11_41_401860,5
11_41_401872,5
11_41_401887,1
11_41_401889,5
11_41_401920,5
11_41_401927,5
11_41_401942,5
11_41_401943,5
11_41_401945,5
11_41_401977,5
11_41_401986,5
11_41_401987,5
11_41_401991,5
11_41_401994,5
11_41_401999,5
11_41_402004,5
11_41_402020,5
11_41_402044,5
11_41_402053,5
11_41_402100,5
11_41_402108,5
11_41_402137,5
11_41_490688,5
11_41_490758,5
11_41_490798,5
11_41_490801,5
11_41_490818,5
11_41_490902,5
11_41_511195,4
11_42_921089,5
11_42_941321,4
11_42_950933,4
11_42_960513,5
11_42_960868,5
11_42_1030871,4
11_42_1031370,4
11_42_1040416,5
11_42_1050639,3
11_42_1051078,3
11_42_1051285,1
11_42_1061040,5
11_42_1061122,5
11_42_1070351,3
11_42_1150266,4
11_42_1150633,5
11_42_1150636,5
11_42_1150641,5
11_42_1150665,5
11_42_1150705,5
11_42_1150706,5
11_42_1150707,5
11_42_1150716,5
11_42_1150720,5
11_42_1150752,5
11_42_1150760,5
11_42_1150768,5
11_42_1150785,5
11_42_1150799,5
11_42_1150814,5
11_42_1150817,5
11_42_1150827,5
11_42_1150842,5
11_42_1150844,5
11_42_1150848,5
11_42_1150872,5
11_42_1150875,5
11_42_1150922,5
11_42_1150947,5
11_42_1151743,5
11_42_1160756,1
11_42_1161427,3
11_42_1161493,3
11_42_1161504,3
11_42_1171449,5
11_42_1171477,5
11_42_1171515,5
11_42_1171519,5
11_42_1171559,5
11_42_1171560,5
11_42_1171582,5
11_42_1171600,5
11_42_1171610,5
11_42_1171622,5
11_42_1171639,5
11_42_1171640,5
11_42_1171641,5
11_42_1171649,5
11_42_1171654,5
11_42_1171655,5
11_42_1171671,5
11_42_1171672,5
11_42_1171677,5
11_42_1171680,5
11_42_1171685,5
11_42_1171692,5
11_42_1171695,5
11_42_1171697,5
11_42_1171701,5
11_42_1171702,5
11_42_1171709,5
11_42_1171723,5
11_42_1171729,5
11_42_1171730,5
11_42_1171736,5
11_42_1171737,5
11_42_1171757,5
11_42_1171760,5
11_42_1171763,5
11_42_1171767,5
11_42_1171778,5
11_42_1171781,2
11_42_1171783,5
11_42_1171792,5
11_42_1171796,5
11_42_1171826,5
11_42_1171827,5
11_42_1171830,5
11_42_1171832,5
11_42_1171836,5
11_42_1171840,5
11_42_1171846,5
11_42_1171863,5
11_42_1171865,4
11_42_1171872,5
11_42_1171873,5
11_42_1171880,5
11_42_1171889,5
11_42_1171895,5
11_42_1171902,5
11_42_1171907,5
11_42_1171931,5
11_42_1171953,5
11_42_1171959,5
11_42_1171961,5
11_42_1171968,5
11_42_1171985,5
11_42_1171989,5
11_42_1172011,5
11_42_1172013,5
11_42_1172071,5
11_42_1172110,5
11_42_1172361,4
11_42_1191448,4
11_42_1251360,5
11_42_1260858,5
11_42_1281089,5
11_42_1281152,5
11_42_1281377,5
11_43_1580262,5
11_43_1580551,2
11_43_1590102,2
11_43_1590452,2
11_43_1590457,2
11_43_1590484,2
11_43_1590490,5
11_43_1590500,2
11_43_1590572,2
11_43_1590594,2
11_43_1590725,2
11_43_1590787,2
11_43_1600197,4
11_43_1600339,2
11_43_1600353,2
11_43_1600373,2
11_43_1600378,2
11_43_1600394,2
11_43_1600400,2
11_43_1600414,2
11_43_1600430,2
11_43_1600468,2
11_43_1600480,2
11_43_1600490,2
11_43_1600494,2
11_43_1600502,2
11_43_1600506,2
11_43_1600509,2
11_43_1600512,1
11_43_1600516,2
11_43_1600532,2
11_43_1600541,2
11_43_1600542,2
11_43_1600544,2
11_43_1600551,2
11_43_1600567,2
11_43_1600571,2
11_43_1600572,2
11_43_1600596,2
11_43_1600597,2
11_43_1600599,2
11_43_1600605,2
11_43_1600638,2
11_43_1600657,2
11_43_1600712,2
11_43_1600836,2
11_43_1600855,2
11_43_1601155,2
11_43_1610253,2
11_43_1610304,2
11_43_1610355,2
11_43_1610433,5
11_43_1620269,5
11_43_1691448,5
11_43_1691529,5
11_43_1700702,2
11_43_1700705,2
11_43_1700785,2
11_43_1700976,4
11_43_1710584,2
11_43_1710586,2
11_43_1720358,4
11_43_1721224,4
11_43_1730285,5
11_43_1730466,5
11_43_1730501,5
11_43_1730502,5
11_43_1810147,5
11_43_1810338,5
11_43_1810374,5
11_43_1820742,3
11_43_1820950,3
11_43_1821045,3
11_43_1821102,2
11_43_1821551,1
11_43_1821601,1
11_43_1821630,1
11_43_1830885,5
11_43_1831050,5
11_43_1831072,5
11_43_1920770,5
11_43_1920803,5
11_43_1920828,5
11_43_1920851,5
11_43_1920873,5
11_43_1920878,5
11_43_1920923,5
11_43_1920947,5
11_43_1920959,5
11_43_1920985,5
11_43_1920989,5
11_43_1921038,5
11_43_1921101,5
11_43_1921106,5
11_43_1921118,5
11_43_1931309,3
11_43_1931658,3
11_43_1941509,5
11_43_1941511,5
11_43_1941531,5
11_43_1941535,5
11_43_1941555,5
11_43_1941564,5
11_43_1941571,5
11_43_1941572,5
11_43_1941587,5
11_43_1941590,5
11_43_1941591,5
11_43_1941593,5
11_43_1941598,5
11_43_1941603,5
11_43_1941608,5
11_43_1941622,5
11_43_1941630,5
11_43_1941634,5
11_43_1941637,5
11_43_1941642,5
11_43_1941643,5
11_43_1941644,5
11_43_1941646,5
11_43_1941650,5
11_43_1941651,5
11_43_1941663,5
11_43_1941664,5
11_43_1941677,5
11_43_1941680,5
11_43_1941681,5
11_43_1941690,5
11_43_1941696,5
11_43_1941700,5
11_43_1941702,5
11_43_1941704,5
11_43_1941705,5
11_43_1941706,5
11_43_1941708,5
11_43_1941715,5
11_43_1941719,5
11_43_1941730,5
11_43_1941733,5
11_43_1941734,5
11_43_1941747,5
11_43_1941753,5
11_43_1941754,5
11_43_1941760,5
11_43_1941765,5
11_43_1941769,5
11_43_1941777,5
11_43_1941784,5
11_43_1941785,5
11_43_1941797,5
11_43_1941811,5
11_43_1941815,5
11_43_1941823,5
11_43_1941826,5
11_43_1941829,5
11_43_1941833,5
11_43_1941844,5
11_43_1941846,5
11_43_1941847,5
11_43_1941858,5
11_43_1941863,5
11_43_1941875,5
11_43_1941886,5
11_43_1941888,5
11_43_1941892,5
11_43_1941893,5
11_43_1941897,5
11_43_1941906,5
11_43_1941909,5
11_43_1941911,5
11_43_1941940,5
11_43_1941946,5
11_43_1941962,5
11_43_1942047,5
11_43_1942172,4
11_43_1942183,5
11_43_2261957,4
11_44_2360239,2
11_44_2360265,2
11_44_2360268,2
11_44_2360290,2
11_44_2360302,2
11_44_2360339,2
11_44_2360347,2
11_44_2360349,2
11_44_2360363,2
11_44_2360380,2
11_44_2360487,2
11_44_2360524,2
11_44_2360537,2
11_44_2360717,2
11_44_2360722,2
11_44_2360752,2
11_44_2370140,2
11_44_2370281,2
11_44_2370292,2
11_44_2370304,2
11_44_2370323,2
11_44_2370332,2
11_44_2370336,2
11_44_2370341,2
11_44_2370369,2
11_44_2370373,2
11_44_2370396,2
11_44_2370401,2
11_44_2370409,2
11_44_2370421,2
11_44_2370429,2
11_44_2370457,2
11_44_2370463,2
11_44_2380242,1
11_44_2380271,2
11_44_2380305,2
11_44_2380707,5
11_44_2470537,4
11_44_2470700,4
11_44_2480537,2
11_44_2480545,2
11_44_2480588,2
11_44_2480589,2
11_44_2480593,2
11_44_2480596,2
11_44_2480615,2
11_44_2480637,2
11_44_2480669,2
11_44_2480673,2
11_44_2480684,3
11_44_2480728,2
11_44_2480807,4
11_44_2571137,4
11_44_2581306,4
11_44_2600697,4
11_44_2600739,5
11_44_2600757,5
11_44_2690639,5
11_44_2690662,5
11_44_2690675,5
11_44_2690702,5
11_44_2691580,3
11_44_2700860,3
11_44_2701072,3
11_44_2701082,3
11_44_2701090,3
11_44_2701134,3
11_44_2701268,3
11_44_2711035,5
11_44_2711287,5
11_44_2711330,5
11_44_2711340,5
11_44_2711362,5
11_44_2711379,5
11_44_2711383,5
11_44_2711390,5
11_44_2711416,5
11_44_2711417,5
11_44_2711420,5
11_44_2711426,5
11_44_2711428,5
11_44_2711431,5
11_44_2711445,5
11_44_2711449,5
11_44_2711455,4
11_44_2711470,5
11_44_2711471,5
11_44_2711474,5
11_44_2711481,5
11_44_2711484,5
11_44_2711485,5
11_44_2711486,5
11_44_2711494,5
11_44_2711495,5
11_44_2711503,5
11_44_2711509,5
11_44_2711517,5
11_44_2711526,5
11_44_2711536,5
11_44_2711540,5
11_44_2711557,5
11_44_2711570,5
11_44_2711571,5
11_44_2711572,5
11_44_2711574,2
11_44_2711586,5
11_44_2711592,5
11_44_2711601,5
11_44_2711611,5
11_44_2711629,5
11_44_2711638,5
11_44_2711650,5
11_44_2711656,5
11_44_2711661,5
11_44_2711666,5
11_44_2711668,5
11_44_2711684,5
11_44_2711697,5
11_44_2711699,5
11_44_2711756,5
11_44_2711761,5
11_44_2711849,5
11_44_2712211,4
11_44_2800548,5
11_44_2800566,5
11_44_2800581,5
11_44_2800583,5
11_44_2800610,5
11_44_2800613,5
11_44_2800615,5
11_44_2800626,5
11_44_2800630,5
11_44_2800643,5
11_44_2800668,5
11_44_2800692,5
11_44_2800709,5
11_44_2800716,5
11_44_2800724,5
11_44_2800739,5
11_44_2800743,5
11_44_2820655,5
11_44_2820671,5
11_44_2820692,5
11_44_2820695,5
11_44_2820702,5
11_44_2820705,5
11_44_2820712,5
11_44_2820713,5
11_44_2820756,5
11_44_2820761,5
11_44_2820770,5
11_44_2821077,5
11_44_3011143,1
5_17_40806,2
5_17_40823,2
5_17_40893,2
5_17_50047,2
5_17_50119,2
5_17_50140,2
5_17_50151,2
5_17_50175,2
5_17_50183,2
5_17_50204,2
5_17_50216,2
5_17_50219,2
5_17_50223,2
5_17_50269,2
5_17_50276,2
5_17_50285,2
5_17_50301,2
5_17_50312,1
5_17_50367,2
5_17_50941,2
5_17_110314,5
5_17_110332,4
5_17_110393,5
5_17_110448,4
5_17_111286,5
5_17_111390,5
5_17_111402,5
5_17_111761,2
5_17_111774,2
5_17_121502,2
5_17_121514,2
5_17_130257,2
5_17_130314,2
5_17_130370,2
5_17_130386,2
5_17_130411,2
5_17_130427,2
5_17_130454,2
5_17_130536,2
5_17_130590,2
5_17_130712,2
5_17_140842,2
5_17_140978,5
5_17_141259,5
5_17_141825,4
5_17_150483,5
5_17_190158,4
5_17_190490,5
5_17_190494,5
5_17_190502,5
5_17_200332,1
5_17_200511,3
5_17_200563,3
5_17_210218,3
5_17_210230,3
5_17_210270,3
5_17_210292,3
5_17_210312,3
5_17_210322,1
5_17_210378,3
5_17_210382,1
5_17_210399,3
5_17_210681,1
5_17_210714,1
5_17_210726,4
5_17_220578,5
5_17_220635,5
5_17_220709,5
5_17_220998,5
5_17_221154,5
5_17_221262,5
5_17_221284,5
5_17_270915,5
5_17_271235,5
5_17_280190,5
5_17_281694,3
5_17_281740,3
5_17_281755,3
5_17_281914,3
5_17_281948,3
5_17_281960,3
5_17_281966,3
5_17_281974,3
5_17_281975,3
5_17_281977,3
5_17_281985,3
5_17_281993,3
5_17_290132,3
5_17_290311,3
5_17_290347,3
5_17_290355,3
5_17_290367,3
5_17_290378,3
5_17_290381,3
5_17_290386,3
5_17_290389,1
5_17_290393,1
5_17_290395,3
5_17_290400,3
5_17_290403,3
5_17_290404,3
5_17_290413,2
5_17_290416,1
5_17_290418,3
5_17_290420,1
5_17_290427,3
5_17_290437,1
5_17_290451,1
5_17_290456,3
5_17_290457,3
5_17_290461,3
5_17_290462,2
5_17_290464,3
5_17_290465,3
5_17_290467,3
5_17_290470,3
5_17_290473,3
5_17_290477,3
5_17_290479,3
5_17_290487,3
5_17_290488,3
5_17_290500,3
5_17_290501,3
5_17_290509,1
5_17_290516,3
5_17_290525,3
5_17_290544,3
5_17_290557,3
5_17_291680,1
5_17_291821,1
5_17_291851,3
5_17_292120,3
5_17_300368,5
5_17_300381,5
5_17_300434,3
5_17_300668,4
5_17_300784,5
5_17_300821,5
5_17_300877,5
5_17_300882,5
5_17_300934,5
5_17_301029,5
5_17_301814,2
5_17_351780,1
5_17_352041,1
5_17_352078,2
5_17_352107,3
5_17_352110,5
5_17_352142,5
5_17_360244,2
5_17_360273,1
5_17_360450,5
5_17_360739,5
5_17_360745,2
5_17_360869,5
5_17_360886,5
5_17_360910,5
5_17_360936,5
5_17_361062,5
5_17_361064,5
5_17_361096,5
5_17_361167,2
5_17_361197,3
5_17_361357,1
5_17_361573,3
5_17_361682,1
5_17_362230,3
5_17_362287,3
5_17_362304,3
5_17_362309,6
5_17_362310,6
5_17_362312,3
5_17_362315,6
5_17_362316,6
5_17_362318,3
5_17_362319,3
5_17_362323,6
5_17_362326,6
5_17_362328,6
5_17_362329,6
5_17_362330,6
5_17_362331,6
5_17_362334,3
5_17_362335,6
5_17_362338,6
5_17_362343,3
5_17_362344,6
5_17_362345,6
5_17_362351,6
5_17_362353,6
5_17_362356,6
5_17_362357,6
5_17_362358,6
5_17_362359,6
5_17_362363,6
5_17_362366,6
5_17_362367,3
5_17_362371,6
5_17_362376,6
5_17_362377,6
5_17_362379,6
5_17_362380,6
5_17_362381,3
5_17_362383,3
5_17_362385,6
5_17_362391,6
5_17_362394,6
5_17_362398,6
5_17_362399,6
5_17_362401,6
5_17_362402,6
5_17_362405,6
5_17_362407,2
5_17_362409,6
5_17_362411,2
5_17_362412,3
5_17_370185,3
5_17_370193,3
5_17_370199,3
5_17_370210,6
5_17_370211,6
5_17_370214,3
5_17_370223,6
5_17_370229,6
5_17_370232,6
5_17_370240,6
5_17_370242,6
5_17_370248,3
5_17_370254,6
5_17_370257,6
5_17_370259,3
5_17_370264,6
5_17_370269,6
5_17_370278,6
5_17_370284,6
5_17_370287,3
5_17_370288,6
5_17_370289,2
5_17_370290,2
5_17_370291,2
5_17_370292,3
5_17_370294,3
5_17_370295,1
5_17_370298,2
5_17_370301,1
5_17_370304,3
5_17_370307,2
5_17_370311,3
5_17_370312,6
5_17_370313,2
5_17_370317,6
5_17_370319,2
5_17_370323,6
5_17_370325,1
5_17_370331,6
5_17_370332,2
5_17_370333,6
5_17_370334,6
5_17_370337,6
5_17_370338,6
5_17_370339,3
5_17_370340,6
5_17_370341,3
5_17_370342,3
5_17_370343,6
5_17_370349,6
5_17_370351,3
5_17_370354,1
5_17_370358,6
5_17_370359,3
5_17_370362,6
5_17_370363,6
5_17_370367,6
5_17_370370,6
5_17_370372,6
5_17_370377,6
5_17_370379,6
5_17_370380,6
5_17_370381,6
5_17_370382,6
5_17_370384,6
5_17_370385,3
5_17_370386,6
5_17_370391,6
5_17_370392,6
5_17_370395,6
5_17_370397,2
5_17_370398,6
5_17_370403,2
5_17_370405,6
5_17_370406,6
5_17_370412,3
5_17_370413,6
5_17_370414,1
5_17_370417,3
5_17_370419,6
5_17_370429,2
5_17_370433,6
5_17_370454,3
5_17_370731,3
5_17_370890,2
5_17_370898,3
5_17_370908,3
5_17_370957,1
5_17_370960,3
5_17_371025,3
5_17_371051,3
5_17_371073,3
5_17_371108,3
5_17_371195,3
5_17_371211,1
5_17_371503,1
5_17_371533,2
5_17_371540,3
5_17_371551,2
5_17_371575,1
5_17_371675,5
5_17_371700,2
5_17_371720,5
5_17_371774,5
5_17_371777,5
5_17_372122,5
5_17_372174,5
5_17_372179,5
5_17_380387,5
5_17_450854,3
5_17_451202,3
5_18_680442,2
5_18_680483,2
5_18_680489,2
5_18_680961,2
5_18_690230,2
5_18_690289,2
5_18_690368,2
5_18_690369,2
5_18_690370,2
5_18_690372,2
5_18_690374,2
5_18_690385,2
5_18_690423,2
5_18_690436,2
5_18_690448,2
5_18_690460,2
5_18_690466,2
5_18_690475,1
5_18_690476,2
5_18_690545,3
5_18_690852,4
5_18_750657,5
5_18_750665,5
5_18_750697,5
5_18_750723,5
5_18_751336,5
5_18_751365,5
5_18_751443,5
5_18_751464,5
5_18_751479,5
5_18_751481,5
5_18_751488,1
5_18_751514,5
5_18_770383,2
5_18_770506,2
5_18_770509,2
5_18_770523,2
5_18_770571,2
5_18_770588,2
5_18_770615,2
5_18_770701,2
5_18_770718,2
5_18_770733,2
5_18_770734,1
5_18_770765,2
5_18_770794,2
5_18_770826,2
5_18_770845,2
5_18_770848,2
5_18_770862,2
5_18_770867,2
5_18_770872,2
5_18_770899,2
5_18_770900,2
5_18_781377,1
5_18_781391,1
5_18_781420,1
5_18_781469,5
5_18_790438,5
5_18_790439,5
5_18_831298,5
5_18_831299,5
5_18_831314,5
5_18_831324,5
5_18_831348,5
5_18_841608,3
5_18_841666,3
5_18_841668,1
5_18_850284,3
5_18_850288,1
5_18_850293,1
5_18_850300,3
5_18_850313,3
5_18_850317,3
5_18_850335,1
5_18_850360,1
5_18_850386,3
5_18_850388,3
5_18_850452,3
5_18_850459,3
5_18_850463,3
5_18_850466,2
5_18_850476,3
5_18_850585,1
5_18_850687,1
5_18_860620,5
5_18_860913,5
5_18_860932,5
5_18_861116,5
5_18_861261,5
5_18_861375,5
5_18_861399,5
5_18_911483,5
5_18_911497,5
5_18_911535,5
5_18_911676,5
5_18_911745,5
5_18_911837,5
5_18_911850,5
5_18_911991,5
5_18_920292,5
5_18_920671,3
5_18_920994,1
5_18_921438,3
5_18_921475,3
5_18_921523,4
5_18_921934,1
5_18_922081,3
5_18_922193,1
5_18_922199,3
5_18_922214,3
5_18_922218,3
5_18_922219,2
5_18_922223,3
5_18_922230,3
5_18_922237,3
5_18_922239,3
5_18_922248,3
5_18_922253,3
5_18_922254,3
5_18_922258,3
5_18_922262,3
5_18_922264,6
5_18_922265,6
5_18_922266,3
5_18_922275,3
5_18_922276,2
5_18_922277,3
5_18_922279,6
5_18_922286,3
5_18_922293,3
5_18_922301,1
5_18_922304,3
5_18_922308,3
5_18_922309,3
5_18_922310,1
5_18_922311,2
5_18_922312,3
5_18_922315,3
5_18_922319,2
5_18_922323,3
5_18_922326,3
5_18_922330,3
5_18_930211,1
5_18_930212,3
5_18_930227,3
5_18_930253,3
5_18_930265,3
5_18_930270,3
5_18_930272,3
5_18_930276,6
5_18_930278,3
5_18_930281,3
5_18_930290,2
5_18_930291,3
5_18_930292,3
5_18_930302,3
5_18_930312,3
5_18_930320,1
5_18_930328,1
5_18_930330,3
5_18_930345,3
5_18_930347,3
5_18_930366,3
5_18_930375,3
5_18_930402,3
5_18_930414,3
5_18_930429,3
5_18_930433,3
5_18_930434,3
5_18_930560,3
5_18_931022,1
5_18_931037,1
5_18_940654,5
5_18_940823,5
5_18_941304,2
5_18_990982,5
5_18_991953,5
5_18_992148,5
5_18_1000302,5
5_18_1000529,5
5_18_1000541,5
5_18_1000576,5
5_18_1000669,5
5_18_1000788,5
5_18_1000843,1
5_18_1001025,2
5_18_1001123,1
5_18_1001419,3
5_18_1001511,1
5_18_1001671,1
5_18_1001746,3
5_18_1002118,3
5_18_1002226,1
5_18_1002229,3
5_18_1002230,6
5_18_1002239,3
5_18_1002240,6
5_18_1002242,3
5_18_1002246,6
5_18_1002249,6
5_18_1002262,6
5_18_1002267,6
5_18_1002271,6
5_18_1002274,6
5_18_1002277,6
5_18_1002283,6
5_18_1002287,6
5_18_1002288,6
5_18_1002299,6
5_18_1002302,6
5_18_1002303,6
5_18_1002307,6
5_18_1002312,6
5_18_1002313,6
5_18_1002314,6
5_18_1002317,6
5_18_1002328,6
5_18_1002329,6
5_18_1002332,6
5_18_1002334,6
5_18_1002335,6
5_18_1002338,6
5_18_1002340,6
5_18_1002344,6
5_18_1002347,3
5_18_1002355,6
5_18_1002356,3
5_18_1002357,6
5_18_1002367,6
5_18_1002376,6
5_18_1002378,6
5_18_1002385,3
5_18_1002386,3
5_18_1002387,3
5_18_1002388,2
5_18_1002389,1
5_18_1002390,6
5_18_1002392,6
5_18_1002399,2
5_18_1002401,6
5_18_1002403,3
5_18_1002406,6
5_18_1002412,6
5_18_1002414,1
5_18_1002420,6
5_18_1002421,6
5_18_1002423,6
5_18_1002424,6
5_18_1002425,6
5_18_1002427,6
5_18_1002429,3
5_18_1002430,6
5_18_1002431,3
5_18_1002432,3
5_18_1002433,3
5_18_1002435,6
5_18_1002436,3
5_18_1002437,6
5_18_1002438,6
5_18_1002440,3
5_18_1002441,6
5_18_1002442,6
5_18_1002446,3
5_18_1002447,3
5_18_1002450,2
5_18_1002451,6
5_18_1002452,6
5_18_1002454,6
5_18_1002457,6
5_18_1002459,6
5_18_1002460,6
5_18_1002463,6
5_18_1002464,1
5_18_1002465,6
5_18_1002466,6
5_18_1002467,3
5_18_1002471,3
5_18_1002474,3
5_18_1002477,6
5_18_1002481,6
5_18_1002484,6
5_18_1002485,1
5_18_1002488,3
5_18_1002490,2
5_18_1002494,6
5_18_1002496,6
5_18_1002502,2
5_18_1002511,6
5_18_1002512,3
5_18_1002513,6
5_18_1002519,1
5_18_1002531,3
5_18_1010105,6
5_18_1010106,3
5_18_1010120,6
5_18_1010134,3
5_18_1010137,3
5_18_1010160,6
5_18_1010177,6
5_18_1010182,6
5_18_1010185,6
5_18_1010187,6
5_18_1010192,6
5_18_1010193,3
5_18_1010197,3
5_18_1010198,6
5_18_1010202,6
5_18_1010203,6
5_18_1010204,6
5_18_1010212,3
5_18_1010215,6
5_18_1010220,3
5_18_1010224,6
5_18_1010226,6
5_18_1010238,6
5_18_1010243,3
5_18_1010250,6
5_18_1010255,6
5_18_1010256,6
5_18_1010265,6
5_18_1010278,6
5_18_1010286,6
5_18_1010293,3
5_18_1010311,3
5_18_1010774,3
5_18_1010837,3
5_18_1011286,3
5_18_1011347,3
5_18_1011373,3
5_18_1011401,3
5_18_1011671,5
5_18_1011723,5
5_18_1011851,5
5_18_1011899,2
5_18_1012022,5
5_18_1012128,5
5_18_1012155,5
5_18_1012188,5
5_18_1012298,5
5_18_1012301,5
5_18_1012307,5
5_18_1012356,5
5_18_1020180,5
5_18_1021341,5
5_18_1081054,4
5_18_1090915,3
5_19_1320359,4
5_19_1320373,2
5_19_1320381,2
5_19_1320387,2
5_19_1320388,2
5_19_1320395,3
5_19_1320397,1
5_19_1330067,2
5_19_1400657,5
5_19_1401034,2
5_19_1401055,2
5_19_1401161,4
5_19_1401373,2
5_19_1410333,2
5_19_1410350,1
5_19_1411185,2
5_19_1411197,2
5_19_1411295,2
5_19_1411339,2
5_19_1411342,2
5_19_1411349,2
5_19_1411352,2
5_19_1411354,2
5_19_1411356,2
5_19_1411357,1
5_19_1411359,2
5_19_1411363,3
5_19_1411378,2
5_19_1411382,2
5_19_1411385,2
5_19_1411387,2
5_19_1411406,2
5_19_1411412,2
5_19_1411423,2
5_19_1411429,2
5_19_1411431,2
5_19_1411433,2
5_19_1411437,2
5_19_1420030,2
5_19_1420032,2
5_19_1420039,3
5_19_1420068,2
5_19_1420084,2
5_19_1420114,2
5_19_1420118,2
5_19_1420157,2
5_19_1420159,2
5_19_1420167,2
5_19_1420231,2
5_19_1420358,2
5_19_1430639,2
5_19_1430943,5
5_19_1430972,5
5_19_1431179,1
5_19_1431185,5
5_19_1431263,5
5_19_1431273,5
5_19_1431399,5
5_19_1431426,5
5_19_1431555,5
5_19_1431917,5
5_19_1440257,5
5_19_1440282,5
5_19_1440328,5
5_19_1491135,5
5_19_1491265,4
5_19_1491345,5
5_19_1491367,5
5_19_1491369,5
5_19_1491406,5
5_19_1491407,4
5_19_1491429,5
5_19_1491431,5
5_19_1491504,2
5_19_1491547,5
5_19_1500329,5
5_19_1510153,1
5_19_1510251,3
5_19_1510258,3
5_19_1510286,3
5_19_1510295,1
5_19_1510351,3
5_19_1510357,1
5_19_1510366,3
5_19_1510371,3
5_19_1510375,1
5_19_1510399,3
5_19_1510401,3
5_19_1510415,3
5_19_1510428,3
5_19_1510465,1
5_19_1521099,5
5_19_1521117,2
5_19_1521167,5
5_19_1521287,5
5_19_1521315,5
5_19_1530187,4
5_19_1530613,4
5_19_1530894,5
5_19_1590312,5
5_19_1590342,5
5_19_1590377,5
5_19_1590427,5
5_19_1590435,5
5_19_1590526,5
5_19_1590533,5
5_19_1590570,5
5_19_1590674,5
5_19_1590860,5
5_19_1590900,4
5_19_1590962,5
5_19_1591357,1
5_19_1591782,1
5_19_1600185,1
5_19_1600388,1
5_19_1600486,1
5_19_1600542,1
5_19_1600641,1
5_19_1601059,1
5_19_1601078,3
5_19_1601079,3
5_19_1601109,3
5_19_1601116,3
5_19_1601180,3
5_19_1601204,1
5_19_1601258,3
5_19_1601291,3
5_19_1601310,1
5_19_1601318,3
5_19_1601336,3
5_19_1601340,3
5_19_1601342,3
5_19_1601400,3
5_19_1601404,3
5_19_1601424,3
5_19_1601426,3
5_19_1601428,3
5_19_1601432,3
5_19_1601434,3
5_19_1601437,3
5_19_1601441,3
5_19_1601464,3
5_19_1601472,3
5_19_1601477,3
5_19_1601486,3
5_19_1601487,3
5_19_1601501,1
5_19_1601519,3
5_19_1601528,3
5_19_1601539,3
5_19_1601565,3
5_19_1601578,3
5_19_1601588,3
5_19_1601624,1
5_19_1601662,3
5_19_1601680,3
5_19_1602078,1
5_19_1602518,1
5_19_1610438,1
5_19_1610734,1
5_19_1610968,3
5_19_1611723,5
5_19_1611783,1
5_19_1611813,2
5_19_1611900,5
5_19_1611913,5
5_19_1611927,2
5_19_1611931,4
5_19_1611984,5
5_19_1612025,5
5_19_1612090,5
5_19_1620649,5
5_19_1620808,4
5_19_1672269,5
5_19_1680442,5
5_19_1680623,1
5_19_1681275,5
5_19_1681286,5
5_19_1681644,5
5_19_1681710,5
5_19_1681847,5
5_19_1682108,5
5_19_1682189,2
5_19_1682319,5
5_19_1682348,5
5_19_1682396,5
5_19_1682423,5
5_19_1682442,5
5_19_1682443,5
5_19_1682500,5
5_19_1690333,5
5_19_1690367,5
5_19_1690539,3
5_19_1691178,3
5_19_1691234,3
5_19_1691758,3
5_19_1691785,3
5_19_1691804,1
5_19_1691814,3
5_19_1691818,6
5_19_1691829,2
5_19_1691847,6
5_19_1691849,6
5_19_1691866,2
5_19_1691869,6
5_19_1691870,6
5_19_1691873,6
5_19_1691877,6
5_19_1691880,6
5_19_1691883,6
5_19_1691887,6
5_19_1691889,6
5_19_1691895,6
5_19_1691898,6
5_19_1691900,6
5_19_1691903,3
5_19_1691904,6
5_19_1691906,6
5_19_1691912,6
5_19_1691913,6
5_19_1691914,6
5_19_1691915,3
5_19_1691917,6
5_19_1691921,3
5_19_1691923,3
5_19_1691924,6
5_19_1691925,6
5_19_1691927,6
5_19_1691930,6
5_19_1691933,3
5_19_1691934,6
5_19_1691945,6
5_19_1691949,6
5_19_1691951,3
5_19_1691953,6
5_19_1691954,6
5_19_1691956,6
5_19_1691957,6
5_19_1691959,1
5_19_1691968,2
5_19_1691972,3
5_19_1691973,6
5_19_1691974,2
5_19_1691975,6
5_19_1691976,6
5_19_1691978,1
5_19_1691980,2
5_19_1691982,6
5_19_1691997,6
5_19_1691998,3
5_19_1691999,6
5_19_1692002,6
5_19_1692003,6
5_19_1692006,6
5_19_1692012,6
5_19_1692015,2
5_19_1692019,6
5_19_1692022,6
5_19_1692026,6
5_19_1692028,6
5_19_1692033,1
5_19_1692041,6
5_19_1692044,6
5_19_1692048,6
5_19_1692050,2
5_19_1692052,6
5_19_1692055,6
5_19_1692056,6
5_19_1692064,6
5_19_1692065,1
5_19_1692067,6
5_19_1692069,6
5_19_1692074,6
5_19_1692077,6
5_19_1692083,6
5_19_1692084,6
5_19_1692090,6
5_19_1692093,6
5_19_1692102,6
5_19_1692104,6
5_19_1692110,6
5_19_1692120,6
5_19_1692121,6
5_19_1692128,1
5_19_1692130,6
5_19_1692136,6
5_19_1692142,6
5_19_1692192,1
5_19_1692248,3
5_19_1692412,1
5_19_1692479,3
5_19_1700428,3
5_19_1700448,3
5_19_1701050,1
5_19_1701192,5
5_19_1701208,5
5_19_1701216,5
5_19_1701411,5
5_19_1701463,5
5_19_1701615,5
5_19_1701632,5
5_19_1701711,5
5_19_1701810,5
5_19_1701951,2
5_19_1701981,3
5_19_1710351,5
5_20_2030276,5
5_20_2050192,2
5_20_2050601,2
5_20_2050761,2
5_20_2050832,2
5_20_2050859,2
5_20_2050885,2
5_20_2050920,2
5_20_2050922,2
5_20_2050955,2
5_20_2060087,2
5_20_2060132,2
5_20_2060458,4
5_20_2060620,2
5_20_2060631,2
5_20_2070036,2
5_20_2070048,2
5_20_2121703,5
5_20_2130102,5
5_20_2130113,5
5_20_2130468,5
5_20_2130523,5
5_20_2130541,5
5_20_2130575,5
5_20_2130584,1
5_20_2130595,5
5_20_2130655,5
5_20_2141107,3
5_20_2141113,2
5_20_2141187,2
5_20_2141204,2
5_20_2141236,2
5_20_2141293,2
5_20_2141314,2
5_20_2141345,2
5_20_2141437,2
5_20_2141442,2
5_20_2150169,2
5_20_2150182,2
5_20_2150301,2
5_20_2150391,2
5_20_2150417,2
5_20_2151475,2
5_20_2160453,5
5_20_2160748,2
5_20_2161452,5
5_20_2220385,5
5_20_2220418,5
5_20_2220516,5
5_20_2220517,5
5_20_2220519,5
5_20_2220536,5
5_20_2220552,5
5_20_2220832,3
5_20_2220842,3
5_20_2230768,3
5_20_2230819,3
5_20_2230844,3
5_20_2230852,3
5_20_2230864,3
5_20_2230886,1
5_20_2230899,1
5_20_2230934,1
5_20_2230987,3
5_20_2230992,3
5_20_2231000,3
5_20_2231004,1
5_20_2231024,3
5_20_2231049,3
5_20_2231053,3
5_20_2231062,3
5_20_2231068,3
5_20_2231080,3
5_20_2231141,1
5_20_2241327,5
5_20_2250364,5
5_20_2250629,5
5_20_2250717,5
5_20_2251181,5
5_20_2251276,4
5_20_2251360,5
5_20_2301479,5
5_20_2310359,5
5_20_2310365,5
5_20_2310576,5
5_20_2310603,5
5_20_2310659,5
5_20_2310695,5
5_20_2310717,5
5_20_2310842,5
5_20_2310856,5
5_20_2310869,5
5_20_2310882,5
5_20_2311004,5
5_20_2311028,5
5_20_2311163,5
5_20_2311180,5
5_20_2311211,5
5_20_2311319,5
5_20_2311333,3
5_20_2320950,3
5_20_2320993,3
5_20_2321014,3
5_20_2321017,6
5_20_2321036,1
5_20_2321067,3
5_20_2321078,3
5_20_2321088,6
5_20_2321089,3
5_20_2321109,2
5_20_2321115,3
5_20_2321121,3
5_20_2321122,3
5_20_2321123,3
5_20_2321129,1
5_20_2321138,1
5_20_2321144,3
5_20_2321149,1
5_20_2321150,3
5_20_2321160,3
5_20_2321162,1
5_20_2321163,3
5_20_2321168,2
5_20_2321177,1
5_20_2321194,3
5_20_2321220,3
5_20_2321225,3
5_20_2321244,3
5_20_2321262,1
5_20_2321268,3
5_20_2321272,3
5_20_2321296,1
5_20_2321316,3
5_20_2321334,3
5_20_2321442,1
5_20_2321894,1
5_20_2321913,1
5_20_2322058,3
5_20_2331247,5
5_20_2331319,5
5_20_2331338,5
5_20_2331363,5
5_20_2331382,5
5_20_2331388,5
5_20_2331405,5
5_20_2331415,5
5_20_2331428,5
5_20_2331430,5
5_20_2331436,5
5_20_2331456,5
5_20_2331467,5
5_20_2331469,5
5_20_2331505,5
5_20_2331510,5
5_20_2340480,5
5_20_2340508,5
5_20_2340519,5
5_20_2400860,5
5_20_2400888,5
5_20_2401081,5
5_20_2401166,5
5_20_2401208,3
5_20_2401242,5
5_20_2401294,5
5_20_2401297,5
5_20_2401415,5
5_20_2401427,5
5_20_2401450,5
5_20_2401715,3
5_20_2401770,3
5_20_2401835,3
5_20_2410591,6
5_20_2410606,3
5_20_2410629,6
5_20_2410637,3
5_20_2410661,2
5_20_2410671,6
5_20_2410672,6
5_20_2410681,6
5_20_2410686,6
5_20_2410710,6
5_20_2410712,6
5_20_2410715,6
5_20_2410717,6
5_20_2410722,6
5_20_2410727,6
5_20_2410732,6
5_20_2410733,6
5_20_2410734,6
5_20_2410752,6
5_20_2410753,3
5_20_2410763,6
5_20_2410767,6
5_20_2410769,6
5_20_2410779,6
5_20_2410792,6
5_20_2410794,6
5_20_2410795,6
5_20_2410803,6
5_20_2410808,6
5_20_2410814,6
5_20_2410823,6
5_20_2410834,6
5_20_2410838,6
5_20_2410839,6
5_20_2410843,6
5_20_2410844,6
5_20_2410847,6
5_20_2410849,6
5_20_2410851,6
5_20_2410853,6
5_20_2410854,6
5_20_2410858,6
5_20_2410859,6
5_20_2410861,6
5_20_2410864,3
5_20_2410865,3
5_20_2410869,6
5_20_2410870,3
5_20_2410871,6
5_20_2410877,6
5_20_2410883,6
5_20_2410886,6
5_20_2410888,6
5_20_2410889,6
5_20_2410890,6
5_20_2410893,6
5_20_2410895,3
5_20_2410900,6
5_20_2410904,1
5_20_2410905,6
5_20_2410907,6
5_20_2410917,2
5_20_2410919,6
5_20_2410924,3
5_20_2410925,6
5_20_2410927,6
5_20_2410929,6
5_20_2410932,6
5_20_2410950,6
5_20_2410954,6
5_20_2410965,3
5_20_2410989,3
5_20_2410993,2
5_20_2411505,3
5_20_2411537,3
5_20_2411584,3
5_20_2411676,3
5_20_2412080,3
5_20_2412260,5
5_20_2420128,5
5_20_2420371,5
5_20_2420398,5
5_20_2420471,5
5_20_2420488,5
5_20_2420651,5
5_20_2420670,5
5_20_2420677,5
5_20_2420702,5
5_20_2420809,5
5_20_2420818,3
5_20_2421431,5
5_20_2421702,5
5_20_2511244,5
14_53_40300,5
14_53_40305,5
14_53_50657,2
14_53_50751,3
14_53_50764,2
14_53_50784,2
14_53_50805,2
14_53_50877,2
14_53_50893,2
14_53_50926,2
14_53_50928,2
14_53_50938,2
14_53_50939,2
14_53_50963,2
14_53_50966,2
14_53_50976,2
14_53_60296,2
14_53_60522,2
14_53_60628,1
14_53_60630,2
14_53_60654,2
14_53_60656,2
14_53_60693,2
14_53_60725,2
14_53_60726,2
14_53_60740,2
14_53_60763,2
14_53_60773,2
14_53_60780,2
14_53_60789,2
14_53_60791,2
14_53_60800,2
14_53_60802,2
14_53_60822,2
14_53_60848,2
14_53_60875,2
14_53_60915,2
14_53_60919,2
14_53_60923,2
14_53_60940,2
14_53_60946,2
14_53_60961,2
14_53_60974,2
14_53_60975,2
14_53_60986,2
14_53_60998,2
14_53_61015,2
14_53_61061,2
14_53_61115,2
14_53_61133,2
14_53_61136,2
14_53_61209,2
14_53_61320,2
14_53_61376,2
14_53_70514,1
14_53_70574,2
14_53_70623,2
14_53_70643,2
14_53_70719,2
14_53_70721,2
14_53_70747,2
14_53_70761,2
14_53_70763,5
14_53_70776,2
14_53_70796,2
14_53_70816,2
14_53_70850,2
14_53_80639,5
14_53_190862,2
14_53_190891,5
14_53_380866,5
14_53_380931,5
14_53_381033,5
14_53_401342,5
14_53_401359,5
14_53_401410,5
14_53_401465,5
14_53_401516,5
14_54_820627,2
14_54_820641,2
14_54_820650,2
14_54_820677,2
14_54_820698,2
14_54_820711,5
14_54_820717,2
14_54_820727,2
14_54_820731,5
14_54_820741,2
14_54_820746,2
14_54_820747,2
14_54_830078,5
14_54_830081,2
14_54_830189,2
14_54_830193,2
14_54_830386,2
14_54_830454,2
14_54_830493,2
14_54_830516,3
14_54_830647,2
14_54_830670,2
14_54_830678,2
14_54_830687,1
14_54_830695,2
14_54_830706,2
14_54_830709,2
14_54_830711,2
14_54_830715,2
14_54_830724,2
14_54_830727,2
14_54_830804,2
14_54_830820,2
14_54_830840,2
14_54_830845,2
14_54_830848,2
14_54_830851,2
14_54_840218,2
14_54_840343,2
14_54_840414,2
14_54_840431,2
14_54_840439,2
14_54_840463,2
14_54_840504,2
14_54_840511,2
14_54_840550,2
14_54_840619,2
14_54_840626,2
14_54_840627,2
14_54_840638,2
14_54_941021,2
14_54_941084,2
14_54_941137,2
14_54_941165,2
14_54_941183,2
14_54_941197,2
14_54_941229,2
14_54_941238,2
14_54_941317,2
14_54_941338,2
14_54_941383,3
14_54_941408,2
14_54_950102,2
14_54_950857,5
14_54_1031088,4
14_54_1061423,5
14_54_1151220,5
14_54_1151349,5
14_54_1281025,5
14_54_1281072,5
14_54_1281284,5
14_55_1690146,5
14_55_1700213,2
14_55_1700341,2
14_55_1700353,2
14_55_1700386,2
14_55_1700418,2
14_55_1700430,5
14_55_1700444,2
14_55_1700461,2
14_55_1700478,2
14_55_1700530,2
14_55_1700537,2
14_55_1700554,2
14_55_1700558,2
14_55_1700564,5
14_55_1700566,2
14_55_1700573,2
14_55_1700607,2
14_55_1700707,2
14_55_1700801,2
14_55_1700831,2
14_55_1710128,2
14_55_1710154,2
14_55_1710237,2
14_55_1710294,2
14_55_1710299,2
14_55_1710309,2
14_55_1710322,2
14_55_1710398,2
14_55_1710403,2
14_55_1710416,2
14_55_1710428,2
14_55_1710440,2
14_55_1710449,2
14_55_1710466,2
14_55_1710473,2
14_55_1710492,2
14_55_1710499,2
14_55_1710521,2
14_55_1710526,2
14_55_1710535,2
14_55_1710552,2
14_55_1710563,2
14_55_1710566,2
14_55_1710568,2
14_55_1710588,2
14_55_1710600,2
14_55_1710626,2
14_55_1710627,1
14_55_1710635,2
14_55_1710641,2
14_55_1710646,2
14_55_1710649,2
14_55_1710652,2
14_55_1710654,2
14_55_1710664,2
14_55_1710684,2
14_55_1710686,2
14_55_1710694,2
14_55_1710742,2
14_55_1710751,2
14_55_1710780,2
14_55_1710803,2
14_55_1710810,2
14_55_1710826,2
14_55_1710842,2
14_55_1710864,2
14_55_1711054,2
14_55_1720150,2
14_55_1720178,2
14_55_1720210,2
14_55_1720310,2
14_55_1720359,2
14_55_1720364,2
14_55_1720372,2
14_55_1720480,2
14_55_1720500,2
14_55_1720520,2
14_55_1720540,2
14_55_1720682,2
14_55_1720922,5
14_55_1730122,5
14_55_1810269,5
14_55_1810924,5
14_55_1810969,4
14_55_1820759,2
14_55_1820788,2
14_55_1820805,5
14_55_1820898,2
14_55_1820920,2
14_55_1820941,2
14_55_1820967,2
14_55_1931873,4
14_55_1941364,5
14_55_1941515,5
14_55_2031426,2
14_55_2031474,5
14_55_2031482,5
14_55_2050718,4
14_55_2051496,5
14_55_2051600,5
14_55_2051656,5
14_55_2051697,5
14_55_2051711,5
14_55_2051720,5
14_55_2051737,5
14_55_2051766,5
14_55_2051794,5
14_55_2051796,5
14_55_2051805,5
14_55_2052035,4
14_55_2141093,5
14_55_2160987,5
14_56_2580233,2
14_56_2580243,2
14_56_2580250,2
14_56_2580262,2
14_56_2580311,2
14_56_2580325,2
14_56_2580366,2
14_56_2580373,2
14_56_2580391,2
14_56_2580399,2
14_56_2580406,2
14_56_2580424,2
14_56_2580463,2
14_56_2590185,2
14_56_2590258,2
14_56_2590278,2
14_56_2590296,2
14_56_2590299,2
14_56_2590332,2
14_56_2590333,2
14_56_2590357,2
14_56_2590416,2
14_56_2590449,2
14_56_2590497,2
14_56_2590500,2
14_56_2590535,2
14_56_2590552,2
14_56_2590568,2
14_56_2590578,2
14_56_2590589,2
14_56_2590590,2
14_56_2590592,2
14_56_2590600,2
14_56_2590604,2
14_56_2590632,2
14_56_2590640,2
14_56_2590645,2
14_56_2590651,2
14_56_2590665,2
14_56_2590677,2
14_56_2590721,2
14_56_2590742,2
14_56_2600268,2
14_56_2600274,2
14_56_2600308,2
14_56_2600319,2
14_56_2600320,2
14_56_2600344,2
14_56_2600362,2
14_56_2600391,2
14_56_2600432,5
14_56_2600433,2
14_56_2600817,5
14_56_2600836,5
14_56_2680641,1
14_56_2700450,2
14_56_2700476,2
14_56_2700615,1
14_56_2700617,2
14_56_2700625,2
14_56_2700637,2
14_56_2700639,2
14_56_2700655,2
14_56_2700657,2
14_56_2700678,2
14_56_2700715,2
14_56_2700724,2
14_56_2700947,2
14_56_2700960,2
14_56_2700976,2
14_56_2701059,2
14_56_2791356,1
14_56_2931662,5
14_56_2931745,5
14_56_2931765,5
14_56_2931814,5
14_56_2931818,5
14_56_3021083,5
14_56_3021111,5
14_56_3021120,5
14_56_3021141,5
14_56_3041184,5
14_56_3041208,5
10_37_30508,5
10_37_40212,5
10_37_41018,2
10_37_50518,2
10_37_50782,2
10_37_50799,2
10_37_50816,2
10_37_50819,2
10_37_50938,2
10_37_50992,2
10_37_51049,2
10_37_51054,2
10_37_51086,2
10_37_51090,2
10_37_51134,2
10_37_51136,2
10_37_51146,2
10_37_51176,2
10_37_51199,2
10_37_60267,2
10_37_60334,2
10_37_60449,2
10_37_60486,2
10_37_60880,2
10_37_61140,2
10_37_61273,2
10_37_70457,5
10_37_70533,5
10_37_70632,5
10_37_70636,5
10_37_131456,5
10_37_151031,2
10_37_240867,5
10_37_251600,3
10_37_251860,3
10_37_261377,5
10_37_261449,5
10_37_261478,5
10_37_261498,5
10_37_261557,5
10_37_261574,5
10_37_261617,5
10_37_261805,5
10_37_261888,5
10_37_270143,5
10_37_270222,5
10_37_341143,5
10_37_341508,5
10_37_351826,3
10_37_361542,5
10_37_361819,5
10_37_361858,5
10_37_361881,5
10_37_361919,5
10_37_361925,5
10_37_361930,5
10_37_361941,5
10_37_361971,5
10_37_361972,5
10_37_361978,5
10_37_361979,5
10_37_361992,5
10_37_362020,5
10_37_362069,5
10_37_362116,5
10_38_750518,2
10_38_750529,2
10_38_750652,2
10_38_750756,2
10_38_750767,2
10_38_750829,2
10_38_750841,2
10_38_750899,2
10_38_751055,2
10_38_751274,2
10_38_760188,2
10_38_760334,2
10_38_760339,2
10_38_760510,2
10_38_760531,2
10_38_760544,2
10_38_760576,2
10_38_760624,2
10_38_760633,2
10_38_760664,2
10_38_760670,2
10_38_760671,2
10_38_760700,2
10_38_760709,2
10_38_760739,2
10_38_760760,2
10_38_770188,2
10_38_770408,2
10_38_770665,5
10_38_850767,2
10_38_851393,1
10_38_860363,2
10_38_871142,1
10_38_871158,5
10_38_871207,3
10_38_871220,5
10_38_871254,5
10_38_871282,5
10_38_871295,5
10_38_880125,5
10_38_941149,5
10_38_941365,6
10_38_941389,5
10_38_941406,5
10_38_961696,5
10_38_970311,5
10_38_970377,5
10_38_1040672,4
10_38_1041002,5
10_38_1041144,5
10_38_1041149,5
10_38_1041150,5
10_38_1041151,5
10_38_1041162,5
10_38_1041165,5
10_38_1041169,5
10_38_1041176,5
10_38_1041179,5
10_38_1041184,5
10_38_1041196,5
10_38_1041214,5
10_38_1041228,5
10_38_1041232,5
10_38_1041243,5
10_38_1041279,5
10_38_1041283,5
10_38_1041300,5
10_38_1041311,5
10_38_1041318,5
10_38_1041338,5
10_38_1041339,5
10_38_1041342,5
10_38_1041355,5
10_38_1041368,5
10_38_1041378,5
10_38_1041382,5
10_38_1041393,5
10_38_1041402,5
10_38_1041407,5
10_38_1041428,5
10_38_1041435,5
10_38_1041439,5
10_38_1041444,2
10_38_1041461,5
10_38_1041463,5
10_38_1041488,5
10_38_1041624,5
10_38_1052090,3
10_38_1052130,3
10_38_1052166,6
10_38_1052188,3
10_38_1052226,1
10_38_1052240,6
10_38_1062314,5
10_38_1062316,5
10_38_1062384,5
10_38_1062402,5
10_38_1062411,5
10_38_1062425,5
10_38_1062439,5
10_38_1062441,5
10_38_1062468,5
10_38_1062470,5
10_38_1062473,5
10_38_1062476,5
10_38_1062479,5
10_38_1062482,5
10_38_1062504,5
10_38_1062508,5
10_38_1062509,5
10_38_1062519,5
10_38_1062521,5
10_38_1062568,5
10_38_1062573,5
10_38_1062582,5
10_38_1062601,5
10_38_1062609,5
10_38_1062622,5
10_38_1062667,5
10_38_1062706,5
10_38_1062723,5
10_38_1062757,5
10_38_1062771,5
10_38_1062820,5
10_38_1062823,5
10_38_1062835,5
10_38_1062875,5
10_38_1070157,5
10_38_1070337,5
10_38_1070354,5
10_38_1070393,5
10_38_1070443,5
10_38_1070467,5
10_38_1070511,5
10_38_1070759,5
10_38_1141402,5
10_38_1151731,3
10_38_1161485,5
10_38_1161593,5
10_38_1161610,5
10_38_1161627,5
10_38_1161687,5
10_38_1161694,5
10_38_1161762,5
10_38_1161851,5
10_38_1161875,5
10_38_1161956,5
10_38_1171141,2
10_39_1550191,5
10_39_1550285,2
10_39_1550331,2
10_39_1550414,2
10_39_1550491,2
10_39_1550497,2
10_39_1550827,2
10_39_1560308,2
10_39_1560789,2
10_39_1560806,2
10_39_1560907,2
10_39_1560915,2
10_39_1560966,2
10_39_1570092,2
10_39_1570098,2
10_39_1570471,5
10_39_1640934,5
10_39_1651268,2
10_39_1651270,2
10_39_1660126,2
10_39_1660167,2
10_39_1671133,5
10_39_1671303,5
10_39_1671321,5
10_39_1671373,5
10_39_1741440,5
10_39_1751193,1
10_39_1751335,1
10_39_1770315,5
10_39_1770363,5
10_39_1770365,5
10_39_1770390,5
10_39_1770457,5
10_39_1770466,5
10_39_1841466,5
10_39_1841470,5
10_39_1841479,5
10_39_1841488,5
10_39_1841505,5
10_39_1841510,5
10_39_1841522,5
10_39_1841526,5
10_39_1841529,5
10_39_1841542,5
10_39_1841557,5
10_39_1841563,5
10_39_1841570,5
10_39_1841572,5
10_39_1841583,5
10_39_1841592,5
10_39_1841615,5
10_39_1841643,5
10_39_1841645,5
10_39_1841647,5
10_39_1841648,5
10_39_1841656,5
10_39_1841667,5
10_39_1841673,5
10_39_1841677,5
10_39_1841683,5
10_39_1841700,5
10_39_1841707,5
10_39_1841713,5
10_39_1841734,5
10_39_1841737,5
10_39_1841740,5
10_39_1841766,5
10_39_1841792,5
10_39_1850176,5
10_39_1852156,3
10_39_1852426,1
10_39_1852438,3
10_39_1852492,3
10_39_1852498,3
10_39_1852531,3
10_39_1852553,3
10_39_1852574,3
10_39_1860210,3
10_39_1862140,5
10_39_1862299,5
10_39_1862344,5
10_39_1862546,5
10_39_1862581,5
10_39_1862604,5
10_39_1862616,5
10_39_1862618,5
10_39_1862622,5
10_39_1862624,5
10_39_1862635,5
10_39_1862655,5
10_39_1862661,5
10_39_1862664,5
10_39_1862667,5
10_39_1862671,5
10_39_1862689,5
10_39_1862693,5
10_39_1862698,5
10_39_1862701,5
10_39_1862704,5
10_39_1862706,5
10_39_1870277,5
10_39_1870299,5
10_39_1870306,5
10_39_1870365,5
10_39_1870368,5
10_39_1870374,5
10_39_1870394,5
10_39_1870401,5
10_39_1870414,5
10_39_1870439,5
10_39_1870449,5
10_39_1870455,5
10_39_1870461,5
10_39_1870487,5
10_39_1870491,5
10_39_1870514,5
10_39_1870521,5
10_39_1870534,5
10_39_1870541,5
10_39_1870580,5
10_39_1870659,5
10_39_1870663,5
10_39_1870666,5
10_39_1870671,5
10_39_1870692,5
10_39_1870695,5
10_39_1870713,5
10_39_1870804,5
10_39_1871824,5
10_39_1941174,5
10_39_1941240,5
10_39_1941301,5
10_39_1941330,5
10_39_1941332,5
10_39_1941338,5
10_39_1941340,5
10_39_1941349,5
10_39_1941404,5
10_39_1941415,5
10_39_1950138,5
10_39_1950158,5
10_39_1950202,5
10_39_1950298,5
10_39_1961931,5
10_39_1961985,5
10_39_1962014,5
10_39_1970243,5
10_39_1970272,5
10_39_1970314,5
10_39_1970328,5
10_39_1970349,5
10_39_1970422,5
10_40_2340222,5
10_40_2350400,2
10_40_2350419,2
10_40_2350451,2
10_40_2350455,2
10_40_2350567,2
10_40_2360634,2
10_40_2370572,2
10_40_2380192,5
10_40_2450616,5
10_40_2461365,4
10_40_2470738,1
10_40_2470746,2
10_40_2470787,2
10_40_2470830,2
10_40_2480352,4
10_40_2481297,4
10_40_2490459,1
10_40_2490512,5
10_40_2490546,5
10_40_2490652,1
10_40_2490713,5
10_40_2490743,1
10_40_2570724,5
10_40_2591162,5
10_40_2591173,5
10_40_2680775,5
10_40_2680789,5
10_40_2680809,5
10_40_2680812,1
10_40_2680813,5
10_40_2680823,5
10_40_2680827,5
10_40_2680831,5
10_40_2680844,5
10_40_2680852,5
10_40_2680854,5
10_40_2680860,5
10_40_2680864,5
10_40_2680920,5
10_40_2680928,5
10_40_2680938,5
10_40_2680973,5
10_40_2680976,5
10_40_2681028,1
10_40_2681088,5
10_40_2691066,1
10_40_2691560,3
10_40_2691614,3
10_40_2701514,5
10_40_2701591,5
10_40_2701621,5
10_40_2701698,5
10_40_2701726,5
10_40_2701728,5
10_40_2701731,5
10_40_2701747,5
10_40_2701749,5
10_40_2701750,5
10_40_2701753,5
10_40_2701757,5
10_40_2701759,5
10_40_2701764,5
10_40_2701771,5
10_40_2701772,5
10_40_2701776,5
10_40_2701778,5
10_40_2701783,5
10_40_2701784,5
10_40_2701787,5
10_40_2701789,5
10_40_2701792,5
10_40_2701796,5
10_40_2701797,5
10_40_2701803,5
10_40_2701813,5
10_40_2701837,1
10_40_2701851,5
10_40_2701856,5
10_40_2701860,5
10_40_2701864,5
10_40_2701868,5
10_40_2701879,5
10_40_2701880,5
10_40_2701884,5
10_40_2701893,5
10_40_2701895,5
10_40_2701935,5
10_40_2701940,5
10_40_2702004,5
10_40_2702019,5
10_40_2702039,5
10_40_2702041,5
10_40_2702044,5
10_40_2702054,1
10_40_2702077,5
10_40_2702078,5
10_40_2702089,5
10_40_2702099,5
10_40_2702135,5
10_40_2702138,5
10_40_2781354,5
10_40_2790726,5
10_40_2790787,5
10_40_2790804,5
10_40_2790873,5
10_40_2790884,5
10_40_2790903,5
10_40_2790916,5
10_40_2790923,5
10_40_2790931,5
10_40_2790937,5
10_40_2790943,5
10_40_2790947,5
10_40_2790963,5
10_40_2790982,5
10_40_2791012,5
10_40_2791014,5
10_40_2791041,5
10_40_2791042,5
10_40_2811131,5
10_40_2811210,5
10_40_2811239,5
10_40_2811241,5
10_40_2811255,5
10_40_2811260,5
10_40_2811273,5
10_40_2811275,5
10_40_2811293,5
10_40_2811299,5
10_40_2811332,5
10_40_2811337,5
10_40_2811398,5
9_33_50365,2
9_33_50502,2
9_33_50590,2
9_33_60354,2
9_33_60635,2
9_33_60664,2
9_33_60670,2
9_33_60671,2
9_33_60672,2
9_33_60691,2
9_33_60713,2
9_33_60720,2
9_33_60745,2
9_33_60763,2
9_33_60771,2
9_33_60832,2
9_33_70331,2
9_33_70726,2
9_33_70826,1
9_33_151346,5
9_33_151387,5
9_33_160806,5
9_33_160883,5
9_33_160889,5
9_33_160893,5
9_33_170931,2
9_33_170996,2
9_33_171001,2
9_33_171004,2
9_33_171014,2
9_33_171032,2
9_33_171072,2
9_33_181189,5
9_33_181710,5
9_33_190573,5
9_33_190676,1
9_33_190721,5
9_33_190722,5
9_33_190755,5
9_33_190769,5
9_33_190864,5
9_33_191004,5
9_33_191033,5
9_33_281106,3
9_33_281167,1
9_33_281182,3
9_33_291346,5
9_33_291476,5
9_33_291529,5
9_33_291535,5
9_33_291644,5
9_33_300338,5
9_33_300374,5
9_33_380605,5
9_33_380620,5
9_33_380624,5
9_33_380631,5
9_33_380652,5
9_33_380684,5
9_33_380717,5
9_33_380725,5
9_33_380726,5
9_33_380739,5
9_33_380746,5
9_33_380757,5
9_33_380778,5
9_33_380786,5
9_33_380796,5
9_33_380807,5
9_33_380808,5
9_33_380815,5
9_33_380817,5
9_33_380825,5
9_33_380831,5
9_33_380832,5
9_33_380835,5
9_33_380837,5
9_33_380839,5
9_33_380841,5
9_33_380843,5
9_33_380851,5
9_33_380866,5
9_33_380872,5
9_33_380889,5
9_33_380922,5
9_33_380927,5
9_33_380937,5
9_33_380948,5
9_33_380972,5
9_33_380984,5
9_33_380998,5
9_33_381018,5
9_33_381088,5
9_33_381091,5
9_33_381105,5
9_33_381107,5
9_33_381116,5
9_33_381133,5
9_33_381139,5
9_33_381190,5
9_33_381219,5
9_33_381372,5
9_33_391358,3
9_33_391382,3
9_33_391391,2
9_33_391415,2
9_33_391416,6
9_33_391420,1
9_33_391421,3
9_33_391425,1
9_33_391429,3
9_33_391437,6
9_33_391483,3
9_33_391486,6
9_33_391494,3
9_33_391505,3
9_33_391507,6
9_33_391527,6
9_33_391540,1
9_33_391545,6
9_33_391587,1
9_33_391613,3
9_33_401059,5
9_33_401100,5
9_33_401107,2
9_33_401115,5
9_33_401156,5
9_33_401200,5
9_33_401231,5
9_33_401242,1
9_33_401266,5
9_33_401269,5
9_33_401277,5
9_33_401284,5
9_33_401302,5
9_33_401321,5
9_33_401351,5
9_33_401357,5
9_33_401369,5
9_33_401376,5
9_33_401385,5
9_33_401390,5
9_33_401391,5
9_33_401407,5
9_33_401419,5
9_33_401434,5
9_33_401445,5
9_33_401457,5
9_33_401461,5
9_33_401482,5
9_33_401496,5
9_33_401498,5
9_33_401519,5
9_33_401520,5
9_33_401525,5
9_33_401533,5
9_33_401538,5
9_33_401548,5
9_33_401557,5
9_33_401558,5
9_33_401561,5
9_33_401564,1
9_33_401585,5
9_33_401587,5
9_33_401594,5
9_33_401601,5
9_33_401612,5
9_33_401616,5
9_33_401623,5
9_33_401633,5
9_33_401644,5
9_33_401650,5
9_33_401674,5
9_33_401707,5
9_33_401710,5
9_33_401734,5
9_33_401738,5
9_33_401745,5
9_33_401746,5
9_33_401749,5
9_33_401765,5
9_33_401766,5
9_33_401782,5
9_33_401805,5
9_33_401825,5
9_33_401849,5
9_33_402373,1
9_33_491019,5
9_33_491060,5
9_33_491146,5
9_33_500939,2
9_33_510854,5
9_33_510871,5
9_33_510891,5
9_33_510905,5
9_33_510935,5
9_34_920390,1
9_34_930220,5
9_34_930224,5
9_34_930717,5
9_34_930735,5
9_34_940101,2
9_34_940109,2
9_34_940439,2
9_34_940457,2
9_34_940651,2
9_34_940691,2
9_34_940757,2
9_34_940777,2
9_34_940782,2
9_34_940785,2
9_34_940791,2
9_34_940798,1
9_34_940804,2
9_34_940870,2
9_34_940884,2
9_34_940890,2
9_34_940921,2
9_34_950622,2
9_34_950631,2
9_34_950664,2
9_34_1031353,5
9_34_1040517,4
9_34_1041074,5
9_34_1041090,5
9_34_1041187,4
9_34_1050869,2
9_34_1050985,2
9_34_1051036,2
9_34_1051042,2
9_34_1051062,1
9_34_1051076,2
9_34_1060864,4
9_34_1061159,2
9_34_1061460,5
9_34_1070071,5
9_34_1070451,5
9_34_1070778,5
9_34_1070793,5
9_34_1070807,5
9_34_1070828,5
9_34_1070833,5
9_34_1070838,5
9_34_1141485,4
9_34_1160754,1
9_34_1161084,3
9_34_1161180,1
9_34_1171163,5
9_34_1171436,5
9_34_1171483,5
9_34_1171490,5
9_34_1180047,5
9_34_1180099,5
9_34_1180801,4
9_34_1252200,2
9_34_1260340,5
9_34_1260395,5
9_34_1260403,5
9_34_1260429,5
9_34_1260431,5
9_34_1260475,5
9_34_1260478,5
9_34_1260490,5
9_34_1260502,5
9_34_1260509,5
9_34_1260512,5
9_34_1260516,5
9_34_1260518,5
9_34_1260523,5
9_34_1260525,5
9_34_1260532,5
9_34_1260539,5
9_34_1260543,5
9_34_1260560,5
9_34_1260561,5
9_34_1260563,5
9_34_1260564,5
9_34_1260568,5
9_34_1260583,5
9_34_1260586,5
9_34_1260598,5
9_34_1260599,5
9_34_1260608,5
9_34_1260614,5
9_34_1260623,5
9_34_1260626,5
9_34_1260640,5
9_34_1260644,5
9_34_1260649,5
9_34_1260661,5
9_34_1260669,5
9_34_1260677,5
9_34_1260686,5
9_34_1260710,5
9_34_1260715,5
9_34_1260728,5
9_34_1260738,5
9_34_1260761,5
9_34_1260766,5
9_34_1260779,5
9_34_1260794,5
9_34_1260816,5
9_34_1260847,5
9_34_1260872,5
9_34_1260873,5
9_34_1270893,3
9_34_1270940,6
9_34_1270949,3
9_34_1270962,3
9_34_1270964,6
9_34_1270968,3
9_34_1270971,3
9_34_1270989,3
9_34_1271004,6
9_34_1271006,3
9_34_1271014,6
9_34_1271071,3
9_34_1271091,3
9_34_1271103,1
9_34_1271126,1
9_34_1271229,3
9_34_1271681,1
9_34_1280677,5
9_34_1280746,5
9_34_1280754,5
9_34_1280812,5
9_34_1280890,5
9_34_1280932,5
9_34_1280940,5
9_34_1280945,5
9_34_1280949,5
9_34_1280954,5
9_34_1280974,5
9_34_1280977,5
9_34_1280998,5
9_34_1281016,5
9_34_1281019,5
9_34_1281024,5
9_34_1281028,5
9_34_1281029,5
9_34_1281034,5
9_34_1281035,5
9_34_1281036,5
9_34_1281044,5
9_34_1281062,5
9_34_1281076,5
9_34_1281087,5
9_34_1281092,5
9_34_1281102,5
9_34_1281118,5
9_34_1281126,5
9_34_1281129,5
9_34_1281131,5
9_34_1281135,5
9_34_1281153,5
9_34_1281155,5
9_34_1281158,5
9_34_1281175,5
9_34_1281176,5
9_34_1281180,5
9_34_1281184,5
9_34_1281189,5
9_34_1281194,5
9_34_1281200,5
9_34_1281217,5
9_34_1281225,5
9_34_1281235,5
9_34_1281237,5
9_34_1281239,5
9_34_1281252,5
9_34_1281257,5
9_34_1281259,5
9_34_1281263,5
9_34_1281276,5
9_34_1281309,5
9_34_1281311,5
9_34_1281314,5
9_34_1281321,5
9_34_1281362,1
9_34_1281368,5
9_34_1281373,5
9_34_1281374,5
9_34_1281376,5
9_34_1281386,5
9_34_1281414,5
9_34_1281437,5
9_34_1281487,5
9_34_1281567,5
9_34_1281651,5
9_34_1281798,5
9_34_1370621,5
9_34_1380670,2
9_34_1390460,5
9_34_1390511,5
9_34_1390601,5
9_34_1390635,5
9_34_1390663,5
9_34_1390679,5
9_34_1390683,1
9_34_1390717,5
9_34_1390722,5
9_34_1390725,5
9_34_1390771,5
9_34_1390789,5
9_34_1390821,5
9_34_1390847,5
9_34_1390897,5
9_34_1390899,5
9_34_1390959,5
9_34_1390978,5
9_34_1390979,5
9_34_1391022,5
9_34_1391042,5
9_35_1810618,2
9_35_1810744,2
9_35_1820101,2
9_35_1820397,2
9_35_1820398,2
9_35_1820518,2
9_35_1820625,2
9_35_1820634,2
9_35_1820649,2
9_35_1820663,2
9_35_1820707,2
9_35_1820722,2
9_35_1820738,2
9_35_1820760,2
9_35_1820761,2
9_35_1820773,2
9_35_1820782,2
9_35_1820791,2
9_35_1820804,2
9_35_1820815,2
9_35_1820823,2
9_35_1820830,2
9_35_1820834,2
9_35_1820842,2
9_35_1820849,2
9_35_1820854,2
9_35_1820857,2
9_35_1820929,2
9_35_1830619,2
9_35_1830658,2
9_35_1911156,1
9_35_1911301,5
9_35_1911312,4
9_35_1911511,5
9_35_1920871,4
9_35_1930888,2
9_35_1930905,2
9_35_1930921,2
9_35_1930931,2
9_35_1930981,2
9_35_1930986,2
9_35_1931018,2
9_35_1931036,2
9_35_1931047,2
9_35_1931077,2
9_35_1931099,2
9_35_1931177,2
9_35_1931197,2
9_35_1941014,5
9_35_1950626,5
9_35_1950656,5
9_35_1950696,5
9_35_1950719,5
9_35_1950791,5
9_35_1950828,5
9_35_1950838,5
9_35_1950851,5
9_35_1950876,5
9_35_1950880,5
9_35_2050719,5
9_35_2050785,5
9_35_2050807,5
9_35_2050834,5
9_35_2050868,5
9_35_2060442,1
9_35_2060668,4
9_35_2140524,5
9_35_2140541,5
9_35_2140542,5
9_35_2140561,5
9_35_2140594,5
9_35_2140613,5
9_35_2140615,5
9_35_2140624,5
9_35_2140628,5
9_35_2140636,5
9_35_2140638,5
9_35_2140655,5
9_35_2140660,5
9_35_2140673,5
9_35_2140675,5
9_35_2140678,5
9_35_2140727,5
9_35_2140739,5
9_35_2140741,5
9_35_2140755,5
9_35_2140787,5
9_35_2140804,5
9_35_2140809,5
9_35_2140895,5
9_35_2140972,5
9_35_2150929,3
9_35_2151151,3
9_35_2151181,3
9_35_2151233,3
9_35_2151343,1
9_35_2160870,5
9_35_2160929,5
9_35_2160934,5
9_35_2160945,5
9_35_2160966,5
9_35_2160975,5
9_35_2160981,5
9_35_2160987,5
9_35_2160994,5
9_35_2160995,5
9_35_2160997,5
9_35_2160999,5
9_35_2161003,5
9_35_2161007,5
9_35_2161009,5
9_35_2161013,5
9_35_2161029,5
9_35_2161030,5
9_35_2161033,5
9_35_2161041,5
9_35_2161043,5
9_35_2161044,5
9_35_2161049,5
9_35_2161052,5
9_35_2161054,5
9_35_2161058,5
9_35_2161062,5
9_35_2161064,5
9_35_2161065,5
9_35_2161070,5
9_35_2161079,5
9_35_2161084,5
9_35_2161085,5
9_35_2161098,5
9_35_2161107,5
9_35_2161109,5
9_35_2161119,5
9_35_2161122,5
9_35_2161134,5
9_35_2161140,5
9_35_2161141,5
9_35_2161146,5
9_35_2161165,5
9_35_2161166,5
9_35_2161201,5
9_35_2161405,5
9_35_2170061,5
9_35_2250740,5
9_35_2250817,5
9_35_2250845,5
9_35_2250861,5
9_35_2250873,2
9_35_2250905,5
9_35_2250924,5
9_35_2260921,3
9_35_2270782,5
9_35_2270814,5
9_35_2270882,5
9_35_2270910,5
9_35_2270946,5
9_35_2271010,5
9_35_2271032,5
9_35_2271034,5
9_35_2271037,5
9_35_2271045,5
9_35_2271085,5
9_35_2271092,5
9_35_2271112,5
9_35_2271156,5
9_35_2271183,5
9_35_2271191,5
9_35_2271216,5
9_35_2271223,1
9_35_2271240,5
9_35_2271254,5
9_35_2271255,5
9_35_2271261,5
9_35_2271271,5
9_35_2271284,5
9_35_2271303,5
9_35_2271308,5
9_35_2271320,5
9_35_2271333,5
9_35_2271348,5
9_35_2271374,5
6_21_80273,4
6_21_200459,5
6_21_200590,5
6_21_201981,3
6_21_210635,3
6_21_210677,3
6_21_210723,3
6_21_210829,3
6_21_210843,3
6_21_210848,6
6_21_210866,6
6_21_210867,6
6_21_210881,6
6_21_210885,6
6_21_210898,6
6_21_210903,3
6_21_210925,6
6_21_210932,6
6_21_210941,6
6_21_210949,1
6_21_210964,1
6_21_210966,6
6_21_210971,1
6_21_210978,6
6_21_210981,6
6_21_210984,3
6_21_210985,6
6_21_210987,6
6_21_210988,6
6_21_210989,3
6_21_210993,3
6_21_210998,3
6_21_211005,6
6_21_211006,3
6_21_211015,6
6_21_211018,1
6_21_211024,6
6_21_211026,3
6_21_211027,6
6_21_211033,1
6_21_211034,3
6_21_211042,1
6_21_211049,3
6_21_211051,1
6_21_211073,3
6_21_211076,2
6_21_211081,3
6_21_211113,1
6_21_211500,3
6_21_212021,4
6_21_221656,2
6_21_270336,4
6_21_270382,4
6_21_270390,4
6_21_270423,4
6_21_270462,4
6_21_270851,4
6_21_271857,2
6_21_280916,1
6_21_280983,1
6_21_281506,1
6_21_290366,3
6_21_290543,1
6_21_290747,3
6_21_290760,3
6_21_290790,3
6_21_290804,6
6_21_290819,3
6_21_290825,3
6_21_290844,3
6_21_290850,1
6_21_290856,3
6_21_290874,1
6_21_290884,1
6_21_290885,3
6_21_290904,3
6_21_290906,3
6_21_290915,1
6_21_290932,1
6_21_290936,3
6_21_290953,3
6_21_290956,3
6_21_290978,3
6_21_290984,3
6_21_290985,1
6_21_291025,2
6_21_291043,1
6_21_291062,1
6_21_291141,1
6_21_291147,1
6_21_300805,4
6_21_300838,4
6_21_300848,1
6_21_300867,4
6_21_300961,4
6_21_301094,4
6_21_301115,4
6_21_351117,4
6_21_351170,4
6_21_351247,4
6_21_351262,4
6_21_351319,4
6_21_351324,4
6_21_351533,4
6_21_351552,1
6_21_351739,4
6_21_360129,4
6_21_370514,3
6_21_370532,3
6_21_370544,3
6_21_370547,3
6_21_370553,3
6_21_370564,3
6_21_370582,3
6_21_370586,1
6_21_370605,1
6_21_370611,3
6_21_370632,3
6_21_370655,6
6_21_370665,3
6_21_370691,3
6_21_370699,1
6_21_370728,1
6_21_370997,2
6_21_381041,4
6_21_390897,4
6_21_390908,4
6_21_430276,4
6_21_430370,4
6_21_430432,5
6_21_430436,4
6_21_450533,2
6_21_450634,2
6_21_450652,2
6_21_450657,2
6_21_450676,2
6_22_611234,5
6_22_611333,5
6_22_700959,5
6_22_701760,5
6_22_701813,5
6_22_701912,5
6_22_701945,4
6_22_702019,4
6_22_702032,5
6_22_710661,1
6_22_710987,3
6_22_711359,3
6_22_711405,3
6_22_711410,3
6_22_711541,3
6_22_711556,2
6_22_711595,6
6_22_711619,6
6_22_711623,6
6_22_711664,6
6_22_711665,6
6_22_711710,6
6_22_711712,6
6_22_711715,6
6_22_711725,1
6_22_711743,6
6_22_711754,6
6_22_711756,6
6_22_711758,6
6_22_711759,3
6_22_711765,6
6_22_711767,6
6_22_711778,3
6_22_711783,6
6_22_711784,6
6_22_711788,6
6_22_711789,2
6_22_711792,2
6_22_711795,3
6_22_711796,1
6_22_711799,6
6_22_711801,1
6_22_711804,1
6_22_711807,3
6_22_711809,6
6_22_711810,3
6_22_711812,6
6_22_711813,6
6_22_711817,3
6_22_711819,6
6_22_711821,1
6_22_711822,6
6_22_711823,6
6_22_711837,3
6_22_711842,3
6_22_711845,1
6_22_711853,3
6_22_711870,3
6_22_711906,1
6_22_711918,3
6_22_712486,3
6_22_721077,4
6_22_721081,5
6_22_721126,4
6_22_721148,4
6_22_721151,5
6_22_721152,4
6_22_721436,5
6_22_721453,4
6_22_721762,5
6_22_721897,5
6_22_721933,5
6_22_722015,4
6_22_750380,4
6_22_750642,1
6_22_781014,4
6_22_790564,5
6_22_790799,5
6_22_791316,4
6_22_791379,3
6_22_791399,1
6_22_800964,3
6_22_801058,1
6_22_801092,3
6_22_801117,1
6_22_801123,1
6_22_801427,1
6_22_801449,3
6_22_801465,3
6_22_801467,3
6_22_801474,1
6_22_801478,3
6_22_801481,3
6_22_801490,3
6_22_801491,1
6_22_801497,3
6_22_801507,6
6_22_801526,3
6_22_801531,3
6_22_801541,3
6_22_801546,3
6_22_801554,3
6_22_801561,3
6_22_801571,1
6_22_801573,3
6_22_801575,1
6_22_801582,3
6_22_801596,3
6_22_801609,1
6_22_801616,3
6_22_801624,3
6_22_801639,1
6_22_801669,3
6_22_801748,1
6_22_801770,3
6_22_802103,1
6_22_802144,1
6_22_810209,1
6_22_810253,1
6_22_810440,1
6_22_811769,4
6_22_811998,4
6_22_812030,5
6_22_812148,4
6_22_820144,4
6_22_820183,5
6_22_820244,4
6_22_820304,4
6_22_820324,4
6_22_820342,4
6_22_820343,4
6_22_820368,4
6_22_820407,4
6_22_871400,4
6_22_871415,4
6_22_871424,4
6_22_871428,4
6_22_871444,4
6_22_871448,4
6_22_871681,4
6_22_871724,1
6_22_880741,4
6_22_880857,4
6_22_891298,3
6_22_891302,3
6_22_891321,3
6_22_891326,1
6_22_891335,3
6_22_891338,1
6_22_891360,1
6_22_891373,3
6_22_891374,3
6_22_891410,1
6_22_891419,2
6_22_891432,3
6_22_891444,1
6_22_891455,3
6_22_891474,3
6_22_891484,3
6_22_891500,3
6_22_891507,3
6_22_891861,1
6_22_910850,4
6_22_910986,4
6_22_911050,4
6_22_911556,4
6_22_911600,4
6_22_960332,4
6_22_981047,2
6_23_1210613,5
6_23_1211574,4
6_23_1212320,5
6_23_1212418,5
6_23_1220920,3
6_23_1240204,4
6_23_1290392,5
6_23_1290431,5
6_23_1290902,5
6_23_1291175,5
6_23_1291326,5
6_23_1291440,5
6_23_1300462,5
6_23_1301307,3
6_23_1301657,2
6_23_1301662,6
6_23_1301663,3
6_23_1301664,6
6_23_1301683,1
6_23_1301687,6
6_23_1301698,6
6_23_1301727,6
6_23_1301728,6
6_23_1301741,6
6_23_1301747,3
6_23_1301756,6
6_23_1301766,6
6_23_1301778,6
6_23_1301779,6
6_23_1301781,3
6_23_1301788,2
6_23_1301816,6
6_23_1301825,6
6_23_1301858,6
6_23_1301901,2
6_23_1310932,4
6_23_1310966,4
6_23_1310990,4
6_23_1311032,4
6_23_1311255,4
6_23_1311474,2
6_23_1311653,1
6_23_1340489,4
6_23_1450522,4
6_23_1450572,4
6_24_1530946,4
6_24_1611167,4
6_24_1611932,5
6_24_1621033,4
6_24_1622312,3
6_24_1630406,3
6_24_1630532,3
6_24_1630549,6
6_24_1630592,3
6_24_1630614,3
6_24_1630658,6
6_24_1630698,6
6_24_1630699,6
6_24_1630704,2
6_24_1630726,6
6_24_1630750,6
6_24_1630755,6
6_24_1630758,6
6_24_1630769,6
6_24_1630774,6
6_24_1630780,6
6_24_1630784,6
6_24_1630788,3
6_24_1630789,1
6_24_1630822,6
6_24_1630829,1
6_24_1630836,3
6_24_1630845,1
6_24_1630868,1
6_24_1632384,4
6_24_1632407,5
6_24_1632681,5
6_24_1640333,5
6_24_1640513,5
6_24_1640534,5
6_24_1640680,4
6_24_1640783,4
6_24_1641112,4
6_24_1642166,4
6_24_1690552,4
6_24_1691164,5
6_24_1692056,5
6_24_1700164,5
6_24_1700952,1
6_24_1701652,1
6_24_1701711,3
6_24_1710749,1
6_24_1710758,3
6_24_1710769,1
6_24_1710780,1
6_24_1710790,3
6_24_1710791,3
6_24_1710798,6
6_24_1710806,2
6_24_1710811,1
6_24_1710820,2
6_24_1710824,3
6_24_1710833,3
6_24_1710846,3
6_24_1710857,3
6_24_1710890,3
6_24_1710900,3
6_24_1710907,3
6_24_1710915,3
6_24_1710933,6
6_24_1710944,3
6_24_1710945,3
6_24_1710959,3
6_24_1710960,3
6_24_1710984,1
6_24_1711006,3
6_24_1711007,3
6_24_1711008,1
6_24_1711042,3
6_24_1711089,3
6_24_1711102,1
6_24_1711154,2
6_24_1711168,3
6_24_1711386,1
6_24_1711593,3
6_24_1711628,3
6_24_1711952,1
6_24_1720744,4
6_24_1720974,4
6_24_1721061,5
6_24_1721074,4
6_24_1721267,4
6_24_1721310,4
6_24_1721407,5
6_24_1730966,4
6_24_1771845,4
6_24_1790776,3
6_24_1790796,3
6_24_1790815,1
6_24_1790842,1
6_24_1790885,3
6_24_1790949,3
6_24_1790968,1
6_24_1790975,3
6_24_1791012,1
6_24_1791041,3
6_24_1791049,3
6_24_1810318,4
6_24_1810429,4
6_24_1810924,4
6_24_1811109,4
6_24_1811132,4
6_24_1811183,4
6_24_1811214,4
6_24_1850646,4
6_24_1850684,4
6_24_1850698,4
6_24_1850751,4
6_24_1850785,4
6_24_1871063,2
7_25_180554,4
7_25_351925,4
7_25_360703,2
7_25_360722,1
7_25_360735,1
7_25_360769,6
7_25_370082,4
7_25_370083,5
7_25_370112,4
7_25_370125,4
7_25_370131,5
7_25_370186,4
7_25_370188,5
7_25_370196,4
7_25_370219,4
7_25_370230,5
7_25_381923,4
7_25_441811,4
7_25_441853,4
7_25_450963,5
7_25_451064,5
7_25_451122,5
7_25_451150,5
7_25_451217,4
7_25_451844,1
7_25_461188,3
7_25_461260,6
7_25_461274,6
7_25_461362,1
7_25_461392,6
7_25_461400,6
7_25_461411,1
7_25_461420,6
7_25_461443,6
7_25_461457,6
7_25_461576,3
7_25_461582,3
7_25_461630,3
7_25_461723,3
7_25_461725,3
7_25_461733,1
7_25_461802,3
7_25_461852,3
7_25_461859,3
7_25_461881,3
7_25_461920,3
7_25_461937,4
7_25_461967,3
7_25_461993,3
7_25_462018,3
7_25_462068,3
7_25_462073,1
7_25_462085,1
7_25_462147,3
7_25_462229,3
7_25_462719,1
7_25_462762,1
7_25_470487,1
7_25_470533,4
7_25_470579,1
7_25_470626,1
7_25_470836,1
7_25_471422,4
7_25_471740,4
7_25_471934,2
7_25_471972,5
7_25_472002,5
7_25_472250,4
7_25_480260,4
7_25_480311,4
7_25_480600,4
7_25_481643,4
7_25_491957,4
7_25_550910,5
7_25_550970,5
7_25_550994,5
7_25_551207,4
7_25_560436,4
7_25_560988,3
7_25_561021,1
7_25_561080,4
7_25_561310,1
7_25_561533,2
7_25_561687,3
7_25_561697,1
7_25_561705,3
7_25_561718,3
7_25_561741,3
7_25_561775,2
7_25_561805,2
7_25_561808,1
7_25_561830,1
7_25_561868,3
7_25_561889,3
7_25_561905,3
7_25_570219,2
7_25_570357,3
7_25_570426,3
7_25_570446,3
7_25_570462,3
7_25_570501,1
7_25_570504,3
7_25_570592,3
7_25_580547,4
7_25_590710,4
7_25_590781,5
7_25_590861,4
7_25_630787,4
7_25_650948,4
7_25_650983,4
7_25_650991,4
7_25_651022,4
7_25_651066,1
7_25_651167,4
7_25_651445,2
7_25_670957,3
7_25_750417,4
7_25_750440,4
7_25_750479,4
7_25_750483,4
7_25_750505,1
7_25_770507,4
7_26_870311,4
7_26_1070265,4
7_26_1111650,4
7_26_1112020,5
7_26_1121439,2
7_26_1121442,3
7_26_1121516,6
7_26_1121527,2
7_26_1121563,2
7_26_1121573,2
7_26_1121586,6
7_26_1121595,6
7_26_1121602,6
7_26_1121603,6
7_26_1121609,6
7_26_1121623,2
7_26_1121634,2
7_26_1121638,1
7_26_1130875,1
7_26_1131391,4
7_26_1131440,4
7_26_1131494,4
7_26_1131508,4
7_26_1131524,4
7_26_1131545,4
7_26_1131603,4
7_26_1131641,4
7_26_1131644,1
7_26_1131828,4
7_26_1131842,5
7_26_1131898,4
7_26_1131913,4
7_26_1131953,5
7_26_1131996,2
7_26_1132010,1
7_26_1132032,4
7_26_1132057,4
7_26_1132058,5
7_26_1132090,4
7_26_1132209,5
7_26_1132230,4
7_26_1180970,4
7_26_1201243,1
7_26_1201323,1
7_26_1201545,5
7_26_1201570,5
7_26_1201585,5
7_26_1201586,5
7_26_1201593,5
7_26_1201610,5
7_26_1201620,5
7_26_1210412,5
7_26_1211159,1
7_26_1211706,3
7_26_1211747,3
7_26_1212053,1
7_26_1212082,6
7_26_1212084,6
7_26_1212090,6
7_26_1212128,1
7_26_1212174,3
7_26_1212205,1
7_26_1212227,3
7_26_1212256,3
7_26_1212260,3
7_26_1212271,3
7_26_1212276,3
7_26_1212278,1
7_26_1212295,3
7_26_1212351,3
7_26_1212352,3
7_26_1212368,1
7_26_1212372,1
7_26_1212389,3
7_26_1212400,3
7_26_1212402,1
7_26_1212424,3
7_26_1212453,3
7_26_1212457,1
7_26_1220477,1
7_26_1221525,4
7_26_1222347,4
7_26_1230335,1
7_26_1230522,4
7_26_1230551,4
7_26_1230630,4
7_26_1230635,4
7_26_1230746,4
7_26_1230804,4
7_26_1301637,3
7_26_1301647,3
7_26_1301648,3
7_26_1301659,1
7_26_1301686,3
7_26_1301691,3
7_26_1301698,3
7_26_1310353,3
7_26_1310468,3
7_26_1310487,1
7_26_1310490,3
7_26_1310523,3
7_26_1310526,1
7_26_1320564,4
7_26_1320824,4
7_26_1320848,4
7_26_1321471,4
7_26_1330610,4
7_26_1330638,4
7_26_1330790,4
7_26_1380648,4
7_26_1380691,4
7_26_1380706,4
7_26_1380709,4
7_26_1380938,4
7_26_1400706,2
7_26_1400734,2
7_26_1400791,2
7_26_1411045,2
7_26_1420663,4
7_26_1500151,2
7_27_1840807,3
7_27_1841019,3
7_27_1841025,1
7_27_1841102,6
7_27_1841104,6
7_27_1851072,4
7_27_1851201,4
7_27_1851353,5
7_27_1851369,4
7_27_1851390,4
7_27_1851485,4
7_27_1851513,4
7_27_1851534,1
7_27_1851535,3
7_27_1851550,3
7_27_1851579,4
7_27_1851649,2
7_27_1851651,4
7_27_1851654,4
7_27_1851663,1
7_27_1851673,1
7_27_1851687,5
7_27_1851697,4
7_27_1851751,1
7_27_1851763,5
7_27_1851837,5
7_27_1851844,5
7_27_1852004,5
7_27_1852168,2
7_27_1852422,5
7_27_1860248,5
7_27_1921511,4
7_27_1921528,5
7_27_1921544,1
7_27_1921718,5
7_27_1921806,5
7_27_1921869,5
7_27_1921910,1
7_27_1921911,5
7_27_1921938,5
7_27_1922013,5
7_27_1922032,5
7_27_1922089,2
7_27_1922345,5
7_27_1930424,1
7_27_1931138,1
7_27_1931365,1
7_27_1931409,3
7_27_1931703,1
7_27_1931720,1
7_27_1931838,6
7_27_1931847,6
7_27_1931896,6
7_27_1931954,1
7_27_1931984,1
7_27_1932005,6
7_27_1932007,6
7_27_1932032,1
7_27_1932072,3
7_27_1932112,1
7_27_1932132,1
7_27_1932147,1
7_27_1932226,3
7_27_1932251,3
7_27_1932285,3
7_27_1932388,3
7_27_1932391,1
7_27_1932461,1
7_27_1932481,3
7_27_1932529,3
7_27_1932539,3
7_27_1932605,1
7_27_1932641,3
7_27_1932706,3
7_27_1940537,1
7_27_1940549,1
7_27_1940734,3
7_27_1940972,3
7_27_1940995,3
7_27_1941249,1
7_27_1941618,1
7_27_1941630,3
7_27_1942232,5
7_27_1942280,4
7_27_1950314,4
7_27_1950408,4
7_27_1950460,4
7_27_1950568,4
7_27_1950645,4
7_27_1950847,4
7_27_1950854,4
7_27_1950899,4
7_27_1950949,4
7_27_1951077,4
7_27_1951101,4
7_27_1960337,4
7_27_2011641,4
7_27_2020150,4
7_27_2021254,1
7_27_2021477,3
7_27_2021532,1
7_27_2021645,4
7_27_2030392,3
7_27_2030401,4
7_27_2030410,3
7_27_2030420,1
7_27_2030454,3
7_27_2030474,3
7_27_2030488,3
7_27_2030505,1
7_27_2030506,2
7_27_2030536,3
7_27_2030547,3
7_27_2030563,1
7_27_2030568,3
7_27_2030619,1
7_27_2030693,3
7_27_2030793,1
7_27_2041370,4
7_27_2041381,4
7_27_2041506,2
7_27_2051104,4
7_27_2051219,4
7_27_2080171,4
7_27_2101513,1
7_27_2101558,4
7_27_2101762,4
7_27_2101835,4
7_27_2110180,4
7_27_2121393,1
7_27_2121423,2
7_27_2131319,2
7_27_2140155,1
7_28_2461494,5
7_28_2550752,5
7_28_2550951,6
7_28_2550958,5
7_28_2550988,5
7_28_2551292,4
7_28_2561264,3
7_28_2561289,1
7_28_2561301,1
7_28_2561345,1
7_28_2561359,3
7_28_2561382,1
7_28_2561397,6
7_28_2561414,3
7_28_2561426,6
7_28_2561428,1
7_28_2561430,3
7_28_2561431,6
7_28_2561435,6
7_28_2561438,6
7_28_2561442,1
7_28_2561455,1
7_28_2561456,6
7_28_2561458,6
7_28_2561459,6
7_28_2561460,6
7_28_2561470,6
7_28_2561473,3
7_28_2561476,6
7_28_2561478,3
7_28_2561480,1
7_28_2561489,3
7_28_2561507,6
7_28_2561554,1
7_28_2562519,3
7_28_2570758,4
7_28_2570806,4
7_28_2571239,4
7_28_2571246,4
7_28_2571252,4
7_28_2571274,5
7_28_2571309,4
7_28_2571330,4
7_28_2571425,1
7_28_2571431,5
7_28_2571437,4
7_28_2572334,4
7_28_2572361,4
7_28_2631843,4
7_28_2640214,4
7_28_2650527,1
7_28_2650571,3
7_28_2650820,3
7_28_2650843,3
7_28_2650867,3
7_28_2650881,1
7_28_2650899,2
7_28_2650911,3
7_28_2650915,3
7_28_2650921,3
7_28_2650938,3
7_28_2650946,1
7_28_2650953,3
7_28_2650957,3
7_28_2650975,3
7_28_2650980,1
7_28_2650995,3
7_28_2650998,3
7_28_2651008,6
7_28_2651051,3
7_28_2651072,1
7_28_2651120,3
7_28_2651131,1
7_28_2651133,3
7_28_2651478,1
7_28_2661323,4
7_28_2661336,4
7_28_2661338,4
7_28_2661462,4
7_28_2681934,4
7_28_2720664,4
7_28_2720711,4
7_28_2720809,4
7_28_2720846,4
7_28_2720869,4
7_28_2721230,4
7_28_2721340,4
7_28_2721730,1
7_28_2751207,4
7_28_2751342,4
7_28_2760445,4
7_28_2760973,4
7_28_2760994,4
7_28_2820280,4
7_28_2830338,2
7_28_2830362,2
7_28_2830380,2
12_45_40093,2
12_45_40135,2
12_45_50339,2
12_45_50341,2
12_45_50352,2
12_45_50356,2
12_45_50357,2
12_45_50367,2
12_45_50375,2
12_45_50385,2
12_45_50389,1
12_45_50399,2
12_45_50400,2
12_45_50408,2
12_45_50418,2
12_45_50420,2
12_45_50438,2
12_45_50447,2
12_45_50464,2
12_45_50494,2
12_45_50500,2
12_45_50792,6
12_45_50961,5
12_45_50977,2
12_45_60185,2
12_45_60252,2
12_45_60311,2
12_45_60348,2
12_45_70553,5
12_45_150898,2
12_45_160751,2
12_45_160873,2
12_45_160892,2
12_45_160942,2
12_45_160959,2
12_45_161011,2
12_45_161257,2
12_45_161261,2
12_45_180563,5
12_45_180564,5
12_45_180565,5
12_45_180581,5
12_45_181077,4
12_45_290426,5
12_45_290832,5
12_45_291406,4
12_45_401551,5
12_45_401592,5
12_45_401593,5
12_45_401598,5
12_45_401614,5
12_45_401620,5
12_45_401644,5
12_45_401654,5
12_45_401657,5
12_45_401660,5
12_45_401668,5
12_45_401674,5
12_45_401679,5
12_45_401683,5
12_45_401686,5
12_45_401700,5
12_45_401708,5
12_45_401723,5
12_45_401739,5
12_45_401740,5
12_45_401742,5
12_45_401746,5
12_45_401751,5
12_45_401754,5
12_45_401755,5
12_45_401761,5
12_45_401766,5
12_45_401772,5
12_45_401790,5
12_45_401805,5
12_45_401816,5
12_45_401866,5
12_45_401869,5
12_45_401934,4
12_45_402202,4
12_45_491082,5
12_45_491087,5
12_45_491113,5
12_45_491162,5
12_46_920272,5
12_46_930386,2
12_46_930596,2
12_46_930623,2
12_46_931073,2
12_46_940155,2
12_46_940247,2
12_46_940326,2
12_46_940356,2
12_46_940362,2
12_46_940367,2
12_46_940373,2
12_46_940379,2
12_46_940394,2
12_46_940422,5
12_46_940425,2
12_46_940441,2
12_46_940444,2
12_46_940459,2
12_46_940501,2
12_46_940509,2
12_46_940515,2
12_46_940521,1
12_46_940535,2
12_46_940542,2
12_46_940556,2
12_46_940564,2
12_46_940605,2
12_46_940619,2
12_46_940645,2
12_46_940673,2
12_46_941319,2
12_46_941335,2
12_46_941393,2
12_46_941408,2
12_46_941427,2
12_46_950129,2
12_46_950205,3
12_46_950220,2
12_46_950360,2
12_46_960414,5
12_46_1031390,5
12_46_1050558,2
12_46_1060964,5
12_46_1060968,5
12_46_1061374,5
12_46_1061416,5
12_46_1261489,5
12_46_1261549,5
12_46_1281746,5
12_46_1281795,5
12_46_1281807,5
12_46_1281829,5
12_46_1281840,5
12_46_1281854,5
12_46_1281855,5
12_46_1281877,5
12_46_1281893,5
12_46_1281895,5
12_46_1281913,5
12_46_1281919,5
12_46_1281924,5
12_46_1281933,5
12_46_1281935,5
12_46_1281942,5
12_46_1281956,5
12_46_1281961,5
12_46_1281977,5
12_46_1281981,5
12_46_1281988,5
12_46_1281994,5
12_46_1281999,5
12_46_1282026,5
12_46_1282042,5
12_46_1282082,5
12_46_1290144,5
12_46_1290375,4
12_47_1700485,1
12_47_1700498,2
12_47_1700509,2
12_47_1700525,2
12_47_1700544,2
12_47_1710052,2
12_47_1710055,5
12_47_1710154,2
12_47_1710213,2
12_47_1710590,1
12_47_1710597,2
12_47_1710624,2
12_47_1710639,2
12_47_1710644,2
12_47_1710662,2
12_47_1710675,2
12_47_1710678,2
12_47_1710684,2
12_47_1710693,2
12_47_1710707,2
12_47_1710718,2
12_47_1710751,2
12_47_1710786,2
12_47_1710795,2
12_47_1720062,2
12_47_1720177,2
12_47_1720407,2
12_47_1720543,2
12_47_1720568,2
12_47_1720600,2
12_47_1730187,5
12_47_1800873,1
12_47_1811015,2
12_47_1820882,2
12_47_1820890,4
12_47_1820995,2
12_47_1821025,2
12_47_1821106,2
12_47_1821119,2
12_47_1821127,2
12_47_1821141,2
12_47_1821147,2
12_47_1821156,2
12_47_1821165,2
12_47_1821184,2
12_47_1821186,2
12_47_1821188,2
12_47_1821208,2
12_47_1821301,2
12_47_1831372,4
12_47_1930839,2
12_47_2030915,5
12_47_2030989,5
12_47_2031012,5
12_47_2031020,5
12_47_2031049,5
12_47_2031073,5
12_47_2031082,5
12_47_2031084,5
12_47_2031156,5
12_47_2031207,5
12_47_2051579,5
12_47_2051648,5
12_47_2051660,5
12_47_2051678,5
12_47_2051707,5
12_47_2051711,5
12_47_2051716,5
12_47_2051718,5
12_47_2051722,5
12_47_2051735,5
12_47_2051772,5
12_47_2051787,5
12_47_2051807,5
12_47_2051826,5
12_47_2051827,5
12_47_2051854,5
12_47_2051871,5
12_47_2051896,5
12_47_2051900,5
12_47_2051913,5
12_47_2140827,5
12_47_2140881,5
12_47_2161006,5
12_47_2161023,5
12_47_2161053,5
12_47_2161055,5
12_47_2161058,5
12_47_2161085,5
12_47_2161094,5
12_47_2161106,5
12_47_2161107,5
12_47_2161130,5
12_47_2161179,5
12_47_2161227,5
12_47_2161235,5
12_48_2570413,5
12_48_2580534,2
12_48_2580556,1
12_48_2580577,5
12_48_2580617,2
12_48_2580628,5
12_48_2580663,1
12_48_2580685,2
12_48_2580805,2
12_48_2590119,2
12_48_2590380,2
12_48_2590394,2
12_48_2590512,2
12_48_2590566,2
12_48_2590572,2
12_48_2590584,2
12_48_2590585,2
12_48_2590587,2
12_48_2590608,2
12_48_2590612,2
12_48_2590622,2
12_48_2590648,2
12_48_2590655,2
12_48_2590669,2
12_48_2590674,2
12_48_2590696,2
12_48_2590698,2
12_48_2590699,2
12_48_2590704,2
12_48_2590726,2
12_48_2590749,3
12_48_2590760,2
12_48_2590765,2
12_48_2590783,2
12_48_2590787,2
12_48_2590795,2
12_48_2590847,2
12_48_2590855,2
12_48_2590894,2
12_48_2600257,3
12_48_2600410,2
12_48_2600475,2
12_48_2600494,2
12_48_2600507,5
12_48_2600539,2
12_48_2680862,5
12_48_2690739,4
12_48_2700853,2
12_48_2700866,2
12_48_2700867,2
12_48_2701009,2
12_48_2701017,2
12_48_2710687,5
12_48_2710832,5
12_48_2800869,4
12_48_2821486,5
12_48_2821545,5
12_48_2911087,5
12_48_2911238,5
12_48_2921317,2
12_48_2931539,5
12_48_2931607,5
12_48_2931651,5
12_48_2931683,5
12_48_2931733,5
12_48_2931736,5
12_48_2931739,5
12_48_2931794,5
12_48_2931805,5
12_48_3041189,5
13_49_50438,2
13_49_50461,2
13_49_50467,5
13_49_50470,2
13_49_50471,2
13_49_50483,2
13_49_50489,2
13_49_50500,2
13_49_50522,2
13_49_50524,2
13_49_50540,2
13_49_50643,2
13_49_60332,2
13_49_60382,2
13_49_60401,2
13_49_60431,3
13_49_60437,2
13_49_60438,2
13_49_60464,2
13_49_60485,2
13_49_60512,2
13_49_60518,2
13_49_60522,2
13_49_60537,2
13_49_60553,2
13_49_60570,2
13_49_60590,1
13_49_60605,2
13_49_60606,2
13_49_60617,2
13_49_60739,2
13_49_60848,2
13_49_70109,2
13_49_70378,5
13_49_70488,2
13_49_70497,2
13_49_161223,4
13_49_170679,2
13_49_170693,2
13_49_170720,2
13_49_170807,2
13_49_170808,2
13_49_170832,2
13_49_170907,2
13_49_170917,2
13_49_170939,2
13_49_180530,5
13_49_280480,2
13_49_290583,5
13_49_290594,5
13_49_380834,5
13_49_381112,5
13_49_381119,5
13_49_381157,5
13_49_401186,6
13_49_401314,5
13_49_401393,5
13_49_401399,5
13_49_401500,5
13_49_401534,5
13_49_401579,5
13_49_401619,5
13_49_401652,5
13_49_401678,5
13_49_490949,5
13_49_490976,5
13_49_511236,5
13_50_920324,5
13_50_930502,2
13_50_930518,2
13_50_930521,2
13_50_930524,2
13_50_930547,2
13_50_930566,2
13_50_930571,2
13_50_930688,2
13_50_940080,2
13_50_940152,2
13_50_940390,2
13_50_940412,2
13_50_940458,2
13_50_940506,2
13_50_940513,2
13_50_940527,2
13_50_940541,1
13_50_940564,2
13_50_940566,2
13_50_940593,2
13_50_940603,2
13_50_940607,2
13_50_940618,2
13_50_940621,2
13_50_940649,2
13_50_940662,2
13_50_940673,2
13_50_940676,2
13_50_940726,2
13_50_940735,2
13_50_940749,2
13_50_940763,2
13_50_940780,2
13_50_940781,2
13_50_940784,2
13_50_940829,2
13_50_940874,2
13_50_950307,2
13_50_950374,2
13_50_950385,2
13_50_950408,5
13_50_950410,2
13_50_950427,2
13_50_950456,3
13_50_1031005,2
13_50_1040887,5
13_50_1040902,5
13_50_1040936,4
13_50_1050615,2
13_50_1050669,2
13_50_1050778,2
13_50_1050788,2
13_50_1050797,2
13_50_1050804,2
13_50_1050828,2
13_50_1050857,2
13_50_1050895,2
13_50_1050943,2
13_50_1050946,2
13_50_1050979,2
13_50_1050988,2
13_50_1051024,2
13_50_1051062,2
13_50_1051064,2
13_50_1051071,2
13_50_1051122,2
13_50_1051123,2
13_50_1070618,5
13_50_1170154,4
13_50_1180239,5
13_50_1261187,5
13_50_1282113,4
13_50_1370845,5
13_50_1370880,5
13_50_1390960,6
13_50_1391153,5
13_50_1391178,5
13_50_1391212,5
13_50_1391390,1
13_51_1800429,5
13_51_1800556,5
13_51_1810488,5
13_51_1810722,2
13_51_1820444,2
13_51_1820446,2
13_51_1820465,2
13_51_1820488,2
13_51_1820496,2
13_51_1820532,2
13_51_1820542,2
13_51_1820553,2
13_51_1820574,2
13_51_1820576,2
13_51_1820612,2
13_51_1820616,2
13_51_1820628,2
13_51_1820640,2
13_51_1820669,2
13_51_1820679,2
13_51_1820710,2
13_51_1820711,2
13_51_1820713,2
13_51_1820715,1
13_51_1820730,2
13_51_1820731,2
13_51_1820735,2
13_51_1820737,2
13_51_1820745,2
13_51_1820756,2
13_51_1820760,2
13_51_1820774,2
13_51_1820778,2
13_51_1820805,2
13_51_1820815,2
13_51_1820966,2
13_51_1821006,2
13_51_1821008,2
13_51_1821034,2
13_51_1821084,2
13_51_1821096,2
13_51_1830352,2
13_51_1830420,3
13_51_1830435,3
13_51_1830488,2
13_51_1830496,2
13_51_1830530,3
13_51_1830547,1
13_51_1840356,5
13_51_1920763,5
13_51_1930621,2
13_51_1930626,2
13_51_1930714,2
13_51_1930852,2
13_51_1930857,2
13_51_1930946,2
13_51_1930988,2
13_51_1931016,2
13_51_2051463,1
13_51_2140764,5
13_51_2140873,5
13_51_2141055,5
13_51_2150859,2
13_51_2161114,5
13_51_2161339,5
13_51_2161376,5
13_51_2170976,4
13_51_2250702,5
13_51_2270937,5
13_52_2680219,5
13_52_2690235,1
13_52_2690270,4
13_52_2690312,2
13_52_2690334,2
13_52_2690339,2
13_52_2690342,2
13_52_2690356,2
13_52_2690363,2
13_52_2690456,2
13_52_2690457,2
13_52_2690460,2
13_52_2690465,2
13_52_2690488,2
13_52_2690500,2
13_52_2690521,2
13_52_2690624,2
13_52_2690689,2
13_52_2690708,2
13_52_2690723,2
13_52_2690737,2
13_52_2690765,2
13_52_2700250,2
13_52_2700260,2
13_52_2700463,2
13_52_2700486,2
13_52_2700488,2
13_52_2700505,2
13_52_2700519,1
13_52_2700539,2
13_52_2700548,2
13_52_2700551,2
13_52_2700560,2
13_52_2700563,2
13_52_2700575,2
13_52_2700577,2
13_52_2700590,2
13_52_2700599,2
13_52_2700600,2
13_52_2700614,2
13_52_2700615,2
13_52_2700620,2
13_52_2700648,2
13_52_2700657,2
13_52_2700659,2
13_52_2700710,2
13_52_2700712,2
13_52_2700818,2
13_52_2700872,2
13_52_2700984,2
13_52_2710225,2
13_52_2710231,2
13_52_2710466,2
13_52_2710481,2
13_52_2710505,2
13_52_2710510,2
13_52_2710518,2
13_52_2710533,2
13_52_2710571,2
13_52_2720365,5
13_52_2800714,5
13_52_2800757,5
13_52_2810634,2
13_52_2810715,2
13_52_2810771,2
13_52_2810812,1
13_52_2810825,2
13_52_2810885,2
13_52_2830401,2
13_52_2901654,5
13_52_2910275,5
13_52_2910340,5
13_52_2911027,4
13_52_2931379,5
13_52_2931419,5
13_52_2931464,5
13_52_2931524,5
13_52_2940323,5
13_52_3041803,5
13_52_3041828,5
13_52_3041908,5
13_52_3041909,5
13_52_3041912,5
13_52_3041933,5
13_52_3042157,1
13_52_3131064,5
13_52_3131203,5
13_52_3131233,5
13_52_3131250,5
3_9_110291,5
3_9_120585,2
3_9_120596,2
3_9_120690,2
3_9_120721,2
3_9_120723,2
3_9_120743,2
3_9_120781,2
3_9_130067,2
3_9_130130,2
3_9_140827,5
3_9_140851,5
3_9_140872,5
3_9_150089,5
3_9_150120,5
3_9_200793,1
3_9_200828,4
3_9_200830,3
3_9_200832,3
3_9_200842,3
3_9_200866,1
3_9_200872,3
3_9_200878,1
3_9_200879,1
3_9_210108,3
3_9_210127,3
3_9_210136,1
3_9_210145,3
3_9_210152,3
3_9_210161,3
3_9_210193,3
3_9_210201,1
3_9_210407,3
3_9_210452,1
3_9_210475,1
3_9_220512,5
3_9_220518,5
3_9_220535,5
3_9_220547,5
3_9_220574,1
3_9_220641,5
3_9_220769,5
3_9_280328,5
3_9_280336,5
3_9_280372,5
3_9_280399,5
3_9_280410,5
3_9_280497,3
3_9_280517,5
3_9_280560,3
3_9_280646,1
3_9_281087,3
3_9_281130,3
3_9_281164,2
3_9_290202,3
3_9_290209,3
3_9_290211,3
3_9_290222,3
3_9_290243,3
3_9_290245,3
3_9_290249,3
3_9_290250,3
3_9_290251,6
3_9_290254,3
3_9_290261,1
3_9_290264,2
3_9_290265,2
3_9_290270,3
3_9_290285,3
3_9_290287,3
3_9_290288,1
3_9_290294,2
3_9_290297,2
3_9_290302,3
3_9_290321,2
3_9_290328,3
3_9_290340,2
3_9_290341,3
3_9_290348,3
3_9_290351,2
3_9_290358,1
3_9_290360,3
3_9_290368,3
3_9_290373,3
3_9_290380,3
3_9_290383,3
3_9_290390,1
3_9_290396,3
3_9_290397,3
3_9_290400,3
3_9_290401,3
3_9_290409,6
3_9_290424,3
3_9_290434,3
3_9_290435,3
3_9_290464,2
3_9_290465,3
3_9_290522,1
3_9_290851,3
3_9_290887,3
3_9_290922,5
3_9_291102,3
3_9_300534,5
3_9_300589,5
3_9_300642,5
3_9_300759,5
3_9_310098,5
3_9_310333,5
3_9_360522,5
3_9_360595,5
3_9_360698,3
3_9_360860,1
3_9_360876,3
3_9_360890,3
3_9_360892,2
3_9_360907,1
3_9_360950,3
3_9_361010,5
3_9_361012,2
3_9_361015,2
3_9_361038,3
3_9_361069,3
3_9_361093,3
3_9_361096,3
3_9_361111,3
3_9_361114,3
3_9_361120,2
3_9_361122,3
3_9_361132,3
3_9_361139,2
3_9_361147,3
3_9_361150,5
3_9_361156,2
3_9_361175,3
3_9_361203,3
3_9_361205,1
3_9_361227,3
3_9_361237,3
3_9_361241,3
3_9_361254,3
3_9_361290,2
3_9_361293,3
3_9_361304,3
3_9_361319,1
3_9_361339,3
3_9_370061,1
3_9_370073,6
3_9_370083,3
3_9_370103,2
3_9_370104,2
3_9_370116,1
3_9_370128,2
3_9_370129,2
3_9_370132,3
3_9_370134,2
3_9_370136,6
3_9_370137,3
3_9_370139,3
3_9_370145,2
3_9_370147,2
3_9_370149,2
3_9_370150,2
3_9_370151,2
3_9_370154,2
3_9_370159,2
3_9_370160,2
3_9_370163,1
3_9_370166,2
3_9_370167,2
3_9_370169,3
3_9_370172,2
3_9_370176,2
3_9_370180,2
3_9_370181,2
3_9_370201,2
3_9_370203,2
3_9_370214,2
3_9_370229,2
3_9_370259,3
3_9_370269,2
3_9_370280,1
3_9_370289,3
3_9_370297,3
3_9_370305,3
3_9_370326,2
3_9_370337,3
3_9_370356,3
3_9_370372,1
3_9_370405,3
3_9_370415,3
3_9_370422,2
3_9_370447,3
3_9_370452,3
3_9_370461,1
3_9_370462,3
3_9_370464,1
3_9_370466,3
3_9_370490,3
3_9_370496,3
3_9_370518,3
3_9_370528,3
3_9_370549,3
3_9_370566,3
3_9_370595,3
3_9_370639,3
3_9_370670,2
3_9_370683,1
3_9_370741,3
3_10_670292,5
3_10_670430,5
3_10_670740,2
3_10_700555,4
3_10_700562,1
3_10_700663,5
3_10_700681,5
3_10_700884,5
3_10_700893,5
3_10_710107,5
3_10_750382,5
3_10_750415,5
3_10_750419,5
3_10_750422,5
3_10_760884,3
3_10_760890,2
3_10_770165,3
3_10_770172,1
3_10_770191,1
3_10_770213,3
3_10_770230,3
3_10_770568,3
3_10_780388,5
3_10_780421,5
3_10_780444,5
3_10_780447,5
3_10_780734,5
3_10_780746,5
3_10_780765,5
3_10_790529,5
3_10_820611,5
3_10_831005,2
3_10_831077,5
3_10_840474,5
3_10_840522,1
3_10_840649,3
3_10_840678,5
3_10_840809,2
3_10_841197,3
3_10_841199,2
3_10_850181,2
3_10_850207,3
3_10_850214,2
3_10_850223,3
3_10_850225,4
3_10_850227,3
3_10_850229,3
3_10_850233,3
3_10_850237,3
3_10_850242,3
3_10_850243,3
3_10_850248,3
3_10_850251,3
3_10_850252,3
3_10_850258,3
3_10_850260,3
3_10_850262,3
3_10_850263,3
3_10_850267,1
3_10_850272,3
3_10_850273,3
3_10_850274,6
3_10_850279,3
3_10_850280,3
3_10_850283,1
3_10_850289,3
3_10_850291,3
3_10_850292,3
3_10_850294,3
3_10_850304,3
3_10_850305,1
3_10_850311,1
3_10_850312,3
3_10_850313,2
3_10_850314,3
3_10_850323,3
3_10_850324,1
3_10_850326,3
3_10_850333,3
3_10_850350,2
3_10_850383,3
3_10_850386,3
3_10_850396,3
3_10_850402,3
3_10_850412,3
3_10_850415,3
3_10_850422,3
3_10_850438,3
3_10_850440,1
3_10_850447,3
3_10_850470,2
3_10_850473,3
3_10_850475,3
3_10_850480,3
3_10_850510,3
3_10_850521,1
3_10_850615,1
3_10_850997,3
3_10_860251,3
3_10_860281,3
3_10_860349,5
3_10_860678,5
3_10_861234,5
3_10_870254,5
3_10_870263,5
3_10_870511,5
3_10_870564,5
3_10_920484,5
3_10_920513,3
3_10_920527,5
3_10_920573,3
3_10_920576,3
3_10_920581,1
3_10_920582,1
3_10_920594,2
3_10_920603,5
3_10_920635,5
3_10_920636,2
3_10_920645,1
3_10_920683,5
3_10_920887,3
3_10_920935,2
3_10_920967,2
3_10_930053,3
3_10_930077,1
3_10_930081,3
3_10_930089,2
3_10_930098,2
3_10_930108,2
3_10_930124,3
3_10_930125,3
3_10_930126,2
3_10_930135,3
3_10_930136,2
3_10_930139,3
3_10_930142,3
3_10_930147,2
3_10_930151,1
3_10_930153,3
3_10_930154,3
3_10_930157,2
3_10_930162,1
3_10_930164,3
3_10_930181,1
3_10_930183,3
3_10_930186,3
3_10_930192,2
3_10_930196,2
3_10_930207,1
3_10_930209,3
3_10_930211,1
3_10_930218,1
3_10_930229,6
3_10_930258,3
3_10_930276,3
3_10_930305,2
3_10_930312,2
3_10_930385,2
3_10_930409,3
3_10_930456,3
3_10_930515,3
3_10_930518,3
3_10_930521,3
3_10_930536,3
3_10_930543,3
3_10_930565,3
3_10_930566,3
3_10_930572,3
3_10_930577,1
3_10_930579,1
3_10_930594,1
3_10_930609,1
3_10_930614,1
3_10_930643,1
3_10_930656,3
3_10_930672,3
3_10_930691,3
3_10_930728,2
3_10_930751,3
3_10_930819,3
3_10_940138,3
3_10_940181,1
3_10_940204,3
3_10_940337,5
3_10_940394,2
3_10_940441,2
3_10_940456,3
3_10_940543,5
3_10_940592,3
3_10_1010722,2
3_11_1160115,2
3_11_1160159,2
3_11_1160181,2
3_11_1160203,2
3_11_1180389,5
3_11_1180390,5
3_11_1180396,5
3_11_1220265,5
3_11_1220332,5
3_11_1220344,5
3_11_1220359,5
3_11_1220370,5
3_11_1230397,3
3_11_1230398,3
3_11_1230444,3
3_11_1230453,3
3_11_1240601,2
3_11_1250223,5
3_11_1250288,5
3_11_1250310,5
3_11_1250432,4
3_11_1250471,5
3_11_1290318,5
3_11_1300158,3
3_11_1300198,3
3_11_1300409,1
3_11_1300483,1
3_11_1300552,3
3_11_1300556,3
3_11_1300568,3
3_11_1300583,3
3_11_1300585,3
3_11_1300594,3
3_11_1300617,3
3_11_1300618,1
3_11_1300636,3
3_11_1300640,3
3_11_1300659,3
3_11_1300667,3
3_11_1300672,3
3_11_1300694,3
3_11_1300701,3
3_11_1300706,3
3_11_1300708,3
3_11_1300712,1
3_11_1300730,3
3_11_1300743,1
3_11_1300766,1
3_11_1300774,1
3_11_1300777,1
3_11_1300786,3
3_11_1300822,3
3_11_1300847,1
3_11_1300931,1
3_11_1320120,5
3_11_1320139,5
3_11_1320155,5
3_11_1320157,5
3_11_1320179,5
3_11_1320185,5
3_11_1320187,5
3_11_1320216,5
3_11_1320241,5
3_11_1320290,4
3_11_1320532,5
3_11_1320563,5
3_11_1320631,5
3_11_1320660,5
3_11_1320713,5
3_11_1330270,5
3_11_1330296,5
3_11_1350624,5
3_11_1360365,5
3_11_1370174,3
3_11_1370182,3
3_11_1370220,1
3_11_1370330,5
3_11_1370338,5
3_11_1370355,5
3_11_1370622,3
3_11_1370681,3
3_11_1370683,3
3_11_1370687,3
3_11_1370697,3
3_11_1370698,3
3_11_1370699,3
3_11_1370705,1
3_11_1370709,3
3_11_1370721,3
3_11_1370723,1
3_11_1370724,3
3_11_1370725,1
3_11_1370730,3
3_11_1370737,3
3_11_1370738,3
3_11_1370740,3
3_11_1370741,3
3_11_1370744,3
3_11_1370745,3
3_11_1370746,3
3_11_1370747,3
3_11_1370749,3
3_11_1370752,3
3_11_1370753,3
3_11_1370755,3
3_11_1370757,3
3_11_1370758,3
3_11_1370763,3
3_11_1370765,2
3_11_1370768,3
3_11_1370770,3
3_11_1370771,2
3_11_1370772,3
3_11_1370777,1
3_11_1370779,3
3_11_1370780,3
3_11_1370781,3
3_11_1370786,1
3_11_1370787,2
3_11_1370788,3
3_11_1370790,3
3_11_1370792,3
3_11_1370793,1
3_11_1370794,2
3_11_1370797,3
3_11_1370798,2
3_11_1370808,3
3_11_1370815,3
3_11_1370817,3
3_11_1370818,2
3_11_1370819,2
3_11_1370820,3
3_11_1370821,3
3_11_1370824,3
3_11_1370825,2
3_11_1370827,2
3_11_1370828,3
3_11_1370832,3
3_11_1370837,2
3_11_1370838,2
3_11_1370842,3
3_11_1370848,3
3_11_1370852,3
3_11_1370855,1
3_11_1370859,1
3_11_1370860,1
3_11_1380068,3
3_11_1380071,3
3_11_1380106,2
3_11_1380134,3
3_11_1380448,2
3_11_1380639,3
3_11_1380784,3
3_11_1380810,5
3_11_1380862,5
3_11_1380874,1
3_11_1380972,5
3_11_1440293,5
3_11_1440365,3
3_11_1440385,3
3_11_1440448,5
3_11_1440455,1
3_11_1440471,5
3_11_1440621,3
3_11_1440683,3
3_11_1440748,1
3_11_1440769,3
3_11_1440771,1
3_11_1440784,3
3_11_1440789,3
3_11_1440808,3
3_11_1440810,3
3_11_1440859,2
3_11_1440860,1
3_11_1440919,5
3_11_1440922,3
3_11_1440923,2
3_11_1440928,3
3_11_1440932,3
3_11_1440936,3
3_11_1440944,2
3_11_1440950,1
3_11_1440951,6
3_11_1440957,3
3_11_1440958,2
3_11_1450051,3
3_11_1450135,3
3_11_1450144,3
3_11_1450152,3
3_11_1450171,3
3_11_1450174,3
3_11_1450184,3
3_11_1450189,3
3_11_1450193,1
3_11_1450194,3
3_11_1450219,1
3_11_1450222,3
3_11_1450234,2
3_11_1450249,2
3_11_1450254,3
3_11_1450274,1
3_11_1450285,3
3_11_1450289,2
3_11_1450297,3
3_11_1450322,3
3_11_1450329,3
3_11_1450339,3
3_11_1450353,3
3_11_1450358,3
3_11_1450377,1
3_11_1450397,3
3_11_1450405,3
3_11_1450428,3
3_11_1450443,3
3_11_1450464,3
3_11_1450470,1
3_11_1450545,1
3_11_1450588,1
3_11_1450681,5
3_11_1450705,5
3_12_1650215,2
3_12_1710313,5
3_12_1720214,5
3_12_1720304,5
3_12_1730527,2
3_12_1730580,2
3_12_1730639,2
3_12_1730641,2
3_12_1730661,2
3_12_1730679,2
3_12_1730701,2
3_12_1730711,2
3_12_1740093,5
3_12_1740195,2
3_12_1750822,5
3_12_1750831,5
3_12_1760060,5
3_12_1760145,5
3_12_1800220,5
3_12_1800374,5
3_12_1800384,5
3_12_1810610,3
3_12_1810613,3
3_12_1810634,1
3_12_1810637,4
3_12_1810652,2
3_12_1810655,3
3_12_1810657,3
3_12_1810660,1
3_12_1810665,1
3_12_1810670,3
3_12_1810672,2
3_12_1810674,3
3_12_1810692,1
3_12_1810698,1
3_12_1810704,3
3_12_1810709,3
3_12_1810712,3
3_12_1810715,3
3_12_1810720,6
3_12_1810721,3
3_12_1810732,1
3_12_1810738,3
3_12_1810748,1
3_12_1820108,3
3_12_1820111,3
3_12_1820128,3
3_12_1820315,3
3_12_1830277,5
3_12_1830286,5
3_12_1830290,5
3_12_1830299,5
3_12_1830348,5
3_12_1830408,5
3_12_1830467,5
3_12_1880446,5
3_12_1880530,5
3_12_1880675,5
3_12_1890261,3
3_12_1890294,3
3_12_1890318,1
3_12_1890549,3
3_12_1890629,3
3_12_1890740,3
3_12_1890770,3
3_12_1890812,3
3_12_1890819,1
3_12_1890826,3
3_12_1890828,3
3_12_1890834,3
3_12_1890836,3
3_12_1890837,3
3_12_1890838,3
3_12_1890841,3
3_12_1890842,3
3_12_1890844,3
3_12_1890848,1
3_12_1890849,3
3_12_1890850,3
3_12_1890851,3
3_12_1890855,3
3_12_1890859,3
3_12_1890860,3
3_12_1890862,3
3_12_1890863,2
3_12_1890864,3
3_12_1890867,1
3_12_1890869,3
3_12_1890870,2
3_12_1890875,1
3_12_1890876,1
3_12_1890877,3
3_12_1890878,3
3_12_1890880,3
3_12_1890883,1
3_12_1890885,1
3_12_1890886,3
3_12_1890887,3
3_12_1890888,3
3_12_1890898,3
3_12_1890900,3
3_12_1890905,3
3_12_1890908,3
3_12_1890913,3
3_12_1890914,3
3_12_1890915,3
3_12_1890924,1
3_12_1890928,3
3_12_1890931,3
3_12_1890939,3
3_12_1900077,3
3_12_1900092,3
3_12_1900097,3
3_12_1900112,3
3_12_1900113,3
3_12_1900129,3
3_12_1900152,3
3_12_1900154,3
3_12_1900163,3
3_12_1900165,3
3_12_1900173,1
3_12_1900175,1
3_12_1900196,3
3_12_1900206,3
3_12_1900258,3
3_12_1900350,1
3_12_1900736,3
3_12_1900802,2
3_12_1910315,5
3_12_1910324,5
3_12_1910337,5
3_12_1910338,5
3_12_1910372,5
3_12_1910610,5
3_12_1910824,6
3_12_1910977,5
3_12_1920425,5
3_12_1920440,5
3_12_1961170,5
3_12_1970143,2
3_12_1970182,2
3_12_1970203,5
3_12_1970228,5
3_12_1970253,5
3_12_1970263,5
3_12_1970269,5
3_12_1970280,5
3_12_1970303,3
3_12_1970371,3
3_12_1970379,2
3_12_1970398,2
3_12_1970466,5
3_12_1970477,2
3_12_1970488,3
3_12_1970505,5
3_12_1970529,5
3_12_1970534,3
3_12_1970575,3
3_12_1970603,3
3_12_1970606,3
3_12_1970617,3
3_12_1970638,3
3_12_1970640,3
3_12_1970645,3
3_12_1970660,3
3_12_1970664,3
3_12_1970700,3
3_12_1970765,3
3_12_1970772,3
3_12_1970807,3
3_12_1970837,3
3_12_1970848,3
3_12_1970849,3
3_12_1970851,1
3_12_1970882,3
3_12_1970891,3
3_12_1970932,1
3_12_1970964,3
3_12_1970970,6
3_12_1970991,6
3_12_1970998,1
3_12_1971003,3
3_12_1971007,1
3_12_1971008,3
3_12_1971009,3
3_12_1971010,1
3_12_1971011,3
3_12_1971016,3
3_12_1971017,3
3_12_1971021,2
3_12_1971024,3
3_12_1971025,3
3_12_1971026,3
3_12_1971027,3
3_12_1971033,3
3_12_1971035,3
3_12_1971036,2
3_12_1971037,3
3_12_1971040,3
3_12_1971046,3
3_12_1971047,3
3_12_1971055,3
3_12_1971056,3
3_12_1971061,2
3_12_1971064,2
3_12_1971066,2
3_12_1971070,1
3_12_1971071,1
3_12_1971074,2
3_12_1971075,3
3_12_1971077,6
3_12_1971082,2
3_12_1971083,3
3_12_1971084,2
3_12_1971087,3
3_12_1971089,3
3_12_1971093,3
3_12_1971095,3
3_12_1971100,3
3_12_1971103,2
3_12_1971104,3
3_12_1971105,3
3_12_1971109,3
3_12_1971112,1
3_12_1971115,3
3_12_1980056,3
3_12_1980057,3
3_12_1980065,3
3_12_1980066,3
3_12_1980076,3
3_12_1980077,3
3_12_1980084,2
3_12_1980088,3
3_12_1980094,3
3_12_1980098,3
3_12_1980099,3
3_12_1980106,3
3_12_1980126,6
3_12_1980127,2
3_12_1980140,3
3_12_1980144,2
3_12_1980156,3
3_12_1980165,3
3_12_1980167,3
3_12_1980176,3
3_12_1980184,3
3_12_1980187,3
3_12_1980189,2
3_12_1980214,2
3_12_1980216,2
3_12_1980279,3
3_12_1980327,2
3_12_1980402,3
3_12_1980442,3
3_12_1980448,3
3_12_1980454,3
3_12_1980474,3
3_12_1980480,3
3_12_1980509,1
3_12_1980540,3
3_12_1980560,1
3_12_1980562,3
3_12_1980605,3
3_12_1980620,3
3_12_1980757,2
3_12_1980815,2
3_12_1980817,5
3_12_1980829,5
3_12_1980864,5
3_12_1990263,5
3_12_2050883,3
3_12_2051007,3
3_12_2051014,3
3_12_2051073,1
3_12_2051074,1
3_12_2051127,2
3_12_2060182,6
3_12_2060260,1
3_12_2060296,1
3_12_2060314,3
3_12_2060353,1
3_12_2060374,3
4_13_41284,2
4_13_41291,2
4_13_41316,2
4_13_41369,2
4_13_41376,2
4_13_41388,2
4_13_41409,2
4_13_41434,2
4_13_41436,2
4_13_50109,2
4_13_50127,2
4_13_50193,2
4_13_50232,2
4_13_50241,2
4_13_50259,2
4_13_50284,2
4_13_50288,2
4_13_60753,2
4_13_60766,2
4_13_70201,5
4_13_110334,5
4_13_110861,5
4_13_110904,1
4_13_110921,5
4_13_121727,3
4_13_130403,3
4_13_140798,2
4_13_140813,2
4_13_141571,5
4_13_141673,5
4_13_141798,5
4_13_141804,5
4_13_141815,5
4_13_141831,5
4_13_150258,5
4_13_150268,5
4_13_150284,5
4_13_191026,5
4_13_191156,5
4_13_191168,5
4_13_191169,5
4_13_191258,5
4_13_200282,5
4_13_201269,3
4_13_201626,1
4_13_201672,1
4_13_201762,3
4_13_201772,1
4_13_201886,1
4_13_201893,3
4_13_210223,3
4_13_210231,3
4_13_210357,1
4_13_210389,1
4_13_210409,3
4_13_210467,3
4_13_210471,1
4_13_210476,3
4_13_210483,1
4_13_210484,1
4_13_210490,3
4_13_210491,3
4_13_210498,3
4_13_210501,1
4_13_210512,1
4_13_210521,6
4_13_210535,3
4_13_210540,3
4_13_210545,3
4_13_210550,3
4_13_210567,3
4_13_210577,1
4_13_210584,3
4_13_210659,3
4_13_210684,3
4_13_210880,3
4_13_210910,3
4_13_211171,1
4_13_211312,3
4_13_211883,1
4_13_220650,5
4_13_220812,5
4_13_220820,5
4_13_220845,5
4_13_220849,5
4_13_220857,5
4_13_220864,5
4_13_220867,5
4_13_220877,5
4_13_220890,5
4_13_221092,5
4_13_221373,5
4_13_271458,2
4_13_271482,5
4_13_271751,5
4_13_271836,5
4_13_272017,3
4_13_280306,5
4_13_280597,5
4_13_280776,5
4_13_280789,5
4_13_280835,5
4_13_280868,5
4_13_280872,5
4_13_280988,5
4_13_281181,5
4_13_290567,3
4_13_290580,2
4_13_290581,3
4_13_290583,2
4_13_290588,1
4_13_290590,3
4_13_290591,2
4_13_290596,3
4_13_290600,3
4_13_290601,1
4_13_290602,3
4_13_290604,2
4_13_290610,3
4_13_290611,1
4_13_290612,3
4_13_290618,3
4_13_290621,3
4_13_290622,3
4_13_290623,1
4_13_290624,3
4_13_290628,3
4_13_290630,2
4_13_290634,3
4_13_290635,3
4_13_290637,3
4_13_290643,3
4_13_290648,1
4_13_290649,3
4_13_290650,1
4_13_290654,1
4_13_290665,1
4_13_290668,3
4_13_290673,2
4_13_290675,1
4_13_290679,3
4_13_290680,1
4_13_290682,3
4_13_290685,2
4_13_290686,3
4_13_290693,1
4_13_290695,2
4_13_290696,3
4_13_290698,2
4_13_290701,1
4_13_290703,3
4_13_290704,3
4_13_290706,3
4_13_290710,3
4_13_290711,2
4_13_290714,3
4_13_290720,2
4_13_290724,3
4_13_290733,2
4_13_290738,2
4_13_290739,1
4_13_290740,3
4_13_290742,3
4_13_290743,1
4_13_290748,2
4_13_290756,3
4_13_290769,3
4_13_290774,3
4_13_290781,1
4_13_290782,3
4_13_290783,3
4_13_290784,1
4_13_290792,3
4_13_290794,3
4_13_290799,3
4_13_290803,3
4_13_290809,3
4_13_290815,3
4_13_290822,3
4_13_290825,3
4_13_290835,3
4_13_290853,1
4_13_290873,3
4_13_291553,3
4_13_292258,2
4_13_292508,5
4_13_300322,5
4_13_300428,5
4_13_300463,5
4_13_300525,3
4_13_300874,5
4_13_360731,5
4_13_360927,5
4_13_360931,5
4_13_360986,5
4_13_360996,5
4_13_360997,5
4_13_361392,5
4_13_361409,1
4_13_361433,1
4_13_361518,3
4_13_361544,3
4_13_361581,1
4_13_361751,1
4_13_361758,3
4_13_361788,3
4_13_361789,3
4_13_361823,6
4_13_361826,3
4_13_361834,1
4_13_361857,3
4_13_361862,3
4_13_361903,3
4_13_361908,1
4_13_361933,1
4_13_361981,3
4_13_361994,3
4_13_361995,1
4_13_362006,3
4_13_362021,3
4_13_362032,1
4_13_362037,1
4_13_362060,3
4_13_362063,3
4_13_362090,3
4_13_362131,3
4_13_362179,3
4_13_370082,3
4_13_370084,3
4_13_370133,3
4_13_370158,1
4_13_370211,6
4_13_370301,1
4_13_370336,6
4_13_370352,2
4_13_370362,2
4_13_370363,1
4_13_370378,2
4_13_370379,3
4_13_370380,6
4_13_370385,3
4_13_370386,2
4_13_370390,2
4_13_370395,2
4_13_370398,2
4_13_370399,3
4_13_370401,2
4_13_370408,3
4_13_370409,2
4_13_370411,2
4_13_370428,2
4_13_370435,2
4_13_370438,3
4_13_370440,2
4_13_370441,3
4_13_370443,2
4_13_370452,1
4_13_370460,2
4_13_370464,2
4_13_370465,3
4_13_370493,3
4_13_370546,3
4_13_370586,1
4_13_370704,3
4_13_370733,2
4_13_370754,3
4_13_370768,2
4_13_370787,1
4_13_370819,3
4_13_370861,1
4_13_370874,3
4_13_370878,3
4_13_370915,2
4_13_370937,3
4_13_370943,3
4_13_370966,1
4_13_370974,3
4_13_370994,2
4_13_371027,3
4_13_371090,3
4_13_371505,5
4_13_380344,5
4_13_380457,5
4_13_380502,5
4_14_600635,2
4_14_600696,2
4_14_600708,2
4_14_600727,2
4_14_600744,2
4_14_600779,2
4_14_600781,2
4_14_600802,2
4_14_600817,2
4_14_600836,2
4_14_600841,1
4_14_600904,2
4_14_600907,2
4_14_610162,2
4_14_610176,2
4_14_610674,2
4_14_610683,2
4_14_661118,4
4_14_670465,5
4_14_670528,5
4_14_670552,5
4_14_670716,5
4_14_670766,2
4_14_681063,2
4_14_681326,2
4_14_681355,2
4_14_681360,2
4_14_681374,2
4_14_681380,2
4_14_681400,2
4_14_681435,2
4_14_681557,2
4_14_681776,2
4_14_700964,5
4_14_701048,5
4_14_701060,5
4_14_701289,5
4_14_701535,5
4_14_701556,5
4_14_701580,5
4_14_701612,5
4_14_701660,5
4_14_701674,5
4_14_701712,5
4_14_750362,5
4_14_750716,5
4_14_750718,5
4_14_750902,5
4_14_750913,5
4_14_750950,5
4_14_750952,5
4_14_760783,1
4_14_761517,3
4_14_761561,3
4_14_761597,3
4_14_761684,1
4_14_761691,3
4_14_761707,1
4_14_761721,3
4_14_761728,1
4_14_761733,3
4_14_761745,3
4_14_761769,3
4_14_761779,3
4_14_770541,1
4_14_780110,5
4_14_821407,2
4_14_831233,5
4_14_831236,5
4_14_831362,5
4_14_831379,5
4_14_840644,2
4_14_840760,1
4_14_841919,1
4_14_841932,3
4_14_842105,3
4_14_842112,3
4_14_842122,3
4_14_842131,3
4_14_842132,3
4_14_842140,3
4_14_842141,3
4_14_842150,3
4_14_842151,3
4_14_842152,3
4_14_842153,3
4_14_842157,3
4_14_842160,3
4_14_842162,3
4_14_842170,1
4_14_842180,3
4_14_842191,3
4_14_842194,3
4_14_842197,3
4_14_842210,3
4_14_842211,3
4_14_842214,3
4_14_842215,2
4_14_842221,3
4_14_842225,3
4_14_842231,3
4_14_842240,3
4_14_842245,3
4_14_842247,3
4_14_842260,3
4_14_842261,3
4_14_842262,6
4_14_842267,3
4_14_842269,3
4_14_842271,2
4_14_842275,3
4_14_842277,3
4_14_842278,3
4_14_842279,3
4_14_842280,3
4_14_842282,2
4_14_842287,3
4_14_842296,3
4_14_842297,3
4_14_842307,3
4_14_842308,3
4_14_842311,2
4_14_842317,3
4_14_842331,2
4_14_842334,1
4_14_842340,2
4_14_842358,1
4_14_842374,3
4_14_842378,3
4_14_842386,3
4_14_842415,3
4_14_850143,3
4_14_850183,3
4_14_850225,3
4_14_850253,3
4_14_850348,3
4_14_850374,3
4_14_850648,3
4_14_850708,3
4_14_851084,3
4_14_851689,1
4_14_851762,1
4_14_851886,1
4_14_852093,3
4_14_861385,5
4_14_910192,6
4_14_920473,2
4_14_920628,5
4_14_920919,5
4_14_920934,2
4_14_921070,5
4_14_921072,5
4_14_921094,5
4_14_921163,2
4_14_921172,3
4_14_921177,3
4_14_921265,3
4_14_921284,1
4_14_921289,3
4_14_921313,1
4_14_921318,1
4_14_921379,3
4_14_921467,3
4_14_921514,3
4_14_921546,3
4_14_921585,3
4_14_921589,1
4_14_921610,3
4_14_921617,3
4_14_921666,3
4_14_921697,3
4_14_921725,3
4_14_921803,3
4_14_921832,1
4_14_921913,2
4_14_921928,3
4_14_922122,1
4_14_922166,3
4_14_922193,3
4_14_922194,3
4_14_922203,2
4_14_922205,3
4_14_922208,3
4_14_922213,2
4_14_922214,1
4_14_922219,2
4_14_922221,1
4_14_922222,1
4_14_922225,3
4_14_922226,1
4_14_922228,6
4_14_922229,3
4_14_922238,2
4_14_922239,6
4_14_922242,1
4_14_922243,6
4_14_922246,2
4_14_922247,6
4_14_922254,3
4_14_922256,3
4_14_922262,3
4_14_922265,3
4_14_922266,2
4_14_922267,2
4_14_922271,2
4_14_922272,2
4_14_922279,2
4_14_922280,3
4_14_922282,2
4_14_922284,2
4_14_922285,2
4_14_922288,2
4_14_922290,2
4_14_922295,2
4_14_922297,3
4_14_922301,2
4_14_922303,2
4_14_922304,2
4_14_922308,5
4_14_922309,3
4_14_922310,3
4_14_922312,2
4_14_922313,3
4_14_922316,2
4_14_922319,2
4_14_922320,3
4_14_922322,3
4_14_922323,3
4_14_922324,2
4_14_922326,3
4_14_922327,2
4_14_922328,3
4_14_922330,2
4_14_922331,3
4_14_922338,3
4_14_922339,3
4_14_930106,2
4_14_930113,1
4_14_930127,2
4_14_930156,2
4_14_930168,3
4_14_930170,2
4_14_930174,2
4_14_930187,2
4_14_930188,1
4_14_930192,3
4_14_930194,3
4_14_930200,2
4_14_930207,3
4_14_930208,5
4_14_930210,2
4_14_930211,2
4_14_930223,3
4_14_930226,2
4_14_930229,3
4_14_930232,3
4_14_930237,3
4_14_930238,2
4_14_930239,2
4_14_930247,2
4_14_930249,2
4_14_930260,3
4_14_930261,6
4_14_930264,3
4_14_930273,2
4_14_930283,2
4_14_930287,6
4_14_930414,2
4_14_930466,1
4_14_930469,1
4_14_930524,3
4_14_930684,3
4_14_930693,2
4_14_930773,3
4_14_930819,3
4_14_930832,3
4_14_930864,3
4_14_931031,3
4_14_931163,3
4_14_931204,5
4_14_931305,3
4_14_931476,5
4_14_931482,5
4_14_931572,5
4_14_931634,5
4_14_931733,5
4_14_931772,5
4_14_931835,5
4_14_931883,5
4_14_931994,5
4_14_940156,5
4_14_992180,4
4_14_1001631,1
4_14_1010698,3
4_15_1231183,2
4_15_1240089,2
4_15_1240833,2
4_15_1240874,2
4_15_1240926,2
4_15_1240933,2
4_15_1240941,2
4_15_1240955,1
4_15_1241055,2
4_15_1241071,2
4_15_1241079,2
4_15_1241093,2
4_15_1241100,2
4_15_1241102,2
4_15_1260652,4
4_15_1261267,5
4_15_1261271,5
4_15_1301182,5
4_15_1301279,5
4_15_1310570,5
4_15_1310613,5
4_15_1310737,5
4_15_1310742,5
4_15_1310859,5
4_15_1310884,5
4_15_1310905,5
4_15_1311050,2
4_15_1311051,2
4_15_1311579,2
4_15_1340613,2
4_15_1340732,5
4_15_1340760,5
4_15_1340842,5
4_15_1340860,5
4_15_1341000,5
4_15_1341119,5
4_15_1341556,5
4_15_1341569,5
4_15_1390697,5
4_15_1390806,5
4_15_1390858,5
4_15_1391035,5
4_15_1391084,5
4_15_1391124,5
4_15_1391133,5
4_15_1391183,5
4_15_1391192,5
4_15_1391197,5
4_15_1401393,1
4_15_1401484,3
4_15_1401506,3
4_15_1401518,3
4_15_1401552,1
4_15_1401556,3
4_15_1401565,3
4_15_1401572,1
4_15_1401582,3
4_15_1401592,1
4_15_1401620,1
4_15_1401624,2
4_15_1401655,2
4_15_1401668,1
4_15_1401693,3
4_15_1401718,1
4_15_1401724,3
4_15_1401754,3
4_15_1401758,3
4_15_1401764,2
4_15_1401780,3
4_15_1401783,3
4_15_1401786,3
4_15_1401842,1
4_15_1401878,3
4_15_1410644,1
4_15_1410670,3
4_15_1411083,1
4_15_1420415,5
4_15_1420608,5
4_15_1420623,5
4_15_1420714,5
4_15_1420779,5
4_15_1471504,5
4_15_1471565,5
4_15_1471589,5
4_15_1471660,5
4_15_1471675,5
4_15_1482272,3
4_15_1482273,3
4_15_1482459,1
4_15_1482470,3
4_15_1482483,3
4_15_1482486,3
4_15_1482492,3
4_15_1482507,3
4_15_1482508,3
4_15_1482517,3
4_15_1482519,3
4_15_1482520,3
4_15_1482521,1
4_15_1482525,3
4_15_1482527,3
4_15_1482538,3
4_15_1482546,3
4_15_1482547,3
4_15_1482548,3
4_15_1482555,2
4_15_1482558,3
4_15_1482560,3
4_15_1482562,3
4_15_1482564,3
4_15_1482568,3
4_15_1482569,3
4_15_1482570,3
4_15_1482574,3
4_15_1482577,3
4_15_1482580,3
4_15_1482582,3
4_15_1482583,3
4_15_1482585,3
4_15_1482587,3
4_15_1482588,1
4_15_1482589,3
4_15_1482593,1
4_15_1482596,3
4_15_1482598,3
4_15_1482602,3
4_15_1482604,6
4_15_1482606,3
4_15_1482607,3
4_15_1490231,3
4_15_1490245,3
4_15_1490375,3
4_15_1490393,3
4_15_1490394,3
4_15_1490407,3
4_15_1490414,3
4_15_1490417,3
4_15_1490419,3
4_15_1490421,3
4_15_1490423,3
4_15_1490436,3
4_15_1490448,3
4_15_1490473,3
4_15_1490492,3
4_15_1490508,3
4_15_1490572,3
4_15_1490827,1
4_15_1490929,3
4_15_1491272,3
4_15_1491311,3
4_15_1492025,3
4_15_1492200,5
4_15_1492216,5
4_15_1492520,5
4_15_1500354,5
4_15_1500561,5
4_15_1501281,5
4_15_1562319,6
4_15_1562320,6
4_15_1562328,6
4_15_1562336,6
4_15_1562337,6
4_15_1562343,6
4_15_1562353,3
4_15_1562375,3
4_15_1570147,6
4_15_1570164,6
4_15_1570170,6
4_15_1570181,6
4_15_1570207,3
4_15_1570212,3
4_15_1570213,6
4_15_1570214,3
4_15_1570215,2
4_15_1570219,2
4_15_1570233,2
4_15_1570240,6
4_15_1570248,2
4_15_1570253,6
4_15_1570254,3
4_15_1570268,3
4_15_1570276,6
4_15_1570281,2
4_15_1570289,6
4_15_1570294,6
4_15_1570297,3
4_15_1570328,3
4_15_1570329,6
4_15_1570335,6
4_15_1570346,6
4_15_1570350,6
4_15_1570356,6
4_15_1570365,2
4_15_1570368,6
4_15_1570387,2
4_15_1570388,1
4_15_1570815,5
4_15_1571076,5
4_15_1571203,5
4_15_1571261,5
4_15_1571362,5
4_15_1571584,2
4_15_1571607,5
4_15_1571611,5
4_15_1580605,5
4_15_1580619,5
4_15_1651714,2
4_16_1790317,5
4_16_1790353,5
4_16_1790423,5
4_16_1791250,2
4_16_1810447,2
4_16_1810511,1
4_16_1810589,2
4_16_1810618,2
4_16_1830595,5
4_16_1830651,5
4_16_1830669,5
4_16_1830701,5
4_16_1881838,5
4_16_1881917,4
4_16_1890261,5
4_16_1890297,5
4_16_1900753,2
4_16_1900807,3
4_16_1900848,6
4_16_1900859,2
4_16_1900860,2
4_16_1900883,3
4_16_1900890,3
4_16_1900931,3
4_16_1900940,3
4_16_1900942,1
4_16_1900959,3
4_16_1900960,3
4_16_1900980,1
4_16_1901035,3
4_16_1901059,3
4_16_1901438,4
4_16_1911327,5
4_16_1911353,5
4_16_1911398,5
4_16_1911432,5
4_16_1911460,5
4_16_1911570,5
4_16_1911593,5
4_16_1911634,5
4_16_1920118,5
4_16_1920493,5
4_16_1980480,5
4_16_1980485,5
4_16_1980496,5
4_16_1980560,5
4_16_1980571,5
4_16_1980643,5
4_16_1980703,5
4_16_1981134,5
4_16_1981758,3
4_16_1990677,1
4_16_1991021,6
4_16_1991042,2
4_16_1991173,2
4_16_1991196,3
4_16_1991197,3
4_16_1991232,3
4_16_1991324,1
4_16_1991360,3
4_16_1991382,3
4_16_1991390,3
4_16_1991410,3
4_16_1991417,3
4_16_1991435,3
4_16_1991441,3
4_16_1991457,3
4_16_1991482,3
4_16_1991496,3
4_16_1991497,3
4_16_1991502,2
4_16_1991504,1
4_16_1991509,3
4_16_1991520,3
4_16_1991530,2
4_16_1991542,3
4_16_1991545,1
4_16_1991553,3
4_16_1991562,3
4_16_1991570,3
4_16_1991573,3
4_16_1991575,3
4_16_1991576,2
4_16_1991580,3
4_16_1991584,3
4_16_1991586,3
4_16_1991599,3
4_16_1991603,3
4_16_1991611,3
4_16_1991625,3
4_16_1992326,3
4_16_2000332,3
4_16_2000377,2
4_16_2001107,3
4_16_2001498,5
4_16_2001723,5
4_16_2001849,5
4_16_2001862,5
4_16_2001884,5
4_16_2001956,5
4_16_2001959,5
4_16_2002007,5
4_16_2010124,5
4_16_2010170,5
4_16_2010529,5
4_16_2060877,6
4_16_2071590,5
4_16_2071622,3
4_16_2071723,5
4_16_2071816,5
4_16_2071820,5
4_16_2071860,5
4_16_2072103,5
4_16_2072174,5
4_16_2080157,5
4_16_2080371,5
4_16_2080496,5
4_16_2080841,3
4_16_2080947,3
4_16_2081069,1
4_16_2081154,1
4_16_2081385,3
4_16_2081575,3
4_16_2081588,3
4_16_2081671,1
4_16_2081680,2
4_16_2081702,3
4_16_2081712,6
4_16_2081719,6
4_16_2081720,3
4_16_2081721,3
4_16_2081727,3
4_16_2081733,6
4_16_2081735,6
4_16_2081736,3
4_16_2081739,6
4_16_2081740,3
4_16_2081743,6
4_16_2081746,6
4_16_2081752,6
4_16_2081757,6
4_16_2081758,6
4_16_2081772,6
4_16_2081780,2
4_16_2081782,2
4_16_2081785,6
4_16_2081786,6
4_16_2081793,6
4_16_2081796,6
4_16_2081799,3
4_16_2081805,6
4_16_2081810,6
4_16_2081811,2
4_16_2081816,3
4_16_2081818,2
4_16_2081819,6
4_16_2081821,3
4_16_2081823,6
4_16_2081826,6
4_16_2081827,3
4_16_2081830,3
4_16_2081832,6
4_16_2081833,3
4_16_2081834,6
4_16_2081835,3
4_16_2081836,6
4_16_2081839,3
4_16_2081845,1
4_16_2081847,2
4_16_2081849,3
4_16_2081850,2
4_16_2081855,1
4_16_2081858,2
4_16_2081863,1
4_16_2081865,2
4_16_2081866,2
4_16_2081872,2
4_16_2081873,3
4_16_2081875,2
4_16_2081877,2
4_16_2081879,6
4_16_2081881,6
4_16_2081882,1
4_16_2081886,3
4_16_2081890,6
4_16_2081894,6
4_16_2081895,3
4_16_2081898,6
4_16_2081901,6
4_16_2081903,2
4_16_2081904,3
4_16_2081906,3
4_16_2081908,6
4_16_2081910,3
4_16_2081911,6
4_16_2081914,3
4_16_2081916,3
4_16_2081926,3
4_16_2081928,1
4_16_2081929,6
4_16_2081930,6
4_16_2081931,6
4_16_2081935,6
4_16_2081936,6
4_16_2081937,3
4_16_2081942,6
4_16_2081944,6
4_16_2081946,3
4_16_2081950,6
4_16_2081953,6
4_16_2081956,3
4_16_2081967,6
4_16_2081969,6
4_16_2081971,6
4_16_2081972,6
4_16_2081982,2
4_16_2081983,3
4_16_2081984,6
4_16_2081993,6
4_16_2081995,6
4_16_2081998,6
4_16_2082004,6
4_16_2082009,3
4_16_2082023,3
4_16_2082030,3
4_16_2082050,2
4_16_2082052,3
4_16_2082054,6
4_16_2082058,3
4_16_2082159,1
4_16_2082372,3
4_16_2082427,3
4_16_2082505,1
4_16_2090883,3
4_16_2090895,3
4_16_2090900,3
4_16_2091307,3
4_16_2091358,5
4_16_2091366,5
4_16_2091381,5
4_16_2091396,5
4_16_2091615,2
4_16_2091681,5
4_16_2091692,5
4_16_2091729,5
4_16_2091753,5
4_16_2091758,5
4_16_2091760,5
4_16_2091779,5
4_16_2170700,3
4_16_2180369,1
4_16_2180381,3
2_5_40665,2
2_5_40696,2
2_5_40699,2
2_5_90715,5
2_5_111195,2
2_5_111257,2
2_5_111524,2
2_5_131068,5
2_5_131069,5
2_5_131101,5
2_5_131158,5
2_5_131227,5
2_5_131340,5
2_5_131343,5
2_5_131365,5
2_5_131371,5
2_5_131383,1
2_5_131387,5
2_5_131397,1
2_5_131401,5
2_5_131423,5
2_5_131455,5
2_5_131466,5
2_5_131468,5
2_5_131495,5
2_5_161027,5
2_5_161043,5
2_5_161107,5
2_5_161154,5
2_5_170334,5
2_5_170402,5
2_5_170418,5
2_5_170426,5
2_5_170479,5
2_5_180926,3
2_5_181110,1
2_5_181289,1
2_5_181515,3
2_5_181524,3
2_5_181571,3
2_5_181714,3
2_5_181787,1
2_5_182066,1
2_5_182116,3
2_5_200579,5
2_5_200664,5
2_5_200666,5
2_5_200669,5
2_5_200687,5
2_5_200691,5
2_5_200715,5
2_5_200758,5
2_5_200781,5
2_5_201033,5
2_5_201061,5
2_5_201106,5
2_5_201132,5
2_5_201134,5
2_5_201166,5
2_5_201236,5
2_5_201270,5
2_5_201350,5
2_5_201360,5
2_5_240557,5
2_5_240639,5
2_5_241555,1
2_5_250439,2
2_5_250444,2
2_5_250481,3
2_5_250566,3
2_5_251065,3
2_5_251107,3
2_5_251221,1
2_5_251244,2
2_5_251245,2
2_5_251257,3
2_5_251263,3
2_5_251265,3
2_5_251280,3
2_5_251281,3
2_5_251296,3
2_5_251364,3
2_5_251462,3
2_5_251476,3
2_5_251492,1
2_5_251519,3
2_5_251550,3
2_5_251559,3
2_5_251569,3
2_5_251570,1
2_5_251571,3
2_5_251601,3
2_5_251608,3
2_5_251614,3
2_5_251617,3
2_5_251618,3
2_5_251621,2
2_5_251623,3
2_5_251624,3
2_5_251626,3
2_5_251634,1
2_5_251642,3
2_5_251644,2
2_5_251645,3
2_5_251650,3
2_5_251653,1
2_5_251656,3
2_5_251658,3
2_5_251664,3
2_5_251670,3
2_5_251692,1
2_5_251695,3
2_5_251700,3
2_5_251713,3
2_5_251716,2
2_5_251718,3
2_5_251720,3
2_5_251723,1
2_5_251725,6
2_5_251728,3
2_5_251730,3
2_5_251731,2
2_5_251732,3
2_5_251734,1
2_5_251740,3
2_5_251742,3
2_5_251745,3
2_5_251748,3
2_5_251752,3
2_5_251759,3
2_5_251763,3
2_5_251773,3
2_5_251777,3
2_5_251781,3
2_5_251784,3
2_5_251785,3
2_5_251786,3
2_5_251790,2
2_5_251796,3
2_5_251797,3
2_5_251809,3
2_5_251834,3
2_5_251836,3
2_5_251855,3
2_5_251867,2
2_5_251872,3
2_5_251908,3
2_5_251914,3
2_5_251950,3
2_5_251962,3
2_5_251983,3
2_5_251986,2
2_5_252074,3
2_5_252118,3
2_5_252147,1
2_5_260679,3
2_5_260991,6
2_5_261018,3
2_5_261396,2
2_5_270801,5
2_5_271131,5
2_5_271222,5
2_5_271527,5
2_5_311830,5
2_5_312186,6
2_5_312212,1
2_5_312418,3
2_5_320534,5
2_5_320576,2
2_5_320765,3
2_5_320816,3
2_5_320821,3
2_5_320834,3
2_5_320903,2
2_5_320958,3
2_5_321015,3
2_5_321049,1
2_5_321092,6
2_5_321098,3
2_5_321104,3
2_5_321112,3
2_5_321115,3
2_5_321125,3
2_5_321143,1
2_5_321144,3
2_5_321168,2
2_5_321171,3
2_5_321173,3
2_5_321177,3
2_5_321179,3
2_5_321192,3
2_5_321196,1
2_5_321197,1
2_5_321205,3
2_5_321223,3
2_5_321224,2
2_5_321245,2
2_5_321250,3
2_5_321276,3
2_5_321285,3
2_5_321288,3
2_5_321299,1
2_5_321307,1
2_5_321326,3
2_5_321365,3
2_5_321390,3
2_5_321395,2
2_5_321408,3
2_5_321411,2
2_5_321420,3
2_5_321440,3
2_5_321531,2
2_5_321548,6
2_5_321550,3
2_5_321563,6
2_5_321582,3
2_5_321587,3
2_5_321601,3
2_5_321612,3
2_5_321624,3
2_5_321633,2
2_5_321634,3
2_5_321635,3
2_5_321645,3
2_5_321652,3
2_5_321656,3
2_5_321665,3
2_5_321667,3
2_5_321670,3
2_5_321675,3
2_5_321680,2
2_5_321689,1
2_5_321695,2
2_5_321708,1
2_5_321715,3
2_5_321716,2
2_5_321723,3
2_5_321724,3
2_5_321726,3
2_5_321743,3
2_5_321744,2
2_5_321747,3
2_5_321749,2
2_5_321761,1
2_5_321763,2
2_5_321764,2
2_5_321765,3
2_5_321771,2
2_5_321773,6
2_5_321776,2
2_5_321779,1
2_5_321792,1
2_5_321794,3
2_5_321795,3
2_5_321798,3
2_5_321818,3
2_5_321819,6
2_5_321825,2
2_5_321856,3
2_5_321885,6
2_5_321890,3
2_5_321901,3
2_5_321902,3
2_5_321911,1
2_5_321913,2
2_5_321915,3
2_5_321978,3
2_5_322020,3
2_5_322076,3
2_5_322095,3
2_5_322101,3
2_5_322105,3
2_5_322117,3
2_5_322124,3
2_5_322130,1
2_5_322132,1
2_5_322159,2
2_5_322171,3
2_5_322175,3
2_5_322181,3
2_5_322203,3
2_5_322204,3
2_5_322207,3
2_5_322214,3
2_5_322219,6
2_5_322236,3
2_5_322244,3
2_5_330175,3
2_5_330191,1
2_5_330193,3
2_5_330240,3
2_5_330279,3
2_5_330320,3
2_5_330354,3
2_5_330375,3
2_5_330403,3
2_5_330407,3
2_5_330438,2
2_5_330445,3
2_5_330486,3
2_5_330487,2
2_5_330615,3
2_5_330701,2
2_5_330780,3
2_5_330810,3
2_5_330826,3
2_5_330861,1
2_5_330906,3
2_5_330950,5
2_5_331074,5
2_5_331086,2
2_5_331324,2
2_5_331325,2
2_5_331508,5
2_6_530311,2
2_6_580773,5
2_6_580778,5
2_6_580927,5
2_6_580967,5
2_6_581356,5
2_6_581519,5
2_6_581712,1
2_6_581741,5
2_6_581745,1
2_6_581788,1
2_6_590163,1
2_6_600897,3
2_6_620461,1
2_6_620724,5
2_6_620763,5
2_6_620904,5
2_6_620913,5
2_6_620991,5
2_6_651112,5
2_6_651219,5
2_6_652029,5
2_6_660159,5
2_6_660309,5
2_6_660383,5
2_6_660387,5
2_6_670771,3
2_6_670801,1
2_6_670897,3
2_6_670919,3
2_6_671055,1
2_6_671078,3
2_6_671235,1
2_6_671264,3
2_6_671281,3
2_6_671364,1
2_6_671368,3
2_6_671371,1
2_6_671411,3
2_6_671454,3
2_6_671457,3
2_6_671503,3
2_6_671567,3
2_6_671585,3
2_6_671696,1
2_6_671738,3
2_6_671793,3
2_6_672169,3
2_6_672368,3
2_6_680542,2
2_6_680636,3
2_6_681657,5
2_6_681743,5
2_6_690430,5
2_6_690432,5
2_6_690443,5
2_6_690473,5
2_6_690486,5
2_6_690497,5
2_6_690534,5
2_6_690574,5
2_6_690792,5
2_6_690829,5
2_6_690862,5
2_6_690867,5
2_6_691025,5
2_6_691092,5
2_6_691119,5
2_6_691131,5
2_6_691470,5
2_6_691506,5
2_6_691515,5
2_6_721107,5
2_6_721127,5
2_6_721151,5
2_6_721168,5
2_6_721428,5
2_6_731714,3
2_6_731878,2
2_6_732134,3
2_6_740347,3
2_6_740410,1
2_6_740577,3
2_6_740881,2
2_6_740943,3
2_6_740997,3
2_6_741018,3
2_6_741074,3
2_6_741152,3
2_6_741172,3
2_6_741320,3
2_6_741337,3
2_6_741340,3
2_6_741352,3
2_6_741398,3
2_6_741422,3
2_6_741438,1
2_6_741461,3
2_6_741476,3
2_6_741489,3
2_6_741497,3
2_6_741501,3
2_6_741502,1
2_6_741505,6
2_6_741508,3
2_6_741509,1
2_6_741511,3
2_6_741513,3
2_6_741521,1
2_6_741525,3
2_6_741526,3
2_6_741527,1
2_6_741528,2
2_6_741529,2
2_6_741532,3
2_6_741533,3
2_6_741536,3
2_6_741537,3
2_6_741538,3
2_6_741541,3
2_6_741544,1
2_6_741545,3
2_6_741548,3
2_6_741549,3
2_6_741550,3
2_6_741551,1
2_6_741552,1
2_6_741558,2
2_6_741559,2
2_6_741560,2
2_6_741562,3
2_6_741567,3
2_6_741568,2
2_6_741569,2
2_6_741572,3
2_6_741573,3
2_6_741580,2
2_6_741582,3
2_6_741589,3
2_6_741592,2
2_6_741594,3
2_6_741597,2
2_6_741602,1
2_6_741605,6
2_6_741607,3
2_6_741611,3
2_6_741621,2
2_6_741625,6
2_6_741634,3
2_6_741636,3
2_6_741637,2
2_6_741640,3
2_6_741643,3
2_6_741648,3
2_6_741649,3
2_6_741652,3
2_6_741655,3
2_6_741659,3
2_6_741661,1
2_6_741665,2
2_6_741666,3
2_6_741667,3
2_6_741671,3
2_6_741673,3
2_6_741676,2
2_6_741677,1
2_6_741680,3
2_6_741682,3
2_6_741689,3
2_6_741693,3
2_6_741700,3
2_6_741701,3
2_6_741719,3
2_6_741724,3
2_6_741744,2
2_6_741749,3
2_6_741754,1
2_6_741759,3
2_6_741775,3
2_6_741821,1
2_6_741844,3
2_6_741849,3
2_6_741860,3
2_6_741891,3
2_6_741899,3
2_6_741932,3
2_6_741934,3
2_6_741937,3
2_6_742325,1
2_6_742385,1
2_6_742420,3
2_6_750782,2
2_6_751294,2
2_6_751322,3
2_6_751715,2
2_6_752002,5
2_6_761017,5
2_6_761307,5
2_6_761381,5
2_6_761416,5
2_6_800850,1
2_6_802390,5
2_6_802411,2
2_6_802485,3
2_6_810485,2
2_6_810525,1
2_6_810531,3
2_6_810568,3
2_6_810586,1
2_6_810596,1
2_6_810606,3
2_6_810668,3
2_6_810678,2
2_6_810704,3
2_6_810826,3
2_6_810827,3
2_6_810867,3
2_6_810871,2
2_6_810901,2
2_6_810916,2
2_6_810921,3
2_6_810935,3
2_6_810946,1
2_6_810954,3
2_6_810980,3
2_6_811017,3
2_6_811031,3
2_6_811047,3
2_6_811056,3
2_6_811077,3
2_6_811089,3
2_6_811090,3
2_6_811107,3
2_6_811112,3
2_6_811117,5
2_6_811126,3
2_6_811127,3
2_6_811128,2
2_6_811138,3
2_6_811165,3
2_6_811296,2
2_6_811313,6
2_6_811323,2
2_6_811329,3
2_6_811357,6
2_6_811358,3
2_6_811384,1
2_6_811385,2
2_6_811393,3
2_6_811400,3
2_6_811403,2
2_6_811405,2
2_6_811407,3
2_6_811408,3
2_6_811413,1
2_6_811419,2
2_6_811425,6
2_6_811428,2
2_6_811434,2
2_6_811448,2
2_6_811453,3
2_6_811459,2
2_6_811462,2
2_6_811474,3
2_6_811495,2
2_6_811500,3
2_6_811512,3
2_6_811521,1
2_6_811551,3
2_6_811554,6
2_6_811560,3
2_6_811615,3
2_6_811617,3
2_6_811653,2
2_6_811658,3
2_6_811696,2
2_6_811699,2
2_6_811716,3
2_6_811737,3
2_6_811765,1
2_6_811789,3
2_6_811797,3
2_6_811805,3
2_6_811826,1
2_6_811848,3
2_6_811863,3
2_6_811869,1
2_6_811871,3
2_6_811889,3
2_6_811892,3
2_6_811898,1
2_6_811909,6
2_6_811931,3
2_6_811937,3
2_6_811941,6
2_6_811943,2
2_6_811946,3
2_6_811947,2
2_6_811948,1
2_6_811974,2
2_6_811999,3
2_6_812016,3
2_6_812020,3
2_6_812035,3
2_6_812036,1
2_6_812046,3
2_6_812047,2
2_6_812078,1
2_6_812079,3
2_6_812103,1
2_6_812124,3
2_6_812129,3
2_6_812154,3
2_6_812165,1
2_6_820128,2
2_6_820206,3
2_6_820220,3
2_6_820266,3
2_6_820271,3
2_6_820294,1
2_6_820349,3
2_6_820356,1
2_6_820369,2
2_6_820396,2
2_6_820428,3
2_6_820571,3
2_6_820578,2
2_6_820621,1
2_6_820953,2
2_6_821030,2
2_6_821216,5
2_7_1010241,5
2_7_1010270,5
2_7_1030367,2
2_7_1030618,2
2_7_1040697,2
2_7_1080596,5
2_7_1080872,5
2_7_1080895,5
2_7_1080994,1
2_7_1081049,5
2_7_1091678,1
2_7_1091794,3
2_7_1112111,5
2_7_1112131,5
2_7_1112156,5
2_7_1120290,5
2_7_1120367,5
2_7_1120384,5
2_7_1120406,5
2_7_1120420,5
2_7_1120467,5
2_7_1120556,5
2_7_1120563,5
2_7_1141641,5
2_7_1150543,5
2_7_1150547,5
2_7_1150584,5
2_7_1150627,5
2_7_1150645,5
2_7_1161171,1
2_7_1161230,3
2_7_1161236,1
2_7_1161354,3
2_7_1161566,3
2_7_1161646,3
2_7_1161741,3
2_7_1161755,1
2_7_1161792,3
2_7_1161824,1
2_7_1161838,1
2_7_1161870,1
2_7_1161906,1
2_7_1161912,3
2_7_1161923,3
2_7_1161928,1
2_7_1161937,3
2_7_1161941,6
2_7_1162032,3
2_7_1170161,1
2_7_1170181,1
2_7_1170183,3
2_7_1170205,3
2_7_1170208,1
2_7_1170315,3
2_7_1170517,1
2_7_1170953,1
2_7_1180700,5
2_7_1180765,5
2_7_1190244,5
2_7_1190278,5
2_7_1220578,5
2_7_1220998,5
2_7_1221069,2
2_7_1221247,1
2_7_1221259,5
2_7_1221300,5
2_7_1221321,2
2_7_1221323,5
2_7_1221325,5
2_7_1221352,1
2_7_1221354,2
2_7_1221468,2
2_7_1221475,2
2_7_1221495,2
2_7_1221525,3
2_7_1221531,2
2_7_1230385,3
2_7_1230506,2
2_7_1230636,3
2_7_1231008,3
2_7_1231036,3
2_7_1231097,1
2_7_1231128,3
2_7_1231144,1
2_7_1231193,3
2_7_1231209,3
2_7_1231216,2
2_7_1231218,2
2_7_1231226,2
2_7_1231247,3
2_7_1231266,3
2_7_1231272,3
2_7_1231293,3
2_7_1231300,3
2_7_1231315,3
2_7_1231329,3
2_7_1231352,3
2_7_1231356,3
2_7_1231357,3
2_7_1231373,2
2_7_1231381,3
2_7_1231391,3
2_7_1231395,3
2_7_1231397,3
2_7_1231407,1
2_7_1231412,2
2_7_1231418,3
2_7_1231420,3
2_7_1231421,3
2_7_1231434,2
2_7_1231435,3
2_7_1231438,1
2_7_1231442,2
2_7_1231443,3
2_7_1231444,3
2_7_1231446,3
2_7_1231447,2
2_7_1231464,3
2_7_1231465,3
2_7_1231466,1
2_7_1231477,3
2_7_1231480,3
2_7_1231487,3
2_7_1231489,1
2_7_1231492,2
2_7_1231499,3
2_7_1231502,3
2_7_1231506,3
2_7_1231511,3
2_7_1231512,3
2_7_1231515,3
2_7_1231522,3
2_7_1231525,3
2_7_1231526,3
2_7_1231528,6
2_7_1231530,3
2_7_1231537,3
2_7_1231538,3
2_7_1231542,3
2_7_1231548,3
2_7_1231555,3
2_7_1231556,3
2_7_1231557,3
2_7_1231562,1
2_7_1231570,3
2_7_1231572,3
2_7_1231576,3
2_7_1231579,3
2_7_1231585,3
2_7_1231591,3
2_7_1231595,3
2_7_1231600,3
2_7_1231604,3
2_7_1231606,3
2_7_1231609,3
2_7_1231613,6
2_7_1231616,3
2_7_1231620,3
2_7_1231626,3
2_7_1231634,3
2_7_1231636,3
2_7_1231637,3
2_7_1231640,3
2_7_1231643,3
2_7_1231649,3
2_7_1231650,1
2_7_1231652,3
2_7_1231653,1
2_7_1231655,3
2_7_1231656,1
2_7_1231667,3
2_7_1231669,3
2_7_1231674,3
2_7_1231679,3
2_7_1231682,3
2_7_1231686,3
2_7_1231692,3
2_7_1231698,3
2_7_1231700,1
2_7_1231710,3
2_7_1231721,1
2_7_1231736,3
2_7_1231757,3
2_7_1231777,3
2_7_1231787,2
2_7_1231804,3
2_7_1231829,3
2_7_1231844,3
2_7_1231938,3
2_7_1240503,3
2_7_1240742,3
2_7_1240806,3
2_7_1240943,3
2_7_1242080,5
2_7_1250279,5
2_7_1250704,5
2_7_1250795,5
2_7_1250897,5
2_7_1250908,5
2_7_1251035,5
2_7_1251047,5
2_7_1251342,5
2_7_1251375,5
2_7_1251534,5
2_7_1260344,5
2_7_1260353,5
2_7_1260354,5
2_7_1291276,5
2_7_1291799,5
2_7_1291835,5
2_7_1291905,3
2_7_1291907,2
2_7_1291937,2
2_7_1291973,2
2_7_1292066,3
2_7_1292099,1
2_7_1292133,2
2_7_1292147,3
2_7_1292188,3
2_7_1292189,1
2_7_1292206,3
2_7_1292210,1
2_7_1292212,3
2_7_1292234,1
2_7_1292241,3
2_7_1292246,3
2_7_1292254,3
2_7_1292259,3
2_7_1292260,3
2_7_1292261,3
2_7_1292269,3
2_7_1292273,2
2_7_1292274,3
2_7_1292276,3
2_7_1292279,3
2_7_1292288,3
2_7_1292294,3
2_7_1292298,3
2_7_1292303,3
2_7_1292312,3
2_7_1292321,3
2_7_1292331,3
2_7_1292333,6
2_7_1292346,2
2_7_1292348,3
2_7_1292349,1
2_7_1292361,3
2_7_1292363,3
2_7_1292383,3
2_7_1292390,3
2_7_1300155,3
2_7_1300215,3
2_7_1300217,3
2_7_1300321,1
2_7_1300333,3
2_7_1300356,3
2_7_1300408,3
2_7_1300413,3
2_7_1300432,2
2_7_1300441,2
2_7_1300450,2
2_7_1300466,6
2_7_1300477,1
2_7_1300509,3
2_7_1300519,3
2_7_1300529,3
2_7_1300569,3
2_7_1300579,2
2_7_1300590,2
2_7_1300605,2
2_7_1300615,6
2_7_1300622,2
2_7_1300632,2
2_7_1300642,3
2_7_1300649,2
2_7_1300651,3
2_7_1300667,3
2_7_1300682,1
2_7_1300685,1
2_7_1300686,3
2_7_1300698,2
2_7_1300703,2
2_7_1300713,2
2_7_1300715,2
2_7_1300720,3
2_7_1300730,1
2_7_1300731,3
2_7_1300737,3
2_7_1300742,6
2_7_1300744,6
2_7_1300748,2
2_7_1300750,6
2_7_1300756,6
2_7_1300759,3
2_7_1300761,3
2_7_1300774,2
2_7_1300778,2
2_7_1300783,2
2_7_1300787,2
2_7_1300800,2
2_7_1300810,1
2_7_1300825,2
2_7_1300827,2
2_7_1300831,6
2_7_1300843,2
2_7_1300846,2
2_7_1300850,6
2_7_1300861,3
2_7_1300870,2
2_7_1300873,2
2_7_1300887,2
2_7_1300894,3
2_7_1300903,3
2_7_1300908,1
2_7_1300910,1
2_7_1300913,3
2_7_1300914,2
2_7_1300915,3
2_7_1300925,3
2_7_1300926,3
2_7_1300933,2
2_7_1300947,3
2_7_1300952,2
2_7_1300978,3
2_7_1300982,3
2_7_1300994,1
2_7_1301033,3
2_7_1301036,3
2_7_1301040,3
2_7_1301065,3
2_7_1301067,1
2_7_1301073,3
2_7_1301078,3
2_7_1301085,3
2_7_1301090,1
2_7_1301096,3
2_7_1301136,3
2_7_1301143,1
2_7_1301197,3
2_7_1301208,3
2_7_1301209,3
2_7_1301215,3
2_7_1301228,3
2_7_1301231,3
2_7_1301235,2
2_7_1301254,3
2_7_1301261,3
2_7_1301275,3
2_7_1301284,1
2_7_1301287,3
2_7_1301376,3
2_7_1301383,3
2_7_1301386,2
2_7_1301393,1
2_7_1301397,3
2_7_1301400,3
2_7_1301411,3
2_7_1301436,3
2_7_1301471,3
2_7_1301486,2
2_7_1301521,3
2_7_1301567,3
2_7_1301568,2
2_7_1301586,1
2_7_1301681,1
2_7_1301778,2
2_7_1301808,2
2_7_1301871,2
2_7_1310279,2
2_7_1310293,2
2_7_1310337,2
2_7_1310512,3
2_7_1310687,5
2_7_1310736,5
2_7_1310739,5
2_7_1310776,5
2_7_1310789,5
2_7_1310889,5
2_8_1510440,2
2_8_1510528,2
2_8_1510529,2
2_8_1510531,2
2_8_1521231,2
2_8_1560691,5
2_8_1560728,5
2_8_1560741,5
2_8_1560772,5
2_8_1561260,5
2_8_1561356,5
2_8_1561591,5
2_8_1570323,2
2_8_1580827,3
2_8_1580910,2
2_8_1580945,2
2_8_1600874,5
2_8_1600887,5
2_8_1600940,5
2_8_1600944,5
2_8_1600962,5
2_8_1601032,5
2_8_1601075,5
2_8_1631136,5
2_8_1631843,5
2_8_1631939,5
2_8_1640188,5
2_8_1650617,3
2_8_1650906,1
2_8_1650950,3
2_8_1650968,1
2_8_1651014,3
2_8_1651017,3
2_8_1651043,3
2_8_1651047,3
2_8_1651093,3
2_8_1651131,3
2_8_1651142,1
2_8_1651143,3
2_8_1651144,1
2_8_1651150,3
2_8_1651151,3
2_8_1651159,3
2_8_1651170,3
2_8_1651180,3
2_8_1651183,3
2_8_1651227,1
2_8_1651260,1
2_8_1651264,3
2_8_1651265,2
2_8_1651319,1
2_8_1651641,3
2_8_1651722,1
2_8_1661471,5
2_8_1661658,5
2_8_1661669,5
2_8_1661716,5
2_8_1661718,5
2_8_1661726,5
2_8_1661837,5
2_8_1661870,5
2_8_1670080,5
2_8_1670081,5
2_8_1670089,5
2_8_1670191,5
2_8_1670230,5
2_8_1670778,5
2_8_1671029,3
2_8_1671052,5
2_8_1671078,5
2_8_1711401,5
2_8_1711869,3
2_8_1711967,3
2_8_1721183,3
2_8_1721202,3
2_8_1721244,3
2_8_1721265,1
2_8_1721270,3
2_8_1721325,3
2_8_1721353,3
2_8_1721361,3
2_8_1721369,3
2_8_1721374,3
2_8_1721375,1
2_8_1721378,3
2_8_1721379,3
2_8_1721384,2
2_8_1721394,2
2_8_1721396,2
2_8_1721398,3
2_8_1721401,3
2_8_1721402,3
2_8_1721404,3
2_8_1721407,3
2_8_1721408,3
2_8_1721414,3
2_8_1721415,3
2_8_1721417,3
2_8_1721420,6
2_8_1721425,3
2_8_1721431,1
2_8_1721434,3
2_8_1721436,3
2_8_1721440,3
2_8_1721446,3
2_8_1721448,3
2_8_1721452,3
2_8_1721456,3
2_8_1721457,1
2_8_1721460,1
2_8_1721464,3
2_8_1721477,3
2_8_1721481,1
2_8_1721482,2
2_8_1721484,3
2_8_1721485,3
2_8_1721486,3
2_8_1721487,1
2_8_1721488,3
2_8_1721490,3
2_8_1721495,3
2_8_1721496,3
2_8_1721509,1
2_8_1721513,3
2_8_1721514,3
2_8_1721516,2
2_8_1721518,3
2_8_1721520,3
2_8_1721526,3
2_8_1721529,3
2_8_1721530,3
2_8_1721532,3
2_8_1721537,3
2_8_1721542,3
2_8_1721543,6
2_8_1721546,2
2_8_1721550,1
2_8_1721552,3
2_8_1721560,3
2_8_1721561,3
2_8_1721574,2
2_8_1721579,3
2_8_1721580,3
2_8_1721581,3
2_8_1721590,2
2_8_1721593,3
2_8_1721633,2
2_8_1721646,3
2_8_1721648,3
2_8_1721652,3
2_8_1721738,3
2_8_1721783,3
2_8_1721823,3
2_8_1721926,3
2_8_1722164,2
2_8_1730896,5
2_8_1741122,5
2_8_1781525,5
2_8_1781755,5
2_8_1781782,2
2_8_1781858,5
2_8_1782056,5
2_8_1782099,5
2_8_1782230,5
2_8_1782439,3
2_8_1782538,3
2_8_1782556,2
2_8_1782587,2
2_8_1782608,1
2_8_1782627,1
2_8_1782641,3
2_8_1782672,3
2_8_1782722,2
2_8_1790261,3
2_8_1790304,2
2_8_1790522,2
2_8_1790570,2
2_8_1790592,2
2_8_1790669,3
2_8_1790719,3
2_8_1790734,3
2_8_1790759,3
2_8_1790806,3
2_8_1790810,3
2_8_1790823,3
2_8_1790853,3
2_8_1790939,2
2_8_1790971,2
2_8_1791000,3
2_8_1791038,3
2_8_1791055,2
2_8_1791097,3
2_8_1791130,1
2_8_1791157,2
2_8_1791178,3
2_8_1791201,6
2_8_1791220,2
2_8_1791221,1
2_8_1791222,1
2_8_1791229,2
2_8_1791230,3
2_8_1791231,2
2_8_1791238,3
2_8_1791243,2
2_8_1791246,2
2_8_1791247,3
2_8_1791248,2
2_8_1791249,2
2_8_1791254,1
2_8_1791256,3
2_8_1791264,2
2_8_1791267,2
2_8_1791272,2
2_8_1791276,2
2_8_1791277,2
2_8_1791278,3
2_8_1791283,2
2_8_1791287,2
2_8_1791288,1
2_8_1791292,3
2_8_1791293,1
2_8_1791295,2
2_8_1791300,3
2_8_1791302,3
2_8_1791316,6
2_8_1791320,3
2_8_1791333,3
2_8_1791351,1
2_8_1791353,6
2_8_1791357,2
2_8_1791368,2
2_8_1791410,1
2_8_1791441,3
2_8_1791452,2
2_8_1791526,3
2_8_1791558,3
2_8_1791570,1
2_8_1791572,1
2_8_1791586,3
2_8_1791593,2
2_8_1791622,3
2_8_1791629,3
2_8_1791645,3
2_8_1791654,1
2_8_1791682,1
2_8_1791691,3
2_8_1791704,2
2_8_1791719,2
2_8_1791735,2
2_8_1791757,1
2_8_1791774,2
2_8_1791787,3
2_8_1791810,3
2_8_1791814,3
2_8_1791823,2
2_8_1791844,3
2_8_1791848,2
2_8_1791849,3
2_8_1791856,3
2_8_1791863,3
2_8_1791869,1
2_8_1791902,3
2_8_1791916,1
2_8_1791930,3
2_8_1791936,1
2_8_1791957,2
2_8_1791961,2
2_8_1791996,3
2_8_1800154,3
2_8_1800159,3
2_8_1800180,3
2_8_1800345,6
2_8_1800484,3
2_8_1800500,3
2_8_1800744,2
2_8_1800774,2
2_8_1800794,5
2_8_1800836,5
2_8_1800904,5
2_8_1801060,5
2_8_1801087,5
1_1_50476,1
1_1_110372,2
1_1_110426,2
1_1_110509,2
1_1_110796,2
1_1_110833,2
1_1_110843,2
1_1_111005,2
1_1_130725,5
1_1_130726,5
1_1_130841,5
1_1_160954,5
1_1_161102,5
1_1_161303,5
1_1_161309,5
1_1_161380,5
1_1_161410,5
1_1_161498,5
1_1_161550,5
1_1_161570,5
1_1_161820,5
1_1_161971,5
1_1_161985,5
1_1_181176,3
1_1_181204,3
1_1_181238,3
1_1_181240,3
1_1_181248,3
1_1_181255,3
1_1_181260,3
1_1_181283,3
1_1_181287,3
1_1_181300,1
1_1_181359,1
1_1_181366,3
1_1_181406,3
1_1_181436,3
1_1_181461,1
1_1_181465,3
1_1_181489,1
1_1_181499,3
1_1_181548,1
1_1_181582,1
1_1_181657,3
1_1_181922,1
1_1_181931,1
1_1_200638,3
1_1_200830,5
1_1_200875,5
1_1_200909,5
1_1_201225,5
1_1_201250,5
1_1_201286,5
1_1_201465,5
1_1_201470,5
1_1_231040,5
1_1_231102,5
1_1_231237,5
1_1_231243,5
1_1_231637,5
1_1_231668,5
1_1_231703,5
1_1_231704,5
1_1_231735,5
1_1_231743,5
1_1_231755,5
1_1_231818,5
1_1_231824,5
1_1_240128,5
1_1_240150,5
1_1_240179,5
1_1_240189,5
1_1_240227,5
1_1_240375,5
1_1_240387,5
1_1_240471,5
1_1_240505,5
1_1_240597,5
1_1_250604,3
1_1_250704,2
1_1_251229,1
1_1_251396,3
1_1_251436,3
1_1_251627,2
1_1_251638,3
1_1_251645,1
1_1_251672,2
1_1_251765,3
1_1_251770,3
1_1_251771,3
1_1_251824,3
1_1_251835,3
1_1_251836,1
1_1_251857,3
1_1_251860,3
1_1_251868,1
1_1_251907,3
1_1_251912,3
1_1_251914,3
1_1_251926,3
1_1_251930,3
1_1_251933,2
1_1_251934,1
1_1_251937,3
1_1_251940,3
1_1_251941,3
1_1_251957,3
1_1_251991,2
1_1_251993,3
1_1_252008,1
1_1_252032,1
1_1_252053,3
1_1_252060,3
1_1_252064,2
1_1_252069,3
1_1_252078,1
1_1_252096,3
1_1_252099,3
1_1_252109,3
1_1_252116,2
1_1_252121,2
1_1_252139,3
1_1_252140,2
1_1_252153,2
1_1_252177,2
1_1_252184,3
1_1_252193,3
1_1_252212,3
1_1_252246,2
1_1_252248,2
1_1_252258,3
1_1_252264,1
1_1_252267,3
1_1_252335,3
1_1_252359,3
1_1_260183,3
1_1_260244,3
1_1_260394,3
1_1_260405,3
1_1_260437,3
1_1_260442,3
1_1_260452,2
1_1_260453,3
1_1_260463,2
1_1_260505,6
1_1_260534,3
1_1_260538,2
1_1_260549,2
1_1_260649,2
1_1_260697,2
1_1_260708,3
1_1_260733,2
1_1_260884,2
1_1_260983,3
1_1_261013,3
1_1_261355,2
1_1_261473,3
1_1_270343,2
1_1_320437,2
1_1_320479,3
1_1_320892,2
1_1_321050,2
1_1_321210,2
1_1_321295,2
1_1_321301,2
1_1_321327,2
1_1_321344,2
1_1_321357,2
1_1_321371,2
1_1_321382,2
1_1_321399,3
1_1_321431,2
1_1_321442,1
1_1_321460,2
1_1_321490,3
1_1_321496,2
1_1_321524,1
1_1_321525,2
1_1_321552,6
1_1_321567,1
1_1_321581,2
1_1_321594,2
1_1_321595,3
1_1_321598,3
1_1_321603,3
1_1_321640,2
1_1_321644,3
1_1_321651,3
1_1_321667,2
1_1_321675,3
1_1_321714,3
1_1_321722,3
1_1_321735,2
1_1_321747,3
1_1_321759,2
1_1_321761,3
1_1_321762,3
1_1_321773,3
1_1_321775,1
1_1_321777,3
1_1_321781,3
1_1_321789,3
1_1_321803,1
1_1_321808,1
1_1_321810,3
1_1_321815,3
1_1_321821,3
1_1_321837,2
1_1_321864,6
1_1_321869,1
1_1_321872,2
1_1_321878,3
1_1_321880,3
1_1_321883,3
1_1_321884,2
1_1_321887,1
1_1_321890,3
1_1_321891,3
1_1_321903,3
1_1_321909,3
1_1_321911,3
1_1_321913,3
1_1_321914,5
1_1_321915,3
1_1_321917,3
1_1_321922,1
1_1_321931,3
1_1_321939,3
1_1_321943,2
1_1_321950,3
1_1_321959,3
1_1_321962,2
1_1_321968,3
1_1_321974,3
1_1_321976,3
1_1_321979,3
1_1_321981,3
1_1_321982,3
1_1_321992,3
1_1_321995,3
1_1_321997,3
1_1_321999,3
1_1_322004,3
1_1_322009,3
1_1_322015,3
1_1_322020,3
1_1_322022,3
1_1_322024,3
1_1_322028,2
1_1_322030,3
1_1_322031,3
1_1_322039,1
1_1_322040,3
1_1_322042,3
1_1_322050,2
1_1_322051,2
1_1_322053,3
1_1_322056,3
1_1_322060,2
1_1_322062,2
1_1_322070,3
1_1_322072,3
1_1_322074,3
1_1_322076,3
1_1_322078,3
1_1_322084,3
1_1_322085,1
1_1_322087,3
1_1_322089,3
1_1_322090,3
1_1_322101,3
1_1_322114,3
1_1_322117,3
1_1_322119,3
1_1_322121,2
1_1_322127,1
1_1_322131,3
1_1_322132,3
1_1_322136,3
1_1_322137,2
1_1_322138,2
1_1_322142,3
1_1_322147,3
1_1_322152,2
1_1_322153,3
1_1_322160,3
1_1_322161,2
1_1_322162,3
1_1_322163,3
1_1_322166,3
1_1_322170,3
1_1_322179,3
1_1_322180,2
1_1_322181,3
1_1_322186,3
1_1_322187,3
1_1_322190,1
1_1_322192,3
1_1_322195,2
1_1_322196,2
1_1_322198,3
1_1_322202,3
1_1_322204,3
1_1_322207,2
1_1_322213,3
1_1_322218,3
1_1_322219,3
1_1_322226,2
1_1_322228,3
1_1_322229,3
1_1_322240,3
1_1_322241,3
1_1_322244,2
1_1_322245,2
1_1_322247,3
1_1_322248,3
1_1_322249,3
1_1_322251,2
1_1_322255,2
1_1_322258,2
1_1_322259,2
1_1_322262,1
1_1_322268,3
1_1_322269,6
1_1_322270,3
1_1_322271,3
1_1_322281,2
1_1_322284,3
1_1_322286,1
1_1_322289,3
1_1_322290,3
1_1_322294,2
1_1_322295,2
1_1_330133,3
1_1_330139,3
1_1_330150,3
1_1_330155,3
1_1_330160,3
1_1_330167,3
1_1_330187,3
1_1_330220,3
1_1_330235,2
1_1_330242,3
1_1_330248,3
1_1_330257,3
1_1_330261,3
1_1_330266,3
1_1_330271,3
1_1_330286,2
1_1_330291,2
1_1_330305,3
1_1_330308,3
1_1_330314,3
1_1_330323,1
1_1_330326,2
1_1_330327,3
1_1_330332,3
1_1_330345,2
1_1_330353,2
1_1_330359,3
1_1_330364,6
1_1_330372,3
1_1_330376,6
1_1_330384,3
1_1_330388,3
1_1_330389,2
1_1_330394,2
1_1_330398,3
1_1_330403,2
1_1_330405,3
1_1_330412,1
1_1_330414,1
1_1_330417,2
1_1_330418,3
1_1_330423,2
1_1_330424,1
1_1_330427,3
1_1_330429,3
1_1_330433,3
1_1_330437,3
1_1_330441,2
1_1_330442,3
1_1_330443,3
1_1_330447,3
1_1_330449,3
1_1_330461,6
1_1_330475,3
1_1_330479,1
1_1_330487,3
1_1_330499,3
1_1_330503,3
1_1_330504,2
1_1_330526,1
1_1_330529,3
1_1_330537,1
1_1_330539,3
1_1_330541,2
1_1_330556,3
1_1_330560,2
1_1_330571,1
1_1_330578,2
1_1_330579,1
1_1_330594,3
1_1_330607,3
1_1_330617,2
1_1_330632,2
1_1_330638,6
1_1_330649,3
1_1_330653,3
1_1_330662,3
1_1_330667,1
1_1_330673,2
1_1_330676,3
1_1_330679,3
1_1_330684,3
1_1_330693,2
1_1_330698,3
1_1_330716,3
1_1_330718,2
1_1_330730,3
1_1_330737,3
1_1_330750,3
1_1_330770,3
1_1_330771,1
1_1_330784,3
1_1_330788,5
1_1_330796,3
1_1_330814,3
1_1_330818,3
1_1_330823,3
1_1_330828,2
1_1_330836,1
1_1_330839,3
1_1_330859,3
1_1_330883,3
1_1_330890,3
1_1_330900,2
1_1_330902,3
1_1_330917,3
1_1_330926,3
1_1_330929,2
1_1_330936,2
1_1_330950,6
1_1_330956,1
1_1_330965,2
1_1_330968,1
1_1_330970,3
1_1_330980,3
1_1_330985,2
1_1_330999,2
1_1_331020,3
1_1_331051,1
1_1_331053,2
1_1_331082,2
1_1_331087,2
1_1_331089,2
1_1_331228,2
1_1_331244,3
1_1_331265,3
1_1_331320,1
1_1_331360,1
1_1_331378,2
1_1_331419,3
1_1_331426,2
1_1_331445,2
1_1_331458,2
1_1_331569,2
1_1_331729,3
1_1_332039,2
1_1_391686,3
1_1_391875,2
1_1_392020,3
1_1_392043,3
1_1_400260,2
1_2_611157,2
1_2_611291,2
1_2_631255,5
1_2_631334,5
1_2_631418,5
1_2_671252,5
1_2_671340,5
1_2_671347,5
1_2_671401,5
1_2_680511,5
1_2_681286,5
1_2_691373,3
1_2_691403,3
1_2_691434,3
1_2_691506,1
1_2_691533,3
1_2_691534,3
1_2_691557,3
1_2_691575,3
1_2_691611,3
1_2_691614,1
1_2_691623,3
1_2_691633,3
1_2_691658,3
1_2_700316,3
1_2_700357,3
1_2_700816,6
1_2_700998,1
1_2_701118,3
1_2_711278,5
1_2_711312,5
1_2_711361,5
1_2_711382,5
1_2_711385,5
1_2_711388,5
1_2_711392,5
1_2_711396,5
1_2_711399,5
1_2_711408,5
1_2_711431,5
1_2_711508,5
1_2_711523,5
1_2_711589,3
1_2_720337,3
1_2_720441,3
1_2_751701,3
1_2_760438,5
1_2_760472,5
1_2_760657,5
1_2_760674,5
1_2_760676,5
1_2_761016,5
1_2_761081,5
1_2_761122,5
1_2_761224,5
1_2_761301,5
1_2_761345,5
1_2_761386,5
1_2_761430,5
1_2_761432,5
1_2_761519,5
1_2_770489,3
1_2_770769,1
1_2_771541,3
1_2_771990,3
1_2_780263,3
1_2_780681,3
1_2_780714,6
1_2_780727,3
1_2_780734,2
1_2_780781,3
1_2_780800,3
1_2_780803,1
1_2_780843,3
1_2_780847,2
1_2_780919,3
1_2_780939,3
1_2_780966,3
1_2_780996,6
1_2_781028,2
1_2_781034,3
1_2_781041,3
1_2_781065,1
1_2_781069,3
1_2_781077,3
1_2_781108,6
1_2_781119,3
1_2_781134,3
1_2_781136,3
1_2_781155,1
1_2_781156,3
1_2_781166,1
1_2_781189,3
1_2_781190,6
1_2_781205,3
1_2_781213,3
1_2_781222,3
1_2_781233,3
1_2_781236,1
1_2_781240,2
1_2_781265,3
1_2_781294,3
1_2_781320,3
1_2_781343,3
1_2_781376,3
1_2_781475,3
1_2_781495,3
1_2_781499,3
1_2_781515,6
1_2_781520,3
1_2_781534,3
1_2_781559,3
1_2_781560,3
1_2_781605,3
1_2_781606,3
1_2_781610,3
1_2_781623,3
1_2_781649,3
1_2_781696,2
1_2_781721,3
1_2_781779,3
1_2_781794,3
1_2_781908,3
1_2_781946,3
1_2_782085,2
1_2_782206,2
1_2_790273,2
1_2_790442,3
1_2_790957,3
1_2_791192,2
1_2_851745,2
1_2_851762,3
1_2_851920,2
1_2_860598,3
1_2_860708,3
1_2_860730,2
1_2_860749,2
1_2_860790,3
1_2_860793,2
1_2_860817,2
1_2_860872,3
1_2_860879,2
1_2_860881,3
1_2_860950,1
1_2_860973,2
1_2_861060,3
1_2_861070,3
1_2_861086,3
1_2_861099,1
1_2_861114,2
1_2_861115,3
1_2_861117,3
1_2_861122,3
1_2_861127,3
1_2_861132,3
1_2_861134,1
1_2_861142,3
1_2_861166,3
1_2_861183,3
1_2_861184,3
1_2_861185,3
1_2_861191,3
1_2_861193,3
1_2_861195,3
1_2_861196,3
1_2_861198,1
1_2_861199,3
1_2_861200,3
1_2_861216,3
1_2_861217,3
1_2_861221,2
1_2_861226,3
1_2_861227,3
1_2_861232,1
1_2_861241,3
1_2_861249,3
1_2_861258,2
1_2_861261,2
1_2_861268,2
1_2_861272,3
1_2_861277,3
1_2_861294,2
1_2_861350,3
1_2_861358,6
1_2_861361,1
1_2_861362,2
1_2_861374,3
1_2_861378,3
1_2_861380,3
1_2_861382,3
1_2_861390,3
1_2_861402,3
1_2_861406,3
1_2_861417,1
1_2_861430,3
1_2_861431,3
1_2_861433,2
1_2_861443,3
1_2_861446,3
1_2_861448,3
1_2_861464,3
1_2_861466,2
1_2_861467,3
1_2_861475,3
1_2_861478,6
1_2_861485,3
1_2_861492,3
1_2_861493,3
1_2_861504,3
1_2_861513,3
1_2_861514,3
1_2_861517,3
1_2_861519,3
1_2_861525,3
1_2_861531,2
1_2_861541,2
1_2_861555,3
1_2_861563,3
1_2_861581,3
1_2_861586,3
1_2_861595,2
1_2_861615,3
1_2_861616,3
1_2_861620,3
1_2_861626,1
1_2_861633,3
1_2_861662,2
1_2_861664,1
1_2_861670,3
1_2_861695,3
1_2_861710,3
1_2_861727,3
1_2_861731,6
1_2_861734,1
1_2_861752,3
1_2_861754,6
1_2_861771,3
1_2_861780,1
1_2_861800,2
1_2_861827,2
1_2_861849,2
1_2_861865,1
1_2_861868,3
1_2_870117,3
1_2_870164,2
1_2_870214,2
1_2_870247,1
1_2_870259,3
1_2_870316,2
1_2_870330,2
1_2_870345,2
1_2_870373,3
1_2_870411,3
1_2_870412,3
1_2_870553,3
1_2_870575,3
1_2_870603,2
1_2_870784,2
1_2_871038,2
1_2_941580,3
1_3_1070690,5
1_3_1070697,5
1_3_1070711,5
1_3_1070716,5
1_3_1070754,5
1_3_1070769,5
1_3_1070803,5
1_3_1080079,5
1_3_1080091,5
1_3_1080127,5
1_3_1141422,5
1_3_1150576,1
1_3_1150606,5
1_3_1150675,5
1_3_1150719,5
1_3_1150782,5
1_3_1150832,5
1_3_1150841,5
1_3_1150891,5
1_3_1151213,3
1_3_1161108,3
1_3_1210742,5
1_3_1210828,5
1_3_1211027,5
1_3_1211042,5
1_3_1220282,5
1_3_1220296,5
1_3_1220322,5
1_3_1220456,5
1_3_1220820,5
1_3_1220823,5
1_3_1220832,5
1_3_1220904,5
1_3_1220932,5
1_3_1220999,5
1_3_1221894,2
1_3_1230251,3
1_3_1230645,2
1_3_1230717,2
1_3_1230745,1
1_3_1230895,1
1_3_1230950,1
1_3_1231167,3
1_3_1231828,3
1_3_1231835,3
1_3_1231864,3
1_3_1231893,2
1_3_1231905,2
1_3_1231934,1
1_3_1231943,3
1_3_1231944,1
1_3_1231945,3
1_3_1231957,3
1_3_1231963,3
1_3_1231966,1
1_3_1231969,3
1_3_1231973,3
1_3_1231980,6
1_3_1231984,1
1_3_1231985,3
1_3_1231988,3
1_3_1231990,3
1_3_1232002,3
1_3_1232012,1
1_3_1232025,6
1_3_1232026,3
1_3_1232028,1
1_3_1232030,1
1_3_1232043,1
1_3_1232047,1
1_3_1232049,2
1_3_1232059,3
1_3_1232067,3
1_3_1232069,3
1_3_1232072,1
1_3_1232078,3
1_3_1232080,3
1_3_1232081,2
1_3_1232082,3
1_3_1232089,1
1_3_1232090,3
1_3_1232100,1
1_3_1232110,2
1_3_1232112,3
1_3_1232125,3
1_3_1240163,2
1_3_1240204,3
1_3_1240222,3
1_3_1240228,3
1_3_1240230,1
1_3_1240234,3
1_3_1240238,6
1_3_1240241,3
1_3_1240245,3
1_3_1240251,3
1_3_1240270,2
1_3_1240311,3
1_3_1240338,3
1_3_1240349,2
1_3_1240355,3
1_3_1240361,3
1_3_1240377,3
1_3_1240402,3
1_3_1240457,3
1_3_1240527,3
1_3_1240570,3
1_3_1240572,3
1_3_1240616,3
1_3_1240804,2
1_3_1240820,3
1_3_1240982,3
1_3_1241267,2
1_3_1241382,3
1_3_1241404,3
1_3_1241698,2
1_3_1291645,3
1_3_1292139,1
1_3_1292147,2
1_3_1300274,2
1_3_1300742,3
1_3_1300915,2
1_3_1300977,3
1_3_1301170,3
1_3_1301196,1
1_3_1301232,3
1_3_1301240,3
1_3_1301249,2
1_3_1301273,3
1_3_1301278,2
1_3_1301318,1
1_3_1301338,3
1_3_1301352,2
1_3_1301360,2
1_3_1301376,3
1_3_1301387,2
1_3_1301433,3
1_3_1301467,2
1_3_1301475,1
1_3_1301492,3
1_3_1301501,3
1_3_1301508,3
1_3_1301515,3
1_3_1301522,3
1_3_1301541,2
1_3_1301545,3
1_3_1301552,6
1_3_1301565,1
1_3_1301581,2
1_3_1301592,2
1_3_1301598,1
1_3_1301609,1
1_3_1301614,2
1_3_1301620,2
1_3_1301625,3
1_3_1301630,3
1_3_1301638,3
1_3_1301656,3
1_3_1301673,3
1_3_1301678,3
1_3_1301693,3
1_3_1301706,3
1_3_1301716,3
1_3_1301723,2
1_3_1301736,2
1_3_1301745,3
1_3_1301752,3
1_3_1301755,3
1_3_1301765,1
1_3_1301773,2
1_3_1301776,3
1_3_1301817,3
1_3_1301819,1
1_3_1301828,6
1_3_1301834,3
1_3_1301835,3
1_3_1301859,1
1_3_1301861,1
1_3_1301862,1
1_3_1301871,1
1_3_1301875,1
1_3_1301880,3
1_3_1301899,3
1_3_1301903,2
1_3_1301911,1
1_3_1301938,3
1_3_1301942,3
1_3_1301943,1
1_3_1301947,2
1_3_1301960,1
1_3_1301972,3
1_3_1301977,3
1_3_1301978,1
1_3_1301982,2
1_3_1301985,2
1_3_1301987,1
1_3_1301991,1
1_3_1301992,2
1_3_1302000,3
1_3_1302008,2
1_3_1302010,3
1_3_1302011,3
1_3_1302020,3
1_3_1302029,3
1_3_1302034,2
1_3_1302039,3
1_3_1302049,3
1_3_1302050,2
1_3_1302051,3
1_3_1302058,3
1_3_1302059,2
1_3_1302061,3
1_3_1302062,3
1_3_1302066,3
1_3_1302069,3
1_3_1302071,3
1_3_1302076,3
1_3_1302077,3
1_3_1302082,3
1_3_1302087,2
1_3_1302091,3
1_3_1302096,3
1_3_1302098,3
1_3_1302107,1
1_3_1302109,3
1_3_1302110,3
1_3_1302113,3
1_3_1302114,3
1_3_1302116,2
1_3_1302120,2
1_3_1302121,1
1_3_1302123,1
1_3_1302127,3
1_3_1302132,2
1_3_1302135,3
1_3_1302137,2
1_3_1302141,3
1_3_1302146,3
1_3_1302151,3
1_3_1302157,3
1_3_1302161,3
1_3_1302168,3
1_3_1302170,3
1_3_1302176,3
1_3_1302181,1
1_3_1302185,3
1_3_1302187,3
1_3_1302190,3
1_3_1302192,3
1_3_1302196,3
1_3_1302200,3
1_3_1302202,2
1_3_1302203,3
1_3_1302205,5
1_3_1302207,3
1_3_1302211,3
1_3_1302212,3
1_3_1302218,3
1_3_1302219,6
1_3_1302221,3
1_3_1302224,3
1_3_1302227,3
1_3_1302231,3
1_3_1302233,3
1_3_1302234,3
1_3_1302240,6
1_3_1302241,3
1_3_1302246,3
1_3_1302251,6
1_3_1302252,3
1_3_1302257,3
1_3_1302262,3
1_3_1302271,3
1_3_1302272,3
1_3_1302273,3
1_3_1302274,3
1_3_1302281,1
1_3_1302282,3
1_3_1302283,2
1_3_1302284,2
1_3_1302285,3
1_3_1302290,2
1_3_1302293,3
1_3_1302294,2
1_3_1302295,3
1_3_1302297,3
1_3_1302299,3
1_3_1302301,1
1_3_1302303,1
1_3_1302309,3
1_3_1302324,3
1_3_1302327,3
1_3_1302329,3
1_3_1302331,2
1_3_1302332,3
1_3_1302333,2
1_3_1302339,3
1_3_1302341,3
1_3_1302346,3
1_3_1310149,3
1_3_1310181,3
1_3_1310184,3
1_3_1310188,3
1_3_1310192,3
1_3_1310205,6
1_3_1310206,3
1_3_1310214,2
1_3_1310238,3
1_3_1310241,6
1_3_1310244,3
1_3_1310261,3
1_3_1310276,2
1_3_1310290,3
1_3_1310303,3
1_3_1310311,3
1_3_1310323,3
1_3_1310326,3
1_3_1310330,3
1_3_1310344,3
1_3_1310346,3
1_3_1310349,3
1_3_1310350,3
1_3_1310353,1
1_3_1310357,3
1_3_1310358,3
1_3_1310360,3
1_3_1310372,3
1_3_1310377,3
1_3_1310381,2
1_3_1310389,3
1_3_1310398,2
1_3_1310400,3
1_3_1310402,3
1_3_1310406,2
1_3_1310410,2
1_3_1310413,2
1_3_1310417,3
1_3_1310427,3
1_3_1310433,3
1_3_1310436,2
1_3_1310441,1
1_3_1310444,2
1_3_1310447,2
1_3_1310457,1
1_3_1310470,3
1_3_1310471,3
1_3_1310476,2
1_3_1310493,3
1_3_1310494,2
1_3_1310498,3
1_3_1310500,3
1_3_1310502,3
1_3_1310504,3
1_3_1310512,2
1_3_1310513,3
1_3_1310520,3
1_3_1310525,2
1_3_1310526,2
1_3_1310527,1
1_3_1310529,3
1_3_1310539,3
1_3_1310549,3
1_3_1310563,2
1_3_1310564,3
1_3_1310571,3
1_3_1310590,6
1_3_1310591,3
1_3_1310597,3
1_3_1310599,2
1_3_1310600,3
1_3_1310610,2
1_3_1310612,3
1_3_1310614,3
1_3_1310616,3
1_3_1310621,2
1_3_1310627,3
1_3_1310629,3
1_3_1310633,2
1_3_1310637,3
1_3_1310645,2
1_3_1310646,3
1_3_1310654,1
1_3_1310655,3
1_3_1310676,2
1_3_1310679,3
1_3_1310687,3
1_3_1310702,2
1_3_1310721,2
1_3_1310731,2
1_3_1310742,3
1_3_1310744,1
1_3_1310750,3
1_3_1310756,3
1_3_1310761,3
1_3_1310762,2
1_3_1310784,3
1_3_1310787,3
1_3_1310803,3
1_3_1310808,2
1_3_1310811,6
1_3_1310812,3
1_3_1310821,3
1_3_1310823,3
1_3_1310833,2
1_3_1310843,1
1_3_1310846,3
1_3_1310865,3
1_3_1310869,3
1_3_1310882,3
1_3_1310884,1
1_3_1310886,2
1_3_1310888,2
1_3_1310896,1
1_3_1310898,2
1_3_1310910,3
1_3_1310911,3
1_3_1310912,1
1_3_1310922,3
1_3_1310924,2
1_3_1310930,2
1_3_1310937,3
1_3_1310949,3
1_3_1310962,3
1_3_1310975,3
1_3_1310980,3
1_3_1310985,3
1_3_1310986,2
1_3_1310988,2
1_3_1310991,3
1_3_1311011,2
1_3_1311017,1
1_3_1311022,2
1_3_1311032,1
1_3_1311034,2
1_3_1311037,3
1_3_1311062,2
1_3_1311063,1
1_3_1311080,1
1_3_1311086,1
1_3_1311101,2
1_3_1311115,1
1_3_1311215,1
1_3_1311230,1
1_3_1311235,2
1_3_1311237,2
1_3_1311261,2
1_3_1311286,3
1_3_1311296,1
1_3_1311304,2
1_3_1311312,3
1_3_1311326,2
1_3_1311332,2
1_3_1311354,3
1_3_1311396,1
1_3_1311417,2
1_3_1311457,2
1_3_1311555,2
1_3_1311630,2
1_3_1311732,2
1_3_1311874,3
1_3_1311899,1
1_3_1372009,2
1_3_1372222,2
1_3_1380338,2
1_3_1380349,2
1_3_1380395,1
1_3_1380414,3
1_3_1380451,2
1_3_1380607,3
1_4_1500453,2
1_4_1520975,5
1_4_1550139,5
1_4_1550687,2
1_4_1571169,2
1_4_1571244,2
1_4_1571639,2
1_4_1571821,3
1_4_1590721,2
1_4_1591148,5
1_4_1591175,5
1_4_1591186,5
1_4_1591211,5
1_4_1591218,5
1_4_1591227,2
1_4_1591232,5
1_4_1591243,5
1_4_1591289,5
1_4_1591359,5
1_4_1591370,5
1_4_1591378,5
1_4_1591676,5
1_4_1600238,5
1_4_1600543,5
1_4_1620205,5
1_4_1620305,5
1_4_1620409,5
1_4_1620418,5
1_4_1620458,5
1_4_1620846,5
1_4_1620881,5
1_4_1631204,5
1_4_1641038,3
1_4_1641498,1
1_4_1641600,3
1_4_1641620,3
1_4_1641702,3
1_4_1641711,3
1_4_1641718,3
1_4_1641731,3
1_4_1641733,3
1_4_1641767,1
1_4_1641799,3
1_4_1641851,3
1_4_1641860,3
1_4_1641879,3
1_4_1641885,3
1_4_1641898,3
1_4_1641980,1
1_4_1650858,3
1_4_1651145,1
1_4_1651476,3
1_4_1652168,3
1_4_1660816,5
1_4_1661126,5
1_4_1661229,5
1_4_1661294,5
1_4_1661322,5
1_4_1661324,5
1_4_1661421,3
1_4_1661429,5
1_4_1661501,5
1_4_1661557,5
1_4_1661634,5
1_4_1661811,3
1_4_1661834,3
1_4_1661871,5
1_4_1670313,2
1_4_1670372,5
1_4_1670378,5
1_4_1670401,5
1_4_1670524,5
1_4_1670580,5
1_4_1670606,5
1_4_1700159,5
1_4_1700172,5
1_4_1700326,5
1_4_1700343,5
1_4_1700346,5
1_4_1700360,3
1_4_1700388,5
1_4_1700399,5
1_4_1700640,5
1_4_1700799,5
1_4_1700841,5
1_4_1700904,5
1_4_1701062,5
1_4_1701070,5
1_4_1701191,5
1_4_1701258,5
1_4_1701288,5
1_4_1710913,3
1_4_1710977,3
1_4_1711062,3
1_4_1711092,3
1_4_1711156,3
1_4_1711194,3
1_4_1711269,1
1_4_1711544,3
1_4_1720475,3
1_4_1720616,1
1_4_1720675,3
1_4_1720707,1
1_4_1720708,3
1_4_1720736,3
1_4_1720769,1
1_4_1720770,3
1_4_1720789,3
1_4_1720880,3
1_4_1720892,3
1_4_1720898,3
1_4_1720903,3
1_4_1720931,3
1_4_1720932,3
1_4_1720935,2
1_4_1720936,3
1_4_1720969,3
1_4_1720999,3
1_4_1721004,3
1_4_1721030,3
1_4_1721032,3
1_4_1721048,1
1_4_1721060,3
1_4_1721098,3
1_4_1721127,3
1_4_1721128,6
1_4_1721131,3
1_4_1721136,1
1_4_1721143,3
1_4_1721150,3
1_4_1721151,3
1_4_1721174,3
1_4_1721184,3
1_4_1721189,3
1_4_1721196,2
1_4_1721202,3
1_4_1721208,3
1_4_1721210,2
1_4_1721223,3
1_4_1721225,3
1_4_1721228,1
1_4_1721230,3
1_4_1721234,3
1_4_1721238,2
1_4_1721239,3
1_4_1721245,6
1_4_1721249,3
1_4_1721256,3
1_4_1721269,3
1_4_1721272,3
1_4_1721277,3
1_4_1721284,3
1_4_1721293,3
1_4_1721312,3
1_4_1721314,3
1_4_1721315,3
1_4_1721317,3
1_4_1721333,2
1_4_1721336,3
1_4_1721340,3
1_4_1721368,3
1_4_1721370,6
1_4_1721382,6
1_4_1721391,3
1_4_1721394,1
1_4_1721396,1
1_4_1721401,3
1_4_1721420,2
1_4_1721426,2
1_4_1721445,3
1_4_1721478,3
1_4_1721495,6
1_4_1721499,3
1_4_1721507,3
1_4_1721529,3
1_4_1721534,3
1_4_1721549,3
1_4_1721573,3
1_4_1721590,3
1_4_1721602,3
1_4_1721627,3
1_4_1721634,3
1_4_1721641,3
1_4_1721642,3
1_4_1721643,3
1_4_1721645,1
1_4_1721647,2
1_4_1721651,3
1_4_1721663,3
1_4_1721666,3
1_4_1721668,3
1_4_1721669,3
1_4_1721675,2
1_4_1721683,3
1_4_1721715,3
1_4_1721748,3
1_4_1721749,1
1_4_1721774,2
1_4_1721786,1
1_4_1721805,3
1_4_1721954,2
1_4_1721988,2
1_4_1722144,3
1_4_1722189,1
1_4_1722229,3
1_4_1722243,3
1_4_1730143,3
1_4_1730316,3
1_4_1730457,2
1_4_1730540,3
1_4_1730562,3
1_4_1730575,3
1_4_1730904,2
1_4_1730958,2
1_4_1730972,2
1_4_1731195,5
1_4_1731215,5
1_4_1760005,2
1_4_1760021,2
1_4_1760022,2
1_4_1781652,3
1_4_1782105,2
1_4_1782274,6
1_4_1790561,2
1_4_1790632,3
1_4_1790655,2
1_4_1790728,3
1_4_1790772,2
1_4_1790810,2
1_4_1790829,2
1_4_1790962,3
1_4_1790999,2
1_4_1791032,3
1_4_1791049,2
1_4_1791057,3
1_4_1791091,1
1_4_1791093,3
1_4_1791107,3
1_4_1791114,2
1_4_1791134,3
1_4_1791137,3
1_4_1791140,3
1_4_1791142,3
1_4_1791146,2
1_4_1791153,3
1_4_1791166,3
1_4_1791168,3
1_4_1791176,3
1_4_1791180,2
1_4_1791189,3
1_4_1791197,1
1_4_1791218,2
1_4_1791224,3
1_4_1791226,3
1_4_1791230,1
1_4_1791232,3
1_4_1791246,1
1_4_1791247,3
1_4_1791270,3
1_4_1791271,3
1_4_1791272,3
1_4_1791277,3
1_4_1791291,3
1_4_1791293,3
1_4_1791304,2
1_4_1791305,3
1_4_1791307,2
1_4_1791309,3
1_4_1791315,3
1_4_1791323,6
1_4_1791328,3
1_4_1791336,1
1_4_1791339,3
1_4_1791345,3
1_4_1791350,3
1_4_1791361,3
1_4_1791368,3
1_4_1791377,2
1_4_1791381,3
1_4_1791382,3
1_4_1791383,3
1_4_1791387,1
1_4_1791401,2
1_4_1791427,3
1_4_1791430,3
1_4_1791434,1
1_4_1791436,2
1_4_1791439,2
1_4_1791442,3
1_4_1791443,2
1_4_1791451,1
1_4_1791455,3
1_4_1791463,3
1_4_1791468,3
1_4_1791479,1
1_4_1791490,3
1_4_1791491,3
1_4_1791497,2
1_4_1791498,6
1_4_1791499,3
1_4_1791502,3
1_4_1791506,1
1_4_1791509,3
1_4_1791520,3
1_4_1791533,3
1_4_1791537,3
1_4_1791539,3
1_4_1791543,3
1_4_1791545,6
1_4_1791546,1
1_4_1791550,1
1_4_1791553,6
1_4_1791555,3
1_4_1791558,3
1_4_1791560,3
1_4_1791562,2
1_4_1791567,1
1_4_1791573,3
1_4_1791578,3
1_4_1791588,6
1_4_1791596,3
1_4_1791598,3
1_4_1791606,2
1_4_1791617,3
1_4_1791627,3
1_4_1791630,3
1_4_1791631,3
1_4_1791633,3
1_4_1791637,2
1_4_1791639,3
1_4_1791640,3
1_4_1791643,2
1_4_1791644,3
1_4_1791646,3
1_4_1791651,3
1_4_1791653,3
1_4_1791661,3
1_4_1791663,3
1_4_1791666,3
1_4_1791670,1
1_4_1791673,3
1_4_1791674,1
1_4_1791678,3
1_4_1791680,3
1_4_1791681,3
1_4_1791682,3
1_4_1791694,2
1_4_1791719,3
1_4_1791723,3
1_4_1791725,3
1_4_1791740,3
1_4_1791744,3
1_4_1791745,2
1_4_1791749,3
1_4_1791757,1
1_4_1791760,3
1_4_1791765,3
1_4_1791773,1
1_4_1791776,3
1_4_1791791,3
1_4_1791795,3
1_4_1791797,3
1_4_1791802,3
1_4_1791803,3
1_4_1791804,1
1_4_1791807,1
1_4_1791808,1
1_4_1791816,3
1_4_1791817,3
1_4_1791830,6
1_4_1791834,6
1_4_1791838,3
1_4_1791841,3
1_4_1791842,3
1_4_1791845,3
1_4_1800043,3
1_4_1800046,3
1_4_1800061,3
1_4_1800088,1
1_4_1800095,3
1_4_1800096,3
1_4_1800113,3
1_4_1800138,3
1_4_1800143,3
1_4_1800152,3
1_4_1800154,3
1_4_1800165,3
1_4_1800178,3
1_4_1800186,3
1_4_1800187,3
1_4_1800193,2
1_4_1800210,2
1_4_1800211,3
1_4_1800213,3
1_4_1800214,3
1_4_1800223,3
1_4_1800226,1
1_4_1800232,3
1_4_1800238,3
1_4_1800239,2
1_4_1800242,2
1_4_1800243,2
1_4_1800248,2
1_4_1800257,3
1_4_1800259,1
1_4_1800273,3
1_4_1800275,6
1_4_1800281,2
1_4_1800282,3
1_4_1800288,1
1_4_1800294,3
1_4_1800306,3
1_4_1800311,3
1_4_1800315,1
1_4_1800330,2
1_4_1800336,3
1_4_1800386,2
1_4_1800463,3
1_4_1800468,2
1_4_1800478,3
1_4_1800502,3
1_4_1800514,2
1_4_1800702,2
1_4_1830007,2
1_4_1830008,1
1_4_1830014,2
1_4_1861510,3
