UMAP1,UMAP2
-2.7381066307646496,-0.02633860073682781
-3.8011812195402843,-2.5485111113607597
-3.340681456051515,-1.078178906065197
-3.52514686437671,-1.9431666966497612
-3.399874113522218,-2.398592659455509
-3.429027937374757,-2.3613160859763336
-3.4622916206938488,-2.135525577884884
-3.3711914047819835,-0.6839590307295036
-3.550082109890626,-2.5100052293359947
-3.899667643032716,-1.8934109147607994
-4.652043245754884,-2.2552554469525528
-3.536282919369386,-1.7627092238485527
-2.8876384720427257,-1.9764066871225547
-4.184327028713868,-2.361220517379017
-3.99745550008838,-2.422911011797161
-4.175149820767091,-2.4889523174583625
-4.765388391934083,-2.471770116311283
-3.4319962486845714,-2.2788712933629465
-4.111716173611329,-2.761446201425762
-3.0301126465422374,-1.9763984318792533
-3.725518129788087,-1.7525598641454887
-3.306816957913087,-2.0410874273597908
-3.940969370327638,-1.2514846559583854
-3.068688295803712,-1.9771993692934227
-3.45265045019214,-1.6975743409216117
-3.126838587246583,-1.7436513539373588
-4.375558756313966,-2.7587290938913536
-4.23359527441089,-2.2451965037703228
-2.9591549858671886,-2.0226468827545356
-2.9406188950163585,0.6529452566087532
-3.148373983822511,-1.9323234792768669
-3.0183896050078136,-2.0108148094236564
-3.2577475533110363,-1.2219115730344963
-4.166105173550294,-2.228366107863159
-3.525803469143556,-1.5343478556692314
-4.316876791439698,-1.9676833983480644
-3.812448881588624,-1.2055676218092155
-3.4929331764799816,-2.6338233884393882
-3.9224466309172374,-2.575585537773342
-3.1217588410002453,-1.7213526602804374
-3.1372322067839367,-1.97091408930418
-4.210829637966798,-0.20728304348585125
5.954981900729491,-1.8058704372465324
9.596756555117919,0.017114854234485666
9.516519643344237,-0.4035220380842399
9.092687226809813,-0.5488084789335441
9.328280545749022,-0.3937431808530998
9.290268041171386,-0.44924964867231365
9.321498014010741,-0.4319273468076896
9.345517732180907,-0.2244117494642448
-2.752781771145509,0.2764701608598519
-3.382005594692872,-0.8679530855238151
9.510295011081054,-0.38389911614057537
10.150453187503173,0.15578553714159016
9.660434819735839,0.21080443896654133
9.417247869052245,-0.4252307649671745
10.195181466616942,0.11139199771287922
9.729168511905028,0.20032808818223957
9.687131978549315,0.13078830279710774
9.715317346133544,0.23138186969163899
-2.6122349724394542,0.6369571451127816
-2.5016216263396007,0.5356802705705452
9.046276189364745,-1.2855022188245964
10.785432435550048,-1.0197828050672721
10.052554227389647,-1.5919796463072013
9.075111009158446,-1.461214029413433
8.877938844241454,-1.0003146167814445
9.033298589267089,-1.4719580050527763
9.371710397281005,-1.812916361910076
8.692803956546141,-1.9031687315523338
9.557061292208983,-1.5353679891645622
8.705401040591552,-1.7650708194791984
8.450610734500243,-1.9371786650240135
8.558448411502196,-1.3294542070448112
9.492081262149169,-1.5154869195043754
9.76831827310498,-1.9557940300523948
8.622119523562743,-1.8833484288274955
9.935579396762206,-1.6426010962545585
9.055468179263427,-1.6967121597349357
9.282610513247802,-1.489573382955761
9.747530080355956,-1.5793435212194633
8.450217343844725,-1.6829334136068534
8.32743749765332,-1.5350255008756828
8.351881124057128,-1.8036026593267631
8.66180906442578,-1.3833660121977043
8.771293736972167,-1.12808361015913
8.686075307406737,-1.9079654749452781
9.831808187045409,-1.534319305044384
8.507089234866454,-1.4309067960798454
8.451875306643798,-1.2740214701711845
8.95484409479077,-1.8374170895635795
8.987801171817138,-1.1258683439314079
9.018855191745116,-1.5012839671194267
9.209308244265868,-1.954382860285015
8.797412969149901,-1.8128965731680107
9.14092979577954,-1.8201815124571037
9.0734778418916,-1.5907686587392997
8.888563252963378,-0.9707087513029289
9.665764428653075,-0.9551921125471305
-2.5542716011625988,0.9876734975755501
-3.3557561859709484,2.2513539556443978
-2.545062445126222,0.5139176610887337
8.841452218570067,-1.2393958803236198
9.527475453891112,-0.88716723881361
10.040680028476073,-1.9157767232477378
8.875981904544188,-1.212666654211254
9.531435109652831,-1.527948283773632
8.8638831153291,-1.5933576460897636
8.413010694064452,-1.8259659048139762
10.146756745852782,-1.168724560362072
9.846528626956298,-1.232497238737316
9.743185617007567,-1.5281654234945488
8.993462659396483,-0.6231734987318229
7.539671994723632,-1.7753947611868095
10.62940750268872,-0.7996118303358268
10.232542611636473,-0.28282906971570965
9.054977036990477,-0.9719425674497795
9.318850614108397,-1.4906766649305534
9.953078843631102,-1.6932904358923149
8.923048116244628,-2.002682023864956
8.78366193918164,-1.738005840402813
9.689938642062499,-0.3381510015546989
9.341010190524413,-1.8187625642835807
9.284158326663329,-1.866532051187725
9.076738454379393,-0.9384274717390251
9.200619794406249,-1.388447904211254
9.38678465036328,-0.47871997318861004
8.806306935824706,-1.9043576057970237
9.40213880685742,-1.2361725803434562
10.139633275546386,-1.586376988512249
8.849093057193114,-1.223081135374279
9.164851285495116,-1.567025625330181
10.36677322534497,-1.2317410942136955
9.34162149576123,-0.5290208097517204
8.991259671725585,-0.9977559085905265
9.785820104159667,-1.2012921806394767
9.426798440493895,-1.010255002599926
9.7686363234895,-0.9959043499052238
8.232642270602538,-1.6032807465612602
9.732651807345702,-0.7014669414579582
8.879761792697265,-1.619436287504406
9.310033895053222,-1.4343160029470634
8.668340779818847,-1.2465524908125114
9.51731214670117,-1.3387126561224174
10.178359605349852,-1.7352524634420585
9.202463246859862,-1.1813388105451774
9.504904367007567,-0.6931582923948478
9.566943742312743,-1.288080119711132
8.815959073581054,-1.322372340780468
10.021081544436766,-1.5881413456022453
10.014587976016356,-1.233328961950512
9.091379262484862,-1.3450621005117607
9.725546933688475,-1.4163966413557243
9.782264806308104,-1.2439638610899162
9.232568837680175,-1.9729406472265434
9.008351422824218,-1.0049556728422355
9.973960496463134,-1.7565000887930107
9.731050111331298,-1.8411274787008476
10.242689706363036,-1.5047420497953605
10.141140557803466,-1.4143262144148063
8.535540200747802,-1.2018308874189567
10.37089691308911,-0.4949190851270866
10.695049859561278,-1.2107852932035637
10.336641885318114,-1.1820255752622795
9.227825738467528,-1.363494360071392
9.378506280459716,-1.762572729212017
10.146133996524169,-0.05945780239698406
9.035276509799315,-1.72432281933424
10.641229249514891,-0.9287702079832267
9.99535570291455,-1.065114163976879
9.279728032626464,-0.7733689781248283
9.471498109378173,-0.624828600507946
9.74402628091748,-1.8807219203531456
9.770358182467772,-1.8773334857046318
9.579324819125487,-1.87657632790205
9.162292577304198,-1.522774600607128
10.390592195071532,-1.3604290123998832
9.476468183078124,-1.3550617333471489
10.171580888308837,-1.6532666917860221
9.628795243777587,-0.7379526134550285
-2.989854715786622,0.24193022288682942
10.03652534631665,-1.626243555170269
10.057386971988036,-0.7608039613783073
10.177146531619384,-1.7633406158506584
8.464422322787597,-1.4040308829366874
8.793100453891112,-1.6192081209242057
10.333863832034423,-1.590802573782177
8.939109422244384,-1.0794638629972648
10.015387631930663,-1.0793829198896598
8.52765665201123,-1.4885459776937675
8.798507310427977,-1.3687492843687248
9.619766809024169,-1.874903702360363
8.375380612887694,-1.8149689372598838
9.78911266473706,-0.9648466344892692
9.21916351465161,-0.9814222093641471
8.91177997735913,-1.4081974264204216
7.244536496676757,-1.4606167908727836
9.257829762973143,-0.5713579889356803
9.036569692172362,-0.8652322526991081
9.258484460391356,-0.6337560649931144
8.846831418551757,-1.3709542985975456
10.160530664004638,-1.4420226450979423
9.443404771365477,-1.4569549795210075
8.700901128329589,-1.1618943449079704
8.628453828372313,-1.7578879829466056
10.059486962832763,-1.45158191881773
-2.892413519344972,-0.5997317071973991
9.93287668374951,0.08617231883409504
6.061598874606444,-1.741297745329113
6.016759015597655,-1.762130879980297
11.112742997683837,-0.10953977070447918
10.06208810953076,-0.07891681156751629
5.985581494845702,-1.745289170366497
6.027896977938964,-1.7615946765958976
11.281874276675536,-0.13108279667493816
-2.9911297783476574,1.7556473974168587
-3.7534755692106945,2.207850194352894
-3.108034990750001,0.2973813775956917
9.501747228183104,-1.94651862345335
10.799503900088622,-0.21570517979261394
-3.7807063088042003,2.6332480672776986
6.18371019510205,-1.7445005413114738
9.13434324411328,-1.6244272228300285
8.799882985629393,-1.1420910593092155
9.182104207553222,-1.754684054475994
8.718678571261718,-1.6781803604185295
9.14646015314038,-1.7078355785429191
8.89249286798413,-1.8696725603162956
8.938013650454833,-1.48549088202116
9.53576097635205,-0.6779235836088371
9.18623647836621,-0.5182557340681266
10.598267175235106,-1.0694520708143425
8.998326875247313,-1.407360577207775
9.430420018710448,-1.4041952129423332
9.813984490908934,-1.346737587076397
8.796146489657714,-1.8396769400655937
9.736443139590575,-1.3220046993314933
10.603666879214598,-1.5500068303167533
9.997163392581298,-1.5858922239362907
10.132410146273925,-1.4656524892866325
9.032285787143065,-1.6659355398237419
10.063119985141112,-1.6449187632620048
9.95101747659619,-1.3932032223760795
8.513234712161376,-1.3164594408094596
10.226358033694579,-0.029866003614635428
10.421052552737548,-0.5166586872160148
10.933339692630126,-0.9382148023664665
-2.4584716782194835,0.5753235582292366
-3.894336603604005,1.5342473749101448
-3.6672352776152355,1.7236454252183724
-3.9383176788908703,2.6370808843553353
9.816884137667968,-1.4750031467497062
10.964577294864013,-0.7812652822553825
8.537789918460204,-1.2995251055776786
10.33605632928784,-1.6695687409460258
8.254054166354491,-1.6541199918806266
10.128219224490477,-1.796865874153347
9.840608693637206,-1.9833905931532096
9.926627732791259,-0.7591771122038078
8.831490613498046,-1.022060775381298
9.170065976657225,-1.2743786808073234
10.4671226516145,-1.5283897753774833
8.957326032199218,-1.0303733583509636
8.842456914462401,-1.6264939542829704
9.043940640963866,-1.0191893812238884
9.936059571780516,-1.3425220485746574
9.173189260043456,-1.8793845113336753
10.299181558169677,-1.3542957540571403
9.099297143496825,-0.9771098133146476
8.940146066226317,-1.542378031831951
10.753762818850829,-1.2289951082288932
9.152255155124022,-0.9888171192228508
8.862309075869872,-1.9030774768411827
9.247163869418456,-1.4881289835989189
10.225200273074462,-1.346730911356182
9.318894483126952,-1.8689818020879936
10.769880868472411,-0.8791817661344719
8.719135381259276,-1.1700095172941398
9.09944448617871,-1.5505074497282219
9.797566510714843,-0.6300426956236076
8.527554608859374,-1.7511722084104728
9.595834828891112,-1.6232422824918937
9.130406953372313,-1.5815465088903617
8.462169267215087,-1.2483742471754264
10.045419312991454,-1.9218453105508995
11.130738832034423,-0.41292502842542644
9.103484727420165,-1.246995234113903
10.594481088198973,-1.4673986669599723
9.465338803805663,-1.2115463253080558
8.561888314761473,-1.3133357997953605
8.982182122744872,-1.166284465414257
10.224448777713134,-1.4534772869169426
10.378403283633544,-1.597135090452404
8.895884610690429,-0.9942028757154655
8.502801038302733,-1.254849934202404
10.961304284610106,-0.4145529504835319
8.399347878970458,-1.43357255421278
7.545127965487792,-1.589000665765972
9.311472989596679,-0.698728108030529
7.8052636161225575,-1.444934630018444
6.956376649417235,-1.3635446663915824
10.228824235476806,-0.8824326034605217
10.286306001223876,-0.9657756324827385
8.88211689142163,-1.5920204754888725
10.328971482791259,-1.39584484062788
9.10186729577954,-1.4245369072973442
10.5686908736604,-1.2215408321439933
8.640884973086669,-1.0974781747877311
10.548587419070556,-1.2081722255766105
10.067498303927733,-0.7208624120771598
9.294120408572509,-1.7873247798502159
9.029213048495604,-1.4641795989095878
9.80983505395825,-1.4698223110258293
10.46846828607495,-1.3535195227682304
10.58520469812329,-1.5570228334486198
10.590478517093016,-0.5162530180036735
9.207019902743651,-1.07027008495924
8.75167141107495,-1.5241595145284843
9.60709247735913,-1.6700728174268913
6.0653179660218495,-1.7716385062753868
6.0168584361451405,-1.794642322880001
8.251222707309081,-1.6362773414671135
10.521816827334716,-0.9767303701460075
9.362695313968016,-1.7211119171201896
9.8910146727937,-1.2213274475156974
8.838241197146727,-0.09638359509107586
9.614287950076415,0.13075921573045735
-4.59762754293506,-1.4339046712934684
-4.427210234127687,-1.3184994097768974
-3.7177108749968273,-2.1354047890722465
-4.553388975582765,-2.352217571061821
-3.2677177414519054,-1.779900872331829
10.164305306948973,-0.07193639240858074
-3.3089241013151867,-0.4425283905088615
-4.32179632040088,-2.6207092341005516
-3.0903305039030773,-1.2347634073316764
-4.064652346096681,-2.1057084884464454
-3.181292913876222,-1.2206220861494255
6.027468539752318,-1.7532366748869133
-3.6677869782072765,-2.220806271952362
-3.848314188442872,-2.215147474032612
-2.9904216751677257,-1.818858587366314
-3.787119291744874,-2.5152524795353126
-3.2647270187956554,-2.3309975426614
-3.7395218834501964,-2.3135007332980346
-4.118577383480714,-2.6323013838350486
-3.6298250183684093,-1.4070861574232292
-3.1164068207365734,-1.8832795258581352
-3.103684328518556,-1.525344991308422
-3.513742350063966,-1.950340473276348
-4.539898298702882,-2.100230747085781
-3.54656495901172,-2.2014621507346344
-3.2671708092314464,-1.499087416750164
-3.6681326851469738,-2.260622835901351
-3.8345378861052257,0.28214523829820637
-3.4114088043791515,-1.9445387955724907
-3.620941065273927,-2.151798875254364
-3.256662748776124,-2.1974541779577446
-3.013066194973634,-1.9724596079408836
-3.7835396751982433,-2.391806022447319
-4.580915354214357,-2.4187798734724235
-3.3898047432524425,-2.413258233290882
-3.3069285378081066,-2.200603247803421
-3.6571058258635265,-1.5559287305891227
-4.616513632260011,-2.298045340177388
-3.744915388546632,-0.5403489109098625
-3.0493201241118175,-2.1834137823402595
-3.535107038937257,-2.5729722615301323
-3.286651514492677,-1.9874964591085624
-3.4584926590544445,-0.8188048835813713
-3.2893828377348644,-1.6267823215543937
-3.247521303616212,-2.0373355235874366
-3.230250261746095,-2.136268922311039
-3.3031043037993175,-2.2008611869036865
-3.3349737152678234,-2.301800833266945
-3.969524763546632,-2.829011642557354
-3.1939243301970226,-2.0723258938610267
9.523053742923095,0.11635348834398274
11.308692552127196,-0.1656666036665153
10.647793389834716,-0.0406952138960075
10.149210549868895,0.09530804194810871
-4.39676084371631,-2.740922712904186
-3.3440169319731456,-2.346432739120693
-3.794095419369386,-2.5283738907396507
5.971918918170287,-1.7900296684324455
-4.355626486263917,-2.700493299585552
-3.394120119534181,-2.5134647574245643
5.987129308261229,-1.7808139260828209
6.001414395846679,-1.7726430233537864
9.459507085360839,0.07516572512987141
10.180999375857665,-0.07485535107252117
10.131813622989013,0.11459872760179524
9.624787904300048,0.23421404399278645
10.065287210025145,0.0948188070237923
9.473996259249999,-0.7387628789961052
9.150360204257323,-0.850727939230175
-3.014130018673585,1.0971007112443734
-3.3047827705961925,2.337886071580677
-4.676666639767335,2.5040204290330697
-3.182469747982667,-1.137671732526989
-2.6126493439299328,0.6046437982499886
-3.7623919472319347,0.5363569024980355
-3.0052947029692394,1.0977041486680794
9.593141175784423,-1.2705543871938896
9.281704045810057,-0.5534937616407585
9.370932199038817,-0.3619249101698112
8.520119287051513,-1.858180069547863
8.946130849398925,-0.9102723833143425
9.054729081668212,-1.5591391559660148
8.572717286624266,-1.3786925908148002
10.335145570315673,-1.1454333301603508
8.413142301120116,-1.98688607774374
10.744828797854735,-1.2808594342291069
9.349048711337401,-1.3989861246168327
10.20496902612622,-1.3600136276304435
10.161824800052,-1.8623243506967735
9.2031484618562,-1.6783151265203666
8.318062879123046,-2.0150816675245475
8.26016864923413,-1.7445889349996757
10.23867378381665,-0.513344430547924
8.660928346194579,-0.83481767140028
-3.2936810478789074,2.3689896825731087
-3.7499283775908214,2.7449562314927864
9.267231084384276,-1.47519054375288
8.69586668161328,-1.493726932626934
8.295783616580321,-1.674420439821453
9.43615160135205,-1.7055526610433769
9.783562280215575,-1.6405836578428459
9.660809613742186,-1.3263299103796196
8.766165353335692,-1.8860078986704063
9.734724618472411,-1.8559219773828697
9.30087909845288,-1.5609618063986015
9.028522111453368,-0.8604017730772209
8.655089475192382,-1.8448295827924919
8.634149171389891,-0.9296269651472282
7.338748075045897,-1.4245512124120903
8.84114084390576,-1.3641214009344291
10.380697824038817,-1.6488957043707084
10.671539880313231,-0.9894141193449211
9.712127305545165,-1.4527510639249992
9.89467392114575,-0.9332882400572013
11.015819169558837,-0.5711045499860954
10.00477085260327,-1.0682929988920402
9.302570916690184,-1.563519560915203
10.12986908105786,-1.1190241809904289
9.48528204111035,-1.0285758014738273
9.351169683017089,-1.1677577730238151
11.103088952578856,-0.35129060707685467
9.914444543399169,-1.5543439622938346
9.304327107943847,-0.6030696865141105
9.662041284121825,-0.1204381223737907
9.055165387667968,-0.6833813425123405
8.42192516473706,-1.5145184632360649
9.631675817050292,-0.16208794079420086
9.700056649722411,-1.1924857135832023
8.611432172335936,-1.4351799722730827
9.885526277102782,-0.8495223756849479
9.241427518405272,-0.6083520885526847
10.131880380191161,-0.24155857525465008
10.19726810602124,-1.2744466301023674
8.79282484201367,-1.5097466941892814
8.821554280795409,-1.517928683382244
8.717434026278807,-1.5291338201582145
9.976488210238768,-1.639100992304058
9.83510933069165,-1.2087664838850212
9.272105790652587,-1.1932391162931633
8.541106320895507,-1.7716118629991722
8.996495343722655,-1.799945228916378
9.285282708682372,-1.1106130119383049
10.18104038385327,-1.4970001216947746
9.203863240756347,-1.8389051195203971
9.9162250533479,-0.7735806938230705
9.364889718570067,-0.36915793381330486
8.786741830386473,-1.2744625445425224
9.24151287225659,-0.6676562067091178
9.274694062747313,-0.7497165437757682
9.266096211947753,-0.38518550358411785
10.89285907892163,-0.6139645811140251
9.336869813479735,-1.4082298513471794
10.701944924868895,-0.9699278112470817
10.213379479922606,-1.4740233655988884
8.829170800723388,-1.4689640637457084
9.811846353091552,-1.6151530381262016
9.765687562503173,-0.963196897131176
9.802100755252196,-1.503021502119274
9.995096780337645,-1.1212276454984855
9.732640363253905,-0.2500481840192985
10.472473718203856,-0.6686759229719352
9.331797696627929,-1.2676990266859245
9.21191654352124,-1.4842682119428825
8.601136304416015,-0.9912129875242424
8.811233140506102,-0.9796911712705803
9.519530393161132,-1.1032405134260368
9.697081185855223,-0.946255111318798
10.124791242160155,-1.456175469976635
10.093987561740233,-1.7637874122678947
9.806033708133056,-0.751564645391674
10.651465989627196,-0.3874390359937858
9.737343408145263,-0.5563799377500724
8.298777677096679,-1.8669416245042991
6.063797809161498,-1.7468397852003288
8.711329556979491,-1.4563972588598442
6.3284545913117665,-1.562541448694439
-3.7123240456206066,-2.4405296977579307
-3.4521402344328624,-2.390809902173252
-3.526716612301515,-2.6299847897112083
-3.1712583527189953,-2.127975293618412
-4.419127844296144,-2.0357568200647544
-3.49576511236255,-2.1846138026535225
-3.95526161047046,-1.8300713237344932
-3.038743875942872,-1.8216033514558982
-3.7351278290373546,-1.1826626297056388
-4.302904032192872,-2.088355400782795
-4.481418035946534,-2.6317199405252647
-4.286753557644532,-2.819759749990673
-3.8459347710234386,-2.514540934187145
-3.4354261383635265,-1.435832166296215
-3.4107450470549328,-1.6568342681944084
-3.598320864163087,-2.6760251458704185
-3.6292127594572765,-2.6279092367708397
-3.9399847015959484,-0.9190091129362297
-3.2441791519743663,-0.5568278070509147
-4.020312689266847,-2.406968438249798
-4.483806513271974,-2.676687591892452
-3.9205988869292003,-2.775167488676281
-3.290989778958009,-2.174380661171646
-3.73217286916797,-0.5857843395292472
-4.314532659969972,-1.5793700452863884
-3.9086178764921886,-1.5700446005880546
-3.9799727425200206,0.08576700724962238
-4.214948080502198,-2.909160875898571
-3.138604067288087,-1.8233861263811302
-4.206135652981446,-2.5430142518102836
-4.138822935543702,-0.21959164105054851
-4.017763517819093,-0.11464192829725262
-3.6874798760039074,-1.9104593928873252
-3.1440676674467785,0.3974904779374886
-4.05510988088672,-2.3727677252113533
-3.045555971584962,-1.9663544233858299
9.847324468173339,0.04011008777025227
5.999682761706664,-1.770533972603054
6.124812699832274,-1.7303356166898918
-4.628463171444581,-2.5272464092790794
-3.9083217606169445,-2.8213343258917045
-3.8332127556425792,-2.319562115889759
-4.395454309902833,-1.7814427252828788
-3.7714199051481945,-2.3764980595528793
-3.9387449249846203,-1.7903869684755516
-3.490547083340333,-2.5053919788419914
-3.9677676186186535,-2.373830043894024
-4.205183409176515,-2.311833777648182
-4.626438520870851,-2.220584360134573
-4.122542284451173,-0.21193411312696453
-4.027506254635499,-0.18963911495801922
5.967860318698241,-1.8096662398397636
6.031977511920287,-1.7842671807825279
6.047071553744628,-1.7409857150137138
6.0589257254975575,-1.728494965654583
9.156288243808104,-1.3445275064527702
9.101919271029784,-1.3040910597860527
9.082442857302977,-1.8880149360716056
10.154124833621337,-1.2242125507414054
8.388389684237792,-1.7926289077818107
8.992385007418944,-0.7964180942594719
-3.937136553250001,2.8449299100816536
-3.7388719544035656,2.104111409562855
-3.0377420410734874,2.127091622728138
-4.800676248989747,1.6938419107377816
-3.5535243973356945,2.40993330516222
-4.629996202908204,1.795621610063343
-3.200784586392091,2.428234792131214
9.453844644107177,-1.9895731147348594
10.59477672723706,-1.3343369003355217
8.7552085891145,-0.8726766344129753
8.485907651461913,-1.9887711044370842
9.761298276461913,-1.8885385032713127
10.885690309085204,-0.8516324993192863
8.390875436343505,-1.846776717525692
9.189629651583983,-1.4712876316129875
9.893845655001952,-1.0708531375944328
9.68992529062207,-0.529760503393383
10.020922757663085,-1.4467580553114128
10.495999909915282,-1.518940054994793
9.055341817416503,-1.2991196151792717
9.475092984713866,-1.2795274492323112
11.060696221865966,-0.6145221229612541
10.657872773684813,-1.2477188345014762
7.324217893161132,-1.4739917155325126
10.076906301059081,-1.700720750910015
10.594976998843505,-1.0815373893797111
8.976595498599364,-1.0045192476331901
8.682407475985839,-0.9667644735395622
10.120950795687987,-1.1818368669569206
9.297538377322509,-0.4588262077390861
9.656521417178466,-1.4864238139211845
9.181974031009032,-1.3609370227873039
8.970486260928466,-0.7482096191465568
9.412500001468016,-1.1899513240873527
9.808106042422606,-0.7081058260023307
8.895990945376708,-0.986384415250988
9.95388898996289,-1.67247875891325
10.372833825625731,-1.1319867607176017
8.729613400973632,-1.4067445035993766
9.73414907602246,-0.4557337995588493
8.54690132287915,-1.0481318470060539
10.088147260226561,-1.2511580225050163
8.387642957248046,-1.3440380927145195
-3.946087263546632,-2.262323578537227
9.470191098727538,-0.8478062387525749
10.41074237970288,-1.2497056957304191
9.287177659549071,-1.2048789497434806
9.754949189700438,-1.2876713510572624
9.015281774081542,-1.0160300966322136
8.909146405734374,-0.7393244739591789
10.027537919558837,-1.8425717588484
10.527542687930419,-1.465248190981121
10.12186298517163,-1.59459390602705
8.972254373111083,-1.1713403698026847
9.879098035373046,-0.7327078815519523
10.079569913424804,-1.2382928367674064
9.778140641726806,-0.9258483882963371
9.80019722131665,-1.5915038224279594
10.13031253961499,-1.483643674474926
8.642005540408446,-1.4882699485838127
10.694855310000731,-1.3403991099416923
6.057431317843749,-1.7314635153829765
9.666212178744628,-1.616158151251049
8.583464242495848,-1.873344236236782
10.106777287997557,-1.527261221033306
9.564477063693358,-1.7575764294683647
8.763644315280272,-1.9249012406885337
10.063685037173583,-1.7494012948095512
9.08217392114575,-1.6672002907812309
8.794530011691405,-1.8109103675901603
9.460527993716552,-1.5969783898412895
9.66339597848828,-1.2513268228590202
8.681469537295653,-1.9271208282530021
8.929663754977538,-1.4117574330389213
10.384893037356688,-0.9724791284620475
9.454798318423583,-1.9167162116586876
8.990499593295409,-1.083313250166149
10.542328454531981,-1.2150146003782463
10.11454401163037,-0.9124775167524528
9.054028131045653,-1.6953276034414482
9.934413053073241,-1.4126621123373222
9.904480554141356,-1.4587120648443412
10.229185678042723,-1.657376014810772
9.290016747989013,-1.5511651869833183
10.147163011111571,-1.372296416383953
10.625298120059325,-1.2405500646650505
10.33938942102368,-1.2522832389890861
9.513105966128661,-1.4645204182684135
7.992263413943602,-1.233289146047802
11.297476388491942,-0.25555899105665203
9.830440618075682,-0.7059598203718376
-2.917065046749757,1.8405253652513314
-4.623512648068116,-2.2192433003306102
-3.739166162930177,-2.4476779635965538
-4.3779381737333996,-2.795841896158428
-3.4889110550505382,-2.5985085006773185
-4.461446665249513,-2.7665984567224693
-3.4204319939238292,-1.7954383727132988
-4.278245829067872,-2.223771468919487
-3.810613058529542,-2.5879871781885337
-4.444229029141114,-1.9109889801561546
-3.9140280708891613,-2.5017641719400596
-3.2042225823027355,-1.3389414783537101
-3.6069625839812023,-1.5443402763426017
-3.032146833859132,-1.968587362390728
-4.743565462551759,-2.2154180716693115
-4.213879965267823,-2.7627176877081108
-4.6217898354155285,-1.8325855370580864
-3.712845705471681,-2.6580335434496116
-3.2357634529692394,1.2677473787248421
-4.45103158804004,-2.820681595426769
-3.2903474793059093,-2.023036041480274
9.363439179934813,-1.3011139269888115
7.746057607211425,-1.4087440606176567
10.19429836419995,-0.26236655674573894
6.022291757144286,-1.7539478775083732
10.292566873111083,-0.09245016537305828
10.032665826358153,-0.0833902593671989
11.051318742312743,-0.1958606477796745
-3.848343752346681,-2.9058289762556266
-3.8567613587004406,-2.678928815942974
-3.5178398117644054,-2.1627865817367744
-4.722006700955079,-2.4912543978512
-4.69777288290088,-2.429772758108349
-3.855288408718751,-1.8143080707609367
-3.4191669449431163,-1.6064059372961235
-4.4699720368010265,-1.7342930670797538
-3.561023615322755,-2.207349230718584
-4.208986662350343,-2.715752982717724
-3.7362355217558605,-2.2343603979766082
-4.754725359402345,-2.233313673359127
-4.209989450894044,-2.8745070930540275
-4.380241774044679,-2.831156634908886
-3.8357466683012706,-2.452881046754093
9.800884820498778,-0.4358213182508659
9.360361196078612,-0.5881173845350456
6.877547360934569,-1.6053927179395866
9.644281007327391,-0.3939235445081901
6.011147595919921,-1.7691313262998771
9.916383840121581,-0.02011730633375164
11.177145577945067,-0.2087998624860954
10.75466499475415,-0.1707611318647575
-2.773259066067384,0.4063746694505501
-3.0910185799223644,1.5280513528764534
-3.183871172390626,2.3722197774827767
-2.833139322720216,1.7968275312364388
-3.0865305885893566,2.2457058195054818
-4.925969503842042,1.9195706609666634
-4.2652882561308605,1.4220452073991585
-2.9737543091398937,1.6724819902360726
-2.9226531014067394,0.8023831609666634
-3.120964430294679,1.686495280641346
-2.58325233312671,0.1605069402635384
-4.006002806149171,2.8660523656785775
-3.1356829628569347,1.461273408311634
-2.7056192383391124,0.8837146524370003
6.600186921634032,-1.5782959695875358
9.562883473910643,-0.7986774679243278
9.677522279300048,-0.8059370752393913
10.051161386050536,-0.47690441570875164
9.392967320956542,-0.6629504200041008
9.964778043307616,-0.5577386852323722
10.428446389712645,-0.31457843742963787
9.286239720858886,-0.49233534298536297
10.885088540591552,-0.497367286306591
9.890223123111083,-1.6907191511213493
10.072924710788085,-1.757135831934185
-4.175113104305909,2.6441404584825325
-4.677429102383302,1.6734862092912484
-3.727804563961671,1.021336293596058
-3.3127573952299816,1.9593655828416634
-4.043901346645997,2.6411072973192025
-4.672557733975099,2.091010308641224
-4.648726843319581,1.9152600530565072
-4.845292471371339,1.9037339452684212
-4.028449915371583,2.981773591417103
-3.5754975304228527,2.891321874040394
-4.166381739102052,3.0014641050279427
-4.504092596493409,2.599717831987171
-3.546581648312257,1.9030296567857552
-3.2526072487456066,1.8648507360399056
-4.346028231106446,2.4487240079820443
-4.770922563992189,2.1886355642259407
-4.852897547207521,1.9632327321946907
-4.210140131436036,2.9545161489427376
-4.933925054989503,2.657268739122181
-3.440103434048341,2.6182381872117806
-2.9197825417143566,-0.5247500177442741
-2.800323389492677,1.1089212659776497
-4.974316023312257,1.5562517408311654
-3.854630850277589,1.967604375261097
-5.286987207852052,2.167645192521839
-3.2032770142180187,1.7238130334794808
-4.053102396450685,-2.2394362177669715
-2.474006079159425,0.818314767259388
-4.430704496822999,2.334613061326771
-2.809600733242677,0.6127304796159554
-5.304568670712159,1.857910371202259
-3.6903494820219738,0.6275815729081917
-3.7378157600981456,1.2608389619767952
-4.3913821205717785,1.6907188657701302
-4.92354717107837,2.3669545415818978
-4.470903299770997,2.63578722514513
-3.475428484402345,-1.780700319629879
-4.078221701107667,2.083636975663929
-4.646348856411622,2.605041718858509
-4.65419378133838,1.423896289247303
-4.507692717037843,1.9258572820604134
-4.0087656006438,2.0099241498887825
-3.400735758267091,1.1806425813615609
-3.8675574287993175,1.0423357252061654
-4.729372404537843,1.5394627813279915
-4.287797831020997,2.2008583311021614
-3.6301444992644054,1.8066608671129036
-3.9038094505888683,2.135531163591175
-3.011502645931886,0.5857512716234017
-4.416273973904298,2.8802311185777474
-3.115508936367677,1.6929383043229866
-3.5343712792021496,2.615088677781849
-3.9631880745512706,2.727081036943226
-2.4573825821501476,0.4646005395829964
-3.410168550930665,0.8457822565019417
-4.983640097103761,2.1333000425279427
-4.239036940060304,1.9882328275621224
10.095096208133056,-0.27432920895215984
8.998739339389159,-0.5744105812132072
-3.25249757619922,1.1871471170366097
6.742558099307372,-1.6065287228643608
9.744568921603515,-0.8013180728971672
9.830576993502929,-0.4250014062940788
10.222565270938231,-0.45032217465040203
9.600371934451415,-0.551639222723217
9.563689328708007,-2.0016144748747062
10.26018963006909,-0.2585904832899284
-3.4583820328337413,-1.8582360979139518
-2.9115923866850597,1.4716434244096566
-2.954099081478761,0.42705342807176594
-3.878800772152589,-0.9550483461439323
-3.1174167618376476,0.9469015363633919
9.606004811801268,-0.47854676209089275
9.730986691989257,-0.5077581640302848
-3.8926915154082042,-0.8087083335935783
-2.882815264187501,0.652205205339222
10.970489121951415,-0.2871817585050773
9.732212640322997,-0.4492190118848991
-3.2818430885893566,-0.9346893068372917
9.725480653323485,0.17012522258165363
9.257897473849608,-0.4487041469633293
9.649617768802,-0.3591839309751701
9.715314485110595,-0.013427042585582694
10.098829366244628,-0.35758402310010906
10.073908425845458,-0.8328243728697013
8.865613080539061,-1.0818437572538566
-4.114583395443605,-0.6069180007993888
-3.9087590202910167,1.542684531587391
-2.9793409332854015,0.51586911715868
-3.3058175072294933,2.101738667863636
-2.5692767128569347,0.6184012655198861
-3.616501711331056,2.387242532151966
-4.745182894192384,1.0198380712449837
-4.85806979986255,2.340669846910267
-6.864636801205323,1.8365399602830697
-6.667369268856691,1.908461308854847
-3.9412273392302257,2.6136276487291146
-6.977519415341066,1.7124833826005745
-5.726973436794923,1.6328797105729866
-4.062204740963624,3.0125529531419564
-3.6323021874052746,1.2224700216234017
-6.621870420895265,1.8161999944627572
-6.38554897161548,2.0627262357652474
-6.63149394842212,1.7010361913621712
-6.5491394028288585,1.9609319929063607
-6.475743673763917,1.9897873166978646
-6.727461241207765,1.7536828283250618
-4.887843512020753,1.7606379751146126
-6.38923492284839,1.9992868665635872
-6.690691374264405,2.056797719377308
-5.5173329338652355,1.9207727674424935
-6.57506027074878,1.6348156694352913
-6.77192535253589,1.8710567716539193
-5.861602209530519,1.8488671544969368
-6.402843855343507,1.9281718496263314
-6.784738920651124,1.9631788495958138
-6.2514099106413585,1.4216420415818978
-6.7361158356291515,1.6207711461961556
-6.3241895660979015,1.8813798192918587
-6.570142172299073,1.7736966375291634
-6.548471830807374,2.018430447953968
-5.028426550350831,2.4131133321702767
-6.6268886551481945,1.8196627859056282
-6.259180448971437,1.832124925035267
-6.518748663387941,2.021535611528187
-5.963752172909425,1.8132378820359993
-6.960540197811769,1.8802711728990364
-5.325435064755128,2.1306378606736947
-3.8362626061064464,2.793536401170521
-6.727574728451417,1.7535373929918099
-6.343572042904542,1.8157860998094368
-6.508219145260499,2.0268614057481575
-5.9011901840788585,1.990074849504261
-6.541328810177491,1.9231040243089486
-6.40681304784839,1.4894625905931282
-6.770332716427491,1.8546535734117318
-6.6707777008635265,2.0172860387742806
-4.626565359554933,-2.045395889502735
-5.91267242284839,1.4084269765794564
-4.205744169674562,-1.3198524352132988
-3.946416281185792,2.5209758047044564
-4.974120996914552,2.3246781591356087
-3.8068412766081554,2.65718672313097
-3.2036398872954113,1.5200581315934945
-6.615171812496827,1.8901827100694466
-6.2922986969572765,1.9217126134813118
-5.194455526791261,2.0464412931382943
-6.519281767330812,1.737464166063099
-6.175656698666261,1.57145092524889
-5.97818698736255,1.956299043077259
-6.939391516171144,1.8809888128221322
-6.400791548214601,1.8544771436631966
-5.2514685616118175,2.117513394731312
-6.314710043392823,2.0167510274827767
-6.9287170395476085,1.8960673574388314
-3.3031319603544933,2.369551396745472
-6.828921698055909,1.7563221219957161
-6.508763693295167,2.0102593664109993
-6.710514448605226,1.4558791879594613
-6.7016824707609874,1.9229213956773568
-4.8468946442229015,2.304231858629017
-5.814590834103273,1.3928265336931038
-4.127376459561036,-0.9484344955503654
-4.424434088192628,-1.9102548893511009
-4.57000770422046,-2.1512433897673797
-4.742727182827638,1.9656569723069954
-5.219248674832032,2.1498849157274056
-5.2216834053618175,1.7764637235582161
-3.0950030312163097,-1.7074803944647026
-3.546605013333009,-0.0931089159071159
-5.434442900143312,2.2833688024461556
-3.5737275108916027,-2.756114238125057
-5.059428595028566,1.7888505224168587
-6.8448709473234874,1.7055473092973519
-4.33765210958545,-2.0192958649217796
-6.881772421322511,1.8467685941636849
-4.528858087979005,-1.166946315389843
-5.0743187889677746,2.1752474073350716
-2.594489477596925,0.9796650175035286
-6.404672049008058,1.4834367994249154
-4.152065180264161,-2.4803219225227546
-6.513854406796144,1.7818357709825325
-6.6594203934294445,1.6670400861680794
-6.692443273983644,1.4140057329118538
-6.836344145260499,1.937239385026722
-4.552637957058595,0.9293026689470101
-6.888559721432374,1.7368271116197396
-4.728551767788575,2.0231854680955697
-4.6318091377836925,1.8379828695237923
-6.92259445043628,1.8691279653489876
-6.850242994747804,1.748246407884388
-3.7294463142973644,2.0405380491197396
-3.5844038948637706,1.0403034452379036
-6.90730132909839,1.701744771379261
-4.009792231045411,2.4200217489183236
-6.376614950619386,1.8243553403795052
-6.601086042843507,1.8644368413865853
-6.753696821652101,1.9538976911485482
-6.533646009884523,1.7870585683763314
-6.526446722469972,1.8246986631334114
-6.3852905258757335,1.5851564172685433
-6.807670973263429,1.9375793699205208
-6.878177069149659,1.8671695951402474
-6.375967405758546,1.7997538808763314
-6.8552164063078624,1.812225556749134
-6.889131926022218,1.8479082349717904
-3.6096419319731456,2.5284769300401497
-6.757014654598878,1.7649872068345833
-6.588876150570558,1.6023914579332161
-6.947235487423585,1.8715197805345345
-6.4602884277922374,1.6622380975663948
-4.1271351799589855,-1.5878814693510246
-6.771831892452882,1.5629448656022835
-3.7498744949919445,-2.5157748099386406
-6.840263746700929,1.6291987661302376
-6.891752623043702,1.8342053655565072
-5.129567049465821,1.9782144788682747
-5.883875273190187,1.8834941152513314
-3.0457939133269054,1.6744763616502572
-3.2991065010649425,1.8544056180894661
-6.608424566708253,1.9709293607652474
-3.5085176453215343,-1.2732447620451164
-6.898888014279054,1.8984534505784798
-3.3312839493376476,2.6075384382188607
-4.7061475739104015,2.1187846425950814
-3.7620867714506847,-1.1318305965482902
-3.595095060787843,1.5543808702409554
-3.5687264427763683,1.914130425828724
-3.237725161038087,2.225379205125599
-3.327463053188966,2.0738088849962044
-3.8893302902800304,2.699202275651722
-4.80363693090503,1.4474684957444954
-4.5185536369902355,1.1340641740739632
-4.266259096584962,1.3568241361558724
-3.8456310257536632,2.7832376722276497
-3.8846167549711925,0.6893629793107796
-3.4377945885283214,0.41083595790269856
-3.5990990624052746,-0.3613041873991203
-4.026087187252687,1.0084748033464241
-3.5961669907194835,-2.384284668785305
-3.8923453316313488,0.7266134981096077
10.348894692935302,-1.148058318716259
-3.265880964718507,-1.569496535879345
9.911190129794432,-1.0429829593717765
8.848261930026366,-1.3212995763838005
9.573834992923095,-1.7175756331503105
8.348305322207763,-1.2180577751218986
9.222320176638915,-0.6930692430555534
8.565243817843749,-1.6647728320181083
10.440589524783446,-0.46755220852491375
-4.46716346593921,1.3041939500749398
-4.597974680386232,1.3699416879594613
-3.5038913712126476,-2.493518852812023
-4.215782545529054,-0.7699804540693473
-3.9649719223601085,-1.9738890167295646
-4.57248105856006,-2.237751891088457
-3.7998675331694347,-2.8839099641859245
-3.17503061147754,-2.2733598392892342
-3.582054995022462,-2.0729750480472755
-4.5181969627958996,-2.689691209417553
-3.3861750588042003,-0.8888054128706169
-4.407046221218751,-2.484493651610584
-3.6988591179472667,-2.4414815839349937
-4.390989683590577,-0.9621420141279411
-3.6259044632536632,-1.8647856052934837
-3.888115786038087,-2.9001293417036247
-4.26437558981006,-2.895217799764843
-3.949639223538087,-2.590755217891903
-4.249773405514405,-2.864517652612896
-2.693455599270509,1.5975062612474251
-4.3356312737089855,-2.6593529220640373
-3.9211138710600597,-0.06267955265638347
5.9612694754975575,-1.7690947886526298
9.176115609683348,-0.1439502473890495
8.69420299676831,-1.4023808475553703
9.256475545443847,-0.6205873724043083
9.506817437686278,-0.08583643398878094
10.22275409845288,-0.3634679552137565
10.807386971988036,-0.20726325474378582
9.051969148196532,-0.7096189495145988
9.387855149783446,-0.8016010757505607
9.843557454623534,-0.6401125427305412
9.555888749636962,0.06071255244615559
-2.628891848049806,1.0594103101671029
10.58613071588452,-0.26517202816602703
-3.8095902428251964,-2.9353217121183586
-3.136396788082765,-2.198479847234459
-3.9575094208342296,-2.2717014117601972
-4.011481665096925,-2.0640838231861305
-3.6067685112578136,-0.3496592279493522
-4.523508451901124,-2.2677824480429005
-3.970771215878175,-2.3083182100176525
-3.444646261654542,-1.0095941062986564
-3.5264905914885265,-2.6663194831430626
-3.573836229763673,-1.960320168358059
-2.995232008419679,-0.6261383529722404
-4.568666361294435,-2.157435366135807
-4.680369280300782,-2.131775402647228
-4.381289385281251,-2.4926242615997505
-3.1990021690947277,-2.319777050238819
-4.163083456478761,-2.858141326528759
-4.1032752022368175,-2.6646010514318657
-4.119440458737062,-2.5750048097192955
-4.155055902920411,-2.854921841245861
-4.365066908322023,-2.14698241762516
-4.3715833649260265,-2.8016629453718376
-2.6990574822050792,0.3678850892961312
-2.4815758690458996,0.4956516984880257
-3.750436686001466,0.7601508859575081
10.776572801150634,-0.19214942417737957
10.440021134890868,-0.5945947404920768
10.097349263705565,-0.5205048557340812
9.642779923953368,-0.5307544704496574
10.433357812442138,0.01871321238878254
9.335591413058593,-1.1877681251585197
11.240872003115966,-0.2992110487043571
11.196590043582274,-0.45930685959455486
-3.2678069100004894,1.7948252920091439
-2.6122235283476574,0.9811091188371468
-2.691131494961427,0.8258907560289193
-4.689494036160157,2.044154382127552
-2.6141256317717296,0.9819087747514534
-2.8457092270476085,0.7187008623063851
-3.751880548916505,2.9670474294603157
-4.134587191067384,2.991779065507679
-3.3303889259917003,2.4386894468248177
-2.915905378781007,0.776191211122303
-2.679504297695802,0.26228735484483723
-3.898686788998292,2.0472371343553353
-4.140334032498048,1.6556932691514779
-4.282998465023683,1.061004615205555
-3.9734367355925304,0.8176500562608529
-4.263662241421388,1.278031564134388
-3.691429518185304,-2.526378267627926
-3.7249673828703624,2.080650544542103
-3.170311354122804,0.7420038942277718
-2.8935941681486828,0.6441571477830697
9.618283845462157,0.030673241990833322
9.625203706302,0.022681451219348947
9.894481755770995,-0.0693199869215202
10.230458833255126,-0.4631577964842033
9.30278167871411,-0.48440613709089275
9.115439034976317,-0.5276035305082512
9.672639943637206,-0.08959438763257976
10.716201402224852,-1.1477673288404655
8.37438926843579,-1.9293893810331535
10.840203858889891,-0.33438613377210613
9.801410771884276,-1.235311531645031
10.21054706720288,-0.055565857511730155
9.460777379550292,-2.009703003984661
9.815984822787597,-0.15677549801465984
10.528329469241454,-1.5497784849226188
10.548869706668212,-1.5531496044218254
-4.435832403622316,2.363854146379261
-3.465805910549806,0.5925812486589241
-2.700559042416261,1.6906983617723275
-3.803971193752931,2.5782954458177376
6.057808496035888,-1.733691179376812
-3.2690743431669933,0.8736369375169564
-4.546070955715821,2.042832112687855
-3.423783205471681,0.43535468615892414
-4.933845423184083,1.594097352403431
-4.019690416775392,2.881404137986927
-3.7495182976347667,2.44181749858263
-3.3405522331816417,-1.5559546586096
-3.9612483009917003,2.323895192521839
-4.174435995541261,2.2346455816209603
-3.044663332424806,1.8710472349107552
-3.6534456238371593,1.6634330514848519
-4.326808832607911,2.860060906785755
-4.792189501248048,1.3596203092515755
-3.1353630051237804,0.8249280218065072
-3.9109748825651867,2.387502885240345
-4.838125132046388,2.2060296300828743
-6.218060873470948,1.5372469190538216
-5.77667274328296,2.202167249101429
-4.0629848465544445,2.788292146104603
-3.8883985504729015,2.483525014299183
-3.2582739815336925,-2.345723756772251
-3.2866786942106945,2.0323002103746224
-3.8574160561186535,-0.9391025539457512
-4.324735067806886,2.737165666002064
-4.818062208614991,2.2775866750657845
-2.9927476868254406,-0.4663229223310661
-3.4852727875334484,1.0801276925981331
-4.588491819821046,1.6830851797044564
-4.025856398068116,1.6102590326249886
-3.312211893520997,0.7736739877641488
-3.862208269558595,-0.17671611271497722
-3.8500384316069347,1.5265397790849495
-4.3664940819365246,2.9831812147081185
-3.5487641319853527,-2.1347677644312095
-4.047874353848146,2.7447149518907357
-4.397791765652345,2.069749570268421
-4.308251284084962,2.121568417924671
-3.4957384094816906,0.9629430536210823
-4.9688195213896496,1.7621485952318001
-3.9283083901030285,2.885002351182728
-3.8591279015166027,2.230963921922474
-4.634529016934083,1.433927274125843
-4.2047509178740246,2.9335567716539193
-4.620781324825929,2.206019139665394
-6.2723449692351085,1.5730440381944466
-5.1425255760771496,2.022301412004261
-4.027811907253907,2.888951516526966
-3.2839645371062023,-2.306713977080555
-4.001561544857667,2.6008636716783333
-3.4045495018583996,1.9679620031297493
-4.439311407528566,2.6736528638780404
-4.634530447445558,2.1427275899827767
-2.830498121700929,-0.7753055330335807
-3.3436178192717296,0.7632710699022103
-4.456281565151857,2.8594891790330697
-3.994741342983888,2.4881083730638314
-4.461784742794679,2.1034838918626595
-3.2521041855437023,2.296076989549427
-3.19343938680713,2.1191046003282357
-4.3799804672819835,2.891136861223011
-5.1129678711516124,2.368499970811634
-4.194829367123292,1.5817084077775765
-2.8963994011503917,0.9929001096666146
-4.012294195614503,2.3764593366563607
-3.8385533318144542,2.5902673963487435
-2.5553606972319347,0.9064168695390511
-2.3861006722075206,0.5078532461107064
10.37930641321118,-1.216748618704052
10.222537614383056,-0.6152706380903434
-3.189559362850831,-1.7383548852026176
11.137138940371825,-0.41880276165601726
11.352370835818602,-0.17139174900648113
9.173270799197509,-0.681675934416027
10.566610909976317,-1.5649677749693107
9.440488912143065,-1.3956855770170402
10.197078324832274,-0.34341933689710613
10.645923234500243,-0.5703757043897819
9.349183179416015,-0.8610189195692253
11.031491853274657,-0.37790420017835613
-4.634003542385743,0.9829339746415902
-4.101331613979982,-1.4440023537695121
-3.2412947640043956,0.48021838702562336
-3.652907751522706,2.645357823747425
-2.8543313965422374,1.6962449315965462
-2.7460125908476574,-0.025629543882579764
-4.033753298245118,1.1170191530168343
-4.1653079018217785,2.964456773179798
-3.425870321713136,0.7644443277299691
-3.759904287777589,2.7878644231736947
-6.8942274078947765,1.9181973699510384
-4.9299682602507335,2.558255410569935
-6.696476362667726,2.071148610490589
-5.400326631985353,1.977773881334095
-6.485823057614015,1.9788877729356575
-6.594388388119386,2.0398475889146614
-6.52007045599048,1.9631068471849251
-6.812800787411378,1.8532273534715462
-6.698395155392335,1.8524987462938118
-6.532098196468995,1.7758581403672982
-6.6031860336882335,1.7714979413926888
-6.820698164425538,1.9076859716356087
-6.178296469174073,2.0386745695054818
-6.907604597531007,1.7731806997239876
-6.56956996770923,1.6647026304185677
-6.761035345516847,1.9793402913987923
-5.8087219223601085,1.8727619413316536
-6.592737577877687,1.8041722539842415
-6.799054525814698,1.898585534471302
-6.3512538895231945,1.7301182512224007
-6.755112074337648,1.8957764867723275
-6.6078456863981945,1.7341382268846322
-6.384062193356202,1.99515697993639
-6.573724173031495,2.0016324285447884
-6.813274763546632,1.934159493821888
-6.847441099606202,1.6337635282457161
-6.6018642410856945,1.6011748079240609
-6.773426435909913,2.0110890630662728
-6.8473781571013195,1.8150288824022103
-6.84017314764087,1.9051134351671029
-3.6659468636137706,2.8287346128404427
-6.18641509862964,1.8933984998643685
-4.491837881527589,2.8414885763109017
-6.843067549191163,2.0636942151963997
-6.58934535833423,1.8325488332689095
-6.889280699215577,1.9946458105027962
-6.308225058041261,1.793912625688343
-3.475509069882081,1.7203547719896126
-4.5443762764555675,2.7337729696214486
-4.013212583981202,2.533169961351185
-4.087108515225099,-2.6387778457224083
-2.6721815094572765,1.4809155229509163
-5.836789034329103,1.3348328832567025
-6.5187696442229015,1.9782202009141732
-3.77478065343921,-0.9485209222852897
-6.8505310043913585,1.954056954759388
-5.373362444363282,2.2294370893419075
-6.420624159298585,1.5711865190446663
-6.095493696652101,1.4878577951371956
-5.298747919521974,1.2090768579423714
-6.562211416683839,1.918198800462513
-6.450909994564698,1.8840148214280892
-6.427365683041261,1.8478872541368294
-6.1177381500822765,1.6863538984239388
-6.632831953488038,1.854923940080433
-6.404094122372316,1.864208436387806
-3.978598020992921,2.401021695512562
-6.613777540646241,2.0535943273484993
-5.366969011746095,1.666689372438221
-3.9602083191496593,1.3661367658555794
-4.877465151272462,2.698577618974476
-6.9113992676359874,1.8870465520799447
-3.579358004055665,2.3717281583726693
-6.611730001888917,1.8701069120347786
-6.310471914730714,1.6428131822526741
-5.472148798428224,2.113779282945423
-6.2283596024138195,1.460740304368763
-6.730843924008058,1.6995291475236702
-5.5682949051481945,2.154245591539173
-4.212128065548585,2.6944453481614876
-3.6272944435698253,-0.20158197842237469
-6.629573248348878,2.056368089097767
-6.589044950924562,1.9586798910081673
-6.877398870907472,1.9895493749559212
-6.741074942074464,1.9426705602586556
-6.722297094784425,1.9728152517259407
-6.550791166744874,1.9053876165330697
-6.414904974423097,1.7287940744340706
-2.852511309109376,1.8711750272691536
-6.689005278072999,1.9592668775499154
-6.8436292633635265,1.911926484483509
-4.389871023617433,2.8147198919236947
-5.19838323446338,2.011784291642933
-4.319919966183351,2.537764287370472
-6.484486006222413,1.842555261033802
-6.744597814999269,1.6985976461351204
-6.8195861801726085,1.8833911184251595
-3.6224731430632335,0.49317166842821125
-4.124847792111085,1.9627444509446907
-5.6907433495146496,1.6234614614427376
-6.7529663071257335,1.931309438127308
-6.521748922787355,1.609848952668934
-3.278186224423097,-0.6806011434614372
-6.777721785031007,1.9296142820298958
-4.299229525051759,2.8714349035203743
-6.454313658199952,1.8302709821641732
-3.8993338570219738,1.4776150945604134
-5.277752302609132,2.140856957811146
-6.8079542145354015,1.864689565080433
-4.568419836483644,2.8047001127183724
-6.785281561337159,2.0160844091356087
-3.9680327400786144,2.6553361181199837
-3.4254635796171886,2.5658228162706185
-6.388721846066163,2.0324923757493782
-6.553752325497316,1.6644422773301888
-6.632723234615968,2.0197255376756478
-6.300133131466554,1.7491376165330697
-6.706118963680909,1.908623433488636
-6.619501493893312,2.0374467138231087
-3.8743084892851574,1.4516329530656624
-3.8839482292753917,2.5387913946092415
-6.911710165463136,1.8900491956651497
-6.529509924374269,1.869535184282093
-6.417257688961671,1.972959256547718
-5.342323683224366,1.8235642675340462
-4.0398572907072765,-0.2113330598890495
-6.833303831539796,1.9777047399461556
-5.600165270291017,2.191603875535755
-6.7246622070891124,1.949364400285511
-6.729161642513917,1.980212903398304
-6.867937468014405,1.6987888578355599
-4.8715585693938,2.7282373670518685
-6.859369657955812,1.810621953386097
-6.827198408566163,1.8987066511094857
-6.529728315792726,1.563591695207386
-6.8766139969450695,1.88057539500597
-6.447725676022218,1.6622566942155648
-6.788568876705812,1.9640791181505013
-4.717907331906007,2.7157585386216927
-4.978840254269288,2.5220606092393685
-3.0294059738737804,2.2927820447862435
-4.26701869817798,1.4632997278154183
-5.008249186001466,1.3052513364732552
-2.9917754158598644,1.0097377065599251
-4.4915079102141124,1.3902849916398812
-4.430760763607667,1.9697825673997689
9.657373525180175,-1.5526832576811027
8.3869544043916,-1.0167917247831535
10.125000573672606,-0.3117223020612907
-4.661478422604249,-2.4643801238357734
9.356384374179198,-0.5306612487852287
10.860540963687255,-0.3404855962812614
9.442586995639159,-0.41144254170057293
10.287849046267821,-0.5485003229200553
9.967224694766356,-1.7242554660856437
10.626571275271727,-0.3286004301130485
9.608444787539794,-1.5578291054784965
9.360618688144042,-1.314887308698864
9.548139668979003,-1.4953145023405265
11.418876267947509,-0.23325755558607097
6.01840577272351,-1.7431854244291496
-4.452541254482911,1.967071748155384
6.042053081073119,-1.7548359867155265
-3.910540960751222,-0.17953731976148601
-3.2941130623442394,-1.1486627098142814
-3.1507090553862316,-1.9752327140390586
-4.282883070431398,-2.7709464069425773
-4.081969641171144,-0.30907585583326336
-2.843090437374757,0.4805285695970345
-4.115137957058595,-0.7184744115888786
10.49673805383618,-0.20343592129346844
-4.198501490078614,-2.6054053839266014
-4.589986704312013,-2.380250730735035
6.066765643634154,-1.7542004223882866
-3.861454866848634,-0.00997331104871746
-3.2857092842680675,-2.1590045478164863
-2.5326532349211437,0.4969665769517708
-3.920502088986085,-2.446374484521122
-3.8826021179777843,-2.0321561928808403
-4.110825441799806,-2.7582185801088523
-3.5201682076079113,-0.9377501245557975
-4.468556307278321,-1.963877284151287
-3.191193006954835,-0.9729500051557731
-4.258324049435304,-2.2146081041514587
-4.635426424465821,-2.0632127162038993
-4.059370420895265,-1.4221207138120842
-3.878974340878175,0.03447411097887043
-3.3036116585356456,-1.9611895319044303
-4.206235311947511,0.6766307119310189
-4.303573034725831,-2.8597222205221366
-3.2648405060393078,-1.8567507203638267
-3.040901087246583,-1.771966451030941
-4.176430128536866,-2.7893960114538383
-3.9684227928740246,-1.759261989217968
-3.261458776913331,-2.2047504346787643
-3.595226667843507,-2.267465957390861
-3.5577639565092785,-2.7547454174577903
-4.070755384884523,-2.5851398643076133
-3.8102616295439464,-2.2244508240341854
-3.815502546749757,-2.468426563960285
-4.845468424282716,-2.194287807863922
-4.563352488003419,-2.6708248194277
-4.175246618710206,0.3512897256791878
-4.314201258145021,-2.620947265249462
-4.425662420712159,-2.8435293670713615
-4.0100697502714855,-2.253857536424668
-3.9047554955107433,-2.8268758293211174
-4.228363417111085,-2.2754948215529036
-4.008669756375001,-2.3113010723113727
-4.4632252678496105,-2.740942442041607
-4.694507025204347,-1.9613808926164817
-3.4564689621550304,-2.2895130190968227
-4.061955831967042,-2.4491045262634468
10.193487741031005,-0.38868465386030193
11.38029632715161,-0.19782545529005047
-2.601567648373292,0.3649463418901253
9.58263597635205,-0.02649714909193035
9.543479539431884,-0.5785517927229118
9.100363828219725,-0.5048784252226066
9.492816545047118,-0.8061838384687614
9.260978318728759,-0.13115813694593426
10.618640519656493,-0.06499412022230144
10.035525418795897,-0.3412671323835563
10.143789865054442,-0.6065646644651603
9.796764470614745,-0.45499565563795086
9.780991174258544,-0.485931419950695
10.471020318545653,-0.1698003049909782
5.955325223483397,-1.8155488308489036
8.746524430789306,-0.776176952940197
9.60552654413159,0.04761478938463215
10.986387826480223,-0.12185409031507488
10.04656133798535,-0.5975414749204826
6.766382791079833,-1.600070082765789
9.269088841952636,-0.5606916185438346
9.352568723239257,-0.24454762898084637
-3.330381296597169,-2.122617715221615
9.932619191684081,-0.4261484380781364
9.81128940729077,-1.1439364191114616
-2.629709146938966,0.8915669683397103
-3.4867056831938488,2.5830108884752083
-3.6016954407316906,1.7460767988145638
-3.8155282959563,2.2054335836351204
-2.6641181931120617,1.1969952348649788
-3.933964632473634,2.197805142778187
-2.9614957794768078,1.2926430467546273
-3.519116304836915,1.1027698282182503
-4.132620237789796,2.417742944139271
-3.1649259552580578,0.8194920782029915
-3.779782675228761,1.9387280706346322
-3.6067308411223156,1.6175496343553353
-4.583346746884034,1.0994903806627083
-4.027054689846681,1.7299213174760628
-3.3826188072783214,0.8494961027086068
10.190270997561766,-0.5342079635679435
-2.962247274838136,-1.193527364355297
10.176939584292723,-0.26918580494520183
9.410392381228759,-0.5233546730100822
10.042189218081786,-1.1349132295667839
6.5011220946687,-1.677990460020275
6.055160142459227,-1.7441929813444328
10.82507572320874,-0.21469738445875164
10.224352456607177,-0.9932847257673454
9.948774434604003,-1.6504033442556572
9.586816884555175,-0.7997809883176994
8.302851773776366,-1.6058412428915214
8.730819798983886,-0.8321488138258171
9.242952920474364,-0.435955309492321
9.53260049966748,-0.9479358430921745
10.260074235476806,-1.0730552908003044
10.325785256900145,-0.4748971696912956
8.812005616702391,-1.8489025469839286
6.562850095309569,-1.6422264214575004
10.181585885562255,-0.2331702943861198
-3.731245897732423,0.6238865617692757
-2.8695200905424816,0.6065094236314583
-3.235208414517091,-0.19955923519727703
-2.397909544430421,0.5874361757219124
-2.5240000710112316,0.5612630609453011
-2.5700181946379406,0.8896486524522591
-2.44824256750171,0.4873358968675423
-2.670363806210206,0.8982531789720345
-3.851586245022462,1.9611646894395638
-3.3795341477019054,1.4096920255601693
-3.6031955704313976,2.226057267564564
-2.814476393185304,1.9157721761644173
-3.4737304672819835,1.7654740575731087
-2.7122959122282726,0.6265127424180794
-3.069436930142091,2.243267274278431
-4.0657714829069835,2.5349175695359993
-3.1199606880766613,0.9621648553788948
-5.086926363430665,1.9596197370469857
-4.32179632040088,1.8368932966172982
-3.598188780270265,1.976015305894642
-3.7522028908354503,2.6505744222581673
-4.889178656063722,1.6374842885911751
-3.9498065933806163,1.791466451066761
-4.318351648770021,2.8098933462083626
-3.0640577301604015,1.8996598485887337
-3.903458498440431,1.6046418909013558
-4.463000200710939,0.7619163755357552
-4.094846151791261,1.0112919572770882
-4.515977285824464,1.4841205839097786
-4.049106977902101,2.5437886480272103
-3.481307409725831,2.5278336767137337
-4.487582586727784,2.1445982221544075
-4.331247232876466,2.525104260820179
-4.46432676168506,1.1614837411821175
-4.57612457128589,1.7966606382310677
-2.978328131161378,0.2709469560563851
-4.228617094479249,2.04956314601305
-3.115278624020265,1.4677397970140267
-3.270310781918214,2.343261456865101
-4.062640093289064,2.2995149854600716
-3.4002303108793956,2.1565634969651986
-3.126908205471681,1.4086148504197884
-3.312450788937257,0.5051474336564827
-4.846165560208009,2.4629709485948372
-3.9926861748320324,2.5371477369249154
-3.1471165642363292,1.0297136072099495
-2.416095159969972,0.43849775828722004
-2.4348978027922374,0.49071524180772785
-3.174689672909425,0.5544640783250618
-4.309597872219728,1.7403886083543587
11.25284443048413,-0.2965543504774284
-2.9911693558317882,0.5993807081163216
-3.401402376614259,-1.499857806783886
10.82881984857495,-0.4333169694959831
11.354251481570556,-0.2214498754560661
-3.6561087593657238,-0.7145414587080192
5.981698133029296,-1.7782510157644462
10.081132985629393,-0.0471804376661491
9.424876786746337,-0.47440245113965984
10.997889138736083,-0.33279290161725994
9.163148976840331,-0.7884093757688713
6.03454289583142,-1.7694316145002555
11.28626499322827,-0.22876241169569012
10.643446542300536,-0.9268076654493522
8.506068326510741,-0.8001926179945182
9.735552407779052,-1.4120342370092582
10.235570527591063,-0.2647373910963249
9.259511567630126,-0.64052417240736
10.641168214358641,-0.9980048175871086
10.768008805789306,-0.32446136437055584
8.35542307046826,-1.7118913169920158
-4.2953247055632335,-2.0013735230982017
11.380836106814696,-0.19513752422925945
10.01063308862622,0.08266947306993488
9.07944069055493,-0.689191484075756
9.444975949801757,-0.7262299295484733
10.751479722537352,-0.23115303478834148
8.984232522525145,-0.6711770530760002
11.331872560061766,-0.19543149433729168
10.048585988559081,-1.4071365829527092
10.566435433902098,-0.6335405345976066
-4.411745928250001,2.7956483129442025
-3.7851342186552746,2.100799775499134
-5.052604578457521,1.8399021390855599
-4.187048815212892,2.415276265519886
-2.9964994415861828,1.5680889848649788
-3.0973314270598156,0.7248201135576058
-4.293902777157472,1.86661694087389
-6.744809530697511,1.5868465665757943
-3.9303301796538097,-1.511100971323223
-6.762857817135499,1.9746482137620736
-6.652082823239015,2.0692970518052864
-3.6653732285124523,-2.663064652305813
-6.687199972592042,1.6218855146348763
-5.799025915585206,1.668755031007557
-6.543290518246339,1.9712645772874642
-6.674933813534425,1.4618901971757698
-5.5658511147124035,1.7603084806382943
-6.275776289425538,1.786484933275013
-6.505074881039308,1.616466737169056
-6.854156874142335,2.003119683641224
-6.398249052487062,1.7122089628160286
-6.661445044003175,1.861264920610218
-6.762679480038331,1.7491357091844368
-5.213479898892091,1.9337303403795052
-6.35887660833423,1.752351975816517
-6.346856497250245,2.0575105909288216
-6.762082479916261,1.7725298170030404
-5.812681101284669,1.411517835038929
-6.555397413693116,1.7262496713578988
-5.049188040218995,2.1467554334581185
-6.7371591553313,1.93076489009264
-4.855454348049806,2.3961126569688607
-4.638120554409669,2.1146318677842904
-6.687214277706788,2.010345673936634
-6.416619680843995,1.7381021741807747
-6.529146574459718,1.811375356096058
-6.740910910092042,1.9216196302354622
-3.6941589340788585,2.5025789503038216
-6.7507385239226085,1.5224156145036507
-6.638322256527589,1.8677255872667122
-6.560562513790773,1.796194291490345
-4.087839983425782,1.1954114202440072
-6.801828764401124,1.7410962346971322
-6.8356641754729015,1.9177696470201302
-6.850025557003663,1.8739478353441048
-6.325099371395753,2.0483977559984017
-3.28495492788379,-0.6754542823850822
-3.8091930374724132,-1.040568494421215
-4.069564722500489,2.521238065141468
-6.663640402279542,1.8718526128709603
-3.9002064690214855,-1.752953075987072
-6.823672674618409,1.953073239702015
-6.637832067928956,2.006869054216175
-5.293530367336915,1.2808704141557503
-4.233169458828614,-2.402928226810665
-6.21447791906421,1.8279783491075325
-6.797678373776124,2.002779221910267
-3.5766099915129406,2.078657365220814
-6.703389547787355,1.6364984277665902
-6.271541021786378,1.635169482606678
-6.8178771957976085,1.9864098791063118
-6.579872511349366,1.9190141920030404
-6.335456274471925,1.7667248014390755
-3.898827455959962,-2.0671861704408836
-6.30354156347339,1.8381035093248177
-6.621072195492433,2.040543771165638
-6.750862501583741,1.8414175275743294
-6.656814001522706,1.8880116704881478
-3.1422437653166515,0.7071549657762337
-6.33382549139087,1.644012189286976
-6.40584697576587,1.4340557817399788
-6.299263380489991,1.532421327012806
-3.9793008789641124,-2.3223646443307113
-5.885725401364015,2.032886243242054
-6.6033386215788585,1.891761041063099
-6.802106283627198,1.553236461061268
-6.738664053402589,1.85044262446764
-3.4114774689299328,-0.10599997006055828
-6.784102819882081,1.9381415609300423
-6.831968687496827,2.0184008840501595
-6.586346052609132,2.006182885545521
-6.845774076901124,1.9086763624131966
-6.809864424191163,1.804713464158802
-6.848941229305909,1.8706943754136849
-6.635378263912843,1.7712857488572884
-6.419989965878175,1.450953698533802
-6.679312132321046,1.7739531759202767
-6.34398116918628,1.8557955984056282
-6.324008367977784,1.5252179864824105
-6.407810591183351,1.629683232682972
-6.427321814022706,1.7737343076646614
-6.148155592404054,1.5473837617814827
-6.616647146664308,1.6698806051194954
-6.533587835751222,1.7936808828294564
-6.694121740780519,1.941770291703968
-2.70582952352588,0.8984877828538704
-3.7147559151274425,2.581580377000599
-3.283471010647462,0.5955798391282845
-5.033333204708741,1.6391157869279671
-4.337260149441407,2.258920407670765
-3.4424637779814464,2.0825230840623665
-3.1344822868925792,0.6987035039842415
10.010175324954345,-1.4684425231039238
9.805835343875243,-1.0703072782575798
9.65365705636914,-0.16116621456739422
11.258097268618895,-0.3004259105741691
9.766510106601073,-0.42683711014387127
9.87881574777539,-0.31025245152112957
9.611271001376464,-0.8355473514616203
9.236737348117186,-0.8321264024793815
9.33599004892285,-0.7219702240049553
-3.916530035458253,-1.569534444433422
-5.2337917313200695,1.8105547193467904
10.882695771731688,-0.7200161453306388
9.599097825564696,-0.5338746543943595
-3.4742516502958996,-1.9404284294664573
-4.063492201290773,-0.4441662069379997
-3.7312215790373546,-0.5867775913297844
-3.796555899105714,-2.8374025460302543
-4.001055143795655,-2.102044337612362
-3.5291689858061535,-1.8255756434023094
-4.048063181362794,-2.548611515384884
-2.9285077080351574,-2.015692376714916
-3.3444837555510265,-1.943030470234127
-3.0784992203337413,-1.93062364421484
-3.0573133453947765,-1.928755157810421
6.035759307421996,-1.7600838776647758
-4.223003290615724,-1.3149148460447502
-4.084695242367433,-2.1294492419779014
-4.4211648926359874,-1.4299416180669975
-4.481110475979493,-2.114235379916401
9.448725320376708,-0.4096238847791862
9.504243947543456,-0.38474907837507244
8.823517419375731,-0.8556033607542228
9.678011991061522,-0.38055148087141033
10.992349244632079,-0.257307791334362
10.28003177789624,-0.7480789657652092
10.355701066531493,-0.09680011234876629
-2.7454051003081066,0.1710653070390511
9.433459378756835,-0.5385763879835319
9.516148187197997,-0.36360814533826824
-3.7974399551970226,0.8940891984880257
-3.762040041409181,-1.5869240995466423
-3.7304467186552746,-2.677432053905697
-3.991907976589845,-2.803661369901867
-3.375777624569581,-1.535631024461956
-3.2642840370756847,-0.9935767885267448
-3.459670446835206,-1.368764364343853
-4.062295816860841,-2.42716124020216
-4.551445387325929,-2.5100594099580955
-3.956693075619386,-2.672044449669094
-3.745005033932374,-2.70631744824049
-4.091100119076417,-1.8867753680765342
-3.1379198059660656,-1.9145079489767265
-3.9087113365751964,-2.898293995481701
-3.2334703430754406,-2.045237296444149
-3.8599909767729503,-1.9024924274503898
8.700233079470946,-1.1813149686872673
-3.4776343330961925,-2.218838554990263
8.97659120706494,-0.6740038629591178
9.927246190585448,-0.9178709026395988
10.23630104211743,-1.5876028176366996
9.912173844851806,-0.4507131811201286
11.252801515139891,-0.26885035000440594
9.518099881686522,-0.43591179810163494
10.215521432437255,-0.7778622146665763
9.642467118777587,-0.5122701164304924
-4.738534353695558,2.3045761350572396
-4.6925648674589855,2.5896079305589486
-4.000193022213624,1.1829263929307747
-3.056767843685792,1.622009492296009
-4.411003015957521,2.1142189268052864
-3.952683828793214,1.326451039689808
-3.9047345146757824,1.9204904798448372
-2.8879879936796886,1.6000022653520394
-3.390977285824464,0.4760591749131966
-2.8147262558562023,0.8999578718126107
-4.6178626045805675,1.67795727290514
-3.2907065376860363,2.201812959092884
-4.466143988094972,2.2157299283922005
-3.0434116348845226,1.1791743997514534
-4.493470095120118,2.200202680009632
-3.9782451614958507,1.7779133085191536
-3.401867769680665,1.3295902971208382
-4.338454626522706,2.265061593431263
-3.97710695119922,1.810807443040638
-3.208909891567872,1.385401702302723
-3.7295621857268078,0.6595232252061654
10.297497369326903,-0.3925035234510612
8.654673673190429,-1.3004858132421684
9.157631017245604,-0.4388171669065666
11.016666032351806,-0.22454383335706707
9.350947476901366,-0.3282432790815544
5.965968228854491,-1.7826650675356102
9.202128507174804,-0.560589098554821
9.586878396548583,-0.41437699757215496
9.04224643854077,-0.8317172761976432
9.897084809817626,-1.813820117336483
9.89636478570874,-0.3423091407835197
9.77821884302075,-1.5392765637457084
10.36950931695874,-0.5905109878599357
10.287229157962157,-1.3943848248541069
8.655675031222655,-1.8032348688661766
10.113431550540282,-1.4824902053892326
8.301846601046874,-1.6810201641142082
8.35403785852368,-1.3822368618070793
8.799109555758788,-1.8583176072656822
10.664585687197997,-0.3580278392851066
8.409502603091552,-1.2970807190954399
9.39857492593701,-0.6553948160230827
10.09418497232373,-0.15813806019422527
9.644859410800292,-0.4762195583402824
10.383654214419677,-1.5413011547147941
-4.188525579891847,2.4566924337327767
-3.8560599312407238,1.6367952588975716
-4.045781038723634,1.3397223714769173
-5.507029436550782,1.6290068391740609
-6.523665808163331,1.6629202131212044
-3.718541525326417,0.7366461519182015
-4.66396465154712,2.406379437822132
-3.3702191338164074,1.3782624963701058
-6.661461256466554,1.9356305364549447
-3.116351507626222,1.9077598813951302
-3.4890450462919933,-2.757819437605114
-4.335430525265382,2.1398231748521614
-3.0310286507231456,1.722602343934803
-3.36555852743213,1.8527071241319466
-5.179431341610597,1.898136830705433
-2.989943407498048,0.3876454595506478
-3.5341853127104503,0.7350704435289193
-3.9744671806914074,2.4065158132493782
-2.737582109890626,0.06397507228258137
-3.9089626297575695,2.715122914689808
-3.434293650112794,2.0044801000535775
-3.0362838730437023,0.9156732324540902
-3.7665022835356456,1.9441921476304818
-4.509387396298097,-1.7027449246465873
-2.7985314354521496,0.44066617526414875
-4.111333273373292,2.991060471910267
-4.1314333901030285,2.3977057699144173
-4.8299244865996105,1.8001062635362435
-4.1836914047819835,1.5730833772599984
-2.518750093899415,0.7325923208177376
-4.07169809194629,2.237243867296009
-4.565052889309571,1.4185657266557503
-2.5607007965666515,0.8817763093889046
-4.371007345638917,2.814725137132435
-4.563913248501466,1.943962788957386
-3.4279517159086925,0.49268052615526203
-2.4364212975126964,0.4916682008683968
-3.1194871887785656,0.7603769067704964
-4.001035593472169,2.60351822413805
9.721056558169677,-1.8461914595186424
8.36443767694409,-1.4022273059904289
9.652941800631835,-1.066554092985363
10.612763024844481,-1.3849178191244316
9.573579408206298,-0.7188444372236442
10.005664445437743,-1.1021042104780387
9.500147916354491,-0.8874393936216545
10.37244949487622,-0.6655166383802604
9.466641046084716,-0.4539274211942863
10.472060777224852,-0.8156794544279289
10.014218904055907,-1.8085074361383628
9.953617669619872,-0.32420875988599773
10.766764260806395,-0.337121867758007
10.188471414126708,-0.9394610162794303
9.895607568301513,-0.20159437618848797
10.289407350100829,-1.217454218488903
10.450932122744872,-0.35764291248914715
9.844966508426024,-0.8445074792921257
9.430954553164794,-1.4999561544477653
9.731629945315673,-1.0785308118879509
11.25946293023999,-0.1964273687421989
10.632118798770263,-0.38101985417005535
9.517228700198485,-1.8381604190885734
-3.938795946560548,1.7814748052537728
9.467021562136962,-0.5313220258772087
9.485763646640136,-0.7400030132353019
10.07810602334912,-0.4708855386793327
9.575883962191893,-0.8828957315504264
-3.3154849037749035,-1.2691315647184562
9.400652028598143,-0.8582818742811393
-3.963895700894044,2.3133818868577767
-5.041394613705323,1.6163017515123177
-3.7576993927580578,1.296900725740223
-6.1100839600188,1.7172682050645638
-4.127798937283204,2.6546895269334603
-6.3839076981169445,1.7045347455919075
-3.950460337124513,0.7597715619981575
-4.154570959530519,-2.440999859195919
-6.784183882198976,1.986257768052845
-6.868854902706788,1.8850548032701302
-6.818744085751222,1.9655053380906868
-6.846312902889894,1.7064025167405892
-6.812490843258546,1.6669394735276986
-6.810710333309816,1.5723426107347298
-6.863497160397218,1.8375932935655404
-6.702693365536378,1.8980505231797982
-6.834088705502198,1.7981879476487923
-6.766980551205323,1.826343274492054
-6.771214865170167,1.7006351713121224
-6.5160535797697765,1.7951147321641732
-6.887154959164308,1.876030660051136
-6.560280226193116,1.6651718381822396
-3.8947338089567882,2.851849294084339
-6.829925917111085,1.697094178575306
-6.782991789303468,1.9112531904161263
-6.725344084225343,1.6013238195359993
-6.79410495611255,1.8300959829271126
-6.893397711239503,1.8102476362169075
-6.8338378891569835,1.7909748319566536
-6.757074736080812,1.7414180997789193
-6.86820163580005,1.7444383863389779
-6.741466902218507,1.8856618169725228
-6.734383963070558,1.9219043020189095
-6.71730937810962,1.9334351781785775
-6.6214002594572765,1.560267663377552
-6.792148016415284,1.7646853689134407
-6.756275557003663,1.918144917863636
-6.673531912289308,1.84041426219347
-6.704355619869874,1.6790053609788704
-6.86556377264087,1.7571813825547982
-6.142942808590577,1.9108869794786263
-6.684186361752198,1.5480398897111702
-6.784854315243409,1.7219674352586556
-6.804349325619386,1.8806054357469368
-6.730679892025636,1.9655201200425911
-6.626459501705812,1.9553248647630501
-6.566081427059816,1.6071293119371224
-5.442867182217286,2.0528623823106575
-4.6872171387297374,0.38282010592821125
-6.817940138302491,1.928105092424183
-4.429091356716798,0.6297006372392464
-6.704355619869874,1.9348728422105599
-6.461287878475831,1.712264037507801
-6.8041748032194835,1.656944728273182
-6.354304693661378,1.907740807908802
-6.35090484472339,1.6079919103563118
-6.821652792416261,1.9565951589525032
-6.607968710385011,1.837920880693226
-6.686559103451417,1.9149019483506966
-5.005389116726564,2.666930890458851
-6.701038740597413,1.909489369767933
-3.475842379055665,0.6810681585252572
-6.591184042416261,1.8054558996141243
-6.616434477291749,1.9910566572130013
-3.6206821426970226,-1.9860848423063469
-6.692625425778077,1.7166921857774544
-3.2382420525175792,2.4396397832811165
-6.8961147293669445,1.8764936689317513
-6.656452558956788,1.7596518758714486
-6.736544035397218,1.8969347242296029
-6.678958319149659,2.0138919118821907
-6.825330160580323,1.5584518674791146
-6.242197416744874,1.7971083883226204
-3.045689962826417,1.6784860853135872
-4.618262194119142,1.9452049497545052
-4.5551184639555675,-2.3133969467103195
-4.285647295437501,1.8074047330797005
-3.816573046169923,1.985546327012806
-3.9376839623076183,2.4600298170030404
-4.631004236660646,2.479468560594349
-3.3630246147734386,2.356489873307972
10.48585281518872,-0.3807108636915397
9.068294145144774,-1.37330164871809
10.69820461419995,-0.40638771019575115
10.856467820681884,-1.162660026174755
8.863019086398436,-1.3358068104803276
10.218093492068602,-1.2524163957655143
9.739434339083983,-1.2557008501112175
10.051958657779052,-1.2978002663671684
8.369188405551268,-1.7230739232122612
9.997058965243651,-0.7322659727155876
10.62360916284497,-1.3981315132200431
-4.756516359768556,2.727067208665638
10.093343831576659,-0.6413061853468132
11.253161050357177,-0.20486071072217937
9.795770265139891,0.14720604457262043
9.327413655795409,-0.253218435865612
9.257321931399657,-0.7075571056425285
-4.436381720028566,-2.0517451103746605
-3.4733904823881847,1.273979640382557
-4.361887834988282,-2.4144253220379066
-4.411435507260011,-2.657209121805401
-3.347921751461671,-1.8901756938516807
-3.6708201393706066,-2.6074430581152153
-4.560394190273927,-1.2698016401350212
-3.91245736929004,-2.8744821187078666
-4.536603353939698,-1.8485210772573661
-4.638104818783448,-2.113667377454014
-3.701624773464845,-1.5169808503210258
-3.5818046555144054,-1.7416149016439628
-4.358748339138673,-1.4770721431791496
-4.570939444027589,-2.048690402132244
-3.5939644798857433,-1.5895965930044365
-3.643613241635011,-1.7553165193617057
-3.667877100430177,-0.46218624077436443
-3.757329367123292,-2.5935307379781913
-3.86341705175464,-1.7537452813207817
-3.9905246719938976,-0.9883044000684928
-3.5930561050993663,-1.8281545277654838
-4.156980894528077,-2.1902542274415207
-4.650275610409425,-2.583358370882244
-2.9096855148894054,-1.9395258363306236
-3.5701469406706554,-1.2500752445280265
-4.000346563778566,-2.0555094566166114
-3.67862644048755,-1.0847950216352653
-3.194718740902589,-1.8981760378896904
-3.6471551880461437,-2.5649316843568992
-3.54536809774463,-1.9546670254289817
-3.3333686813933117,-2.2578916132420015
-3.0161632523161632,-2.0501791771471214
-3.7793754562956554,-2.6200489934503746
-4.102028273068116,-2.383223355931015
-4.297533892117189,-2.0284045573293876
-3.376284025631593,-1.5639246936857414
-4.474693678341554,-2.2971848521351528
-4.016003035031007,-0.2398078676283073
-4.260746382198976,0.2056252721727181
-4.048214815579103,-2.6783440049707603
-4.098074339352296,-2.5022197749435615
-3.7635482773405773,-1.7965775068819236
-3.2710417732817394,-1.939415478330822
-4.097705744229005,-2.376555943113537
-4.0497402176481945,-1.7576214905798149
-3.2881888374907238,-1.6926706667959404
-3.1891960129362804,-1.9580995973169517
-3.670046232662843,-2.316296831887932
-3.4592279419523937,-2.4112524177849006
-4.22697152944629,-2.252018840235443
-3.7357353195769054,-1.243730091673107
-4.759983442745851,-1.7984872695028495
-2.768358133755372,-0.13066627941724773
-4.373197935543702,-2.2106312151968193
-4.64501991125171,-2.4359387244999122
-4.772242449246095,-2.1342379089414787
-3.8483776077849132,-2.246734467518301
-3.76395358892505,-1.6531262632429313
-3.1558383926970226,-1.867543661218853
-3.988210581265138,-2.6234008606493187
10.248230554141356,-0.04242565594312664
-3.583071611843751,-2.2387740287899685
-4.0670107826811535,-1.6003070112287712
-3.2227696404082042,-2.005598896366329
-4.50697698446338,-1.852860474210949
9.192795850314452,-0.06862285099622722
-4.457399748287843,-1.8918483491956901
9.797290898837401,0.16536138095262531
9.528094865359618,-1.9353980656683158
9.061812974490477,-0.5797782178938102
9.051057435550048,-1.2667913671552848
9.29432449487622,-1.2616445060789299
8.889942266024901,-1.5220280524313163
9.723628617801024,-1.549056076627941
10.10606012491162,-0.40468289814588543
9.709967710055663,-1.1896122928678703
-3.7568491921049816,-1.3236347671568107
-4.348885916195558,-1.8973294135153007
-4.298097990475343,-1.9899426933347892
-4.169933222256349,-0.912652873617382
-4.096031092129396,-1.8696745272695732
10.493180848635985,-0.26710989437696453
-4.0385474190336925,-2.235465281826229
-4.413626097164796,-2.6650316651880455
10.027027226962401,0.09618828334215168
-4.110729120693849,-2.5672954853594017
-4.527733229122804,-2.2105750489949894
-4.295626066647218,-2.704623603445263
10.507672883548095,-0.17928197346326824
-3.7682842239958507,-2.2689959543144975
-4.484560392819093,-2.1709727805077743
-4.601884268246339,-2.3150731187283706
-3.6305669769865734,-1.9647501047670555
-4.272197149716066,-2.1807378094613266
-4.0233706459624035,-2.1679578732669067
-3.9286064133269054,1.1942999128282357
-4.818060778103517,-1.8489612575590324
-3.855208300076173,-2.5992029245912742
-4.172138594113038,-2.729290181022854
-3.827336691342042,0.26530978717210774
-4.0268215164763195,-2.4282697673856926
-4.258767984829591,-2.4750498320877266
-4.711357019863771,-2.2112429823696327
-4.4425953850371105,-2.2361812602698516
-4.126219175778077,-2.105827906352253
-4.042644403896974,-2.8706677194654655
-3.879646204434083,-2.7324347134649467
-3.1780990585905773,-2.2946564193784904
-3.729555986843751,-2.374638744813175
-4.555920027218507,-1.7972677286684227
-4.048086546383546,-2.820677721124859
-4.138688467465089,-2.406039410454006
-4.226888559780763,-0.6506690021574211
-3.79353179784839,-2.93726386986372
-4.533804796658204,-2.560248010975094
-3.559464357815431,-2.0564017828523826
-4.184481523953126,-2.8358246322691154
-4.36297120901172,-2.609342211109371
-3.8305753693205578,-2.020340108495922
-3.944342993221925,-2.671174877506466
-4.407791994534181,-1.6598661776601982
-4.646121405087159,-1.6645785804807853
-3.9669317230803234,-2.484000959616871
-4.174685858212159,-1.6377487417280387
-4.2103213295561535,-2.665376001220913
-4.352039240322755,-1.9374816056310844
-3.346212767086671,-2.5533225771009636
-3.857621096096681,-2.631546610218258
-4.225178621731446,-2.908874058347912
-3.677068136654542,-1.1770358320295524
-3.253972433529542,-1.236729406934948
-3.869645975552247,-2.827077650648327
-3.647085092983888,-1.9806637700617027
-4.0666212067229015,-2.1059884663641166
-4.19529428335254,-1.2312206264555168
-3.564437292538331,-2.3201220866262626
-3.8041414246184093,-9.205576002311311e-4
-3.712994001827882,-2.6913507517397117
-3.9422716126066906,-1.8402842815935325
10.546686746157958,-0.05707743130323406
6.008619166888549,-1.788183593374462
9.690108872927977,0.14076945819261555
8.493370152987792,-1.6237586971342277
10.193471528567626,-0.8914187189161491
9.812294103183104,-0.43799128494855877
9.68188152460034,-1.1020304199278068
9.185438729800536,-1.2146790262281608
9.511586286105468,-0.08895399532911297
-3.712355516873048,-2.6505502101003837
-4.152929209194825,-2.741809779030056
-3.691204451046632,-1.984841012579174
-3.382446192227052,-1.8664139147817802
-3.513723276577638,-2.1266186322986793
10.7310386672395,-0.116058373075695
-3.682358644924806,-2.5357468362867546
-4.179276369534181,-1.8368025060713005
-4.119013212643312,-2.707499795776577
-3.435652159176515,-1.4793687697469902
-3.242788694821046,-2.1630104642331314
-3.3660711273771984,-2.548976593834133
-3.909097574673341,-1.1641518112241935
10.753889657534911,-0.15990164242383953
-3.3777474388701183,-2.382396050912113
-4.302987478695558,-2.10910067818758
-4.680849455319093,-2.2589074663787794
-3.67642917486255,-2.226162673157425
-4.637036703549073,-2.4544919516861152
-3.97440280767505,-2.813976788145275
-4.648929022274659,-2.38820745907423
-3.8556488976103527,-2.8572395082533073
-4.235368154965089,-2.652056985717983
-3.026440046749757,-1.8549668427526664
-4.4576195702177746,-2.6505245801031303
-4.007423780880616,-2.730562859398098
-3.343679331265138,-2.206424341720314
-3.372314356289552,-1.4433648820936393
-4.213118933163331,-1.6305455204069328
-3.5190166458708507,-2.540538990122051
-4.530901335201905,-2.0132324632227134
-3.445373438320802,-2.479879238826008
-3.4783052429777843,-1.6763742204725456
-3.841604135952638,-2.532394998890133
-4.083018206082032,-2.214623325687618
-3.7228707298857433,-2.228944280368061
-4.259807489834474,-1.7337939973890495
-3.4501189217192394,-2.329582904648752
-4.407727621517823,-1.6882344122945976
-3.858677767239259,-2.2652277962274563
-4.777505300961183,-2.124896698814602
-3.547333143673585,-2.6295560236990165
-4.315027616940187,-2.2072238113701057
-3.162462137661622,-2.2079907555103016
-3.1328515038115246,-1.495253347974987
-4.249711416683839,-1.3208011623441887
-4.3167432770354015,-2.7578664656698417
-3.3693083748442394,0.015231585878162424
-3.9592513069731456,-1.1964895959913444
-4.054612539730714,-2.168844075125427
-4.061388872585939,-2.3263982843577575
-4.622798822842286,-1.8034541245519828
-4.318864725552247,-2.432104789835186
-4.505862616024659,-1.8546940620958519
-4.575371168575929,-2.309388754141302
-4.234385870419191,-2.4492129769146156
-3.902552507839845,-2.936712884527416
-3.6359919533354503,-2.112233140689106
-3.987905882321046,-2.59567531309721
-3.150869272671388,-2.220387176793785
-4.163522623501466,-1.7818812664568138
-4.2661193832976085,-2.778894090276928
-3.9989513382536632,-2.152155623954506
-4.376525305233644,-2.83779516182539
-3.7335318550688488,-1.6905697222768974
-4.429294966183351,-2.1307039942562294
-4.072848223171876,-2.520950460058422
-4.00517501684253,-2.476935588937969
-4.035613916836427,-1.793343209844799
-3.484358690701173,-1.6098278995573234
-3.8717550263029796,-2.0939881291210365
-3.198443792782472,-2.164602988582821
-3.623396299801515,-1.9642588432848167
-3.4162496552092296,-1.598478638750286
-3.1245154366118175,-1.8049326773702812
-3.6452015862089855,-1.8897382553636741
-3.8199247345549328,-2.2877450689643335
-3.0486954674345714,-1.9617378648340416
-4.102774523220704,0.47264692820909504
11.0531879439729,-0.2584197755872917
11.046040154971434,-0.285414480787487
9.660112477816893,-0.43254198990461346
9.254098035373046,-0.7740211721479606
6.007183648623778,-1.7574053045332145
-4.292826078854249,-1.5192527409612846
-3.8875235542875988,-2.536565148454876
-3.016250036678956,-1.2140279050886345
-3.9207991585356456,-2.783940338712902
-3.6710542664152843,-2.645519429069729
-3.8385371193510753,-1.3400490518629264
-4.564815424404786,-2.4085938569128227
6.062989570178344,-1.7655295368253898
11.335222817935302,-0.1769092317640495
11.330070115603759,-0.17876031361219402
9.193535424746825,-1.6429983016073417
9.893168546237304,-1.1979718442976188
9.607728578128173,-1.755656683069439
5.988348342456176,-1.7881800170957756
9.891079045810057,-1.1861670251905632
9.116874314822509,-1.6809764739095878
-2.9028214439970714,-2.0380050476610374
9.170550920047118,-1.1974828477918815
9.363108731784179,-0.8457205530225944
10.220891572512938,-1.521079682928295
9.832340337313964,-1.650104844194622
9.518415547885253,-1.6855801578581047
10.057337857760741,-1.0966079469740104
10.030533887423827,-1.8290386732637596
8.868329621829345,-0.8560178514539909
6.052382804431273,-1.7209335800230217
9.814696408786132,-1.5757771369039726
9.99288234857495,-1.2648433681547355
-3.845900438748048,-0.40775396786329265
-3.3704747185332042,-1.8854815598547172
-3.1270517334563,-2.195580930632324
-4.198084257565187,-2.5007000502168846
-3.6494883522612316,-1.6729268666326713
-3.936483763180421,-2.3986440386593055
-3.0817326531035167,-1.9529956813871574
-3.201022051296876,-2.2156751949310016
-3.646794699154542,-2.270830206290604
-3.0641159042937023,-0.3192328449308586
-4.627790831051515,-2.1828143011748504
-4.329982183895753,-0.6419165369093132
-3.684038065395997,-0.5459785696088981
-4.747330568752931,-1.721763813120098
-4.101073645077394,-2.566698991876812
-3.8901638016325695,-1.381037735563488
-4.496799848995851,-2.6354319091856193
-4.0242685303313,-1.2936408158361625
-3.80828370901172,-2.711563700062008
-4.385306261501954,-2.215713420134754
-4.248062990627931,-2.1040762450515937
-3.7691878304106456,-1.505311393362255
-3.5904559120756847,-2.690013461929531
-4.254882715664552,-2.7740302320539665
-3.894510649166749,-2.3411528553783607
-4.428085707150148,-2.6097144421159935
-4.558833979092286,-2.559776746851177
-4.055249594174073,-0.5345957513868522
-3.9276608452421886,-2.1537726234614563
-4.483631990872071,-1.3984820481359672
-3.5949934944731456,-2.130574667078228
-4.079993151150392,-2.6391843493997764
-4.522783659420655,-2.1003307040750694
-4.525329016171144,-2.196827405315609
-4.4592203125578624,-2.7566254373609733
-4.2764200195891124,-2.2299072716355037
-4.032808683834718,-1.8145155545293998
-4.607948206387208,-2.012333505970211
-4.109063528500245,-2.66233369074461
-4.213396929226564,-2.899087154489727
-3.1662825569731456,-1.5271289583265495
-4.255576990566896,-0.4758594270765495
-3.9420479759794933,-1.8012115593969535
-3.4284914955717785,-2.1534247111499023
-3.835052870236085,-2.6873421605646324
-3.817714117489503,-2.6490935619890403
-4.086858175717042,-2.460433342677326
-3.264291666470216,-1.979809605699749
-3.4278043732268078,-2.413549506288738
-4.001998804531739,-1.9170555110990715
9.746337987460448,-0.1292572256147575
-3.7634781822783214,-2.4153072472631645
9.640482999362304,-0.0869295831739616
10.185683824099852,-0.35157182179090496
9.529860116519286,0.26607415713670735
-4.072244070492433,-2.637854748588772
-3.7325381264311535,-1.3279428120672416
-3.023421190701173,0.07372520007493977
-3.7148331627470714,-2.230586239320011
-4.135355852566407,-2.2958765599846553
-4.460879229031251,-1.758153760057659
-3.7895683273894054,-2.813548469167919
-3.6415394768339855,-2.2255277160525035
-3.5764850601774913,-1.7146532770216178
-3.4957918152434093,-2.3792456772148323
-4.085216425381349,-2.4699250843345832
-4.052694700680421,-1.813841575008602
-4.607118509731935,-2.526559018713207
-3.7855538353544933,-2.072711506110401
-3.9090241417509777,-2.2731358627292972
-4.468963049374269,-1.8535138901292991
-3.716341875515626,0.6258363489091683
9.01211891321118,-1.4842743512212944
9.181971169986083,-1.7665719624578666
10.54165229944165,-1.6116056080877494
8.984384156741454,-1.8014613922655296
10.036947824038817,-1.5799769993841362
8.586001493014647,-1.9264691408693504
9.149486161746337,-2.0614486869394493
9.491042710818602,-1.848583721739025
9.613566018618895,-0.6251107688963127
8.41729412225659,-1.0840386386930656
8.873695947207763,-1.8075443740904045
9.653950311221434,0.05820462741258625
9.935797311343505,0.030254340547351877
-3.8593176827055675,-2.3612428318679046
-4.114887617550538,-2.833155655485363
-4.317747019253419,-2.664982878786297
-4.2282752022368175,-2.3167014803707313
-4.266377352200196,-2.3997061487257194
-4.407139204464601,-2.753959172588558
-4.248258970699952,-2.900638722997875
-4.0231994614226085,-2.2962666034668398
-3.971644781552003,-1.7211416002332878
-4.028636835537599,-2.7334769006788444
-4.38100042196338,-2.35137841961977
-3.7399872765166027,-2.0658069636642646
-4.7214883789641124,0.540748095887928
-4.079180620632814,-2.958355211836071
-4.376828573666261,-2.664512747150631
-3.348654173336671,-2.261627021428914
-3.595489881954835,-2.2385269954770517
-3.687335394344972,-2.444158607345791
-4.407447718105958,-2.5638124581396293
-4.289194487057374,-2.5991777118265342
-3.5176309570891124,-1.932999336343975
-4.172184847317384,-2.0598927821933937
-3.408828161678956,-2.3399823766171646
-3.6452726349455578,-2.361993231993885
10.210505105532958,-0.27247025929090496
11.274139024295165,-0.178511404615612
10.103269673861815,0.10848782100084309
10.173208810366942,0.10451862849596028
10.015265084781005,0.13570783175828938
-4.217275999508546,-2.8797313805639457
9.646466828860595,-1.8846769567548942
-3.6051434502226574,2.6900694135606575
-4.258084200344728,3.081813073533802
8.389992333926513,-1.907313370329113
10.110700704135253,-1.8634202714979362
9.798314191378905,-0.8584202762663078
10.643077470340087,-0.8431785341322136
8.833339787997557,-1.6221375700056266
10.007435895480468,-1.8592126306116294
8.677331544436766,-1.906789266687603
10.470511056460692,-1.2077995773374748
10.96157417444165,-0.29042234383222576
11.068662263430907,-0.8930378194868278
11.102734185733153,-0.23330929241773601
9.018670178927733,-1.4997266169607353
8.352497674502684,-1.8648796316206169
-3.530961416683839,2.7063796285569954
10.068267919101073,-1.883202337843151
10.633372880496337,-1.3030324812948417
10.142755128421141,-0.9643756385862541
10.66186199335034,-1.4893840786039543
10.760470010318114,-1.2789454098760795
9.758736707248046,-1.9314175482809257
9.796594716586425,-1.9682175155698967
10.012859918155028,-1.839553588253231
9.048972226657225,-1.8319682117521476
10.381817437686278,-1.3693499799787712
9.230394460238768,-1.2266205783903312
10.511860467471434,-1.4027136202871513
10.457706071414306,-1.1623996730863762
9.236666776217772,-1.5294344659864616
9.436534024752929,-0.9115196701109123
10.241632081546141,-0.7638968463957023
-4.114981554470704,-1.5961747404157829
-3.014866732083009,-1.8537178274213981
-3.222170256100343,-2.1697848971903038
-3.1826299652678234,-1.9926233228265953
-3.602438353024171,-1.9671596821367454
-4.4087842926604015,-2.255249845978589
-4.022076033077882,-1.9575076635896873
-3.3513053879362804,-2.355057993155689
-4.529052160702394,-2.592666470628948
-3.9776677116972667,-2.8039751883566093
-3.805191896877931,-2.849008881670208
-3.589651010952638,-2.7683860000192833
-3.631713770352052,-1.9101015564024162
-3.391466043911622,-2.327331953865261
-4.190056704006837,-2.7146794732629966
-3.90124549718921,-2.011345886808605
-4.377016447506593,-2.7764528628408622
-4.038032434902833,-2.782151543718548
-3.937918089352296,-2.9117504592954826
-3.288574121914552,-2.173044377189846
-3.243833445034669,-0.9996850725233268
-3.9801115021330578,-1.5120209094106865
-4.478546999416993,-2.7883852358877372
-4.004948519192384,-2.5316796239435386
-3.5025266632658703,-2.3940112974464607
-3.2022413239104015,-1.8714209433614921
-3.8000763878447277,-1.913584613424511
-3.388465784512208,-2.206806616109581
10.957098580874755,-0.1904442544996452
-4.754612348995851,-2.332588189464779
9.611276246585204,0.2618589166581917
-4.1331118568999035,-2.95395567379591
-3.4191011414152843,0.6461827520311165
9.977359868563964,0.04468987025621418
-3.7316793427092296,1.237048840898304
10.17558727411206,-0.33168675861951824
10.102173425235106,-0.4633604522764396
9.710562325991942,-0.9078567262708854
9.9724937453645,-0.41460981331464763
10.202713586367919,-0.5010723110258293
8.279520131625487,-1.910638177019329
-3.616126917324708,-0.5422821279585075
9.035974599398925,-1.0168220039426994
10.070983983554198,-0.7599926229536247
10.213518716372802,-0.6558548446714592
11.399152375735595,-0.26822569332715984
10.20523700860913,-0.41832449398633953
6.071517564334227,-1.7464356657087516
9.537149526156737,-1.7217862244665336
9.80619440225537,-1.7189204331457328
10.093059159793212,-1.7573423620283317
9.87536869195874,-1.6699539657652092
9.263815976657225,-1.986826890331478
9.547511197604491,-1.525754177194805
9.574739076175048,-1.441833281141491
9.026691056765868,-1.9566256936609459
9.87737188486035,-1.9858366187631797
9.680384255923583,-2.0186090406000328
9.106456376590087,-1.5602317687093925
9.82464561609204,-1.9255304571211052
10.04173431543286,-1.5440389748632621
9.81056509164746,-1.3026899334013176
9.068186856784179,-1.8425501223623466
9.706534005679442,-1.4189713831960868
8.683996297396972,-1.9032070871412468
8.7597890868562,-1.516931438070507
9.373451806582763,-1.9439145263254356
9.55873403695996,-1.4152682658254814
9.944071389712645,-1.3560078378736686
9.89283237604077,-1.5030229326307487
9.784774877108886,-1.8856726821481895
10.30208645013745,-1.4893880721151542
9.060412980593993,-1.4577969547331047
10.13802919534619,-1.6688639756262016
9.37295351175244,-0.8708603616773796
8.602985955752684,-1.7809818025648307
10.479453660525634,-0.7127634521543693
10.18850288537915,-1.2859451409399223
9.51711855081494,-1.3597538109838676
9.37058124689038,-1.0832925077497673
8.302839852847411,-1.8502167101919365
8.68146000055249,-1.6193758483946037
-4.0732788071257335,-1.384479844194622
9.003636933841063,-1.9457059141218376
8.345152474917723,-1.6613314386427116
9.742743588961913,-1.717641019445629
8.798674203433348,-1.2999930020391655
-3.8656634316069347,2.8495990995347786
-4.3875369057280285,2.8396379712999154
-6.698723219357179,1.8323189977586556
-3.0376571640593273,1.6442467931688118
-3.3969491943938,0.5813872579515267
-6.671857260189698,1.7657348874986458
10.585750199832274,-1.5904684897482109
9.74740705636914,-1.4352388616621208
10.692760087527587,-1.37403806410429
10.030285932101561,-1.7962804075300407
9.96826419977124,-1.5388246413290214
10.651198960818602,-1.465720319372387
10.920648194827391,-0.9313963886320304
8.862687207736327,-1.8635436531126213
10.784080125369384,-0.9336734052717399
9.654695607699706,-1.8900985058366966
10.063498117007567,-1.786856793981762
9.515062905825927,-1.536785089594097
10.818020440615966,-0.9412611957609367
9.763033963717772,-1.9105581875860405
10.56604252008374,-1.6277077432691764
10.201894380130126,-1.6341368194639396
10.359447099246337,-1.4223868485510063
10.403732873477294,-1.6360685463964653
10.048952199496581,-1.7267574902593803
10.403035737552,-1.4406607981741142
10.190796472110106,-1.2273524042188835
9.061590291537597,-1.9380534525930595
10.360267259158446,-1.6261999841749382
9.989686585940673,-1.8030063148557853
10.150545693911864,-1.6835274931013298
10.68706951288159,-1.52076258621809
10.49987468866284,-1.5175383921682548
10.350449182071044,-1.6064425941526603
9.31132660058911,-1.3083024259626579
10.561568833865477,-1.570744001489849
10.705205537356688,-0.6498399015485954
9.003558732547118,-1.2704074617445182
10.628890611209227,-1.2821259137212944
10.391639329470946,-1.5567615266859245
10.615989305056884,-1.5672310825407219
9.258432485141112,-1.4188040729582023
10.669407464541747,-1.341737711054058
10.548218347110106,-1.5530885096609306
10.046430684604003,-1.8959425028383445
10.301674462832763,-1.5353561278402519
10.637761689700438,-0.8985483881056022
10.617682076968505,-1.352936589342327
10.092807866610839,-1.806114399057598
-3.1387523636442882,1.8341648343980599
10.257604218997313,-1.117389464002819
10.009105302371337,-1.3839231368124199
10.436443902530028,-1.0553500886976432
9.088722802676513,-1.9657247599184227
8.9700580611604,-2.0605292405903053
10.588154412783934,-1.4291066762029838
8.895247079409911,-1.7573440309583854
10.99322471765454,-0.5813831325590324
10.594323731936766,-1.4612711306631279
10.520335771121337,-1.162405037504406
-3.7277468666655285,-2.3339625086605262
-2.762474916897462,-0.816885256391735
9.249143697299315,-0.046959900480480155
-4.42789926382129,-2.5950461562692833
-4.541626833401368,-1.4867977734625053
-3.7401041016203624,-2.539261543375225
-3.6431163773161632,-2.239009916034312
-3.9232429489714367,-2.9317596789419365
-3.879669569454835,-2.3885547380864334
-4.723512552700685,-1.8158042367517662
-4.3395117745024425,-2.5846529837667656
-3.916372202358888,-2.7537493344366264
-3.699169538937257,-1.5636896129667472
-4.735726736508058,-2.0658689226925087
-3.9482463821989757,-2.7386034663736534
-3.818009756527589,-2.4209034826576423
10.454846002139403,-0.3488025899946403
9.829944230593993,-1.0649523969709587
-4.007610224209474,-2.8558273550092887
-4.1659020409208996,-2.4146815922081184
-4.374102018795655,-1.5013090010702324
-4.294584177456544,-2.8619089361250114
11.24481449273999,-0.16194798908826824
9.763709165133788,0.10841629542711262
9.812084771670653,-0.04452898464796062
10.154114343203856,0.11230084933641438
10.413638688601806,-0.7334715362608146
-3.131768129788087,1.6128620866716195
-2.6667193398100597,1.2449705366075325
10.565498925723388,-0.3813963171064567
9.688912011660888,-2.0106128688871574
10.886770822085692,-0.1776728864729118
10.002188302554442,-0.9651988979398918
9.858017064608886,-1.1108074422895622
9.901554204501464,-1.8776813682138633
9.83104095605786,-1.9598360296308708
9.012335397281005,-1.6987028356611442
8.833229161776854,-1.7864805396616172
8.956650353946044,-1.4202789898931694
9.927555657901122,-1.851109677177639
9.177463628329589,-1.585988485437603
10.134873010196044,-1.5845138665258598
9.52550182489331,-1.8356199201166343
8.563342191256835,-1.9449969466745567
9.949793912448241,-1.7457090850889396
10.051828481234862,-1.5138200160085868
9.18156585840161,-1.6279534932195854
9.922216035403563,-1.7906285162985038
9.483309842624022,-0.982657813650341
9.71970234064038,-1.9313013788282585
9.313817121066405,-1.375303589922161
10.380096055545165,-1.5972798105299186
10.09771690515454,-1.7851554091989708
9.8777090087312,-1.7476020690023613
10.3326011672395,-1.5896743770658683
8.8086172118562,-1.8613144393980217
10.15228519586499,-1.2905694480955314
9.137935258426024,-1.8286947246610832
10.330830194033934,-1.6217254634916496
10.057962991275145,-1.8076562520086479
9.877093888797118,-1.8639907773554039
9.508132077731444,-1.7780029114305687
8.747488118686034,-1.9066399272501182
9.593375779666259,-1.5203010078489494
9.734931088961913,-1.217016601186962
10.4659076705354,-1.5411558981954765
10.060517884768798,-1.8105944629728508
10.571478463687255,-1.2104751106321525
9.594003297366454,-1.8426567550718498
9.465616323031737,-1.1209721799909782
-4.087337397061036,0.8832947973192025
-2.6154464706999523,1.3290529016435433
-3.4092773422819835,2.160087800401478
-3.2315548882109386,2.315063214677601
-3.1157359108549816,1.8212997678697396
-4.538412474117921,2.478139615434437
-3.434619329891847,2.63128397502306
-3.00205697866504,1.90242598094347
-4.375101946316407,2.4813835386216927
8.386784173526122,-1.7655757304250908
10.32602558282788,-1.0127113100111198
10.598535157718016,-1.4960352417051506
10.193221665896727,-1.4990166660368156
9.139005281009032,-1.3218090172826957
8.710465528048827,-1.9534750517427635
10.28225288537915,-1.6306795116483879
8.637433148898436,-1.3101460572302055
8.805251218356444,-1.9703706737577629
10.033894158877684,-1.6178927060186576
10.622084237613036,-1.5439784165441703
9.703083612002684,-1.7018856044828605
10.065871335543944,-1.5624232526838493
9.045188523806884,-1.3164957996427726
10.318012811221434,-1.053967856985302
9.96264324335034,-1.8232149716436576
9.385226346530272,-1.659343206506939
9.080594636477782,-1.4271570678770256
10.356892205752684,-1.490162217241497
10.22438583520825,-1.0944804187833976
9.143340207614257,-1.3881385561048698
8.811804868258788,-1.2120895620405387
8.801050282992675,-1.9060006674349022
9.771010972537352,-1.7956784900247764
10.652022935427977,-1.5282337304174614
10.363826371707274,-1.698431694132061
9.865184403933837,-1.965931021791668
10.393498040713622,-1.3043803211271476
10.702515222110106,-1.501426362615795
9.98529539255078,-1.8221268590509605
11.006882287539794,-0.8693244691908073
10.00276479867871,-1.951854818683834
10.475385285891845,-1.6963820692121696
10.473796464480712,-0.9130113359510612
10.734955407656981,-1.046024226766796
10.606958962954833,-1.5075905557691764
10.600967027224852,-1.166170620542736
10.28886852411206,-1.7065748807012748
10.715613938845946,-1.4517016645490837
10.52325687555249,-1.4064584609090995
10.58511982110913,-1.0876375671446037
8.797531701602294,-1.9171218510687065
10.328180886782958,-1.7184183832227897
10.09682808069165,-1.8294522400915336
9.793789006747557,-1.2592709299146843
10.27630863336499,-1.3057477112829399
9.655894376315429,-2.009868883711071
10.814044572390868,-0.26328113041517254
9.39839468149121,-1.9946648713171196
10.38251743463452,-1.315606975179882
9.941886998690917,-0.7793383832990837
9.567440129794432,-1.762315058332653
10.251045800723388,-1.5151206489622306
9.799590207614257,-1.567631506544323
10.063785649813964,-1.8354675706445884
9.645724393405272,-1.988221013170452
8.93771467355664,-1.6928758259832573
10.30611477044995,-1.5241576667844963
9.924623109378173,-1.438833260160656
9.282637216128661,-1.8739075597345543
9.30794582513745,-1.9307699140131187
10.628070451297118,-1.5275524493276786
10.149566270388915,-1.5856088038503837
10.419828988589598,-1.5213128562986564
9.406431294955565,-1.966801279407711
8.705980874575927,-0.6713541980802726
10.898584939517333,-0.8527460332929802
10.914161302127196,-1.0171164508878898
10.646607018985106,-1.4166831608831596
10.613920785464598,-1.216253423315258
10.696940042056395,-1.490951978784771
10.851786233462645,-1.0451197858869743
10.501807786502196,-1.5695083972036552
10.465282060183837,-1.5228840347349357
10.140118695773436,-0.2734934326231193
-3.49649753423755,-2.3896109994470787
-4.043337725125001,-1.7796819146692466
-3.766369722805665,-1.936333977800579
-3.132387541256593,-2.106385060769291
-3.854137800656007,-1.480712139230938
-4.177558325253175,-2.552542143684597
-4.410644434414552,-2.4971408482610893
10.787967301883056,-0.3988650079786491
11.320808984317138,-0.19385673962232586
6.0862296595948475,-1.765299701315136
-2.7710966095549328,0.14060018100145344
-4.387791059933351,-2.1785600420057487
-4.266802214108155,-2.483233192187519
-4.3652380928618175,-2.8325383301794242
6.0451317801850575,-1.754029416662426
5.983833409823729,-1.7951881226122093
-3.219111822567628,0.9216508630693245
10.104643918551757,-0.15322043858167644
11.362777329959227,-0.21718838177320476
-2.510695360623048,0.4447910551011849
10.953975297488524,-0.09308769665357586
-2.5375589356047374,0.48380277194383625
11.13773212579663,-0.49154558144208904
10.376509286441161,-1.6296749945699882
9.173643209018065,-1.5822682019293022
9.308788396395995,-1.4936695333540153
9.224515058078124,-1.97513549886343
9.556153871096923,-1.2979420062124443
-2.530409716091798,1.064185595887928
8.335575200595214,-1.882162206989498
9.142660714663817,-1.5373240347921562
10.121199227847411,-1.772042476755352
9.216223813571288,-1.6444093819677543
8.36258802560742,-1.6290357347547721
10.182598687686278,-1.815859639269085
8.738597013034179,-1.8719882007658195
9.014920808352782,-1.6917076345503044
10.093104459323241,-1.575766706091137
11.237112618960692,-0.4042750831663322
9.041375257052733,-1.9025038715421867
8.880851842440917,-1.794381343942852
9.175427056826903,-1.9163768526136589
8.654203034915282,-1.0013070341169548
-2.4459141716582042,0.6692776445329476
9.876342870272948,-1.022201680761547
-2.489982984982179,0.6527776483476448
-3.2649425491911632,1.7260207895219613
-4.2071265205961925,2.6637212995469857
10.548093415774657,-0.7309549089491081
10.630772210635497,-1.5450936790525627
8.697998620547606,-1.7236323591291618
10.146626092471434,-1.0131473775922966
9.25963792947705,-1.1599765058576774
10.227646447696044,-1.5328585740148735
10.404200173892333,-1.7012057539045524
9.908621408023192,-1.0071231361448478
9.728862382449462,-1.4878347154676628
9.770608521975829,-1.143531345945568
10.002163983859374,-1.6261880036413383
10.417518235720946,-1.617355489355297
10.683883286990477,-1.4330506559431266
9.944720841922118,-1.6267472740232658
9.418991662539794,-1.5760570403158378
9.635799504794432,-1.7150238987028312
10.372917748965575,-1.5528233882009697
10.454089738406493,-1.4749898549139213
10.042687512912108,-1.8606077667295646
9.605727292575194,-1.9756218429624748
10.433689691104247,-1.6455601688444328
10.658815003909423,-1.429070257765026
10.637390710391356,-1.4248429771482658
10.142715074099852,-1.7963300283968162
10.669362641848876,-1.5380951400816154
10.59939918664868,-1.2728955980360221
10.553226090945556,-1.3076613780080986
-2.4733365997893078,0.0178067449510384
10.176213838137938,-1.2743696805059623
10.040762044467284,-1.5639874573766899
9.49981651452954,-1.5159175630628776
10.16495094446118,-1.492325508218975
9.772751428164794,-1.6953848239004325
10.16699466852124,-1.5025811430036735
10.200109101809813,-0.9737977024137687
9.430951692141845,-1.909245901924343
10.111932374514891,-1.3043616052686882
10.349323846377684,-1.5360135074674797
10.377381898440673,-1.585226082426281
11.279263116397216,-0.23144795857069012
10.515655137576415,-1.026962422949047
10.23647079614575,-1.610887074094982
10.46661052850659,-1.110384249311657
10.255122758426024,-1.5182733770429802
9.774413205661132,-0.96003260574934
-2.9600628838164074,0.052750087159900705
10.370407678164794,-0.9383931394636345
10.68356952814038,-1.1992855306684684
10.204024888552977,-1.454660737138958
8.649289227999999,-1.3338847395002555
9.990241624392821,-1.4476770397245597
9.888178922213866,-1.957589888197155
9.049009419955565,-0.5031360622465324
8.940298654116942,-1.9118358429491233
9.326319314517333,-1.7981000777303886
10.16359481958325,-1.8071915145933342
8.4090491309541,-1.910171264034481
9.751308537997557,-1.9683767791807365
9.717732049502684,-1.6491536136686515
8.726646043338134,-1.9009749229967308
9.966367341555907,-1.7918524976789665
9.46211252359326,-1.6486962076246452
10.209233857669188,-1.7257148858129692
10.317312814273192,-1.0434291597425651
10.134126760043456,-1.5469966765463066
10.468211747683837,-1.5275073882162284
10.626006700076415,-1.2373261686384391
10.060415841616942,-1.4772130485593986
10.014330007113768,-1.7173486586630058
10.478415109195067,-1.1337676282942009
9.740736581363036,-1.0248340602934074
9.651424027957274,-0.057924770933361014
10.655190087832763,-1.4779976841032219
8.795501805819823,-1.6937182184278678
9.498565770663573,-1.2351603742658805
9.309417821444823,-1.7706555958807182
10.44910679010327,-1.1709161039411735
9.571496583499266,-1.5276838775694084
9.97386083749707,-1.0085904832899284
10.918287850894286,-0.4564248558103752
10.45220909265454,-1.3842916127264213
10.353921510257079,-1.461309277635784
10.340205766238524,-1.52651848755476
9.526725865878417,-1.9969502326070976
-3.988973520718263,-2.6954561706602287
-3.984581850491212,-2.571584039550991
-4.572592161617921,-2.5173410411894035
-4.251500032864259,-2.1490903954922866
-3.5402773842436535,-2.1017310257971
-3.701148889980958,-1.9830536480962944
-4.514066599331544,-1.9142178233682823
-4.618946455441163,-1.9242235954820823
-4.659571550808595,-1.8009906347810936
-3.8948754295927746,-1.1855087514936637
-4.537238501034425,-2.455839463692875
-4.376352690182374,-2.216733404618473
-4.644023798428224,-2.542086922746868
-4.184851549587892,-2.0866233792125892
-3.9107841477019054,-1.994117819887371
-3.0819758400542003,-1.757745408636303
-4.0809949860197765,-2.7309432562410545
-4.172902010403321,-2.8297202821790886
-3.9147962555510265,0.49327514209154133
9.711467362918212,0.15259692706468586
10.520041085757567,-0.39662399254438396
10.888578988589598,-0.1762984033643913
11.376295663394286,-0.21249105892774578
10.719234086551024,-0.19193437061902996
10.853378869571044,-0.37914421520826336
-4.458683393917726,-2.828883134943218
-4.4585632309538585,-2.615597927194805
-3.860517881832765,-0.9447118278562736
-4.695857904873536,-1.473689639192791
-3.2290314659697277,-1.84441541991827
-3.536332987270997,-0.8477990861952018
-4.513590715847657,-2.260336240936787
9.477890588321044,-0.9918176170408439
9.211334325351073,-0.6509270902692985
11.344157792605712,-0.14774849377271648
-3.0827764496428234,0.7785265211046029
10.004060842074706,0.16659925021532063
10.983577348269774,-0.2022097345411491
9.865575410403563,0.12273714579942707
10.137663461245848,0.05262372531297688
9.373427964724852,-0.5060012575208854
11.272588349856688,-0.1449148889600944
9.143609143771483,-0.6732392545759391
-3.6922482475859386,2.0306732419908333
-3.199205301724122,0.8432674173295784
-3.3714279160124523,2.4071237806260872
9.461915113009765,-0.8703288074552726
9.30559978631909,-0.9811982151090812
9.746500112094237,-0.6340773340284538
9.5561758056062,-0.13796451054212566
11.043269731082274,-0.3050267931043815
9.37144098428662,-0.3834405180036735
9.914562322177245,-0.9281386371671867
8.849669553317382,-1.8265492852747154
10.268711663760497,-0.8259287115156364
9.697642423190429,-1.860849165540905
9.519494630374266,-1.5991022225439262
10.0604482665437,-1.2701457377493095
8.700836278476073,-1.5095620389997673
8.861951924838378,-1.9290677841722679
8.73630628732617,-1.6188615199148368
8.85798940805371,-1.4887930389463615
9.7324453368562,-1.8055808480798912
9.795504666842772,-1.2518131967603874
8.876700021304442,-1.249605679136486
9.682254411258056,-1.7470705147802543
8.78635511545117,-1.8117530282556724
8.842293359317138,-1.49033787212965
10.179502107180907,-0.721981429678173
8.645350553073241,-1.770728224140377
8.902804471530272,-1.8381090696870994
9.992652513064696,-1.4805649753629875
8.480097390689208,-1.1861226793348503
9.953081704654052,-1.7275901075422477
10.606618501223876,-1.4019187923490715
10.73969803003247,-0.9947308536588859
9.485243894137694,-1.8546786542951774
9.078484632052733,-1.8571014340936851
9.224740602053954,-1.5759560104429435
10.627591706790282,-1.4304208394109916
10.707090951480223,-1.328173064810009
9.784516908206298,-1.8399021562158775
8.926024533786132,-1.5930801864683342
8.686043359317138,-1.5556361909925651
10.139104939975097,-1.4941247936308097
8.744332410373046,-1.8883124228536796
9.18291149286206,-1.8922451671182823
8.387559033908202,-1.5142042871534538
9.973454095401122,-1.591846012693615
10.257562257327391,-1.4454476471960258
9.315455533541991,-1.4602610107481193
8.850007630862548,-1.0189314123213005
9.612408734835936,-1.9064076181471061
10.091961480655028,-0.8952460523664665
10.567977525271727,-1.105039143186779
9.68454084543164,-1.0056993003904533
9.575822450198485,-1.4887312289297294
10.69257888940747,-1.1348953481733512
11.100617982425048,-0.3846781488477897
10.74899921564038,-1.2918195363104057
10.655130960025145,-0.6116501327573967
11.410343743838622,-0.210554861646862
-4.6560610756499035,1.319481349366932
-4.366324327908204,2.776843285936146
-3.8493546471220714,-1.1644385095655632
-3.3042377457243663,-2.3996080096780967
-6.460692785702394,1.5220255617082405
-3.1678713783842785,1.1438069108903695
-3.1441406235319835,1.3086960081041146
-2.77164926382129,1.554720139879017
-4.6274193749052746,1.4671156171739388
-6.736593626461671,1.8458153966844368
-3.5966252312285167,1.3601867917955208
-5.378034494839357,1.762305474656849
-3.678908728085206,2.490379548448353
-3.384664438687013,2.467289662736683
-6.494342230282472,1.6672212842881966
-6.728497885189698,1.9814769987047005
-4.362545870266603,0.9142067197740364
-6.266192816219972,1.735525346177845
-2.671130560360597,0.8663065198838997
-3.7212704643828136,2.8916518453538704
9.556884862460448,-1.0630123849928093
10.872976876773192,-0.460638188940258
-3.1434616074187023,-1.8617269631445121
9.95903453973706,-1.308727228265972
11.322356797732665,-0.35153045616743084
10.360108949221923,-1.2878742452680778
10.196991540469481,-1.3247132535993766
-4.282766245327638,0.5132758382737923
10.26541767267163,-1.178404473882885
9.882925607241942,-1.4061658617078971
9.553928948916747,0.08371779956224445
10.653846360720946,-1.4182871814787101
9.10480747369702,-1.0080785986005973
10.731813050784423,-0.8825583692609977
9.105408765353515,-0.5161302324354362
10.145599938906981,-1.2986288901388359
9.979506112613036,-0.9987520214140129
-2.8093065247160656,-1.51149322949049
9.651097394503905,-1.9680728550970268
10.203071214236571,-1.5487911935865593
8.833523847140624,-0.8864940639555168
10.164743043460204,-1.0287736888944816
9.023555375613524,-1.5293691392957878
10.607008554019286,-0.917353653532238
9.329559899844481,-0.6904881235181999
8.800450421847655,-1.511700474840374
10.230146981753661,-1.4067784782468986
10.195549584903075,-1.341699266058178
9.82705269006665,-0.793349051099987
9.44935903695996,-1.7363026376783561
8.564148522891356,-1.3126049276411247
9.857481576480223,-1.4521475668966484
10.130764581240966,-0.8390286203443718
9.281563378848388,-1.8972295161306572
10.682294465579345,-0.9640021558820915
9.903851605929686,-0.9274971719801139
10.489459611453368,-1.1882033582746696
10.35357628015454,-1.474750840288372
9.283535100497557,-1.819765889269085
-2.683011434994386,1.0548486474931527
9.989901639499022,-1.6622490521490287
9.424684621371581,-0.5660480495512199
10.45465049890454,-0.8720324274122428
9.456483460940673,-1.396898889166088
8.40452728418286,-1.2503407236158561
10.468095399417235,-1.2401774164259147
10.401012040652587,-1.2080979581892204
9.875349141635253,-1.5896185275137138
10.062070943393065,-1.6066386934339714
10.834465600528075,-0.9205273624479484
9.134610749759032,-1.131967329603405
9.280130483187987,-0.6554666992246818
10.52057132867749,-1.1706716056883049
10.281441308535888,-1.1580068107664299
9.239502049960448,-1.2487547632276725
10.158750154055907,-1.609924101453991
9.905533887423827,-1.7574442859708976
10.75416336206372,-1.3462400671064567
10.698918916262938,-0.9766558643400383
10.098907090701415,-1.0966295238554191
10.508704759158446,-1.0709779497205925
10.532968141116454,-1.4103042717992973
10.827338792361571,-0.9799678560316276
11.384100533999755,-0.19103004894849773
-2.5216459259611828,0.349029517549305
8.453796960391356,-1.250095271688671
9.77238092569287,-1.7137877579748344
10.714629746951415,-1.3753803607046318
-3.6327709183317882,-1.7279383774816703
10.659831620730712,-1.17284097633955
8.655402280368163,-1.6027929421484184
9.714713670291259,-1.114102863889904
9.570680238284423,-1.1601583000242424
9.856062509097411,-1.2438229557096672
-2.8899225220305187,0.37477777041795735
9.774760819949462,-0.8866251941740226
10.18199310449536,-0.014735245329112967
9.963667489566161,0.0422670606553841
9.225132085360839,-0.6538933750211906
-3.468735598049806,-2.576323651891918
-3.167717359982179,-1.1766283746778678
-4.390792273007081,-1.2308833833753776
-3.9456371292692882,-1.935991906744213
-3.0390476212126476,-0.6560871835767936
-3.773373983822511,-2.780097508054943
-4.232551954708741,-2.7176641758501243
-3.824874304257081,-1.987832659107418
-3.550642870388673,-2.3537910144746017
-3.4670709595305187,-2.536845349889965
-3.339379213772462,-2.2134594444155407
-4.119558714352296,0.6966321233690072
-3.8191918358427746,-1.0982709165632438
-4.2569641098601085,-1.4219323035299491
-4.408728502712892,-2.350362190228672
-4.009745501003907,-2.5241027411043357
-3.7512787804228527,-2.595899098736019
-4.395547293148683,-2.6526139315187645
-3.769397638760255,-2.5773914094984245
-4.431720159969972,-2.5404859121858787
11.023199655093505,-0.18585207424757
6.018325425662352,-1.760238253694744
10.295744515933348,-0.2314744230329704
9.840481854953124,-4.639860212516389e-4
6.062237836398436,-1.7479062911092949
-2.998354338131593,-0.5570485826551628
-3.8421954140288097,-1.835720830780239
-4.25829067083423,-2.669709974151821
-3.8678859696013195,-1.1047026153623771
-3.325426004849122,-0.1221468683302116
-3.899062536678956,-1.990873807293148
5.966328240908934,-1.7836498554765892
-3.8595999703032238,-2.7192046578943443
9.446792222537352,-0.12011363468763347
9.437084294833495,-0.21117522678968426
10.42254314569409,-0.426189684492321
9.4360266700166,-0.11595370731946941
9.36420450357373,-0.448824429136486
11.021108247317626,-0.16808631382581707
11.41302452234204,-0.23455407581922527
11.02695331720288,-0.3272770877897453
10.302584268130614,-0.6290706630766105
6.102849341906859,-1.7307093378126335
-3.0962208733183605,0.7303397420823861
-4.015120409451173,2.3119938138902474
-2.8523262962919933,0.9642588857591439
9.49394140390332,-0.40562334023115154
9.515208817996337,-0.4305103059827995
9.192457772769286,-0.5942058797895622
9.87174902109082,-0.273551368337841
10.289856530703856,-0.4330200191557121
10.23344574121411,-0.38144221268293377
6.0497728362458485,-1.7624098893224907
-3.154984377346681,-1.5127530928671074
8.693313218631102,-1.4563791986524772
-2.772107027493165,-2.3305642168938827
9.121533013858153,-1.4762702222883415
8.576536275424315,-1.893441640955181
9.141021348513915,-0.9662752386152458
9.624964810885741,-0.8405428167402458
9.62400970605786,-1.5501309867918205
9.794935323275878,-1.5515511866628837
8.382764913119628,-1.4573919411718559
9.458587743319823,-1.5828713413297844
9.11076507715161,-1.8601052399694633
10.036542035617186,-1.5319576498090934
8.97284422067578,-1.8720040257990074
8.71833810953076,-1.8467281695425224
9.803911305941893,-1.5443721648275566
9.293262101687743,-1.3945855732977104
8.886362172641112,-0.8072183366834831
10.02252969888623,-1.7407211299955558
8.802127934970214,-1.8199470277845573
9.680167771853759,-1.2324538465559196
8.474202252902343,-1.6060657139837455
8.420156575717284,-1.575110697370739
10.224145509280516,-1.6519209977209282
8.846841908969237,-1.4829724665701103
10.223217584170653,-1.7601909872114372
9.968087770022704,-1.7545944686948967
9.396852113284423,-1.1484850879728508
8.666943646945311,-1.8189505573332023
8.383521653689696,-1.8973340030729484
8.942512132205321,-0.9272139307081413
9.077596284427,-1.986379110437603
8.957700826205565,-1.1151167388975334
9.227020837344481,-1.8418186243593406
9.05231723932202,-0.8463558193266105
9.11372385171826,-1.1969090934812736
8.417337037600829,-1.4495164390623283
8.321427442111327,-1.770507686954708
10.449102975406005,-1.5274881955206108
8.683622933902098,-1.3268165226995658
10.5738121047395,-1.5592398878156852
8.875032044925048,-0.8554114337980461
8.495183564700438,-1.637160086256237
10.72827396539624,-1.4114275213300895
9.49101171640332,-1.864247613769741
8.649131871737792,-1.8744617637216758
10.138401128329589,-1.472040617090435
9.047908879794432,-1.7840832110464286
9.257016755618407,-1.2072632547437858
9.176386930026366,-0.917649530988903
8.950625516452147,-0.8598236080228996
-3.5777572617155773,2.596358037370472
-5.826340101681398,2.0978080991685677
-5.178186796627687,2.2168876890123177
-4.66786041112964,1.8543121580064583
-6.665446661434816,1.8402559522569466
-5.14925517889087,2.014453626054554
-3.3745554909331066,2.480325913804798
-4.885943792782472,2.3423115972459603
-6.622922323666261,1.7491423849046517
-5.425163172207521,2.050859189409046
-6.822138212643312,1.7274648908555794
-3.767965219937013,1.3527776960313607
-4.2132815346342785,1.0801377061784554
-2.832205198727296,0.9614758256852913
-3.1469248756987316,0.6031114820421029
-3.975069902859376,2.983487821000843
-2.82753362508838,0.9547984365403939
10.279542542971923,-1.2072487112104606
8.872581578769042,-0.8698432680189323
10.121041394748046,-1.466014349085064
8.478798486270263,-1.3896622296392631
8.76881704477246,-1.2825746174871635
10.43371830133374,-0.9766379829466056
9.045003987826659,-1.12840738258955
9.614529229678466,-0.8116743799268913
8.765457726992919,-1.1749279733717155
9.137626267947509,-0.7272426124632072
9.746761418856932,-0.9492672916471672
10.188406564273192,-1.5658562418043327
9.195140458621337,-1.4331390496313285
8.6005512252229,-1.2316327329694938
9.27213392404492,-1.0015751358091545
9.884542562045409,-1.411377215009899
9.72871170190747,-0.9918338295042228
10.51340065149243,-0.3158877130567741
8.485471822299315,-1.488000535589428
9.139832593478515,-1.0589128967344474
10.578779794253661,-1.4101158615171623
9.386662103213622,-1.758599364382
10.029597379245116,-1.859401160103054
10.85624847558911,-1.0858514543592643
9.530504323520018,-1.8987052377283287
9.92079458383496,-1.0674562688886833
9.854566670932128,-1.8439701434194755
9.962265588321044,-1.3524349566518974
10.472396470584227,-1.3573200341283989
8.365490533389403,-1.6004468437254142
9.371774293460204,-0.9107985731184196
10.53800068048413,-1.136091971021862
9.791311837710692,-0.7844536539137077
10.665103532351806,-1.4573647018491935
9.208731271304442,-1.1921732660352897
10.540045358218505,-1.385299050432415
8.401887513675048,-1.2101720806181144
9.021760560550048,-2.005958401781292
10.546589471377684,-0.9201169248640251
10.460490800418212,-0.9775810476362419
10.039538003482177,-0.9777014490186882
9.595483399905516,-1.2559064861356926
10.041547872104003,-1.589037322622509
8.394787408389403,-1.6365421649038505
9.179456807650878,-1.36731758080122
9.63304052499707,-1.903641575199337
9.054928876437499,-1.7028005357801628
10.416939355410888,-1.3118165370046806
8.974268533267333,-1.5779127713262748
9.979214765109374,-1.196923875433178
10.048613645114257,-1.7283355232298088
9.732438661135985,-1.5078549023687553
9.827963449038817,-1.0512476202070427
8.445826150454833,-1.4705680247366142
10.906613923587157,-0.14561989269849773
10.325532533206298,-1.0863975521146965
-2.8040384277922374,-0.01700141392347332
11.445242501773192,-0.16938092671033855
9.427594281710936,-0.6908631559431266
10.61043605951245,-0.85094156227705
10.482454873599364,-1.4070086713850212
9.228173352755858,-1.3433962102949333
9.91839847711499,-1.5181858774244499
9.100166894473388,-1.5500169631063652
9.979033566989257,-1.5084407564222526
9.715014077700927,-1.0899601217329216
10.799347497500731,-0.928302549940319
10.142769433535888,-0.30791642628309246
9.688084222354247,-1.871492498737545
-3.84466590734546,-1.4867549773275566
10.465431787051513,-1.4852707024633598
10.463322259463622,-1.4720275040685844
10.220269776858641,-0.9673854347288322
9.35922584680493,-1.0469048257887077
10.192368127383544,-1.3916204806387138
9.98642311242993,-1.1186137434065055
-2.685185335598634,0.018210387605457345
8.247087098635985,-1.3175875779211235
8.558187581576659,-1.9985582169115257
10.707842446841552,-1.1235676046430778
9.864213563479735,-0.6730647321760368
10.705084420718505,-1.1378876205503654
8.76960525659497,-1.2599250312864494
9.890837766208007,-1.840806656700344
9.415949441470458,-0.43290724716779705
9.135274983920409,-0.7595316406309318
8.788386918582274,-1.20388665161726
9.676646806277587,-1.1640979286253166
10.383708573855712,-0.2429948087751579
10.664369203128173,-1.1985219951688957
9.84287939218457,-1.0807291503965568
-4.146090410671876,-2.081147813421459
-3.906700514279054,-2.5147165443718147
-4.132111452541993,-2.7252284821092796
-3.1904939636809093,-1.9552242394506645
-4.350463293514894,-2.8536718126356315
-3.91950836034839,-2.0162510212480735
-3.5885166153532726,-2.5343767043173027
-4.409522913418458,-2.275760360245378
-4.791403673611329,-1.8774806495725822
-3.336329363308595,-2.108845853430004
-3.2046798691374523,-1.9834899838983726
-3.6912478432280285,-1.66536285839674
-3.6439599022490246,-2.0660394813835334
-4.3065809235197765,-1.5693956252157402
-3.9765361771208507,-2.9848591323911857
-3.233983419857667,-1.655690872293682
-4.342669867001222,-2.4435358729183387
-3.6664928421599132,-2.2454674925625038
-4.099043272457765,-2.6311430867731285
-4.494458101711915,-2.4516815032779884
-3.2131637558562023,-2.0640466149866294
-3.573247335873292,-2.321739533168049
-4.425132654629396,-2.775655531507702
-3.2588070854765636,-2.3239802803814125
-3.8852833733183605,-2.2147733990072918
-3.8116868958098156,-2.7358133133470726
-3.4126252159697277,-1.1913798090040397
-3.3172992691618663,-1.3692232605039787
-3.8583039269072277,-2.336338856440754
-3.3719257340056163,-1.9013199742853355
-3.0926407799345714,0.20009849109056477
10.162356950320556,-0.04557182751295086
5.967770911731078,-1.796942436319561
11.07632026819165,-0.30967965088483806
5.986779309787108,-1.7567827936231803
-3.4568799957854015,-2.4204671617567253
-4.506150148831056,-2.373396069925995
-3.7156547531706554,-2.5059624996006202
-4.629213713131593,-1.9762718316137504
-3.9941300377470714,-1.5539509292661857
-4.5977162346464855,-2.0736173626005363
-4.489043615780519,-2.3007757227837753
-3.212888143978761,-1.4911161895811271
-4.009669207058595,-2.089267545562954
-3.4621929154021007,-1.8227406080782127
-4.563887499294923,-0.5721200939237785
-4.518572233639405,-0.8652558561384391
-4.2041028961760265,-2.733184599500866
9.494871713198973,-0.35183098278638836
11.127415277041747,-0.15617134533521648
11.238391496218993,-0.1718161340772819
11.246205903567626,-0.2259683843671989
9.79275617746289,-0.021520399671764334
10.043282605685546,0.08679578341844563
9.499230958499266,-0.009524130445690115
9.00717506555493,-1.3436758156835746
8.999318219699218,-0.9031738277494621
10.037295915164306,0.11239883937242512
9.382461167849852,-0.10280492268201824
9.981953717746093,-0.8741785522520256
11.214225389041259,-0.25927236042615887
10.336724854983641,-0.21943356953260418
11.204898454226806,-0.22928740940687176
9.998456574954345,-0.8229307170927238
9.539596177615477,0.2140788797319222
6.007141210116698,-1.7539289828359794
8.967554189242675,-1.5618630882322502
9.191253282107665,-1.3234912391721916
8.998911954440429,-1.1867128845274162
9.042840577639891,-1.4812446471273613
8.95337925104077,-1.8205597635328483
10.012549497165038,-1.5720188852369499
8.581544496096923,-1.7966520424902153
8.934279538668944,-1.7278473611890983
9.844931222476317,-1.269510829073162
8.82953653482373,-1.8618066247522544
8.522186376132323,-1.862587743622036
9.704081155337645,-1.74729587994215
8.842777349032714,-1.3546218510687065
8.340806104220702,-1.8332529898702812
8.557388879336669,-1.580916189771862
10.179059602298095,-1.643751346689434
8.428220368899657,-1.7223093148290824
8.811887837924315,-1.7657912012159538
-2.843910120449708,-2.3625070165812683
10.252614594973876,-1.4728077288686943
9.969847299136473,-1.749924146753521
8.458911038913085,-1.3152472611486625
10.226274110354735,-1.5092133518278312
8.891377545871093,-1.3939588304578971
9.596113301791503,-1.515999996286602
-4.603082083187745,0.7135348085344124
-4.437371157131837,2.886136746782093
-4.44202222677295,2.891981339830189
-4.126935862026857,2.622781968492298
-3.7340353951079113,1.022963023561268
10.556293107547118,-1.1108228202879142
10.133453465976073,-1.6144688364088249
9.501684285678222,-1.009627127271862
9.842517472781493,-1.7145205970823478
10.438063241519286,-1.2062980171262931
10.62694988397534,-1.4421192642271232
10.52532634881909,-1.39870949946043
10.404258348025634,-1.114524030309887
8.654707051791503,-1.3776743050634574
11.393963433780028,-0.20729496441480633
10.330893136538817,-1.3485528465330314
10.28887901452954,-1.5948622461378288
10.576142884768798,-1.395143234354229
9.634583570041015,-0.6840889688551139
8.79300031808789,-2.0164883073389244
9.057478047885253,-1.0837027069151115
9.074487782992675,-0.5603307720243644
9.667195893802,-0.2710930343687248
9.833128549136473,-0.7125649686872673
9.066237069644286,-1.7177870508253288
9.873642064608886,-1.498130225759716
8.62475834039624,-1.9193876918375206
8.785010911502196,-1.7152502175390434
9.603384114779784,-1.4193121429502678
8.402521707095458,-1.3192664023458671
9.038132764376952,-1.4713737007200431
10.042006112613036,-1.7059977885305595
8.76155100015576,-1.5663752790510368
9.937287904300048,-1.3449238773405265
8.918980218447997,-1.598476254564495
9.118172742404296,-1.0750154491483879
10.324134446658446,-0.48411574326154705
8.71033487466748,-1.241942071539135
9.464466191806151,-1.376778804880352
9.11643085626538,-1.12590756378767
10.188809968509032,-1.2871041532575798
8.813437081851317,-0.9975390668928337
10.062110997714354,-1.7979018028795433
8.86937103418286,-1.29140045605299
9.226577378787352,-0.683452868086071
10.382929421939208,-1.511215114217968
10.467854119815184,-1.426943087202282
10.111355401553466,-1.542344116789074
9.325649358310057,-0.8815829988538932
10.330535508670165,-1.3580125208913993
10.236077882327391,-0.37741734943983074
10.400523759402587,-0.3898308511793327
10.017271138705565,-1.550296687704296
10.176737405337645,-1.5694846745550346
9.961757756747557,-1.204755448919506
8.947259522952391,-1.896706932407589
-2.9417127594572765,-2.301283982765646
10.14102802423413,-1.3326840635359
8.136218167819335,-1.739359223467083
-4.066157721005128,2.42423412837389
10.194681741275145,-0.8227740760862541
11.237396813906981,-0.3645860191404533
9.30864629892285,-1.8694982763349723
9.750162221469237,-0.9104411836683464
10.216278649844481,-0.7121141191541862
9.79404554513867,-1.9776145454466056
10.745367623843505,-1.1905579801618766
9.401779748477294,-0.08041813336011883
8.35840330270703,-1.8090943332731437
9.897771932162597,-0.9732849832594108
9.431360818423583,-1.3862451549589347
10.010203935183837,-1.8147920604765129
10.535791970767333,-1.093654775243969
9.379706479586913,-1.997890317064495
11.43691597131665,-0.2893567319929313
10.334110833682372,-1.4532731410085868
10.402449227847411,-1.3615884419500541
-2.6032122597319347,0.2771909002244759
10.260329820193602,-1.337914549928875
9.750363923587157,-1.715245031934948
9.764239884890868,-1.4485247965872001
10.048297502078368,-1.3499759670316887
10.555152513064696,-1.2240329023420524
10.211477853335692,-1.1586917873441887
9.693203069247557,-1.777724051099987
10.62032375482495,-1.2444606061994743
10.32078991083081,-1.064371966940136
9.941495515384032,-1.4560461278974723
9.63050327447827,-0.7236048217832756
9.637401677645995,-0.33490242920515056
6.004845716037108,-1.7762876387655449
8.324444867648436,-1.50017913542387
8.405902482547118,-1.9626774724542808
-3.200852774105714,1.3930256132066536
-4.54086484762256,2.187983727830677
-3.745875738583253,0.38384149112108235
-3.158800028286622,0.9962172273576546
-4.30777158590381,1.827265954393177
-4.3023084625822765,1.7409345869005013
-6.738453291378663,1.5628623727739144
-6.600539587460206,1.775050378221302
-6.599325560055421,1.6443135503709603
-6.743561171017335,1.4653434518754769
-6.4251321777922374,1.6979868177354622
-6.279102705441163,1.7428347829759407
-3.865311525784181,1.568284249681263
-6.737961195431398,1.5906939271867562
-6.619147680721925,1.6346969369828988
-6.825512312374757,1.7435762647569466
-2.6103476509672863,1.0308046106279183
-3.0640505776030285,0.43207428492906574
-6.35625209661548,1.3947782281816292
-3.7157296166044933,0.110487676042347
-6.691291235409425,1.5950994256913948
-6.78714694830005,1.605252719301014
-4.13261928411548,2.0280749563157845
-6.853784941158937,1.7827727559984017
-6.818725012264894,1.7342784170091439
-6.7995666489226085,1.9548694852769661
-5.219111822567628,1.4205806020677376
-3.707554720364259,1.2104503873765755
-3.432732008419679,1.1869559053361702
-6.835411451779054,1.6989598039567757
-3.5732082352263195,1.23740813769701
-6.556046865902589,1.5911116365373421
-3.5349816307646496,0.1511838201463509
-6.751251600704835,1.6884925130784798
-4.742259882412599,1.4624254468858529
-6.8156494125944835,1.5990161661088753
-3.6335062012297374,1.0130209688127327
-3.682197473965333,2.6341497663438607
-2.779017828427003,1.4746496442735482
-3.1476963982207042,1.001924968141346
-3.1292108521086437,0.6406228307664681
-5.262774847469972,1.8018219236314583
-3.6370939240080578,-2.4004615630924415
-4.733462236843751,1.357034659761219
-3.8552288040739757,0.8150660757005501
-4.6548074707609874,1.3001713518083382
6.042231179751708,-1.7658376928388786
-3.4926861748320324,-1.627963387590618
6.632649518527343,-1.5997383233129692
5.963705398120238,-1.805326932293148
6.356860734500243,-1.708911144357891
6.210731603183104,-1.7331884738027763
6.054623700656249,-1.7472225066244316
6.455835916079833,-1.7380203839361381
-2.8997038826567394,-2.0335921432792854
-2.5459698662382824,0.5142295125901986
-3.1361025795561535,1.2301044229448128
-3.1234725937468273,0.7614371541917611
-3.1044939980131847,1.5512933496415902
-2.958954237423585,0.5927142862260628
-4.3921474442106945,2.4740488294542122
-3.371532820187257,2.0964033369005013
-5.041259668789552,1.837838864702015
-5.77658262106006,1.8968255285203743
-3.94952430578296,2.3273532155931282
-3.8612588867766124,1.8963544134080697
-5.078401945553468,2.4694525960862923
-3.0740398392302257,0.6924576524675179
-4.093674562893556,2.9584123853624154
-3.592860601864503,0.6610266927659798
-3.581374071560548,1.040543771165638
-4.337283037625001,0.23941657580736164
-5.059903048000978,1.4839203123033333
-3.561197660885499,1.6763734582841683
-3.0463031754118663,0.2222440008104134
-2.7923501953703624,1.2085809472978402
-4.093568705044435,2.0513288740098763
-2.9345058426481945,1.8944127324998665
-4.824604414425538,1.9768178228318978
-4.148570440731691,2.4617202047288704
-3.738654516659425,0.6350788835466195
-3.003279112301515,0.6319970849931527
-3.6233762726408703,-2.3998859461366844
-3.5873774513823253,0.5881445173204232
-3.5055917725188,0.5936214689195443
-2.980609320126222,0.6702344182908822
-2.49047365041797,0.5475020173967171
6.5630455985444325,-1.647389018160076
6.584632493533446,-1.6590593691885185
-2.7544569000822765,0.76525876559618
6.383845902957274,-1.742226802927227
6.264756299533202,-1.72339268885252
6.191607095279052,-1.7093870874464225
6.6513095870393055,-1.600225591284008
6.001621581591918,-1.7406851883947563
6.361426927127196,-1.7048014637052726
6.541721440829589,-1.7008033629476738
7.032477952517821,-1.5490442749082756
7.647640801944091,-1.4612218972265434
6.49532900003369,-1.65956451855299
6.495429612674071,-1.707141422849865
-2.570770166836427,0.32245872058275227
6.503679372348143,-1.7124159570753288
6.523796178378417,-1.6636996503889274
-4.324850462399171,1.3880884412706185
-3.9418930039030773,1.5004923108995247
-3.878077887020753,2.4795963529527474
-4.451459310970948,2.064439034837513
-4.3197878822905285,1.6364328626573372
-4.538746260128663,2.840346551317005
-4.159160040341066,1.003342605012684
-3.3357719406706554,0.6835896734178353
-2.523881338558839,0.6389102701127816
-4.00696363302295,0.7867765191972542
-4.294827841244386,1.046386933702259
-6.504952810726808,1.4106640581071663
-3.6492208466154796,1.399716830629139
-3.822359941921876,1.0105244878709603
-2.914433382473634,1.4360079530656624
-3.770439527950929,0.6517927411973763
-3.7357915863615734,-2.570893132311077
6.607078172244384,-1.6173272963583183
6.18514309076245,-1.7477296229421806
6.412089921511962,-1.6932727929174614
6.614096261538817,-1.5836142536222648
6.446199990786864,-1.6864290472089958
8.30851373819287,-1.701378905397625
6.594717122592284,-1.6217945452749443
-4.005457781277345,-0.0587928529798698
-4.020067118130372,-2.4247195806324195
-3.8621419891936046,-2.001046144586773
-4.1333936676604015,-2.3943594705283355
-3.8328265175444347,-2.542409532886715
8.30931530145581,-1.6929005023061943
8.280393220462157,-1.7537263866483879
8.377434827365233,-1.8481180604517173
8.521808244265868,-1.280862295252056
7.546099282779052,-1.4528478022634697
8.15206728128369,-1.2707476254522514
6.037412978686644,-1.7492740984976005
6.678405858554198,-1.6528841491758537
8.340628243960692,-1.6004659172117424
-3.6670335754973156,0.7481844190538216
-3.7253974899870617,1.8306734327256966
-4.145153902493165,0.9882573846757698
-3.899008177242921,1.431159472841053
-3.7654689774138195,2.2492291692674447
-4.097432516537355,1.279717183488636
-3.984222315273927,-1.42715724669096
-6.4565958008391124,1.3776299718797493
-6.79006328435962,1.6445905927598763
-6.676894567928956,1.6214706663072396
-6.701426886044191,1.4988505605638314
-6.755168341122316,1.64864180125597
-6.763228796444581,1.712406850236683
-6.83458461614673,1.7039851907670784
-6.756001852474855,1.5819103483140755
-3.1063455566984874,-0.6326585050642204
-6.7428812012297374,1.7087125543535042
-6.675669096432374,1.466705537217884
-6.683459661923097,1.8609559301317025
-6.813501738033937,1.930229878801136
-5.2344140038115246,1.91591475047472
-6.705525778256105,1.525517440217762
-6.743058584652589,1.8016912702501107
-4.389800451718019,1.4398407701432991
-6.597674749813722,1.820087170976429
-5.844465158901857,1.0637550119340706
-6.28609599920337,1.6790082220018197
-3.7804831490141613,-1.3446450468122673
-4.3621205315214855,-2.062026121836872
-4.946974657498048,1.377077317613392
-2.607410334072755,0.8510193590104866
-6.747517965756105,1.4946152929246712
-3.743789099178956,0.13232610263231281
-2.924776934109376,0.9801425699174691
-3.602898024044679,1.0678286317766
-6.445538900814698,1.6948868993699837
-3.6205533966643078,1.6729902986467171
-6.7205213532072765,1.7812978986680794
-6.758814238033937,1.540775990861683
-3.9670585617644054,2.3009516958177376
-6.815706633053468,1.708894944566517
-3.6595267281157238,0.7010259393632698
-6.562701605282472,1.8166758779466439
-6.778816603146241,1.731018281358509
-3.4914568886381847,1.489504075425892
-3.6840814575773937,1.0332085851609993
-2.8220905289274913,0.3053412202775765
-5.320999048672364,1.9380748037278939
-5.154316805325196,1.7114615205705452
-3.5608228668791515,0.6768629316270638
-4.251096151791261,1.525993800538807
-3.841708086453126,0.6886014703691292
6.6121507659333485,-1.6084416743337822
8.254540540255858,-1.237998151403637
6.537348367251708,-1.6047035094320488
6.440409757174804,-1.686020338159771
8.2100425734895,-1.1205770011961174
6.519269086398436,-1.6912530299246025
8.42463979867871,-1.3846309419691276
6.075843431033446,-1.7240315314352226
7.552515603579833,-1.4528988238393974
6.9267002120393055,-1.7293046947538566
8.553982831515624,-1.5141253109991264
6.4593516364472645,-1.6599321003973198
6.111874200381591,-1.7471410270750236
-2.505542658291505,0.28286287822130207
6.232486821688964,-1.748620652776928
7.054096318759276,-1.6490751143514824
8.391545869387938,-1.9494084652483177
6.1314776912110585,-1.7578292723715019
-4.274416349850343,2.0862138036668587
-2.9115756973845226,1.486464238542347
-4.263056181393312,1.0188209775865364
-3.0534705147368175,1.2734143499315072
-3.4740213379484874,1.5977380041063118
-2.4809650406462413,0.4993104700029183
-2.7704686150175792,0.5552804235399056
-2.8375767693144542,1.5897552732408333
-4.636936567745851,1.5488536123216439
-4.524909876309083,1.909419274705677
-5.031569384060548,1.6608824495256234
-3.757939718685792,0.4409479860246468
-3.5917672142607433,1.4218024972856331
-3.551511190853761,1.6279089216172982
-3.0971154198271496,1.3377980951249886
-3.7098592743498546,0.7677185300767708
-3.9801548943144542,1.638359523195057
-6.062549971066163,1.5607995752275277
-4.646387957058595,1.4414534334123421
-3.360368631802247,1.7617647413194466
-4.150460623226808,2.0097291234910775
-4.029659174404786,2.8913047079026986
-4.423294924221681,0.8365256551683236
-4.251288794003175,2.1483590368211556
-2.7959135994536144,0.725367522615223
-3.160257719479249,2.2073185209214974
-3.477267168484376,0.6612779859483529
-3.0572928413969738,2.0134799245775032
-4.753359220944093,2.492727494615345
-2.4808053001982433,0.5160283807695198
-4.133209608517335,2.4225551847398568
-3.0783676132780773,1.298978305238514
-2.6466192230803234,0.5866305593431282
-3.277820490322755,1.6436412099778939
-2.5672525391203624,0.7445080045640755
-3.0314115509611828,1.5258850816667366
-2.4525565132719738,0.4905674222886849
-3.2747348770720226,0.7653496030748177
-2.4614013657194835,0.5201244119584847
-3.2100299820524913,0.9271518949449349
-3.0907348618132335,0.2945863965928841
6.1516991629975575,-1.7159403201162529
6.40834341195996,-1.6859386201917839
8.392145730532958,-1.2340294357359123
6.298703767337157,-1.7253844376623344
6.4293786063569325,-1.6801738377630424
8.387137033023192,-1.2573122020780754
6.4270664229768055,-1.7184772726118278
6.3304124846833485,-1.7274763818800163
6.774043180026366,-1.7253127928793144
6.458347894229247,-1.6771518226682853
6.412270642794921,-1.7282912965833854
6.034681893863036,-1.7748109932958793
6.492666341342284,-1.6740223403989982
6.492875196017577,-1.7200512524664116
6.786574460543944,-1.5711456175863456
6.52809438852246,-1.646082901579113
6.489696122683837,-1.6725471254408073
6.525436498202636,-1.6492132779180717
6.4897800460236805,-1.641018056493969
6.604282952822997,-1.6275623675405693
-2.781872175656007,-0.01574590168592449
6.272094823397948,-1.723741376024456
6.6155453696625965,-1.621217155081005
-3.308603666744874,2.340006089586048
-4.049119375668214,1.1852736238420296
-3.2419628128630382,1.7007653478563118
-2.7943128571135265,0.13380978145006184
-3.0941146835905773,1.6258880857408333
-3.1349147781950695,0.645758843797474
-2.713022612057374,0.5067944292009163
-3.0617360100371105,2.0152299169481087
-4.256369493923829,1.3368944887101937
-2.6592444405180675,0.6094684366166878
-3.6952837929350597,-2.457474895936222
-3.1368369087797863,1.4773483041703988
-2.5119642243010265,0.4503178361833382
-4.590891264401124,2.28240702189806
-3.944673918209718,1.5834903482377816
-3.430178068600343,1.8533012632310677
-4.773670576534913,1.3126966718614388
-4.186471842251466,0.7478987935960579
-2.4879111275297863,0.48757121600511555
6.130984641589476,-1.7318133350431633
6.01310882715161,-1.8253713186800193
6.4012814536469715,-1.6877423759519767
6.397533990420653,-1.6909455295622062
6.413956738986327,-1.6857226725637626
6.229245759524657,-1.7348734971105766
-3.613513372860597,-2.387855665010185
8.339831925906493,-1.6064861055433464
6.464001275576903,-1.6409019466459465
8.362735845126464,-1.8914698000967216
8.363660909213378,-1.8454976912557792
-4.3676537499052746,1.6034278634965706
6.026319839038207,-1.7606089349806022
8.3597007766145,-1.86331709585783
8.389122106112792,-1.854739659649105
8.360736466922118,-1.4826921459257316
8.325884439029052,-1.2643647428571891
8.370658494510009,-1.901312940937252
8.30854282525952,-1.667740010839672
8.058307267703368,-1.2710315819799614
-4.135215662441896,1.9438354734361458
-3.6413516029936535,-0.7329713340818595
-5.825145147762941,1.4062816862047005
-3.915673159084962,1.2770375970781136
-6.777276419125245,1.734867787736683
-3.5663975700957042,0.888775086778431
-6.552317045651124,1.7028372053087044
-6.785313986263917,1.597144580262928
-6.7300790772063,1.5780293706834603
-6.691070936642335,1.548750377076893
-6.741403006039308,1.79414961375597
-4.69816818090503,2.21724531688097
-6.747420690975831,1.553816533464222
-6.813105963192628,1.7290904287278939
-6.391098402462648,1.5082061056077767
-6.686435125790284,1.6067676309526253
-4.738907240353273,1.2864546541154671
-4.264960192166017,-2.7702622648298454
-6.5016445145231945,1.53122875728014
-6.830393217526124,1.5804974798143197
-6.702682875118898,1.726548171418934
-4.134707830868409,-1.148695969206066
6.248474694766356,-1.7237422104894828
6.351497270144774,-1.7161113258421135
6.083958007373168,-1.7373520966589164
5.989826537646605,-1.7738680180132103
6.606079198397948,-1.6118250127851677
-4.462865732632325,-2.1488351460516166
-3.1454619392973644,-0.2407982584058952
6.117829658068969,-1.7187321420728874
6.598335362948729,-1.6308083768903923
6.02971301225598,-1.760190212351055
6.066064693011596,-1.7324748273908805
6.547747231997802,-1.6213122840940666
8.509299851931884,-2.0128555830537986
6.944746591128661,-1.5909683342992973
-3.8064774498564464,1.58526608981493
-4.171202085934327,2.0912582639634896
-4.069593332729982,2.7749674085557747
-5.271039389095948,2.4327218297899056
-4.966720484219239,2.355272031205921
-4.629186533413575,1.460975146669178
-6.7946838364226085,1.6398732427537728
-6.630381964169191,1.5599519971788216
-6.720255278072999,1.620206571000843
-3.715038679562257,-1.6791434522688102
-6.510561369381593,1.5863041643083382
-6.534502409420655,1.5741100076616097
-6.846108816586183,1.9553425077379036
-6.706924818478273,1.704251981157093
-6.676964186154054,1.6846487287462044
-6.849398992977784,1.8169286016404915
-6.558648489437745,1.6367382768571663
-6.696671865902589,1.8197142843187142
-3.8754519447905285,2.6332423452318
-3.0678624138457042,0.9149706129014779
-6.052562139950441,1.7998697523057747
-3.320089720211671,0.8776285413682747
-3.3601397499663097,1.3866383794725228
-2.548943422756837,0.9205662969529915
-2.791919134579347,0.39879772700670246
6.1876207366364735,-1.7558491464674186
8.25212536004956,-1.0651837822019767
8.39472446588452,-1.6112892862379264
8.319327928103759,-1.7369334932386589
8.433631993808104,-1.0980379816114616
-3.0831974968535167,-0.9699890848219108
6.752866364993407,-1.6283212538778495
6.190362073458983,-1.7284971114217949
6.777823068179442,-1.6441000934660148
6.503512479342772,-1.6568774815618705
6.438125230349852,-1.6844635840475273
8.47465667871411,-1.9516929920732689
8.205053426303222,-1.249747418981762
8.37939129022534,-1.1845849987089347
-2.418908022366212,0.4312126401841927
-2.975072287045167,0.5295393232286263
-4.095629595242189,2.060724950212269
-2.9526914581877453,1.1308841470659066
-5.030498884640382,2.029597020524769
-2.768019579373048,1.221693730729847
-3.2374586090666515,0.3337054017961312
-4.732928656063722,2.2208568815172005
-3.431145094357179,1.3612754110276986
-3.5024527535063488,0.31446073092821125
-3.135836027584718,-1.4861064191877555
-3.2950920090300304,0.8512158159196663
-3.6056555733305675,-2.1115145917951774
-3.4131125435454113,2.1359264615953255
-3.6882857308012706,1.4383494619310189
-5.371544741116212,1.9547550443589974
-3.0818399414641124,1.8111707929551888
-3.0239528641325695,1.5036747220933724
-3.2232040390593273,1.9730016950547982
-3.773674868069337,1.2470578912675667
-3.2728589996916515,1.9508263830125618
-5.615011595211671,1.906238294023304
-3.293266676388429,1.6486735109269905
-3.666715525112794,0.8295204404771614
-3.191674135647462,1.895592427629261
-3.291611574612306,1.9326131109178353
-3.0158561691862804,0.9038650754869271
-4.357152842007325,1.436966872590809
-3.0765837654692394,1.6929635766923714
-2.7887329086882335,0.4881601098954964
-3.1531785950285656,1.8337595228135872
-3.059436224423097,1.9474513296068001
-3.1135076508146984,0.9001657728135872
-4.2924255356413585,-0.8690811630308342
-4.422531507931398,1.7439138654649544
-2.978647612057374,0.6919102434099007
-4.028480909786866,1.6196083787858773
-3.8262137398344738,1.173194146531849
-2.7901042923552257,0.19614312686326985
6.761370278872802,-1.6426409121572685
6.363882161654784,-1.739909076315136
-2.9001835808378917,-1.8967667158662986
6.369114972628905,-1.7135684724867057
6.438657380618407,-1.676503860574932
6.317940808810546,-1.7261162038862419
8.202088452853515,-1.2023025985777092
6.071964837588622,-1.7533732291280937
6.4578891768830555,-1.6829999919950676
-3.9265083298308117,2.76936409510973
-3.2858695015532238,1.9733044866502572
-2.986271761379884,0.7412965063035775
-2.988914869747804,1.1501898530900765
-3.5051192268950206,1.1349167589128304
-4.980905912838624,1.7340037588060189
-3.1112851128203136,0.021737790483264963
-4.293460272274659,2.2849747899949837
-4.295717619381593,0.8725595239579964
-4.11375942083423,2.0222694639146614
-3.083665750942872,1.646282410997181
6.489759542025878,-1.671578073126049
6.667171098269774,-1.619067394357891
6.006316281833007,-1.7718949850618553
6.637861348666503,-1.5902468200742912
-2.371333502255128,0.8826634649217415
6.398949719943358,-1.693712854009838
6.3738952651398915,-1.70874025784132
6.576464749850585,-1.6240039106428337
6.356065846957518,-1.712630593401165
6.508690930880858,-1.6503362890302848
6.6783362403291004,-1.6144808169424247
6.572366334475829,-1.6449305053770256
-4.38261117788379,-1.7093030448972892
6.03432259706433,-1.7632147904455375
6.026825048007323,-1.7255017396032524
-3.0333570465666515,-1.5010767217695427
-2.9175008759123546,1.5269677404344368
-3.5541933998686535,0.7032770875871468
-6.663668058834718,1.491926885026722
6.635200120486571,-1.6155055399954033
8.279664136447265,-1.2066419359266471
6.3838768973725575,-1.720439099889965
6.173065759219481,-1.7321809764921379
8.20638857034619,-1.1270283695280265
6.5751586928742665,-1.6357397075712394
8.292850591220214,-1.6803386446058464
6.017227746524169,-1.7645805712759208
6.027442552127196,-1.6899767752706718
7.166842080630614,-1.5085661049902153
6.052580930270507,-1.7282046910345268
6.9800988212006825,-1.5686320301115226
6.53330621866162,-1.6624869342863273
8.418425179995848,-1.8274682100832176
8.244355775393798,-1.8069055911123466
8.424675561465575,-1.9660060640394401
8.401362039126708,-1.9472140904485893
6.783649064578368,-1.6684988971769523
-3.179429911099122,0.6028058294236947
-4.38246526571338,1.329237914460926
-6.716372869930909,1.4517497781694222
-6.647956274471925,1.6251303914964486
-2.8694614395720226,0.83866283931139
-5.618698023281739,1.910531735795765
-6.731378935299562,1.66573164500597
-3.1858457550627453,0.7693774465501595
-6.686755560360597,1.6462375883043099
-6.7316860184294445,1.6625232461870003
-6.59342136236255,1.4588849309861947
-3.2647670731169445,1.2892861131608773
-5.039872549496339,1.3669180635392952
-4.650796316586183,1.6321983102739144
-4.124255083523439,2.308945870775013
-3.2382024750334484,0.7795376542985726
-2.9456852898222667,0.5282919172227669
-4.223855398617433,1.1357908014238167
-4.557801149807618,1.0241508249223519
-3.7577194199187023,1.6172716382921029
-3.682746313534425,0.9771973852098275
-4.691677950344728,1.8497578863084603
6.241274453677489,-1.7065243359625053
-4.4621008858305675,0.8309850458085823
-4.853417299709962,2.0590388540208626
-3.7127698883635265,0.7002718213975716
-4.082818411312745,1.8091814283311654
-3.571824930630372,0.7824294332444954
-3.0504487976652843,1.0344586137712288
-3.0816306099516613,1.4522206548631478
-3.7653817162138683,1.4233619932115364
-2.8659967407805187,0.5022117856920052
-3.606344603024171,0.42894694842699055
-2.739662073574708,0.358029818910389
6.576817609347655,-1.6887506481229972
-3.2031015381438,0.3680152658403206
-2.61926307531421,0.46054742373826985
-3.155492208920167,0.8452431920945931
6.830478765048339,-1.6680811282217216
6.150260545291259,-1.720382594686718
-4.048567675076173,-1.4432502623617363
8.258936978854491,-1.3950419064581108
8.443434812106444,-1.3314581748068046
6.871974565066649,-1.6543412443220329
6.29841098932202,-1.7439131375372123
6.544546700991942,-1.6684619422971916
6.250427342929198,-1.7224160071432304
6.58630333093579,-1.6233653064787101
6.031073190249755,-1.7598582144796562
8.359661675967528,-1.7610671158849907
8.367698766269042,-1.8157466586649131
8.327337361850097,-1.6602768536627006
6.436161614932372,-1.6826041575491142
6.015466071643187,-1.7762344118177604
-4.355983160458253,1.3265199426591683
-3.1931776032072765,0.4036221269548226
5.995687581576659,-1.7889133330404472
-3.459230802975343,1.0878491167009163
-3.96455755086963,-1.2316843505918693
-3.3877500519377453,1.5724949602067757
-3.3945049271208507,0.5583350423753548
-4.243223093472169,2.526301122087269
-3.6502880081755382,1.3607756856859017
-4.081859014950441,1.1035022500932503
-4.692825220547364,-2.2871880635589075
-4.208877943478273,-1.4486843582212638
-2.5964411720854503,0.6222800973832894
-2.8620003685576183,0.3503100637376595
-4.290731333218263,1.777794576066761
-4.053060911617921,1.4442107442796517
-3.326277636013673,1.2203383211076546
-3.4216279015166027,-1.7773264285146904
-3.1580747589689953,1.0352747205674935
-4.26090183111255,1.4876363042772103
-4.126896761379884,0.8685850862443734
-4.30278243871753,1.6281118158281136
-3.294746302090333,0.8126189474046517
-3.3062991127592785,1.2471155885637093
-3.0674814209563,1.512190318483143
6.430854894198729,-1.703014635664196
6.389153577365233,-1.7124510642111015
8.299368478335692,-1.407685958963604
6.006281234301879,-1.7738218542158317
6.010196067370726,-1.7685163851797294
6.634368516482665,-1.60623302422163
6.037162400760009,-1.7593730326711845
6.698999978579833,-1.5642717119276237
6.3270531669038075,-1.6977744933187675
7.330563165225341,-1.3178927537023735
6.097030259646727,-1.737459146600933
-3.292769335232423,-1.40415760241148
-4.510788343868898,0.8413688901841927
6.409929372348143,-1.703661048036785
6.554929830111815,-1.6326684590398979
6.360819913424804,-1.6800767417967033
6.612135030307128,-1.5942976113378715
7.384353734530761,-1.3137834902822685
6.086367703952147,-1.7802811797678184
6.062983371295287,-1.7168482776701164
6.013449527301146,-1.7704736825048637
6.911983109988524,-1.5934700008451652
8.434860326327636,-1.925990664583416
-3.6179474815947277,-0.25021817646619793
-2.9443043694121105,1.5944549802720833
-6.65819015356128,1.8555261854112435
-3.8363841995817882,-2.6001223858415794
-3.639969728909181,-1.1765859361707878
-4.018339537106202,-2.289765997973056
-6.079608343563722,1.7835666898668099
-6.52277984472339,1.6556570295274544
-5.907927893124269,1.501769757646351
-6.584415815792726,1.5987517599046517
-6.520927809200929,1.6158332590043831
-4.058394335232423,0.11560246981981281
-3.8884552940947277,-1.8704428907453727
-2.947207354031251,0.9874732259691048
-3.0489982590300304,1.3228461507737923
6.751222707309081,-1.6106010910093498
6.402580358065917,-1.711190962415905
5.9927307143586415,-1.7834683295309257
6.452768422641112,-1.710378908735485
6.067300416507079,-1.7360048528730583
6.790437795199706,-1.676668428999157
6.35436449197705,-1.7320226665556144
6.302048780001952,-1.7332596417486381
-2.6763504967314464,0.3951525453508187
6.642711736239745,-1.7080786462843132
8.300525285281493,-1.8408124085485649
6.673032857455565,-1.6292187210142326
6.448535539187743,-1.6795876856863212
7.663766957797362,-1.595679247003765
-2.931419752560304,-2.212144182246895
8.504438497104003,-1.0282634731352043
6.721103765048339,-1.611442529779644
6.569024182833983,-1.6298481460630607
8.510554887332274,-1.749098026376934
6.423178292788817,-1.6778815623342704
8.125847436465575,-1.3860666390478324
6.011558391131713,-1.7607142563879203
6.100138284243895,-1.7193466659605217
-2.446434877834962,0.40221378840806965
-2.812115095577882,-1.9652960237085533
8.328147031344725,-1.8562743898451042
8.276028729953124,-1.7966346379339408
8.307259656466796,-1.7722399767458152
8.426881410159423,-1.9496791597425651
8.169913865603759,-1.7161160942136955
8.378411389865233,-1.9278617437898826
8.314003564395263,-1.3703672524511528
7.368561364688231,-1.479702913385601
-3.0447868332487804,0.7971658472001839
-3.7713870033842785,0.33351538218858723
-3.9790266975981456,0.916424012559681
-2.8778485283476574,0.982447600740223
-6.7846292481047374,1.5801324609697152
-6.677831076107667,1.8873059514940072
-6.684955023251222,1.6147129301011849
-3.1878775581938488,0.4259757760942269
-3.9037388786894542,2.2117717031419564
-3.332094572506593,0.09324977435472492
-4.601325415096925,1.1545722249925423
-3.193633936367677,1.7544958356797982
-3.973635576687501,1.1285466913163948
-3.9490674957854015,1.374878144639759
-3.26326360555713,1.9753186468065072
-2.6977743134123546,0.6576885942399788
-3.7255095467192394,1.07771894969347
-3.9510458931547863,1.8512966398179818
-4.376364134274171,1.1666323903978157
-2.64282264562671,0.8610739473283577
-3.81110992284839,0.3621537450731087
-4.541730783901857,1.7506859067857552
-3.204656027279542,1.7450454000413704
-3.0418285355192882,0.8634171251237679
-4.1056250557524425,1.4486195806443978
-4.00755824895923,1.0234653715074349
-2.7538608536345226,0.8579146627366829
-2.6724518761259777,1.023123002427845
6.0418475642579335,-1.767930292707653
6.123463727511718,-1.7219671841680717
-2.8745106682402355,0.5588559869706917
6.31681451944287,-1.7466677065908622
6.450690843142821,-1.6888911958753776
6.46185264734204,-1.6899984117567253
6.135934688128783,-1.7868564661562156
6.1118503585236805,-1.7440088625967216
6.231367684878661,-1.7113990422308158
-4.003889940701173,0.8989248041093636
-3.9823593124968273,1.5162300828874398
-4.232547186337159,1.3764216665208626
-2.846997164211915,0.5477080110490609
-4.488656900845216,1.7667948965013314
-3.7670682892424328,1.793700909990101
-3.878202341519044,0.8741216424882698
-3.9270528778654796,1.4059383634507943
-3.640674017391847,1.4224250081956673
-2.951430700741456,1.1287057165086556
-3.6770433411223156,2.2997548345506478
-4.021027468166993,0.7583179239213753
-4.421077631436036,0.6220407251298714
6.156057931460692,-1.7506333228170585
6.007323123492553,-1.787948512655468
6.24708328393872,-1.7014090057432365
6.513248540438964,-1.6560954686224174
6.556237317599608,-1.633539640527935
6.477224923648192,-1.6912772294103813
6.639418698825194,-1.6250936623632621
6.5383239760773915,-1.6350679632246208
6.576725102938964,-1.6333211895048332
6.521171666659667,-1.6553548809110832
6.481996633090331,-1.6380102869093132
6.4733496680634754,-1.67904933653471
-4.059475801907228,-2.231781703603239
-3.8140529617888195,-1.5482191678106498
-3.8884271607023937,-1.728141986948223
-3.4617537483793956,-2.1437496330558967
6.600973226107909,-1.6329317327558708
-3.418687246761964,-2.1748428728401374
-3.244720362148927,1.2145850423753548
-3.763871572933839,1.2078487638414193
-3.105973623715089,0.8733322385728646
-6.664595030270265,1.9044854406297493
-6.4501098618132335,1.5151803258836556
6.0296805873292225,-1.7552815314352226
6.836441613711669,-1.6891145940839958
8.638826943911864,-1.2514788147031974
6.250614739932372,-1.6441373463689994
6.7819272056000965,-1.627139711004467
6.807507611789061,-1.6292551394521904
6.545742608584716,-1.6726813551008415
6.581172563113524,-1.566962504011364
-3.78336276861255,1.0313288930833626
-3.7508887276274425,1.3344924215257454
7.092344380893065,-1.5900246735632133
-3.018142126522706,-1.010021471601696
6.5109921470063465,-1.625881337743969
6.523000813998534,-1.655950390917034
8.07146368173535,-1.332150423151226
-2.641472242794679,0.6534237626970101
8.185893155612304,-1.152109169584484
6.777449227847411,-1.5800867911398124
8.255458928622557,-1.2464491363584709
8.331902600802733,-1.4061627622663688
7.556794740237548,-1.48800792656538
7.987513162173583,-1.3311478134214592
7.524410821475341,-1.4986382957517814
-3.4783052429777843,-1.3690954681455803
8.289154149569823,-1.024942421537609
8.345018960513427,-1.665008568388195
6.522516824282958,-1.6596523757993888
8.266679383792235,-1.7540486093580436
-2.623695276699708,0.3550231222093392
8.315205670871093,-1.807821148258419
8.40680418161328,-1.8834701713144493
8.21050987390454,-1.2633216615736198
-2.9473260864836437,0.8211731676042366
8.186941243686034,-1.507926368337841
-6.908359907589601,1.9234449628770638
7.685861207522704,-1.49406238756773
8.329315759219481,-1.639190160852642
-4.612055204830812,-1.6032635804235649
8.333334542788817,-1.5592591997205925
-3.0933851227385265,1.005293822664051
-3.178849600277589,1.013458466905384
-3.074669741116212,1.2406701806962777
-3.8843273148161632,2.0394770864427376
-3.4817732796293956,1.0561604265153695
-2.9788335785490734,0.9627322915971566
-6.767255209408448,1.8475234273851204
-6.493760488949464,1.5161471132219124
-6.56984844060962,1.5073115590989876
-3.7513975128752453,0.4597911600053597
-3.4246210083586437,0.7338261369645882
-6.648679159603761,1.5917103055894661
-6.637588880978273,1.4694173101365853
-2.581287287197755,0.43153855838182453
-5.071369551144288,1.4744782213151741
-4.028101347408937,0.6405915979326058
-2.9680985436064464,0.5658387903154183
-2.6471899971586925,0.5329773191392708
-3.7871006950957042,1.5974311593950081
-5.0234083160979015,1.4981550935685921
-4.359701059780763,1.2689785722673226
-4.326861761532472,0.17073414363267903
-2.8289569840056163,1.1384055379808236
-3.2422193512541515,0.5948617223680306
-4.001722238979982,1.2284047368943978
-4.89849366994922,2.375474191087513
-3.612844847164796,2.172020650285511
-3.1018876061064464,0.4909670118272591
-3.237905405483888,1.646683907884388
-4.094924829922364,2.194488263505726
-2.791579626522706,0.6553823713243294
-2.5994490608793956,0.8714289430558968
-4.405303858242677,1.2700755361497689
-5.160763643704103,1.5438532594621468
-4.090920828304933,1.1216444734514046
-3.249349974117921,0.5423481229722786
-3.634740255795167,0.9964709047258187
-3.4865030274016124,1.4072913888871956
8.29153022912915,-1.71174558363554
6.5842014327424305,-1.648374878984661
6.077082492389037,-1.7369792100012016
6.463011838473632,-1.6871060367643547
6.579807378329589,-1.626928472143383
6.346743203677489,-1.7600503202497673
6.515848733462645,-1.6716985937177848
6.362888909854247,-1.6988694306432914
6.605282403506591,-1.6252675887167167
6.56861648706372,-1.6419273253500175
6.006847001590087,-1.7780694004118156
6.094597913302733,-1.7275275822698783
6.577982999362304,-1.651207708936901
6.7390662207978504,-1.5896116133749199
6.621647454776122,-1.6388250824033928
6.649743176974608,-1.6266019578993034
-3.5952257141691906,0.8212747339189339
-3.038494490109132,1.276315665620594
-2.9264449104887706,0.2547781232774544
6.215968705691649,-1.6836650010168266
-3.560408972225831,1.9412929777086068
6.012582160510375,-1.7666474219381523
-3.2233213410002453,1.8527371648729134
-3.986619375668214,0.7173125509202767
-4.811602495632814,2.3763620618760872
-4.488327883206056,0.9106471303880501
-4.449074171505616,1.5068273309648323
-3.0624522194487316,0.7003259424150277
-3.279658697567628,-1.2548318143903923
-4.41850509496753,2.446965432542591
-3.1754306778532726,1.058157182115345
-3.12487830968921,1.4106182817399788
-4.615111731014894,1.7740847829759407
-2.5820139870268566,0.32602713145616535
-3.619985483608888,1.296792960542469
-3.2037104591948253,0.2568216089189339
6.115331508197142,-1.7388532992422294
6.184547521151854,-1.709053122621746
-3.565680883846925,-1.8225679334222984
6.705938912906005,-1.5566842790662956
6.245995618380858,-1.717362129312725
6.026584006823851,-1.7677647706091117
7.180901624240233,-1.455301308256359
6.335120774783446,-1.7458534475385856
6.463554955996825,-1.6615769501745414
6.352150537051513,-1.7322154875814628
6.416638471164061,-1.7068436976492118
-3.5260418877226574,0.9041375879228402
-3.9035614952666027,-0.9766437049925041
-3.2383812889677746,-1.6325235005438041
-3.1361540779692394,-0.24182679615613933
8.387950517215087,-1.069539212805004
8.294628240145995,-1.8914011951505851
8.234941579379393,-1.655414664369793
7.202496625460936,-1.494189762693615
8.342772103823973,-1.3638471003591728
6.607155419864013,-1.6483658786833
-4.876310251675294,1.7725159887254525
-2.8227290138823253,1.126586652177601
-3.199277780972169,1.0462050203264046
-3.477548979244874,1.1725969079911995
-4.418262384854005,2.071500039476185
-2.75374212118213,0.5473513368547249
-6.411655806027101,1.8342087034166146
-5.075246714077638,2.186302876848011
-6.51287879797046,1.4214386705339241
-3.789905451260255,0.755507207292347
-5.066569708309816,1.3122305635392952
-6.375975035153077,1.8164632085740853
-6.705823324642823,1.6496748689592171
-5.983046911678956,1.418344235795765
-6.18099346014087,1.4396650556505013
-3.4578465447050792,0.5135452512681771
-6.363365553341554,1.5244965318620491
-6.15798320623462,1.9052221540391732
-6.82170619817798,1.7755777601182747
-6.740483663998292,1.6539978746354866
-6.3468030914885265,1.8643772367418099
-4.6705874428374035,1.529609179872303
-6.387988470516847,1.506789183992176
-3.484766863308595,1.791412568467884
-3.2314723953825695,0.3428652051866341
-4.033952616177247,1.2411577466905404
-6.760965727291749,1.6612131360948372
-3.2256063446623546,1.047203517335682
-4.178321741543458,1.88844893016222
6.439845658816649,-1.7076925273954582
6.401570893802001,-1.7044267293035698
6.707796670474364,-1.6112878557264518
6.681161500491454,-1.613535487276287
6.332360364474608,-1.6878810163557243
8.540872193850829,-1.5259199973165702
6.2354393973725575,-1.7121933933317375
6.641732789553954,-1.63643481693861
-3.5630368218046886,0.04827353991868977
8.379182435550048,-1.4333420630514335
6.723270989932372,-1.647935175520153
6.637197114505126,-1.609423601251812
6.459765531100585,-1.691461467367382
6.120993472613646,-1.74151613674757
6.434255696811034,-1.7168984647810173
-2.482272051296876,0.5068833593309212
-4.158221624813722,0.9305975202501107
-4.363858126125978,1.7202403310716439
-3.9057983383757335,0.7475719217241097
-4.4824136719328624,0.9539062742173958
-3.713165186367677,0.5322603944719124
-4.8377017006499035,-2.039103948694439
-3.9051813110930187,2.176525807756214
-3.6459597572905285,2.0848562482774544
-4.355905912838624,1.3349799875200081
-3.4778927788359386,1.7574126485765267
-3.7920173630339367,0.9840776685655404
-4.591051958523439,2.403681493181019
-3.8709496483427746,1.4663383726060677
-3.0946392044646007,1.7967188123643685
-2.8839763626677257,1.017301297563343
-3.6233200058562023,2.1664273504197884
-3.190216444454835,1.5765328172624398
-6.366498373470948,1.4382953409135628
-4.497024916134523,2.689321256059437
-4.116514109097169,0.6416826013505745
-4.5612195953947765,1.8250348333299447
-3.0299948677641613,0.8835148576677132
-3.7576164230925304,0.7663633588731575
-3.079240702114747,0.670391297715931
6.930065728701903,-1.5518097516119194
6.451850034274413,-1.6770013209402275
6.344765759982421,-1.7231683965742302
6.349135972537352,-1.713162386041851
6.019104815997435,-1.7539501424848747
6.277196027316405,-1.7150265213072013
6.059380628146483,-1.7438542481481742
6.509022809542968,-1.657603704553814
6.1604295745270985,-1.7270110484182548
6.094914771594359,-1.736699127775402
6.2298618331330555,-1.7244828578054618
6.5534606948273915,-1.6152427431165886
-3.1362394318205578,-0.8274388547956657
6.3884311690705555,-1.6970566745817375
6.580790139712645,-1.6256174679815483
6.1214092746155995,-1.742323124033184
6.5553012862580555,-1.6338545914709282
6.557889558352782,-1.6414466734945488
6.084653951205565,-1.7418807979643058
-4.144174002133058,-1.9000026520311546
-4.077787779293702,-2.1202064391195488
-3.7537554726225597,-2.1765513729273986
-4.225036524258302,-2.657174998146267
-3.1835369095427257,-2.09640274308321
-3.205580614529298,-2.197535590451927
-4.719699285946534,-2.248765378442378
-4.313971899471925,-2.606620305401058
-3.534126184902833,-2.3622221734344673
-4.1136087402922374,-1.8978600438654136
-3.2866925224882824,-1.614920460802288
-4.364286802731202,-2.4972389426052284
-3.8251165375334484,-1.5010348793089103
-3.3120335564238292,-1.0307303901731681
-4.6026061997038585,-2.1846875932037544
-3.4566153511625988,-1.7101726766645622
-3.77874269338672,-2.6659447189390373
-3.8851126656157238,-1.3158096905767631
-3.7814301476103527,-2.8479854699194145
-4.464320085964845,-2.171926335614891
-4.2084363922697765,-2.815494441610546
-4.1800927147490246,-2.386269108575554
-3.8803819641691906,-1.3333194490492057
-3.6534813866240246,-2.7826591964781
-3.806990049801515,-0.8488434787809562
10.687260247744872,-1.451399826627941
-3.9290412888151867,-2.0581553515016746
-3.4248627647978527,-1.392357909303875
-4.901870630703614,-1.7336421247541618
-3.9129036888701183,-1.810289376598568
-3.9776386246306163,-1.290591323000164
9.95347223428662,-0.026816629987926444
-3.85809364172046,-1.4602371688902092
-4.371006391964601,-1.8708618219911766
-4.363614939175294,-2.7439002331316185
-2.9191574081999523,-2.0127219792425346
-3.608046911678956,-2.7066140707552147
-4.486534498654054,-2.479041674357624
-3.838134668789552,-2.918387734514446
-4.474322222195314,-2.60170256457922
-3.7700847611052257,-2.5020293083011818
11.436644174136473,-0.17563965283033367
11.320809937991454,-0.19207527599927898
10.968849755801513,-0.3512001272260856
11.355514146365477,-0.18467452488538738
5.990846492328002,-1.7835710879385185
10.33833084253247,0.007338977235584299
11.426589585818602,-0.20985915623304363
6.407890416659667,-1.7040239211141777
8.86350927499707,-0.9507546659528923
9.044331170596434,-0.9781387086927604
10.5551410689729,-1.076350473982067
9.108232595004393,-0.9912150140821647
10.427033044375731,-1.0947790380537223
9.83017835763867,-1.4298195477544975
9.242832280673339,-1.0320608850538444
10.31199798730786,-1.2015565868437004
9.146321393527343,-2.012273245674343
9.64238414911206,-0.9829116102277946
10.068533040561034,-1.6167771454870414
9.815867520846679,-1.6836074825346183
10.561442948855712,-1.3697221513807487
9.709595777072265,-0.7696662183820915
9.598200894870116,-1.2580150600492668
10.041808225192382,-1.7642960783064079
9.801670171298339,-1.6995428439199638
10.465628243960692,-1.3512888785421562
10.458178140200927,-1.0132441755354118
10.635717011966063,-1.136877202612133
11.345084764041259,-0.36075785122510906
10.112994767703368,-1.209154748541088
9.446911431826903,-1.926818722110958
10.037793256320311,-1.1887575622617912
9.720759488620116,-1.296410882097454
10.456488229312255,-0.7896981473982048
10.158795930423095,-0.6074220176756095
10.314961053408934,-0.6820410724699211
9.732749082125975,-0.8755996461927604
9.916448213137938,-0.9897377725660514
9.251453019656493,-0.44358553848859783
9.828802682437255,0.09954330958726887
9.239533044375731,-0.832067632299633
6.021477796115233,-1.7802862759649467
6.017109967746093,-1.7645076151907158
10.738669015445067,-1.1028250690519523
9.088462449588134,-1.3980557557165336
8.443796254672362,-1.2867061134397697
9.018657304324462,-1.5178606744825553
9.683540917910888,-0.2916823860227775
-4.018557928524659,-2.2599950034141254
-4.1267384514433605,-2.3545563753664207
-3.5277255997282726,-2.3518930088698577
-4.4211367592436535,-2.4625350769579124
-3.5001443848234874,-2.2467095620900106
-4.7014221176726085,-2.3352734457671356
-4.401351355038331,-1.8896456595480156
-4.20666541906421,-1.9414217408716392
-3.5155486092192394,-1.756970488649578
-3.401027105770753,-2.203708150607319
-3.586369894467042,-1.8483503993570518
-3.185577295742677,-1.963135861974926
-4.280735872708009,-2.8723045226156425
9.018454171695067,-0.3554767604887199
-4.392031572781251,-0.8048490520536613
-3.1449007019621593,-1.5922035809576225
-3.5066842064482433,-1.783287787061901
-3.4575156197172863,-2.3182523597001743
-4.31985654684131,-2.1297517355501365
-4.248817823849366,-1.7858606215536308
-3.961893461666749,-2.3979440715133857
-3.050661943875001,-0.2836287256300163
-3.629955671749757,-2.2565512193336796
-3.9154156670195324,-1.914848291498394
-4.624030493221925,-2.188691743832798
-4.208590887509034,-2.158528746288986
-3.540667913876222,-2.288837841895194
-3.0922349915129406,-1.8827488657056999
-4.200088404141114,-2.3486361142217826
-4.061034582577394,-2.631153279167385
-4.106002233944581,-2.140498184782238
-4.464650057278321,-2.1543304707824897
-4.640833281002687,-1.5295299526273918
-3.34495248647754,-1.9134503837644767
-3.3575457558256847,-2.072851860147686
-4.101806543789552,-0.608529829603405
-3.9702819809538585,2.4245946172654915
-3.4286908135039074,-2.021601611000271
-3.6933158859831554,-2.327869747948618
9.500003434695556,-0.3447106119215202
10.153481103457763,-0.210465693098278
-3.756828688107179,-2.575448387485714
9.32583961633618,-0.5058508153974723
10.202155686892821,-0.8886059757291984
10.802682496585204,-0.13530662022230144
10.33478794244702,0.03112599887254719
9.56089410928662,-1.7753900822221946
9.473995305575682,-1.2780325051366996
10.013548471011473,-0.6438234087049675
10.143826104678466,-1.2529758449613762
9.843137837924315,-1.8469766017019462
10.557641603030516,-1.1180827852308464
10.571249581851317,-1.0816014047681999
9.520576097049071,-1.677817964178295
8.38811931756909,-1.8652471836626243
10.657391168155028,-1.2577753301679802
10.698674775637938,-0.9559496875822258
9.504075147189452,-0.2215874429762077
10.525535203494384,-1.2461899753629875
9.28317365793164,-1.4590211745321464
8.986486054934813,-1.866068207842083
9.544195748843505,-1.8147191341936302
10.47913894800122,-1.133120083433361
9.248952008761718,-1.8538498219072532
10.157177545108153,-0.9787475105344963
9.481866456546141,-1.9578274723112297
8.540609933413817,-1.1107616659223747
10.028518296756102,-1.2718589540540886
10.070872403659179,-1.520507597547741
10.31125221399243,-1.0007822748243522
10.649463273562743,-1.20789375267622
10.460441209353759,-0.8634457822859001
9.888122655429198,-1.8927945729314994
10.752110101260497,-1.0257573362409782
11.111163713015868,-0.49019744358655926
6.012161828555419,-1.7763283785402488
-3.5690502152067882,-0.19139912090894695
-3.459732912502931,-1.5848474737226677
-3.896263979397462,-2.5963085528433036
-4.0246666893583996,-1.2299036022245597
-3.474499128781007,-2.2215086307346534
-4.0946058258635265,-1.2974300619184684
10.251768685855223,-0.11569883785840984
-3.853161238156007,-2.2301043804704856
-3.300527952633546,-1.927640610557766
-3.323212049923585,0.595834470170765
-3.615485571346925,-2.647754543644161
-3.562149904690431,-2.2595290562107873
-3.6803363785368663,-1.8222430583059501
-3.5851925835234386,-1.8905794855177116
-4.374577425442384,-2.3064540039717865
-3.454188250027345,-1.83790724835989
-4.625918291531251,0.7046715978563118
-3.35575570913379,-2.1521514516293716
-3.437323950253175,-1.0515700813352775
-3.5899666771513683,-1.5028850074827385
-3.0874995216948253,-1.731020772081585
-3.6471356377226574,-2.2071188140630436
-3.9265054688078624,-2.4916921194612693
-4.317323587856935,-1.9949051078378868
-4.5803612694365246,-2.124137752872677
-3.8749236092192394,-2.4706227716028404
-4.630751512966798,-2.2197946283936214
-4.7736429199797374,-1.297775709253521
-4.402389429531739,-2.427146964889736
-4.537477873287843,-2.1737431075393867
10.020314790286376,-0.5342326398908805
9.605061151065184,0.18273041285875324
-4.219974897823976,-0.45217182598707195
-4.302256010494874,-2.4531571205675315
5.980133630313231,-1.7536880012571525
-3.0785917267424328,-1.8625440534174156
-4.357040308437989,-2.204029792171688
-3.1701530441862804,-2.073961102586956
-3.4766572937590343,-2.488919236880512
-4.115479372463868,-2.6790198024332237
-4.306101225338624,-2.3481580551683616
-3.5511740669829113,-2.539447658878536
-4.190287493191407,-1.3377162452757072
-3.8282646164519054,-2.4403902228891563
-4.144277475796388,-2.3773145761310768
-4.297300241909669,-1.8139082428037834
-3.906608961544679,-1.7076761957227897
-4.419275663815187,-2.601627313715191
-3.568209551296876,-1.4731671448766899
5.994070149936034,-1.7798330124437522
-4.277424715481446,-2.3653605665981483
9.593988992251708,-1.28299882374403
10.384978868045165,-1.066529655081005
8.73312196878369,-1.813777917247982
10.006826497592284,-1.5411820646345329
9.47611627725537,-0.36459531746503826
9.419498063601806,-0.9552167888700676
9.807520009555175,-1.6309566732465934
9.364649392642333,-1.2778481479704094
8.997845269717528,-1.0262806650221061
-3.2165607437712413,-2.132358976823063
8.8073063865083,-1.4862081643163871
9.915899373568847,-1.6356607910215568
10.286436654605223,-0.8943889375745964
9.64601431039746,-0.4724678035795402
9.069297410525634,-0.9739097591459465
10.556953050174071,-1.3054290052473259
10.11836538461621,-0.7787659402906608
10.18937835840161,-0.894595765691967
9.282579995669677,-0.9265816446363639
10.533219911135985,-1.1980457540571403
10.314812280215575,-1.4574084516584587
10.148953057803466,-0.6618763443052482
10.173465348758056,-1.3598864313184928
9.594657994784667,-1.1549145217954826
10.904576875247313,-0.4688526626646232
10.961807824649169,-0.3188222881376457
9.727233983554198,-0.7213443752348137
9.775628663577391,-1.865980887037487
9.481074906863524,-0.8655299182951164
9.087336160220458,-0.9350195165693473
9.25103435663159,-1.3773528572141838
9.046295739688231,-1.0953033205091667
10.068872548617675,-1.8244030710279655
10.348312951602294,-0.6429673667967033
9.360049821414306,-0.9709463354170036
10.445409394778563,-0.8140466447889518
8.479164220370604,-1.2884382244169426
10.434412576236083,-1.395317816358776
10.531095124759032,-1.4304261442243766
10.240267373599364,-1.4364012118398857
10.492416955508544,-1.2028521534025383
10.154244996585204,-1.3423705335676384
9.747624970950438,-0.47494664154645916
9.964547254123046,-1.8663681980192375
9.504186250247313,-1.377182149511547
9.810013867892577,-0.32224931679365154
-3.9653800949675304,-2.505419784408779
-3.394273184261964,0.1389930013597298
10.114599324740722,0.13806984462144856
-4.44469728323047,-2.2228070061623764
9.554317094363524,0.06179282702806477
-3.505993746243165,-1.0309957500517082
-3.9791554436308605,-2.2096453320204925
-3.575089834652589,-1.822412246090145
-3.61352052541797,-1.8129113253175926
-3.591930769406007,-0.5832095380842399
-4.689588449917482,-2.1785650189935875
-4.362110994778321,-2.7661077316820335
-4.026982210598634,-2.2984558019756984
-3.723457239590333,-2.6024548646032524
-3.9404543861967785,-1.245890521627636
-4.083257101498292,-2.2553736560016584
-3.729578875027345,-1.3445748921453666
-3.730891607723878,-1.567637049776287
-4.407590292416261,-2.571061157804699
-3.2991909012419445,-2.350049735230179
-3.863309763394044,-2.683125549179287
-3.9739560112578136,-2.020459943634243
-3.6028341278654796,-1.7636497255384636
-3.882739447079347,-2.5340349312841606
-4.653912924252198,-2.0717567887127113
-4.491466902218507,-1.993168317896099
-3.9568094238859874,-2.5962043043195915
-3.778388880215333,-1.300236725431652
-3.398452185116456,-2.2463929031014156
-4.649154089413331,0.47516295947435383
-3.4043282494169933,-1.4625620480596733
-4.0758890137297374,-2.3345649253546905
-4.334280870876954,-2.3387511607229423
-3.5285023674589855,-1.9988898273527336
-4.064001940212892,-2.5716285642206382
-4.232710741482423,-1.9928702350675773
-3.4247077927214367,-2.3525740813433837
-3.7994727120024425,-1.6950608130514335
-3.722635649166749,2.117417550462513
-3.3756350502592785,-1.624569320303173
-4.1330346092802746,-2.5243384178697776
-3.853538893185304,-1.7215448256551933
9.663858510531737,0.05254075564744953
-3.5009821877104503,-2.104205318909855
11.359022714175536,-0.17654993496534344
6.021986581363036,-1.768846058469982
-3.5124901756865246,-2.318804827702017
-4.239026449642823,-2.588605784994335
-3.7695673927885753,-1.2769239183485221
-4.26378908010547,-2.449136057120533
-4.088491819821046,-2.184765325111122
10.552525140322997,-0.2029586072981071
9.800374127902343,0.021379208940296213
6.137539722003295,-1.7139872547208976
11.357130624331786,-0.1566024061262321
11.320933915652587,-0.23707082234022137
9.204338647403075,-0.9300028320371818
10.007342912234618,-1.5049740906774711
-3.442706488094972,-1.8284912642061424
9.650661565341307,-1.953416281563015
10.540624238528563,-1.434988581758709
8.468482591189696,-1.9282902117788505
10.194493867434813,-0.569069528204174
9.991560555972411,-0.9543349977552604
9.787843324221923,-1.67136552296278
10.649194337405516,-0.9105429884016227
9.996487714328124,-1.5970837708532524
10.552740670718505,-0.31406476460096355
8.42402134088452,-1.9061216350614738
-3.819338224850343,-2.3834985431253624
-4.432925604305909,-2.650046252828808
9.48866281656201,-0.07960059605237957
-4.445668123684571,-2.819105350595684
-3.866135977230714,-2.5570152636587333
-4.064877890072511,-1.444728457552166
-4.4123925194365246,-2.379775592309208
-3.215690992794679,-1.8042358692705345
-3.550837896786378,-1.8005967672884178
-3.457268141232179,-1.893958443027706
-3.298689745388673,-1.4424808260023307
-3.508650206051515,-2.517018907886715
-3.576151274166749,-2.44538179896471
-3.9547509178740246,0.0812985662401009
-4.439341925106691,-1.9282343026220512
-3.790330313168214,0.06937215365770344
-4.513716600857423,-2.4948197688877296
-3.331160448513673,-2.083219477158756
-4.178851507626222,-2.7798362012922477
-4.218994043789552,-2.308483247828455
-3.1972979530913097,-1.4977897044241142
-3.440628908596681,-1.245345973592968
-3.11162843557422,-1.8735934134542656
-3.813028238735841,-2.391385131698818
-3.9439190849882824,-2.532056474310131
-3.867469690762208,-2.2198602829098415
-2.904043577633546,-0.8028291698515129
-3.9073289856535656,-2.339387432855339
-5.462994955502198,1.5415010217607308
-3.3053316101652843,-2.071790063005657
-3.7658981308562023,-1.8317336972772789
-4.1475256905180675,-2.0998358961164665
-4.151956938229249,-1.779670023542614
10.16226825860913,0.12121293582323078
-3.261118315182374,-0.3660809036314201
-3.0646466240507824,-1.975808584314556
6.030704595126464,-1.7708386715471458
-4.560089014492677,-2.5367855962335777
-3.4169987663847667,-2.315134731304617
-3.9624103531462413,-2.849069141966076
-3.26126804205005,-0.7211197849333
-4.401698492489503,-2.682135218006344
-3.6474203095061046,-2.0479606922685814
-4.27327861639087,-2.885170065981121
-4.21195163580005,-2.734890424829693
-2.9650582298857433,-2.0174780126630973
9.393631555117919,-0.1797013517439079
-3.2903460487944347,-2.0769162561714363
9.17698011545117,-0.5209381815015983
9.043424226321532,-0.664451026540966
9.062967874087645,-1.1333145137846183
10.491398431338622,-1.1090673442899894
9.748024560489013,-1.1106362577497673
10.0720129981416,-1.5168566938459587
-6.167891882382081,1.4334330324113655
9.733839131869628,-0.9696125026762199
8.740715600528075,-0.9154492851316642
10.101369954623534,-1.6415026422559928
9.35584268716748,-0.9147981639921379
9.899445153750731,-0.37525036297437664
10.610739327945067,-1.500664496046276
9.512001611270263,-0.8559550281583976
9.690132714785888,-1.646418833357067
10.205479241885497,-1.6830530997335624
9.750165082492186,-1.437233590704174
10.176826097049071,-1.5090733405172538
8.743018247165038,-0.8094462390958976
9.933085061587645,0.03648612536790852
-4.046939276180909,-2.839498245340557
-3.8451765999418956,-2.493532219153614
-3.148311041317628,-2.025503033024044
-3.906318567715333,-2.5010647114336204
-4.1128763184172374,-1.9830573435842704
-3.84106483312671,-2.48462315760252
-4.066681288204835,-1.6655115123808097
-4.807406805477784,-2.0881374265968513
-4.690068624935792,-2.4147670801698875
-4.376955889187501,-2.835395419222088
-4.290355585537599,-2.702746504169674
-4.41516675802295,-2.6836121018945884
-4.273936651669191,-2.214775950831146
-3.092614077053712,-2.187284016233654
-4.137948416195558,-2.6492196258127403
-4.360131166897462,-2.124356606227131
-2.7187937721831066,0.6210286382615853
-3.9551705345732433,-2.243652227517934
-4.4213503822905285,-2.3906593184888076
-4.594096086941407,-2.3527828242599678
-3.9631079659086925,-2.417282843214245
-4.407483004055665,-2.46961175761816
-4.01129188390796,-2.2662104058049333
-3.577206991635011,-2.5908394392549705
-3.8891781792265636,-1.6493315931379509
-4.6021155342680675,-2.5160664554655265
-4.385729692898439,-2.381818995994301
-4.128713987789796,-2.7997122641622734
-3.633286856136964,-1.7389106389105033
-3.6593898758513195,-1.0952935453474235
-3.8334697708708507,-2.8702177043974113
-3.9285320267302257,-2.659528457742901
-4.221952818356202,-2.1951652701914024
-3.9002207741362316,-2.3255189817368698
-3.558965109310792,-2.1248083349287223
-3.732614897213624,-2.030417361479969
-4.112243555508302,-2.8420977231085014
-4.466426752529786,-2.40861516557333
-3.414384745083497,-2.340151020508976
-4.414750002346681,-1.9952423211157035
10.178824044741942,0.09062883891466145
-3.137927435360597,-2.5461808379709434
-3.8632306084257824,-1.2397481437742424
-4.139143846951173,0.11106441058519367
-3.721811197720216,-2.467868932706089
9.900943376101806,-0.11515667400953289
9.4533024802583,-0.16123630962965008
6.011120177783324,-1.7718713816225242
-3.4612792954069835,-2.327228491377802
-4.006394766293214,-2.1695654775917244
-4.239913366757081,-2.7428684171259117
-3.5403102860075695,-2.563940041881771
-3.861718080959962,-2.665554815155239
-3.8602780327421886,-2.591882848364086
-4.2474402412993175,-2.620934897285671
-4.1537441238981945,-2.760991179567547
-3.814099214993165,-2.6089445289194297
-3.834869764767335,-1.5721527572691154
-4.364478014431642,-2.312687956911297
-4.500199697933839,-2.337215968590946
-3.8185090050322277,-2.386197754365177
-4.159407041989015,-2.5373836990415763
-4.459446333370851,-2.5568061705648613
-3.9567960724455578,-2.8982510801374626
-3.7303356155974132,-2.6742303606092643
-4.095476053677247,-1.584897243601055
-3.9433917030913097,-1.7531012531339836
10.76348838952954,-0.27144744358655926
6.087982512988402,-1.749203645807476
11.350845910586669,-0.23060324154493328
8.605489827670409,-1.1265130277692985
6.008590318240477,-1.7562955852567863
10.285872079409911,-1.7818728622019004
10.32604656366284,-1.5813695427000236
-6.419981382809327,1.5890142682969857
10.009981729068114,-1.1676948305189323
9.36479101327832,-0.45904138050672527
9.905624009646727,-1.8202356334745597
-2.7601050362211925,0.06673047580125813
9.80191669610913,-0.025145792585582694
9.902060128726317,0.008272385972766916
9.416958428897216,-0.2679023977338981
-3.8978642449003917,-2.5404739018499565
-4.262951754055665,-2.0275358941375923
-3.84193267675464,-2.8524469371854972
-3.2456845268828136,-2.080587187033863
-3.6123079285246593,-2.265396085751028
-3.084334276638673,-2.2133247006654453
-3.7513016686064464,-2.202038482946129
-4.041472814999269,-2.0948598470508766
-3.8467048630339367,-1.7984894450723838
-3.4573735222441417,-1.7199709054052543
-4.33116378637378,-2.027783149105282
-4.078720472775148,-1.8440174993097496
-3.408472917996095,-2.353140228611202
-3.368943117581056,-1.9644648667394828
-3.0949019417387706,-0.5947864290296745
-3.9993394837004406,-2.112025135380001
-3.9441169724089367,-2.784669541937084
-3.6944011673552257,-1.499155604463787
-3.543912313900636,-2.0454787697612953
-4.3536366448027355,-2.031099596244068
-3.12749757619922,-0.16419150791761394
-3.9580425247771007,-2.6709620889246177
-3.3708156571013195,-2.207380195331545
-3.156543158016847,-2.0131373938142967
-3.1094378456694347,-1.254148268324108
-3.2771052345854503,-1.9247541066229057
-3.6601766571623546,-2.134816610437603
-3.9704879746062023,-2.2290050957321834
-3.054814718685792,-1.960226708275051
-3.6176322922331554,-2.381133482974739
-3.7098702416044933,-2.071198382598133
-3.5449608788115246,-1.0832336183607292
-4.01926889272754,-1.5653268929540824
-4.264968298397706,-2.1300953414261055
-3.911168001614259,-2.6010969515859794
-4.13053073736255,-2.020424270254345
-4.116008184872316,-2.017092102390499
-4.070771120510743,-2.737163120132656
-4.033220671139405,-2.8068570729314994
-4.267234705410646,1.0456328157365609
-4.112898729763673,0.5015249017656136
-4.230555437527345,-2.3372662004053306
-3.498049162350343,-1.401593827825756
-4.823230646572755,0.4605426553666878
-3.278193853817628,-0.429168724638195
10.973088838137938,-0.21741988621351238
9.452483274020507,-0.3741472002088737
-3.1724909767729503,-1.8513702090799522
-4.154306314907716,-2.3626432429969024
-3.8459528908354503,-2.2109426196634483
-3.6863512024504406,-2.2918775241791915
-3.8707989678007824,-2.34060078225729
-3.25480356069629,-2.2358842316984844
-3.7155236229521496,-2.72119604907629
-3.8313335404021007,-2.8313510652601432
-2.7404707893950206,0.13365814723375324
8.497696496524169,-1.9279349084913444
9.772122956790282,-1.845232927423687
9.11438474801953,-0.6180157896101188
-2.9459589943510753,-1.9036453302919578
9.890291310824706,-0.853215241056652
10.101924516238524,-1.6551810141622734
10.306727029361083,-1.571979605776043
6.000004149951293,-1.7883416946947288
9.44173488763745,-0.7997473712980461
10.591520883120848,-1.5703392859518241
9.76503286508496,0.06919667758348469
-2.722808741055177,0.7990584138810921
6.043214179553344,-1.742373013120861
-3.6368521675688488,-1.9402372475683403
-3.60740365835254,-2.6617754336416435
-3.5081500038725597,-1.9696472223818016
-3.6305955872160656,-2.2411731362312746
-4.209389112911866,-1.3345486756384086
-3.2441958412749035,-2.212003481757612
-3.7752160057646496,-1.6787867780744743
-4.3022121414763195,-1.9490097995817375
-3.7352823242766124,-1.2781129118025016
-4.194137476406739,-1.6257002588331413
-4.205263994656251,-1.7994636829912376
-4.189219377957032,-1.9653170343458366
-4.096355818234132,-0.9525540109693718
-3.682493113003419,-1.7006925579130363
-3.976428411923097,-2.3579441841661644
-4.235898397885011,-1.3388439055502128
-4.3560403809172374,-1.7938396569311332
-4.193725489102052,-2.1955042716085624
-4.018913649044679,-2.792565726858349
-4.657104395352052,-2.5739272471487236
-3.6283024773222667,-1.4614706870138359
-4.312609575710939,-1.8866068955480766
-3.98826303335254,-2.698691689592571
-3.7748126015288097,-2.6804881628572654
-3.260260961971925,-1.8174108799516868
-3.5761217102629406,-0.41013696156141277
-4.216586016140626,-2.5437431272089195
-4.574394129238771,-2.167222784084053
-3.557633303127931,-2.2597498243644547
-4.175311468563722,-2.17725335918066
-3.608553789578126,-2.421563246470661
-3.4706334099394542,-1.877561115843029
-3.4814671501738292,-2.367172830921383
-4.6381801590544445,-1.28685727081892
-3.25349273534839,-1.9793759521066856
-3.8539651856047374,-2.576579326015682
-4.2034033760649425,-2.108661809188099
-3.6687349304777843,-2.4407218631326866
-4.495839022122071,-2.31748430914876
-3.5249742493254406,-1.4151860710203361
-4.353926561794923,-2.65376743040678
-3.9873136505705578,-2.2775716289847803
-3.649613283596681,-2.2960857406228494
-4.356285952053712,-1.917677276951046
-4.470462225399659,-1.9099136229574394
-4.013728998623536,-2.064500668269367
-3.9198101982695324,-2.127131560069294
-4.699770353756593,-2.3604786556184005
-4.42533054205005,-2.2921616073667717
-3.7241882309538585,-1.9795428451120567
-3.9489902481657726,-2.188275107365818
-3.3123883232695324,-1.876265310865612
-4.220322035275148,-2.3930541660606575
-3.0671214089018566,-1.964496248584957
-3.2095378861052257,-2.0159852143346977
-3.4423021301848156,-2.549484097582073
9.755546666659667,-0.008724712949962576
9.876561738528563,-0.05833795033094402
9.451764680423095,-0.06792905293104168
-4.01974668356006,-2.82203611097929
-4.217900179348634,-2.471889951449604
-3.272597216091798,-0.9690958496153068
-2.7006491646391613,0.7234599355638314
-4.3312930092436535,-2.37313776574728
-3.7792605385405285,-1.2826131816923332
-4.491772077999757,-2.69509222469923
11.16638145593579,-0.2922244306623649
11.311306573428466,-0.16783692799207683
11.376285172976806,-0.24010827503797527
5.981010533847167,-1.7777515586435508
11.022639848269774,-0.2098074194013786
10.564234353579833,-0.11111285648939129
10.248117066897704,-0.01644756756422039
10.31756553796704,0.010242677110462228
10.162738420047118,-0.0876007314741325
9.91036281732495,-0.7242125507414054
-2.833017729244874,-2.0071839030801963
8.753081418551757,-1.2961421843588066
9.735546208895995,-0.7521950241148185
9.408080197848632,-0.7548020120680046
11.296519853152587,-0.24980952702161785
-2.5563677773100597,0.646064257997303
9.107029534854247,-1.9959869619428825
9.723023034610106,-1.874571555477352
9.465656377353026,-1.9698499973833274
9.31915531305249,-1.2033114667951774
9.545131780185057,-0.3306485649168205
-4.245918653927491,-2.6237885888635826
-4.429723165951417,-2.6062076922476005
-4.09456243368213,-1.1226760383665275
-3.4513215050322277,-2.3936903934895706
-3.815768145046876,-1.3612457748472404
-3.8672198280913097,-2.2266202729165268
-4.312429331265138,-2.1278496321260643
-4.192845247708009,-2.079670348387928
-4.600526712856935,-2.2254760537266445
9.365594007052733,-0.4308692451536369
9.433475114383056,-1.7522974844991874
8.852530099429442,-0.6888565059721183
9.568615533389403,-1.8040843840658378
8.77489910272534,-0.6938976284086418
-2.7833684906584484,0.13131139315965656
6.6564928069489735,-1.6089180942594719
-3.8186425194365246,1.5839624170244027
-4.058244131527589,1.4411935571611214
-3.8413375839812023,1.8566057447374154
-2.8264402374846203,1.364475942033558
-3.6962651238066417,1.1975021127641488
-2.786875151119874,0.6369046930253792
-3.25345554205005,1.0430586103380013
-3.8023408875090343,2.167851663011341
-2.9214772209746105,1.433800197023182
-3.1254285797697765,1.0815374616563607
-3.799487493954347,1.94258711375597
-4.0353478417021496,1.9683596853196907
-3.1491435989958507,1.4165007833421517
-4.080793283901857,2.793625569719105
-3.300520323239015,0.5154289964616585
-4.432770632229493,0.7547256711900521
-2.4767750725371105,0.4235200647294808
-2.556210897885011,1.1695408586442757
11.421798326052977,-0.1496901746809196
11.191498376406981,-0.22793939076063152
11.381638146914794,-0.20520784817335125
10.458934403933837,-0.3110993143140983
-3.0581754669768078,-1.3699171777784538
9.490568734683348,-0.6386714216291618
10.901752091922118,-0.23840858898756023
9.823747254885985,-0.5159420009672355
8.994367219485595,-0.7769208189069938
9.364969350375487,-0.6822933193266105
9.787815667666747,-0.37312915287611004
10.817396737613036,-0.2566960092603874
-4.012354753933595,1.5976292852342415
11.39856205133374,-0.21512558422681805
-3.5931591019255382,2.311345315355091
-3.5594753250700695,-0.07658793888685222
-3.760432623348878,1.8581058744371224
-2.736248396359132,1.4295594457567025
-4.119556330166505,-1.8197739955007743
-3.7783311829191906,2.561279511827259
-3.647749803982423,2.702366567033558
-3.8250516876799328,2.20463488139513
-3.8260859474760753,2.391233182328968
-4.030048750363038,2.848912454026966
-3.9027718529326183,1.5402073625505257
-3.031881712399171,1.898216939348011
-3.1409334168059093,1.3450333837449837
-5.6465090736967785,1.8665897611558724
-4.745708845577882,2.0629493955552864
-2.692612551174806,0.6832306150377083
-4.085464380703614,-2.183940501135559
-4.170323275051759,-1.70658680163023
-4.5248660072905285,2.5144221548021126
-5.0586890205961925,2.126329160112171
-3.6874593720061046,1.204887843507557
-2.974565409145997,0.609562850374012
-4.810532949886964,-1.777996861559124
-3.7555488571745617,-1.4783518549024772
-4.285415552578614,1.4181599382341195
-4.317533873043702,-1.3863499995290947
-5.77687969060962,1.8657634023607064
-3.531449221096681,-1.4097270604192924
-4.182229898892091,2.1142260793626595
-4.73269023748462,2.658745503801136
-4.84483852239673,-1.7326842781126213
-3.187675856075929,0.9043001893937874
-3.6364287361723644,0.8866603139818001
-3.9193099960905773,2.8281538251817513
-3.0639304146391613,2.0432941678941536
-5.196889780483888,2.2367236379564095
-4.143136404476808,2.158076501268177
-3.6509107575041515,0.433215833085804
-3.618392370663331,1.0478863481462288
-3.366091154537843,2.3920013669908333
-4.927171610317872,1.8606302503526497
-5.2988952622038585,1.9662091497361947
-5.68947210165088,1.733945584672718
-4.066610239468263,1.4791111711442757
-4.032695673428224,2.99955675639513
-3.5197175964934093,1.4548203710496712
-4.303264997921632,-1.4473169084608268
-4.346722029171632,1.8942382100999642
-2.5471157059294445,0.36550161876085285
-3.2676023468596203,2.074166989702015
-4.15154018255298,2.7273823980272103
9.348208524264647,-0.7753139968931388
-3.2669290527922374,1.3106486562669564
9.25339088586743,-0.29820146523115154
11.374290086306884,-0.20340635738965984
11.41227874902661,-0.19994285069105144
9.656590081729247,-0.619147801023693
10.979678727664306,-0.284293555837841
10.1528554931062,-0.34161224327680584
9.989664174594237,-0.47332265339490887
9.352368451632811,-0.5783049102842521
-3.8187979683500988,0.14609620608690266
-3.819254301510499,0.42471859492662434
-3.83636512609546,1.1697966817796517
-3.670783422909425,1.0210020307481575
-3.831355474911378,-1.7189038034498405
-3.255303286038087,0.5476205114305306
-4.33229436727588,1.1420666936815072
8.17866811899121,-1.7190075751363945
-4.320089720211671,-1.8627459343492698
-3.4161337837797863,-0.2589268919050407
-3.580798529110597,2.647686696428089
-5.162970446072267,1.717437959092884
-3.9413327202421886,2.1813838247239876
-4.435996912441896,1.4048208955705452
-3.887111090145753,0.624004578965931
-4.855447195492433,1.6051411394059945
-2.998246096096681,-2.5667948957502555
-3.195564173184083,1.563765502351551
-3.809657476864503,2.374159074205189
-3.5439137444121105,-0.40974178276655193
-4.020248793087648,1.5524992708146859
-2.9756998047453624,-2.4616002973139
-3.101227186642335,-2.5637083884298515
-2.8535398468596203,1.1755320791185189
-4.07735051961963,2.3307668928087044
-2.6888765320402843,0.4246022466600228
-3.4213317856413585,2.0853965047776986
-4.095715425930665,1.236340022462635
-4.352316759548829,1.6784355405748177
-4.299587152920411,1.3038530115068245
-3.8333629593474132,-0.11617853603956219
-3.675664328060792,1.0266995195329476
-3.3259433731657726,1.6248328451097298
-2.786590956173585,0.5157418016374398
-3.7925175652128917,1.744149899858265
-2.7340334877592785,0.49896929301622395
-6.272109411678956,1.5282456640184212
-4.907644175015138,2.3560287717759896
-4.017984770260499,-2.49852793775198
-3.796062849484132,-1.8891262944757652
-3.6597541794401867,0.7348270181596566
-4.102907083950685,-1.7426624532758903
-4.570991896114991,-1.7586055632650566
-2.881173990688966,1.8914429906785775
-2.9414385780913097,-2.5559446152269554
-5.537206076107667,1.7488391164720345
-5.3438052162749035,1.992142892259388
-4.294596098385499,0.932830787080555
-4.197059534512208,-2.414919489246578
-3.835747145138429,-2.323580638688774
-4.004030607662843,-2.01048084459898
-4.102616690121339,-0.41794517002698894
-3.656778715572999,-1.6266124483167839
-3.6307009682280285,-0.6580044265806388
-3.8735569939238292,-1.7692253824293327
-3.753219030819581,-1.547319793325634
-2.8036416992766124,0.5780081514299202
-4.31964149328296,-1.1452540393888664
-4.092763803921388,-0.512075686079235
-4.277790926418946,1.5075428251207161
-3.5864786133391124,-1.3696166511594963
-4.141318224392579,-1.6581900950491142
-4.769715212307618,-1.8116983707964134
-4.26142730566089,-1.0136842962324333
-3.8593176827055675,-2.372620576244564
-4.63212289663379,-2.424987578016491
-4.247959516964601,-1.672066592794628
-4.533619783840821,-2.4330156680166435
-4.558682344875978,1.5459887746751595
-4.564719103298829,-1.1726974483549308
-3.0577143654448253,0.5980260137498665
-3.817554377041505,2.105785584825306
-4.522532366238282,1.2561821702897835
-4.1113857254606945,0.7200085882127572
-4.624128721676515,-1.9422239597856712
-3.4305051788908703,2.273881650346546
-4.39457406850879,2.1664035085618782
-3.577474974117921,1.2690653566301155
-4.076742552242921,0.8142835859239388
-3.9639395699125988,2.1075846914232064
-4.380694292507814,-0.5662808652937126
-4.7534121498686535,1.1596324209153939
-3.6711105331999523,0.7896251443803597
-2.514838598690675,0.6052181486070443
-3.673571966610597,2.6555568937242318
-3.4378746971708996,0.29136154689195637
-3.8406623825651867,1.3067118886888314
-3.8626183495146496,2.2237655881822396
-4.862747572384523,2.4601313833177376
-3.3569988236052257,1.1417925123155404
-4.421268843136476,0.9284496072709847
-4.87039890142505,1.5074028734147835
-3.630282305203126,2.163343644517689
-4.475062750302003,0.04366395511034016
-3.6407159790617687,1.5426134828508187
-4.133397959194825,-0.3537968631803703
-3.5616415962797863,0.3113248113572884
-4.588153265438722,1.4754187826097298
10.639225579776122,-0.2572520013868522
10.427752114810302,-0.2167957063734245
-2.9467267021757824,-2.113920145851345
6.040699578799559,-1.734427833181591
-2.7566093430144054,0.43490121402147297
10.860275842227294,-0.24181916676160808
10.462784387149169,-0.34385647736188885
11.266846276797606,-0.2759557004987907
10.5651508345979,-0.2458029027998161
10.716656304873778,-0.237701439481945
10.25096569208081,-1.3071335192739677
9.489199735202147,-0.6897857423841667
10.965345956363036,-0.41641058884260174
10.271210290469481,-0.7945493694364738
-3.274824522457765,1.4700941804826546
-4.026811979733155,-1.8451072808325004
-3.1031269058806163,1.3289110425889779
-2.6220902428251964,1.2085435155809212
-2.562993429623292,1.1835365060746956
-3.6054071411711437,2.830303883928089
-4.39516582342212,1.9682166341722298
-3.2629074081999523,1.0705103639543343
10.161604501284911,-0.45114197693464275
10.712943650760009,-0.3554452892362785
10.436931230105712,-0.32831575832960125
10.018454648532225,-0.49377479515668865
9.935775853671386,0.00464293994310383
11.424206353701903,-0.2763437267362785
10.047288991488768,-0.20969297848340984
11.401249505557372,-0.18050076923963543
10.898390389956786,-0.4869511362135124
-4.5186990723234874,-2.2650895539641094
11.364232636966063,-0.23223068676588055
10.039162255801513,-1.0787114139616203
-2.5355681404692394,1.0898992780626107
-4.3576392159086925,2.0089308980882454
11.417220689334227,-0.2140360113203239
-3.9648941979033214,-0.684576177221508
-4.637535475216554,2.2605983976304818
-4.633405588589357,-2.272915406801523
-4.492503069363282,-2.4038307305395317
-4.722461603604005,2.770235753434925
-3.7059220299345714,-1.8333730336248588
-4.352593801937745,2.907552457231312
6.487885095156981,-1.4945193763792228
-4.982368849239991,2.4168364767015267
-4.156749151669191,2.1234171155870247
-3.7729009613615734,1.9950201276719857
-3.822683237515138,2.1972577337205697
-4.281381510220216,1.4356117013871956
-3.401261232815431,1.6877045396745491
-4.624087236843751,2.3773386243760872
-5.18407192083423,1.59474775828722
-2.8630503639799816,1.812380051988392
-4.116880320034669,2.6231558088243294
-4.680595301113771,2.288137650865345
-4.905740164242433,2.036881661790638
-3.1135434136015636,1.4361340764940072
-2.5900472626311046,0.5129925970018197
-4.209697626553224,2.4533350233018685
-3.8925422653776867,2.9086248640001107
-6.4390176758391124,1.4192123178422738
-3.100473307095216,1.223562217134266
-4.4939636215788585,1.3775899175584603
-3.0610999092680675,0.741450286287098
-4.040893457852052,2.650089955705433
-4.736842058621095,1.8901965383470345
-5.286510847531007,1.7701146367967415
-4.631015203915284,2.499833321946888
-3.7862252220732433,2.7510459188401986
-3.3613690361601574,-0.15329768620130535
-3.3256520256621105,-0.2840879198133659
-3.316211126766847,1.2417547468126107
-4.826369665585206,-1.6591317888319206
-4.27538051458423,2.3692948583543587
-3.624068640194581,2.042124009507923
-2.7806052193266613,0.46452901400926594
-4.391248606167482,2.752485490220814
-3.6982225403410656,2.8549868825853157
-4.083381555996583,-1.0410540338575553
-3.0805777535063488,1.6524607900560189
-4.1398867592436535,3.0791499380052376
-5.314272306881593,1.651608920472889
-4.164332292996095,0.5998410943925667
-4.678325079403566,2.1666500333726693
-4.59327545019214,1.9132787946641732
-4.4663685783964855,1.786933160203724
-4.85224761816089,2.222123837846546
-2.5736702904326183,0.35782334842088703
-3.5503524765593273,2.6364543203294564
-4.694054029904054,-1.9064228769361686
-4.2885660156828624,2.645343041795521
-4.531137846432374,2.349867082017689
-3.927060507260011,2.168701386827259
-4.430952928982423,1.6434156660020638
-3.3489388451201183,0.7141475442827034
-3.09782113882129,-0.26051809750196453
-4.680410288296388,1.1184696916520882
-4.8868679031950695,2.0398242238939095
-3.977466486416505,0.5342468980729866
10.151409722842528,-0.6136970754682731
9.455494023837401,-0.5668331619322013
10.176154710330321,-0.24375631771680828
11.049465753115966,-0.16759684048292156
10.142125703372313,-0.28429772816297527
10.301674462832763,-0.9545575614988517
9.553386308230712,-0.3678213592588615
9.713488675631835,-0.7344743248045158
-4.411411665402101,2.539593434709339
9.496533490695311,-0.9328341718733024
-2.9330033287626964,1.2371036771714974
-4.193358801327394,3.0780980352342415
-2.94824256750171,0.5850558046281624
-3.0207303986174328,0.005550599473743478
-3.6997646317106945,-0.524443530660839
9.645741559542968,-0.49915196858045574
10.083772756137206,-0.7234194513380241
-3.5074810013396007,-1.5890615221082878
-2.6884235367399913,0.8675734762132454
8.85322866586621,-0.9577412839948845
-3.451561354122804,1.6041133169114876
-3.869544886074708,-0.7695542808592033
-2.9394473061186535,-2.390872062367172
-5.03699292989795,2.0386388067186165
-2.893174074612306,0.9913670782029915
-4.601116560421632,0.17398450412157063
-4.372721098385499,-1.730579936128826
-4.2324885353667,-1.510866963487835
-3.8690427765471203,-2.236276523393364
-3.9430059418303234,2.7166168455064583
-4.25938119741504,2.6316439870775032
-4.056095980129884,-2.4641440745413017
-4.7829908356291515,1.8393337491929818
-4.352221868954347,-0.537094258886547
-3.23493804784839,2.396751618760853
-3.909624002895997,2.6135661367357064
-4.024317644558595,-0.8233628507673454
-2.7017554268461925,0.3457791570604134
-4.6874050125700695,2.524787164109974
-5.326375864468263,2.019374108690052
-3.3831776604277355,-2.563623422008724
-4.783546350918458,0.8262209657609749
-4.415393732510255,-0.2095799680769157
-3.4009088501555187,-0.4115058418333244
-4.181081675015138,1.7470509771287728
-3.815800569973634,1.8408162359178353
-3.6280225739104015,-2.1196859266578865
-3.7512859329802257,-2.2416185319393587
-4.73565187307422,0.7848596338212777
-3.295797728024171,1.375138259309559
-3.2400502190214855,0.45598838366868977
-3.375293158016847,-0.4751708742201042
-5.909711264095948,1.2516801122606087
-3.7871641144377453,2.727851605790882
-4.24424447866504,3.063321805375843
-4.3193067535979015,-2.691842579466076
-4.443126104794191,-2.420560383421154
-3.0344180092436535,-2.448236906152935
-3.9572156891447765,1.4408933881700325
-3.3034323677641613,0.9281563524186898
-3.2736290917021496,2.550661301988392
-4.363661669216798,2.866072392839222
-4.086116217098878,0.4457392457902718
-4.323697470150636,0.9027614358842659
-3.310570143185304,2.120509362596302
-3.401261709652589,1.7528679136216927
-3.7533396706206066,0.5515415433824349
-2.969983004055665,1.8350555662095833
-2.7788523659331066,0.6367008451402474
-3.225393675289796,1.2226640943467904
-2.9705618843657238,0.8988198999345589
-3.553781889401124,0.31026551761034016
-3.0391086563688976,0.6690704587877083
-3.3791936859709484,0.9891071084916878
-4.667614363156007,1.6507282022416878
-4.352503202877687,2.3567721609056282
-3.6319526657683117,2.6641838315904427
-3.3015221581083996,-0.5034641262113762
-4.556927107296632,2.5427682165086556
-3.538017652950929,1.4524914983690072
-3.867347620449708,2.9385735753953743
-3.099470518551515,-0.2848474021970939
-4.190265081844972,2.836207604783802
11.390222169436766,-0.21984555683729168
-3.2823924049956066,-1.4322408672392082
-4.5763868317229015,-1.8082477983057212
-3.0811285004240734,2.1870834592759896
10.16495380548413,-0.3782463308393669
-3.94990911336963,2.4513394597947884
-3.0656632408720714,-2.3708928611099434
-3.9183029160124523,-2.2425339810520124
-4.205265425167726,-2.4762180980264854
-4.654192827664064,-2.1679604809701156
-3.909146688900636,-2.8160183664381218
8.48723278192456,-0.8646000858366203
9.076009847201659,-0.5728774305402946
9.617302037753417,-0.7282096382200431
8.478287316836669,-1.7777198489725303
9.503570176638915,-0.38112809620496746
8.716413117923095,-1.6711076732694816
9.493971921481444,-0.6646310325681877
9.788658238925292,-0.5341030593931388
-4.074192427120851,2.3854267362535286
-3.1592253670317394,1.5724339250505257
-4.629283331356691,1.7518207792222786
-3.9853900894743663,2.14452860392931
-3.9635657295805675,-2.5118854578554344
10.067641355075194,-0.4042924877226066
9.41744814065869,-0.5344553228437614
9.577845670260741,-0.613852882009716
6.059263564624144,-1.7529752489149284
8.527711011447265,-0.8042292829572868
10.87823448327954,-0.30342938862440105
-4.298359297238038,2.2937066320359993
-3.6814259514433605,1.728187060731678
-3.281674765072511,1.234260058778553
-3.5894459709746105,0.31580326594713215
-3.7967938408476574,1.873206353563099
-3.139951132260011,1.504685378450184
-3.882310770474122,1.0258328679979134
-4.517583273373292,1.9468319181382943
-3.703975103817628,2.164881921190052
-5.5726942047697765,1.9957811597764779
-4.477547071896241,1.5246445897996712
-2.799940966091798,-1.723268472772808
-4.274774931393312,2.092231011766224
-3.518204592190431,2.5623647931993294
-3.483891390286134,1.0163850549638558
-4.373095415554689,1.7620775464952279
-3.481215856991456,1.2900209192216683
-4.356611631832765,2.084706998246937
-4.0277322754484874,2.5951168302476693
-3.2926243767363292,1.0362112287462044
-4.05779018255298,0.8307158712327767
-3.170600317440675,0.7969624761522103
-4.100360296688722,1.8812429670274544
-2.8581155762297374,0.4499811891496468
-2.8921240791899425,0.750866151231556
-3.337634466610597,0.5703592065751839
-3.7374237999541027,0.3923365835130501
-3.8012546524626476,1.582909322160511
-3.417015455685304,1.1804537538469124
-2.482732199154542,0.5015928510606575
-3.2423247322661144,0.4562415841996956
9.982345677890136,-0.5801279779493522
10.481584168948485,-0.5985150571882438
10.228663064517333,-0.7230042453825187
11.278786279239013,-0.25763823948499676
11.137906648196532,-0.31314542255994793
10.104696370639159,-0.47787823639509197
10.163286782779052,-0.41830792389509197
10.81584606317456,-0.46388258896467205
10.572541810550048,-0.3710538383543205
6.31318960336621,-1.6989128824293327
10.616899110354735,-0.7520443435728263
9.543960191287352,-0.8437682624876213
10.358596421756102,-0.5581017967283439
9.002648927249266,-0.8713129993498039
9.547356225528075,-0.6396274801313591
9.630857564486815,-0.5236013170301628
10.105208016909911,-0.7137508626997184
9.516656495608641,-1.883649640899868
9.305395223178222,-0.48792996369001385
-4.138778589687989,2.737311578172474
-4.609355829678224,2.3693620923936654
-3.164855860195802,0.2644538644731331
10.865700341739013,-0.27974095306989666
9.249039269961669,-0.7043824430525016
10.966940499820067,-0.3493138786375236
-4.015030764065431,2.5960161451280404
-3.010847948513673,1.1924481157243538
-3.320378206692384,2.06313154734972
-3.8201712593657238,1.3812367681443978
-4.320864103756593,1.0492448572099495
-4.168267153225587,2.1113130811631966
-4.0976809486967785,2.296025014299183
-2.7998599037749035,0.5293524030626107
-3.2634991631132824,1.6750058893144417
-3.7339166626555187,2.4442026380479622
-3.9776529297453624,-0.060238146406383475
-4.117438696346925,1.59293792285326
-3.0881856903654796,1.1150421861589241
-3.9383601173979503,2.170621610063343
-4.700202368221925,2.431719994920521
-4.961785219631837,2.2732150319993782
-3.38166656347339,1.0334698919236947
-4.14140834661548,1.961940026658802
-3.8530448898894054,2.7329485181749154
-5.082138441525148,1.9672648672044564
-4.201640985928224,2.2932917837083626
-4.074822805843995,2.1520869497239876
-4.57855262609546,1.5448376897752572
-2.9691008553129894,2.0894806150377083
-5.025584600887941,2.6353041891038704
-4.233863733730958,1.433467126268177
-4.284970186672853,2.380634045976429
-4.134245298824952,1.880765653032093
-4.077746771298097,0.4778740171373177
-4.0157765373808605,-1.3240060444891166
-4.730027101956056,2.7743522886216927
-4.477848432980226,1.8538901571214486
-3.462832354031251,-1.8850099679052543
-3.8275059685332042,2.5831382039964486
-2.840853117428468,0.6322002176225472
-3.5253595337492687,1.3001816038072396
-3.9008993134123546,2.7344372037828255
-4.1090687737089855,2.9574386838853646
-3.238600634060548,0.42482612170579914
-4.392938040218995,-1.6255269285261345
-4.444547079525636,2.4742586378038216
-4.270581625424073,1.3793723348558236
-3.533144854031251,2.560582375901966
-3.2834466919523937,0.61470625438097
-3.94136419149463,-2.415075847130985
-3.7208832726103527,2.2141506437242318
-4.160911463223146,-0.3717688556730461
-4.2947448715788585,1.1042988065660286
-3.6838268265349132,0.8800439599931527
-4.641057394467042,2.7836854223192025
-4.187748335323976,-1.3903271790563774
-3.178215406857179,-1.4747953053533744
-4.69962777944629,2.3838321927964974
-4.476060770474122,2.0521504644334603
-4.008189581356691,0.690333342927723
-3.2107089981657726,-1.1338190074979972
-3.474515818081544,-1.661404573541851
-4.348342321835206,1.8879501584947396
-4.807199858151124,1.6311347249925423
-4.302211664639161,-2.3021012145995807
-4.562511347256349,-1.1170915599882316
-4.179109953365968,2.926778531450062
-3.756676100216554,1.7604920629442025
-3.762521646938966,2.861067510026722
-3.1453141197783214,1.1027731660783577
-3.4872049316984874,0.5649246934831429
-3.1355275139433605,0.6323935750901986
-4.188771151028321,3.057753301042347
-4.343937777004884,2.623687482255726
-4.592862986050294,-1.7994970615923118
-4.409696958981202,2.6210195783555794
-4.500471495114015,-2.390154616159172
-4.22294320913379,1.9299943212449837
-3.2226270660979015,1.2836477521837044
10.00218639520581,-0.4593329664289665
9.402145005740477,-0.6686016555845451
-3.0629166588408214,0.38230106868150715
9.964151002444579,-0.7139536377012443
11.36981449273999,-0.2685833211958122
-3.627950571499513,1.2576467756212044
-3.625735186062501,2.8548290494859505
9.306031323947265,-0.5863164897978019
-3.185014151058839,-0.3784616228162956
10.768426515139891,-0.2593419786512565
-4.472025774441407,0.8260085348069954
-5.146632097683595,1.725778556245594
-3.165177248440431,0.7899338964402962
-4.92553224416797,1.7031190160692025
-3.44490423055713,0.41797421016099934
-4.111406706295655,1.0295955900132943
-3.1160897240263683,1.0048744443834114
-4.5495242104155285,1.8095557455003548
-4.259534262142823,1.7243070367753792
-4.1991919502836925,-1.2946261998235893
-3.8466643318754894,0.5204894308030892
8.121275998629882,-1.6357658740102958
-4.252617739163087,2.8722235921800423
-3.439213655911134,-1.9824047025263023
-2.9619039520842296,1.9948951963365364
-3.7385219559294445,2.8329479459703255
-3.9002889618498546,2.912738061326771
-4.125784777126954,-2.4406385358392906
-3.1826538071257335,-0.43011631928083416
-6.512790106259034,1.8297145132005501
-4.534068010769532,1.5840797189653206
-4.5177978500944835,-2.3628071632206153
-2.9024785980803234,1.808124280351429
-4.222438715420411,3.0175249341905404
-3.922544382534669,2.7078234914720345
-4.138873480282472,3.053621507066517
-4.613629721127198,2.8468644384324837
-4.562822245083497,2.725862718004017
-4.118407629452394,3.025533414262562
-2.8039840683562023,1.580207085984974
-3.079573534451173,0.4628283742845345
-4.293678663693116,2.867032742875843
-3.0541905388457042,0.5075280431688118
-3.791461370907472,0.9578053716600228
-4.643176458798097,-1.8498033221780967
-4.3641723618132335,-1.9106678005277824
-3.3681248650175792,1.742708421129017
-3.2725767120939953,0.469512915986805
-5.091435335598634,2.6257235769212532
-3.991593264065431,0.09017202891710285
-3.1233114227873546,1.8243458036363411
-3.8163823113066417,2.3690597776353646
-4.095499418697999,2.671900964158802
-4.356305979214357,1.724489665406971
-3.882843397579835,1.9337479833543587
-4.714328192196534,1.53684399165514
-3.618379972897218,0.530364966768055
-3.3880061134917003,2.2733161214769173
-4.838531874142335,2.583984113115101
-3.943969629727052,2.9469921354234505
-4.959861658535646,1.525188660997181
-4.299784086666749,1.3369157079637337
-3.0835660919768078,-0.5369673009931755
-3.3912881836516124,0.1371598009050179
-3.556645296536134,0.5555746320665169
11.325767137088134,-0.202789330106945
9.587750531710936,-0.45496835671064373
-3.3336333260161144,-1.7430654998838615
8.434942342318847,-1.4757001634657096
10.697980500735595,-0.15946152172681805
11.19282303003247,-0.3436702724516105
-3.6383728012663585,-1.239615821462841
-3.808567903958009,-0.4557194944441032
-3.4707159027678234,-1.6684224840223503
-3.887251280270265,-2.67213314138052
-4.4690469727141124,-2.5047506477653694
-3.996141336880372,-2.332643599432678
-4.407987974606202,-2.6004114385664177
-3.9680212959868175,-1.9762356217920494
-3.7290519699675304,-1.9274155136167717
-4.442359827480958,-2.7373095985471916
10.440277673281981,-0.31657137833234783
9.770427323855712,-0.632469915968151
10.54062233117993,-0.6895758148252678
10.553022004641845,-0.4268003936826896
9.30824289468701,-0.3523296352445793
10.172340013064696,-0.3850839372694206
9.719055749453856,-0.7532311912595939
-4.260858915768312,1.3284108404100228
-4.038538835964845,1.084155536073475
-3.4385737404448253,1.1024935010850716
6.593976117648436,-1.5875877376615715
-3.599450014553712,-0.9170446630537223
-4.252061747036622,1.9256832364976693
-4.265137575588868,1.5946154359758187
-2.467301271877931,0.4971318010270882
-3.0981291756254894,-0.11200430355665203
-3.3560761437041027,1.8081185583055306
-4.046821974239991,-1.7783105906068992
-4.425914667568849,2.125727868455677
-3.4080890640837413,0.44106242694261555
-3.080192945919679,0.685945964235096
-3.515880964718507,2.2726762060106087
-4.311223410092042,2.2097079519212532
-4.258766554318116,2.4616024259507943
-3.8463005051237804,1.3141488794267464
-6.141665838680909,1.611290431398182
-3.5248140320402843,1.8664519552171517
-3.356433771572755,0.8257407907426644
-4.283335588894532,1.769540524858265
-2.6796983704191906,0.7278687719285775
-4.5414065346342785,1.8704063657701302
-4.2804202065092785,2.195978856462269
-3.814249418697999,2.8808676961839486
-3.547893904171632,2.6663524869859505
11.122827149905516,-0.33649208508131023
11.253680802859618,-0.2903512950956535
10.976727105655028,-0.4687073465406608
10.11767254022534,-0.790026092153759
10.378334619082763,-0.4526609417020988
10.17248497156079,-0.3455024000227165
9.484705544986083,-0.11914994679090496
9.02814207223828,-0.2636897798597526
9.40741977838452,-0.46323254070875164
11.18028412012036,-0.15336420498487469
-3.6083053574187023,2.511004662889271
-3.319998167477296,2.0767533544481087
-3.1542366966826183,1.1835427049577523
-4.790957830868409,1.8790933851182747
-3.218503378353761,1.9983327154100228
-4.2535647377592785,2.6629793409288216
-4.3557352051359874,1.2643203500688363
-3.933102987728761,2.61396858729723
-2.8257783875090343,1.5704030755937386
-4.2420596108061535,2.3393099073350716
-4.610645197354005,2.571887231248646
-4.245818994961427,2.41483995952013
-4.0445851311308605,2.7486603025377083
-4.774070642910646,1.8026716474473763
-4.406336687527345,2.2442972425401497
-3.879908941708253,2.3101613286912728
-3.194141291104005,2.3071343664109993
-3.9474009499174816,1.1878690484941292
-3.684706591091798,-0.04395797215101238
-4.843887709103273,1.55790374316576
-3.9335926994902355,2.628732419389515
-3.0536750778776867,2.00398323573473
-3.883082769833253,1.8100597623765755
-5.682002447567628,1.8264448408067513
-4.159826181851075,1.0435912374437142
-4.123306654415773,2.1161587003648568
-4.135632894955323,-1.8310668107092094
-3.820810697994874,1.9200451139390755
-3.1404499039274913,1.058638310807972
-3.9122137055021984,1.904679513353138
-3.5927609428984386,-2.0090074475824546
-2.985443018398927,0.9408046964586068
-3.430955313168214,0.6908654931962777
-4.654170416317628,2.6760198835313607
-4.113654039822267,1.752436852830677
-4.597416780911134,2.4070074323594857
-3.1937812790495617,0.9064452413499642
-3.8829001412016613,-0.6018033262312126
-4.0253895744902355,1.9040100339830208
-4.711741827450441,1.1750287774980355
-4.1213063225371105,1.8663208249986458
-4.838181875668214,2.5659138921678353
-4.330672167263673,2.0668465856492806
-5.000058554135011,2.171076512712269
-4.3741373047453624,1.5409695867479134
-4.272330187283204,2.550783372300892
-3.6752385124785167,1.8991954091966439
-3.5842374786955578,1.3110575441301155
-2.968244932614015,0.6253893140733529
-3.6923412308317882,1.1422180894792366
-4.4419545158964855,2.6546213392198372
-5.0709876045805675,1.6077029470384407
-4.398921869717286,2.3625781301439095
-4.054459475002931,3.0411135915696907
-4.066491030178712,2.9464895490587044
-3.955587290249513,1.8352844480455208
-3.673081778011964,2.7505604986131478
-3.5653952583891613,2.059128499406605
-4.858269117794679,2.5900490049302864
-4.217188738308595,1.8988044027269173
-4.388087175808595,2.835658288377552
-4.572058580837892,2.3469507459581185
-3.00284519048755,0.6309530500352669
-3.13330116125171,0.7076029542863655
-2.903648756466554,1.927715516465931
-4.074125669918702,1.2487852338731575
-4.149169348202394,2.7105562452256966
-3.6052426323515636,0.6814253095567513
-3.9979304298979503,2.5062005285203743
-4.2382287010771496,-1.1453839775144767
9.594419099368407,-0.7409080501615715
11.07395038751538,-0.3602888818800163
9.942752934970214,-0.41606881580945965
10.923689462222411,-0.14862635098096844
10.461495019473388,-0.2485950227796745
11.258157350100829,-0.23513295612928387
-6.672998808346437,1.4667935136735726
8.443109132327391,-1.3988408084928703
9.256106473483397,-0.4893524881422233
9.770339108981444,-0.6758051153242302
9.496702767886473,-0.6730896469175529
-4.0177248940092785,-2.7695623870908928
-3.3537639603239757,-1.2232561346113395
10.001373387851073,-1.5276497837125969
10.300019837893798,-1.094258212667675
11.04460296777661,-0.4045276876508903
10.579861260928466,-1.084621810537548
10.784053422488524,-1.2116072412550163
10.192314721621825,-0.9601320262968254
-3.617906473599122,1.2672092679918099
-3.0181144699675304,1.6349522832811165
-4.638212583981202,-1.7266943093359184
-3.604548834286378,-1.7566318150579643
9.099048711337401,-1.0079506870329094
-4.201094053707765,-0.49437227211591717
-4.316946886501954,2.9065615896165657
9.210554219760253,-0.5032632585584831
9.676279164828612,-0.05315878353712078
-4.320422552548097,2.902549958604603
-4.898729227505372,1.7146284345567513
-4.887664221249269,1.752119756120472
-3.849457167111085,0.48560473956468586
-3.8581742272001964,1.9497754339158822
-3.878908537350343,2.757967687028675
-3.446821592770265,1.6761560205400277
-4.358436487637208,1.507983661073475
-4.001749895535157,0.7752961877763558
-4.402332685909913,1.9140503171861458
-5.059010408840821,1.651764130967884
-4.408696077786134,1.1115569833696175
-4.363829039059327,0.6862249139726448
-5.174778841458009,1.615119433778553
-4.213041685543702,1.443284011262684
-4.183804415188478,1.989711022752552
-4.210428141079591,1.0048043493211556
-3.3596304878813488,0.24643132724168781
-4.192902468166993,0.6493432287156868
-3.448112867794679,1.994391656297474
-2.9850381836516124,1.0577442411363411
-3.7985218987089855,2.1875784162462044
-6.152429960690187,1.8382575277269173
-6.590306662045167,1.7601096395433236
-4.568319700680421,0.864271855729847
-3.3747409805876476,2.2083847288072396
-2.684781454525636,0.17490050830247883
-4.6053785309416515,2.528210378068714
-4.49596681448047,1.5826387170732308
-3.1227478012663585,1.1127409700334359
-4.883391760311769,2.002596116441517
-4.529521845303224,1.4351622823655892
-4.483167551479982,1.5368950132310677
-4.4269045815092785,-1.8943670626699638
-3.5067972168547374,1.822267747300892
-4.822741888485597,1.6828734640062142
-3.5500334725004894,1.3050434354722786
-3.98419227453296,1.8018357519090462
-5.2737158760649425,2.2704479459703255
-4.362443350277589,1.1665987733781624
-4.619600676022218,-1.8031099971353721
-3.2001079544646007,1.6675100091874886
-3.5734266266447765,1.9257604841172982
-3.5069097504240734,2.0515429738939095
-4.439844511471437,2.2279250387132454
-3.900963209591554,1.0310015443742562
-3.8805350288969738,2.5636517766893197
-4.524946115933107,-1.9654917057573509
-3.6911233887297374,-1.3088212843954277
-4.66354551168506,-2.2716430860541474
-2.9270948395354015,0.08727572001817707
-3.4616645798308117,5.647901475716033e-4
-4.266663454495118,-2.4848896201669883
-2.9191531166655285,1.2652652028978157
-6.494107626400636,1.7988192800462532
-4.706120871029542,-1.9070748921453666
-3.59993352743213,1.4962529901445198
-3.6921733841521007,-1.0141958232938957
-4.562061212979005,1.1679064992845345
-4.7674478516203624,1.170410371202259
-4.304014585934327,2.0923030141771126
-4.833270452938722,1.6772324804246712
-3.955480001888917,1.607020354646473
-4.538181684933351,-2.479594820362301
-4.9911874756438,1.4293884996354866
-3.6720236763579113,1.9205314878404427
-4.6312221512419445,2.1154896978318978
-3.181626699886964,0.8537661794603157
-3.6960233673674328,2.09954569377306
-3.640237711392091,2.6117193464219857
-3.4036807045561535,1.497934079545765
-4.280581854305909,2.931133485215931
-5.050290487728761,1.4373085264146614
-3.460395716152833,1.7573821309984017
-4.032250307522462,2.9568044904649544
-3.484480284176515,-1.013184928518505
-3.997950457058595,1.9277784589708138
-4.655047319851564,2.8478147748887825
-5.03332033010547,2.643295979875355
-4.6390465721708996,2.746044373887806
-3.6913494095427257,2.5773274663865853
-5.532465361080812,2.165945268052845
-4.334143541775392,-1.9620110329210472
-4.335376642666505,2.424509263414173
-4.49308481069629,-2.4421422120153617
-3.437948606930421,1.9396703008592415
-3.3398994431120617,1.1166772607744027
-4.200836561642335,2.9059688810289193
-4.6220644936186535,2.3797099355638314
-5.065766237698243,1.9032790426194954
-4.852635763607667,1.7548086408555794
-4.440812967739747,-2.8067521687566948
-4.596803568325685,-1.5981819268285942
-3.923316858730958,-0.5536036726057243
-3.8973354324919445,2.382751679796009
-4.4318226799589855,-1.5994802352010917
-3.987588785610841,2.3828212980211068
-3.9476751312834484,2.1441614393174935
-4.404037855587648,2.399456239122181
-3.2588700279814464,0.962681746858387
-5.363664053402589,2.0037033323228646
-3.7751196846586925,1.6369094613969613
-3.298387430630372,0.46558330096605305
-4.0066799149138195,1.2368864778459359
-2.956311129055665,0.07612774409654621
-3.1050809845549328,1.5340795282304573
-4.004532240353273,2.311389661210804
-3.4194001183134777,1.5954310659349251
-4.096197985134767,-0.29379870854017254
-3.945524118862794,-0.5020761724531364
9.388897515811278,-0.3716694351255607
9.871630765475585,-0.6501990791380119
9.590018846072509,-1.8101977642595481
10.162124253787352,-0.4373873706876945
-4.23866643758838,0.6990952257097054
-4.7818826660734874,1.8061649564683724
-3.525001429043458,1.7168199781358529
-3.4573735222441417,0.24122855700853352
-2.9382218346220714,0.35971806086900715
-3.2082737907988292,-2.53841298184988
-6.356700323544191,1.4891841176927376
-3.344219587765382,0.3354027036607552
-3.0709690079313976,0.9834599260270882
-3.1988986954313976,1.3277826074540902
-3.5058564171416027,1.0661959413469124
-4.345574758968995,1.6517829660356331
-3.984750650845216,-2.851071798425884
-4.127975843868898,-2.8655458327352714
-3.2252401337248546,-1.9989338155805778
-4.418406389675782,-2.7175885673582267
-4.411598108730958,-2.4612441893636894
-4.533210180721925,-2.4615583803474617
-3.3509468063933117,-1.982963674885006
-4.697514913998292,-2.1173718359291267
-4.394721888027833,-1.7937369879305076
-3.99870004507129,-2.4191747393428993
-4.214680574856446,-2.595421874147625
-4.198545359097169,-1.8062872227251243
-3.7056988701445324,-2.4955064590990257
-4.399516008816407,-2.6735794480859947
-4.273392103634523,-2.637384080511303
-4.42613448949878,-2.251494097706647
-4.240236662350343,-2.364048966389866
-4.284899614773439,-2.8222541447698783
-4.020354650936769,-2.7458398278772544
9.954795457400634,-0.20734717808362957
9.514623738803222,-0.4740758176862907
10.012307740725829,-0.10937859974500652
-2.4748858437163097,0.5004439119279671
9.376070119418456,-1.045397185903759
-4.248151682339357,1.7510406736314583
-4.10153379293506,1.7778188947618294
-4.364394091091798,-2.7098084028780174
-3.93206300588672,-2.7657066222250175
11.352644540347411,-0.29793527088758465
10.701455689944579,-0.5863255497038078
9.483111955203368,-0.6653363939344596
9.481155015506102,-0.8537684913694572
9.398536302127196,-0.4735344883024406
9.679240323581054,-0.5363513465940666
9.62984523919995,-0.8851303096830558
9.51897344736035,-0.8730415340482902
9.49630031732495,-0.8370152946531486
9.906810380496337,-1.608937704187603
10.107110120333983,-1.231020235639782
10.626333810366942,-1.2980416651785087
10.318330384768798,-1.5259509917318534
9.713481523074462,-1.9292063351690483
9.182644940890624,-1.1530843015730095
-5.0491346344572765,2.230153775590687
-2.523268602810548,0.7154490713060189
-2.7945593819243175,0.8369972471177864
-4.1744727120024425,1.8995911840379525
-2.756669901333497,0.9041661981523323
-2.4593285545927746,0.702221131700306
-3.626181028805421,1.2971775297105599
-4.474967859707521,2.7943918470323372
-2.8011445030791027,1.8343174222886849
-2.373648069821046,0.7079555753648568
-2.8228329643828136,0.633845305818348
-3.201047323666261,2.1052181486070443
-4.059108637295411,2.0752322439134407
-3.7801569923979503,0.5635850194871712
-3.7952565178496105,2.407611585038929
-2.7184323296171886,1.0318116907060433
-2.860198877773927,1.0611989263475228
-4.569329641781495,2.2608120206773568
-3.200730703793214,1.8470127347886849
-3.876859091244386,2.5840580228746224
-3.175351522885011,0.678370452302723
-2.9452480301481945,1.1812505487382698
-6.534909628353761,1.7408406499803353
-4.3840297684294445,2.360344624894886
-3.7172540649992687,2.8029091123521614
-4.510682962856935,2.0559327367723275
-3.6510042175871593,1.5104245904863167
-3.715611360989259,0.8333790067613411
-2.6344989761931163,0.6488210920274544
-4.180560015164064,2.18504259623888
-4.338970087490724,1.930797791856556
-3.977980516873048,0.848130441087513
-3.23579254003589,1.681440806764393
-4.315653704128907,2.499699807542591
-2.5727390274626476,0.578556990999012
-4.46931304784839,2.64900276698473
-3.2073325142485363,0.21444199122789387
10.868520356692626,-0.37310662232038494
10.591254807986571,-0.42046573124525066
9.578220941104247,-0.49206700287458416
9.602202512301757,-0.564814591032238
9.651780225314452,-0.6423555847227287
9.93888483194287,-0.59468677006361
9.656968213595702,-0.4977485176145744
10.45285663751538,-0.313822888952465
9.662305928744628,-0.7347853418409538
10.97561988977368,-0.43626370392438885
11.022842980899169,-0.19951345883008953
9.613858796634032,-1.8418869610845756
-3.407839201412843,-1.7367161747038078
10.112875558413817,-1.1634183164655876
9.78984222558911,-0.17373039684888836
9.011161424197509,-1.6342889901220512
-3.465841673336671,0.979358411210804
9.897828198947265,-1.0537663932859611
9.703448869265868,-0.5456897255003166
9.27972088006909,-0.25449421368238445
9.465995885409667,-1.0208078857481193
8.960651494540526,-0.7882293697416496
9.866714097537352,-0.7759627338468742
9.643624879397704,-0.6657039161741447
9.757924176730468,-0.7282610174238395
10.26820144800122,-0.4515570636808586
-4.589316271267579,2.5805532697618294
-3.824047945461915,0.3233155969560433
-3.7851275429350597,2.591179585832386
-3.8403548225981456,-0.9883721109449577
-2.5595382675749523,0.5969803098619271
-4.961013697109864,2.137789464372425
-3.9792303070646984,-1.4365208979665947
-4.5834716782194835,2.72700569667223
-3.9090160355192882,1.7411906484544564
-2.9766835198027355,1.2476269964158822
-4.971601389370607,1.564873195070057
-4.184129141293214,-2.298074233528943
-3.7007793411833507,0.27667853869798664
-3.332031153164552,-0.23485758267042156
-4.426241777859376,2.4155380491197396
-4.853746317349122,2.64690897502306
-3.9669817909819347,2.6013099912584114
-4.1887873634917,2.0262624982774544
-2.9200786575896007,0.5571257833421517
-4.375015638790773,2.3451764348924447
-4.926957033596681,1.272782540696888
-3.933598421536134,-2.310138088834257
-4.548713587246583,1.515174127000599
-3.3867386803251964,2.4116275075853157
-5.328345201931642,1.9905731443345833
-4.8520215973479015,1.6545090440690804
-2.961151503048585,0.20641133822801594
-3.546251200161622,2.2104594472825814
-3.8408140167814953,0.5432076219499398
-2.8987235054594738,0.16031978167894367
-3.6289895996672374,0.7553310159623909
-4.6811865791899425,2.298901296037464
-3.568261049709962,-2.0980893310129356
-3.543229006252931,0.5085320238054085
-3.743556402645753,2.501447892564564
-2.8118552193266613,1.4267816308915902
-3.97841253133838,2.164024567979603
-3.914961241207765,-2.5533167358457756
-4.869202516995118,2.316720700639515
-3.457245253048585,0.01820800341966633
-4.146336458645509,-1.7196497555792045
-3.03047027441089,2.0448038343370247
-4.267427824459718,-2.721253388744564
-3.1901024803740246,0.3951384786546517
-4.309193514309571,2.6750757459581185
-4.956396959744142,2.2961227659166146
-4.1119350418669445,0.9564108613908577
-3.5216568932158214,2.19665787257555
-3.8630947098356945,-1.7548763390600395
-3.3066228851896984,2.457848287004261
-3.281787298641847,-1.475994073969097
-3.3416060433012706,1.9930078748643685
-3.8234433159453136,-1.8610088761865806
-3.6728972420317394,-1.722427510839672
-3.303657434902833,0.6512436632097054
-3.273571394406007,2.5538723234117318
-4.182974718533204,1.4329721692979622
-3.753218077145265,-0.24291350803968426
-4.123637102566407,-1.6876503463804435
-3.509601019344972,2.5756618741929818
-4.9132608399016124,2.3775393728196907
-3.491229437313722,2.418633199113636
-3.332287214718507,-0.5520608659803581
-3.201864622555421,1.7798187498033333
-3.6130899414641124,0.9781687025010872
-3.6070808395964367,0.6734680894792366
-4.646695040188478,1.652099824327259
-4.649250410519288,0.6214554075181771
-3.9860905632597667,2.5496327642381478
-4.7652811035734874,2.701793885606556
-4.299952887020753,2.733903623002796
-4.108348272762941,0.22823236026170735
-4.025151155911134,0.5563642744005013
-4.138721369229005,1.5134777788102913
-4.685388945065187,2.2292167905748177
-3.2153057083708507,0.17146990336778645
-3.489757917843507,1.4951536420762825
-3.341740988217042,2.3787009481370736
-3.6540965065581066,-0.7338489528715324
8.88926849512036,-0.8563156362592887
9.02845010904248,-0.8487774368345451
9.684779264010741,-0.8655508991300773
10.951675988711669,-0.35666778050062176
-4.386037729702638,1.7013182405412484
9.357723332919432,-0.6423338886320304
9.6437321677583,-0.5782895322859001
8.083167172946288,-1.1126344438612175
9.306946851291015,-0.29958226643201824
9.469424821414306,-0.7129433389723014
10.995253182925536,-0.3837634559690666
9.743096925296141,-0.7221722837507438
10.709459878482177,-0.8836652275144767
-3.553915403805421,-0.4158371921598625
-3.050224684200929,-0.17184116802808758
-4.7970642075163585,0.7658591035783577
-4.319585226498292,1.5212712053239632
-2.9599932655913097,1.0609891179979134
-3.346273325405763,0.3370857004106331
-4.2850049957854015,1.683781361955433
-4.37569036336963,1.543623423951893
-4.219095133267091,2.4761240247667122
-6.447508238278077,1.3597967390001107
-4.441604994259523,0.9594597581804085
-3.1696418747526867,0.4777519468248177
-4.221593759976075,2.613529897111683
-4.481651209316896,-0.4673912759840202
-3.4761575684172374,1.365964389222889
-2.77022161336963,0.3825196985185433
-3.0373152718168956,0.5034665826738167
-3.549973867855714,2.1474125150621224
-4.6127685532194835,1.6224117044389534
-3.3840326294523937,-0.4137120481550407
-3.814782045803712,1.241389489549427
-4.263308905087159,1.7913248304307747
-3.412672899685548,0.35285375155809406
-3.60733737798755,0.4424888853013802
-3.470513246975587,2.0974862340867806
-4.18455734106128,2.7645232442796517
-4.101496122799562,0.25742647685411457
-3.359809778652833,1.7807342771470833
-5.558413885555909,1.7718274358690072
-3.3469676003081066,2.3412463430345345
-3.9231108650786144,2.8672520879686165
-4.0861195549589855,1.9476730588853646
-3.198639296017335,1.6706013444841195
-5.636784933529542,1.9343406919420052
-3.8642896637541515,0.7973389390886116
-6.763759039364503,1.7005564931810189
-4.064898394070314,-1.9388191636621666
-4.020665548763917,-2.079041698199482
-3.9765919670683605,0.5695197347581673
-3.275988958798097,-1.8260204132616233
-4.1716274246794445,2.9977547887742806
-6.71087684484546,1.723827577012806
-3.9844860062224132,2.3187834981859017
-3.6520322785002453,-2.150592626255722
-3.8494762405974132,-0.8742890592634391
-3.796471022091554,-1.6086602445661735
-3.9261225685698253,-1.026053809744091
-4.966769598446534,2.4206273321092415
-3.6803668961149913,-1.636569642645092
-3.2614287361723644,1.8482815984666634
-3.5183323845488292,-2.16415601335165
-4.5204843506438,-2.6089271243631553
-4.555305860958741,-1.5880526538908195
-4.363099001370118,-1.9859500464021873
-4.0155395493132335,2.6420366529405404
-4.37527646871631,-2.20298373065588
-3.9230722412688,1.9422075513780404
-4.3486551270109874,-1.4340114232122612
-2.8894871697050792,0.3982817892015267
-4.466464422665284,-2.5938474770605278
-3.407255075894044,-1.1045133110105705
-3.9084843620878917,2.8302485708177376
-3.121480844937013,2.1496689084947396
-4.02071513982837,2.2878777746141243
-2.6848749146086437,0.9916481737077523
-4.265887640438722,1.3132948640764046
-3.189772985897706,-1.6388882633268547
-3.2076214775664074,1.4952008489549447
-4.325144194088624,-1.5918417807638359
-3.5295990929228527,-0.07245066128370281
-5.312018297634767,1.394721246141224
-2.9448579773527843,0.49187157191637043
-3.6966351494414074,2.699251389879017
-4.551113031826661,1.9469749692857552
-4.7134341225249035,-1.6058268185674858
-4.4266909584624035,1.3772969011247445
-4.802682302914308,2.148399567979603
-3.2004388794523937,0.4952091936052132
-4.6951517090422374,1.7084131006181527
-4.18700685354297,-1.4898821350156974
-3.404195688687013,1.4809081319749642
-3.5076421722990734,1.8837530378282357
10.134216405429198,-0.4034945007383537
9.11591873315747,-0.792457127195568
9.737337686099364,-0.9125882621824455
10.029153920687987,-0.7700495954572868
-4.60479774328296,-2.4623298283636283
-4.072852991543458,-2.7218121226846885
-3.4171246513945324,-2.2196246918260765
-3.9215849861723644,-2.6720518704473686
-3.9304470047575695,-1.2515743013441276
-4.305890940151857,-2.2631392853304457
-4.18985690923755,-2.7443112667619896
-4.090098284207032,-2.086282828074665
-4.223864458523439,-2.5548120971739006
-4.430413626156495,-2.200077661496372
-2.7182015404326183,0.6878077749193001
-4.49098577352588,-2.1104254361211967
-3.8822201714140636,-2.593967103582592
-4.506241224728273,-2.5047377284586143
-4.812770746670411,-1.7398935195028495
-4.056041620693849,-2.84496411047575
-4.509114645443605,-2.2393183663457346
6.83372650293286,-1.4883169766485405
10.131311036624266,-1.3939016696035575
11.117074586428954,-0.14034607372877117
11.01099643854077,-0.12801792584058758
11.244526483096434,-0.23978736363050457
-3.1777776703459484,-2.1195183481991005
-3.5097364410979015,-1.8863191541254234
-4.531619451962159,-1.8290082748949241
-3.9921072945219738,-2.255663226541848
-3.595299623928712,-2.472880655151577
-3.49537505956714,-2.414481857043476
-4.27562465520923,-2.7208694752275657
-3.9152401909453136,-1.8841471608698082
-4.391738317928956,-2.2910560455143165
-4.168657206020997,-2.2643529700085234
-4.455486677609132,-2.5549729999124717
11.081109620608641,-0.1765132185041618
9.930746652163817,-0.21550824604627605
9.686098195590331,-0.378248953443737
9.289195634402587,-0.7319103714048576
9.286252118624999,-0.6621674533903312
9.895285226382567,-0.43450822792646404
10.7984853759187,-0.3057452674925041
10.268120385684325,-0.4856457944929313
9.397883988894774,-0.5488910909712028
9.444639302768065,-0.5789914365827751
9.760677434481932,-0.29803171120283123
11.024332620181395,-0.11212828121778484
11.181408502139403,-0.3062780138075065
9.592772580661132,-0.8127174612104606
11.374785043277098,-0.27716662846204754
10.479628182925536,-1.5979874964773368
9.646037675418212,-1.9660066898882103
10.786284066714598,-0.3364222284376335
-2.494412802181886,0.5319640401780892
-3.32020416112964,1.0276543859422493
-3.5856122002226574,1.2395140890062142
-4.209693811855958,1.6452548269212532
-3.364270113430665,0.8420083288133431
-2.96917762609546,1.819054341691761
-3.720137499294923,1.0439073804796029
-3.449024103604005,2.1936495069444466
-3.8193534836394054,0.9859800104081917
-4.25640382619922,2.475205636400013
-3.9086126312834484,2.6946074727952767
-4.278743647061036,2.19889757670763
-3.5647224411589367,1.6173922780931282
-2.5646347031218273,1.050102687257557
10.017434693850829,-0.5656388040601921
-3.118856810055421,-1.8394345577776146
9.784632779635741,-1.441137158495159
9.476995088137938,-1.9153027173101616
9.530382730044677,-1.9515778657018852
10.2621723189729,-0.8310623403608512
-3.8401807770354015,-0.7846143480360221
-3.144116304836915,0.9125423196733284
-3.4618491158110363,0.8582541707933236
-2.743112944088624,1.3091597322404671
-4.330611132107423,1.9389545682847786
-3.62780799718921,2.268451428788929
-2.8934554085356456,1.7602016691148568
-3.7049154266936046,2.3704731229722786
-4.087390325985597,2.996086812394886
-4.2461513504606945,1.8914072278917122
-3.783287905178712,2.6870977643907357
-3.366347692928956,1.3452625039995003
-3.840179823361085,2.550490117448597
-3.863917253933595,1.7095041040361214
-3.2439817413908703,2.263242459672718
-4.738222025356935,2.3227479223192025
-4.848523996792482,2.4731576208055306
-3.4716524109465343,2.310216164964466
-2.8794449791533214,0.7307452920854378
-4.325682066403077,2.491610265153675
-4.029628656826661,2.628631329911976
-3.2866453156096203,2.0998432401597786
-4.426173590145753,2.323869443315296
-4.381588839016603,2.4861347440660286
-3.262145899258302,1.794234013932972
-4.0873121246916515,1.718496537584095
-3.9069012627226574,-0.6861535545408439
-3.8216446861845714,2.2780020002305794
-4.622434996090577,2.7555510763109017
-4.029490374050782,2.037853932756214
-3.579970739803956,2.650395131486683
-4.006608389340089,1.6006443265855599
-4.356354139767335,2.2644450429857064
-4.860615156613038,1.435711121934681
-5.089563749752687,2.383751607316761
-6.182034872494386,1.7028941873491097
-5.052009962521241,2.4510390523851204
-3.6835760101896984,2.2187554601609993
-3.7742694840056163,-1.9480005737364006
-3.9026197418791515,2.4068305257737923
-4.115236185513185,0.9047903779924202
-3.1458372101408703,2.0461742643297005
-4.251791857205079,2.308732247728138
-3.5655440315825206,2.7481910947740364
-3.3506063446623546,-2.3531761031567764
-4.5565480217558605,2.1267106298387337
-3.8786615357023937,1.3558990720689583
-4.232960127316163,2.3840653661668587
-3.672520540676759,2.742732262986927
-3.366593264065431,1.7831671003282357
-4.714912317715333,-1.1677557464658928
-3.927816294155763,2.479896283525257
-3.8161934837919933,-2.187412516397209
-2.623715780697511,0.5034031633317757
-3.501481913052247,-2.022025966268749
-3.206191442928956,0.5737242464006234
-3.9191202149016124,2.5447842840135384
-4.107691667996095,2.8049838308275032
-5.044845007382081,1.4509193662584114
-3.5587810501677257,2.638618207353382
-4.40431060644214,2.700547910112171
-4.268001459561036,3.011913991349964
-4.259242914639161,2.8006479505479622
-4.280810736141847,2.6201603177964974
-5.25462856145923,2.1726667646348763
-4.771686933956788,1.9996649984300423
-3.0041188225371105,1.8507153753221322
-3.8316267952543956,1.7325193647325325
-4.110122583828614,1.7817489866197396
-3.4421514496428234,0.34055349864366535
-2.8805903420073253,1.3903827432573128
-3.083348654232667,-0.421201252561779
-3.7993172630888683,2.51711103953722
11.401774026431395,-0.19740059338209148
-6.883397482357667,1.7710745099962044
-3.132848165951417,-2.6098475988924217
9.860537625827147,-0.7613184686720085
11.415395356692626,-0.2132113214552116
-3.1438406929594738,-1.0342053409635734
9.509124852694823,-0.34959962330457683
10.069017507113768,-0.8097356792509269
9.757463552035643,-0.5838092800199699
-4.468237780056642,-1.272649132829876
-2.7960237488371593,1.317441440004139
-3.6348022446257335,1.9029390577256966
-4.7217749580961925,1.4479822877824593
-3.088513277493165,0.7687022451341439
-4.397665880642579,0.8481805089891243
-2.957615755520509,0.6406943563401986
-3.795182608090089,0.42410967387559895
-4.088520906887696,1.6110236410081673
-2.8838237747771007,1.8103387121141243
-4.2740115151030285,1.0713262323320198
-3.3799199089628917,1.9286401037156868
-4.2714199051481945,2.2281315092027474
-3.7685345635039074,0.10011742152574543
-4.520769499264405,1.2780897382676888
-2.995704554043458,1.4882080320298958
-4.494504831753419,1.6833653215349007
-4.2026308998686535,1.3818094495713997
-4.305423162899659,2.169692254442005
-3.596804522000001,2.1793243650377083
-3.484182260952638,0.9202980760515023
-3.7170542702299816,-0.9580896135389518
-4.857452772579835,2.259312367814808
-3.124964617214845,0.6823608640611458
-3.4384993538481456,2.2030064824998665
-4.278516195736573,1.727142072099476
-4.5017408356291515,1.6389951471269417
-4.376645468197511,-2.7711817260801506
-3.6984447464567882,2.3586113218248177
-4.97403135152881,1.7103116277635384
-4.124279879055665,-2.2032697807967376
-4.340089701138185,0.6993074182451058
-3.9951490387541515,-2.0124346252500724
-3.6718367561918956,0.9085240129411507
-2.9638384804350597,0.7155794862687874
-4.811397455654786,1.6252968076646614
-2.681291006527589,1.497297978776722
-6.621149443112062,1.7506181959092904
-4.422205828152345,2.858354306596546
-3.941085241757081,-1.7295955058157158
-4.333777330837892,-0.3715329404890251
-3.086325071774171,-0.39346303902265545
-6.5444091782194835,1.871844983476429
-4.03442945333545,-2.1873853515803527
-5.876579664669679,1.950204587358265
-4.967984579525636,1.1310264829576302
-4.901157759152101,1.5008136991441536
-4.474868200741456,2.481630540269642
-4.626211069546388,1.6882059339463997
-4.287429712734864,-1.7710974451124382
-4.215641401730226,-2.316453003507824
-3.7225169167143566,-2.525340759378643
-4.408233068905519,-1.7924622233926963
-4.513473890743898,-2.018425577503414
-4.991271875820802,1.6264724496782113
-4.342071436367677,-2.349017792564602
-4.581863306484864,-2.2218615647375297
-4.2431935295683605,-1.9365676876127433
-4.622614286862062,-2.0099461015283775
-4.0764407143217785,-1.6230616804182243
-3.3063959107023937,-0.577784561735363
-4.628078363857911,1.9149586919725228
-3.6894000992399913,-1.9342476960241508
-3.88464393468921,-2.2888505171954345
-4.397934816799806,-2.385169827562542
8.186919786013915,-1.4633610483228874
-3.876053713284181,2.1467206243455697
-4.338045977078126,1.219756818193226
-4.194324396572755,-2.770773791891308
-3.848531626187013,2.433051801103382
-4.3457607254606945,-2.0593273129284095
-3.73229493948047,-1.7585020299970817
-4.729416750393556,2.3426010374009896
-4.3383778557402355,2.77000353373888
-3.3204826340300304,1.7421324018419075
-3.598107241116212,-1.310424589735241
-5.01729717107837,1.923450208085804
-4.325761221371339,-2.190436736863823
-4.2218922600371105,2.676633572953968
-4.514676474056886,-1.9471965964853477
-5.001115225277589,2.3970181707322884
-4.36436166616504,0.3746614221513558
-3.926216028652833,1.7461044553697396
-4.0577405914885265,-2.160636590045662
-2.781295202694581,1.5874533418596077
-3.9790238365751964,-1.5457418199598503
-3.6374224648100597,-2.566790306192608
-4.982839964352296,1.702925181764393
-4.336768053494142,-2.6390963431417656
-4.734141729794191,-2.0391170617162895
-3.5523575768095714,-1.8472174044668388
-2.98646392675464,-0.23964788876173015
-4.421255968533204,2.7966673139512825
-3.177504919491456,2.259268021959095
-4.1446451172453624,-2.415258550268383
-4.211796186886476,2.3714611295640755
8.216007329501464,-1.5988612409650993
-4.151327036343263,-2.7964186903059196
-4.3740834221464855,-2.2338989164650154
-4.936826132260011,1.9708034757554818
-4.328446291409181,-2.3163240227818203
-4.277665518246339,2.9998562101304818
-3.183659933529542,1.9761111501634407
-2.9415296539885265,1.840973115342884
-4.1351942047697765,-2.69815196953413
-4.510116003475831,-2.288513167944522
-4.202466867886232,-2.5862176950990867
-4.4914163574797374,-1.8482362266599845
-5.190905474148439,2.117872453111439
-6.587944410763429,1.5736949209153939
-3.3951362595183117,2.058347440141468
-4.218251131497071,-2.1832853566825103
-3.2660845741850597,-1.0927200552046012
-6.4214538559538585,1.8056561712205697
-4.520756147823976,-2.5342696245729637
-3.4263829216582042,0.9323186639726448
-3.296980284176515,0.3477942708909798
-3.470693968258546,2.4477641347825814
-4.10118331762378,1.2596983674943734
-2.9020170197111828,-2.52748968563673
-4.236229322872804,1.3843986753404427
-4.45963229986255,-0.0014224287092399202
-2.9838632568938,1.5246755842149544
-4.395770452938722,1.5169906381547738
-3.971238993130372,1.2218763593614388
-4.214255236111329,1.144176698106556
10.103226281680419,-0.537949823957653
-4.717289350948976,0.9428221944749642
9.793159104861571,-0.8912317987501335
9.742092706240966,-0.5448981758176994
9.94190225747998,-0.6625997062742424
11.007752992190673,-0.3191157814085197
9.615078069247557,-0.6501865621626091
9.483268834628417,-0.6911213632642936
9.68762979654248,-0.38270463905927654
9.474704839267089,-0.8036408659040641
10.238269425906493,-0.47326459847089763
10.484752275027587,-0.9639719959318351
6.0332909598725575,-1.7462916608869743
-3.6505307182890636,-0.014546179395885428
-4.237126730404542,-0.3036386009275627
-4.2670067772490246,-2.8178662296354484
-3.5113324150664074,-2.515695222836704
-4.0537404045683605,-2.3955489333688926
-4.2388223633391124,-2.6281141873419
-3.8691414818388683,-2.0969753053009224
-4.1380557045561535,-2.6485683854639244
-4.404131792507814,-1.9430954094946098
-3.827196024380372,0.8071996931016732
-3.145122908077882,-1.9544328685819816
-3.2557338699919445,-1.5103183027326774
-4.513285540066407,-2.5995231803476524
-3.1208576187712413,-1.8608449038088035
-3.9777850136381847,-2.150559500974388
-4.413366220913575,-2.4659054066955757
6.047201968707396,-1.7410066958486747
9.203058816470458,-0.4685392614423942
9.48902378229077,-1.4173282023489189
9.818185903109862,-0.4318564172804069
9.486843205966307,-0.6399200197279167
9.168237782992675,-1.0509429212629509
10.981852151431395,-0.20976664982435222
10.519750215091063,-0.36452462635633465
9.95230970529492,-0.6762372489988517
10.054938890017821,-0.4595628019392204
9.902445889987304,-0.6909079786359977
10.24091587213452,-0.7310842510282707
-4.6337317452055675,-1.8177382584631157
-3.205533884487794,-1.582513177019329
-4.189016722164796,-2.7428033586561393
-4.59744443746631,-2.5973016258299064
9.657188512362792,-0.48302950821516033
9.594457723178222,-0.8896341558515739
10.97348652032788,-0.21010186634656902
10.017113782443358,-0.4314003225385856
9.723443128146483,-0.5360909935056877
9.40696344522412,-0.14454295597669597
9.924162484683348,-0.367903494459362
9.944281198062255,-0.41715874634382244
9.653130151309325,-0.6227600809156608
9.602487660922362,-0.3217594858228874
9.542341329135253,-0.6296310659467887
9.81866703180249,-0.7001157041609001
10.100706674136473,-0.5379443403303337
9.988208390750243,-0.7299021717130851
9.641667939700438,-0.7320634361326408
10.338716126956298,-1.384958588701458
10.588373757876708,-0.29643430672285076
10.11535320428784,-1.0290199752866935
-3.0996645912749035,0.7313897375047493
-4.273709677181886,1.8806068662584114
-4.69958009573047,1.6615431074083138
-4.718531034908937,2.0659000638902474
-3.042802236996339,1.1180155042588997
-3.9663447365385753,2.4574949506700325
-4.564082525692628,1.3460733655870247
-2.7347377762419445,0.956040597337513
-3.814361952267335,2.0534136060655404
-2.7095068916899425,1.2814388040483284
-2.5942205414396984,0.9439539674699593
-4.4582909569365246,-1.6723245020925712
-4.117210291348146,-2.1165786620199394
-2.8492092117888195,0.61383054293993
-4.841111086331056,2.0298964742601204
-2.9020465836149913,1.1371934179246712
-4.389385126553224,1.6108758214891243
-4.377138994656251,1.847071862596302
-4.021744631252931,2.3033196691453743
-4.196287058315919,-1.9361612137376976
-4.264930628262208,2.308884835618763
-3.3191684708220226,2.122699475663929
-3.532637499294923,1.6666631463945198
-2.905123613796876,0.8774130109727669
-3.1838482842070324,1.9100968603074837
-3.2661851868254406,0.4360027078569222
-3.162557505093263,2.2384731534898568
-2.6395043358427746,0.8406281236589241
10.078350640811278,-0.8437094923078727
11.372359849490477,-0.250962519270153
9.471324063815429,-0.5803650852262687
10.893263436831786,-0.1841566797315788
9.390037156619384,-0.9335848327696037
10.053130246676757,-0.517348074537487
10.511512376345946,-0.9521126981794548
9.534030057467772,-0.8601919647276115
10.30174408105786,-1.3301566477834892
10.611806489505126,-0.2838618990003776
-4.131830595455812,1.2715925935685921
-4.021378897152589,2.1169841054857064
-2.5411442741972667,1.0496515993058968
-4.191375635586427,1.904113984483509
-3.848526857815431,2.413925862687855
-4.033062361202882,2.3022758726060677
-3.3061493858916027,2.27059004344347
-3.6926397308928234,2.4336840871751595
-4.101386450253175,1.7896449331224251
-3.826521776638673,1.6429507497728157
-4.795085333309816,2.566033101457386
-3.6441024765593273,2.2264911893785286
-2.9710425362211925,0.7953939203203011
-3.4296139702421886,2.0088279012620736
-3.1130103096586925,1.4995691541612435
-4.454000376187013,2.0175153974473763
-3.617971800289796,1.6478938821733284
-4.029215715847657,2.851863122361927
-3.481133364163087,1.5407120946824837
-3.8135017380339367,-2.3614995267212104
-5.280475996456788,1.8640033964097786
-3.986055754147218,2.845851159471302
-5.014020346127198,1.8662569288194466
-3.9129013046843273,1.3214268449724007
-4.2152627930266124,2.535271382707386
-4.7091640457731945,1.4872019056260872
-3.4179443344694835,1.2913236383378792
-4.453662298641847,0.9348025087297249
-4.324882887325929,0.24316403903368
-3.692267797909425,2.498762822526722
-4.4859632477385265,2.2616355184495736
-4.46307411047046,2.488086438554554
-4.827924631558107,2.6545469526231575
-3.629335783444093,2.754406667131214
-3.015759371243165,0.7562691930711556
-4.383464239559816,1.6905290845811654
-3.6150006279570324,0.6000594858110238
-4.165182970486329,2.1648809675157357
-3.6990956291777355,1.4262077573716927
-4.2721218094450695,2.059044099229603
-6.3399108872038585,1.785778260606556
-3.1067122444731456,2.002878404039173
-4.227476499996827,2.4646246198594857
-4.339601896725343,2.5636698965013314
-4.123818777523683,2.4174206022203255
-3.048988245449708,1.885939336198597
-4.169575117550538,2.9019620183885384
-3.6508115753752453,2.3749353650987435
-3.550046823940919,2.295997357744007
-4.367821119747804,1.9999687436998177
-4.583146475277589,2.6852915052354622
-4.695497415981935,1.0526683095872689
-3.6124581322294933,2.59722635783556
-4.5289319977385265,2.8450801137864876
-4.319930933437989,1.8546087507188607
-3.9443301186186535,2.8226868871629525
-3.6882571205717785,2.1073901418626595
-4.3832997307402355,2.8822147611558724
-3.6273020729643566,1.5897795919359017
-3.9209207520109874,2.9280335668504525
-3.3805040344816906,0.6069278482377816
-3.5070432648283703,1.5849032167375374
-4.401286505184816,1.447521424669056
-4.541515730343507,2.148228383439808
-3.736314676724122,1.4415256742418099
10.451321221865966,-0.874320411306591
10.245221711673095,-0.8329540725767326
9.858042813815429,-1.1006455656110954
10.067206479586913,-0.8712144132673454
9.48472223428662,-0.6967122789442253
11.264352418460204,-0.2713216777860832
-6.38513221593921,1.5423400167405892
-6.464081190548585,1.6454243425309945
-6.008304022274659,1.60481855906847
-6.339856527767823,1.7066879037797738
-6.868463896237062,1.9253284696519661
-6.636973761044191,1.5021774534166146
-5.060922525845216,1.3039617303788948
-4.547973059139894,2.751906133073597
-6.392329596005128,1.609421706575184
-6.370341680966066,1.8238303426683236
-6.50385894628589,1.430713153260975
-5.393266104183839,1.4084419969499398
-4.494312666378663,2.7563602689683724
-3.5476201996428234,2.6268794301927376
-6.404713057003663,1.8514683011949349
-4.452985189877198,2.558079934495716
-3.310258768520997,-1.6256720062315178
-3.7969445213896496,-0.01981999836561199
-4.20719089361255,-2.31394314877388
-6.843722723446534,1.7334553960740853
-4.828082464657472,-1.74556567631361
-6.800823591671632,1.690990901368885
-4.220604322872804,3.059885239976673
-4.923440836392091,2.569364285844593
-6.552009962521241,1.646636939424305
-3.5840696320158703,-1.4743353959142875
-6.320700071774171,1.7866909269273568
-5.913180731259034,1.2761473421037484
-4.0801686272246105,1.6185757879197884
-2.9775637611967785,1.9337994817674447
-6.381563566647218,1.593942618745594
-4.415836714230226,-0.052477383238048514
-5.797739408932374,1.9094640973985482
-5.907750509701417,1.904303765672474
-6.555817030392335,1.6306376222551155
-4.521140001736329,-1.486263656240673
-6.769218824825929,1.7357384923875618
-3.4281248077971203,-1.4655181404173088
-3.1646317467314464,0.7780961755693245
9.179025746859862,-0.32787349186536785
9.243900872744872,-1.7202951546728324
10.389864541568114,-0.7768864866316032
9.038859941043212,-0.8761219020902824
9.853109933413817,-1.0310625072538566
-3.948212049923585,-2.4002148892700386
9.064025975741698,-1.0364617343961906
10.508274652041747,-0.5283186670362663
10.144353486575438,-1.3170770641386222
11.417093850650145,-0.21734144650098797
-3.567819498501466,-0.5343892808973503
9.516769029177977,-0.5973903175413322
10.132770635165526,-0.556230926138134
9.302441216983153,-0.6638742919981193
-4.2530788406950695,-2.7811835046827507
-3.661809347592042,-1.867947393280239
-3.0911931023222667,-0.373288654905529
-3.4371298775297863,-1.843542390686245
-3.6676691994292003,-2.0985735293447685
11.415729142703368,-0.1792588468610954
10.194779016055419,-0.7907446857511711
10.248801805056884,-0.28049542866346355
11.414567567385985,-0.20288445912000652
9.66412315515454,-0.4562183853208732
6.092257596530272,-1.7412560220777702
9.339452840365722,-0.5317729946195793
9.674539662875487,-0.5453332897245597
-3.950587175808595,-2.05261931679842
-4.553682707272218,1.6785533193528939
-5.772524260006593,1.7233490709245491
-4.2541750893217785,-2.072823339325161
-4.19157924505298,-1.9707727666914177
-3.287036798916505,2.6572510961473275
-3.918609999142335,1.8720614675462532
-4.3072451576811535,1.59348723925951
-3.5956953987700206,1.8300888303697396
-3.4750713333708507,0.2108468774736214
-3.878028772793458,1.0104992155015755
-4.016817949734376,0.7911932233751107
-3.017320536099122,0.929192042726307
-3.3770460114104015,1.5236356023729134
-4.668055437527345,2.3994009260118294
6.643711663760497,-1.604371988397808
10.905722238101317,-0.34470977745649334
9.814157582797362,-0.46170642338392254
10.138645745791747,-0.357985281568737
9.89322242883618,-0.7494564291059684
9.63892898706372,-0.9628305669843864
10.724016763247802,-0.30616512261030193
9.626806355990722,-0.6705540653288078
11.39677581933911,-0.2419271703779411
10.754632569827391,-0.2914806839048576
9.523988343753173,-0.27208056412336346
9.293507672824218,-1.2361467119276237
10.639518357791259,-1.4326967235624504
10.463610269107177,-0.7313570018827629
9.593881703891112,-1.7663681741773796
10.906942941226317,-0.4118843313276481
10.721603013552977,-1.2329352136671257
11.213103868045165,-0.3739209409773063
8.498620606936766,-1.5583252545416069
-3.4703144058806163,1.1065032247484017
-3.102208040676759,1.0227210287034798
-3.597246073208497,0.7974669698655892
-4.035690210781739,-2.250477173548908
-4.2433461174589855,-1.8861812587797355
-3.4825290665251476,2.2150156263292122
-3.434471510372804,2.700023866075306
-4.2467736229521496,1.8065383199632454
-2.888451479397462,1.4486803773820687
-4.075301550350831,2.632340646165638
-4.303585909329103,1.3491322759568978
-3.8456148132902843,1.7573210958421517
-3.0192173943144542,1.5777771238267708
-4.010526083431886,2.706652856248646
-3.028338812313722,1.5015437368333626
-4.136683844052003,1.6731548074662972
-3.789290331326173,2.724041200059681
-3.7056192383391124,2.217725968736439
-4.3053201660734874,2.0088393453538704
-4.507919214687989,1.1298801664293099
-3.146120928250001,-1.7958734270155143
-3.0856546387297374,1.2792854074418831
-3.306138895474122,1.8420488599717904
-3.640071295223878,2.410446858781605
-3.764559648953126,-1.1377405162870597
-4.452436827145265,2.3964426282823372
-3.4343503937346203,0.49105212725999836
-3.9944876656157238,2.148912167924671
-4.358746908627198,2.651801801103382
-4.583617590389894,2.5508787397325325
-4.063156507931398,1.0077070955217171
-4.324400328121827,2.133892274278431
-4.4262074455839855,-0.452559256178112
-3.6181272492033703,1.6244942907274056
-4.788837812863038,2.270782685655384
-3.1949218735319835,1.559432006257801
-3.4149893746000988,1.6667728189409066
-3.2307685837370617,2.2175237897813607
-3.8823966011625988,2.7666895154893685
-4.474429510555909,2.652784562486439
-3.6502837166411144,1.841806149858265
-3.528454206906007,2.5622126821458626
-3.2652081474882824,-1.523673438650341
-3.3170880303007824,1.8093292478502083
11.250544168032958,-0.17383696995374676
9.423402406253173,-0.4014883276045036
9.298267461337401,-1.3254523511945915
10.603107072390868,-0.2525630231916618
10.807694055117919,-0.3011636968671989
11.412980653323485,-0.20822598896619793
10.541190721072509,-0.2131197687208366
11.246627427615477,-0.31840267143842693
10.782441712893798,-0.2713676925718498
11.372257806338622,-0.21155359707471844
10.237617112674071,-0.5729631420194816
-6.804695509396241,1.563575244325428
9.688710786380126,-0.6596787210523796
-4.480580233059571,-0.3610725637495231
8.853711225070311,-0.8714336391508293
9.31613788751538,-0.7613487478315544
9.477621175326659,-0.5434096094190788
10.007670499362304,-0.525590204817028
10.118427373446776,-0.6913444038450431
9.399189092196776,-0.5768183704435539
10.803667642154052,-0.5303696628629875
11.428972817935302,-0.20889570675489422
9.610092259921386,-1.9113496478616905
-4.582592390499757,1.8561475042283822
-4.087249182186769,2.563786721605091
-3.4224070534331066,0.6243021253526497
-3.25191106649463,0.5711848501146126
-3.2998041138273937,2.132110810655384
-5.0781015381438,1.8326713804185677
-3.49700441213672,2.103609300035267
-2.5229991898161632,0.26262829341295246
-3.614389322720216,-1.9124002095281791
-4.069364450894044,1.2017690900743294
-6.7359632477385265,1.6378555063188363
-6.745352171383546,1.5744540456712532
-4.039576433621095,2.316556668657093
-3.531357668362306,2.1316230062425423
-3.8268608078581554,1.7500016454637337
-6.4314331040007335,1.7075628999650765
-6.858023069821046,1.7376324895799447
-4.874643228970216,2.1116621259630013
-6.849177740536378,1.8571693662584114
-4.002034567318605,-0.7724404569685173
-6.2796396240813,1.147310471910267
-6.738788984738038,1.776646352189808
-5.797211073361085,1.501966929811268
-6.668047331295655,1.8977901700914193
-6.458230398617433,1.6907462839067269
-6.705417059384034,1.67887542285326
-4.083702944241212,-1.7578227754652214
-4.465674303494142,-2.048615434390278
-6.70967998357837,1.79067060984972
-6.712175749264405,1.847266412156849
-6.6569789871794445,1.7062709096849251
-6.6578382477385265,1.9954440359056282
-4.592599771938966,2.226209855455189
-6.815089605770753,1.5509228471696663
-6.667153738461183,1.8469111684739876
-4.087594412289308,-1.2422423597395134
-4.143123053036378,2.612161851304798
-3.6135882362944347,-1.6931269999563408
-6.152736090145753,1.278876757997303
-4.395121000729249,0.8744494680345345
-6.6287607178313,1.6968204740464974
-6.674838446102784,1.8204505208909798
-3.2423295006376964,2.179353928941517
-3.3165129646879894,1.8895375493943978
-6.614784620724366,1.981705880540638
-5.333181284390138,1.7258772615373421
-6.3443263992888195,1.855839467424183
-4.336754225216554,2.5203521017015267
-6.599176786862062,1.9923088315904427
-3.7278856262785656,2.2412073377549935
-2.889273069821046,1.634094453233509
-4.126044176541017,-1.3811909195005607
-4.331767462216066,1.8094117406785775
-4.095421694241212,-1.2585935827314567
-2.9336046204191906,1.7860772375047493
-3.637603662930177,-1.757661544901104
-3.6915277466398937,0.8807012800157357
-4.08391036840503,-1.8093691404878807
-3.4331420883757335,-2.4066351141750526
-4.062462709866212,-2.632317775112362
-4.417262934170411,-0.23722412548658367
-3.996767900906251,-2.1719883393466186
-4.224314115963624,-2.048111566525669
-5.910492323361085,1.9357201818406868
-6.615060232601808,1.827887750047474
-4.124519728146241,0.534869885820179
-3.614513777218507,0.8479776147783089
-6.654672049008058,1.8873498205125618
-5.943596266232179,1.8645217184007454
-4.4923132881743175,1.7722089055955697
-6.286635778866456,1.7187342409074593
-5.5111917481047374,1.876250958818226
-4.481944464169191,-1.8148783680021476
-4.382803820095704,2.612361169236927
-5.760115049801515,1.9441272977769661
-5.945111654720948,1.4432158235490609
-3.754807852230714,1.5799591306627083
-5.253323934994386,1.6951486829698372
-4.63154973836963,2.5370547536790657
-3.606278322659181,2.666048264879017
-5.089917562924073,1.3692638639390755
-5.598278425656007,1.3087377313554573
-6.691118620358155,1.6035380128801155
-6.684792898617433,1.7173900369584847
-6.7115491852385265,1.813244080919056
-6.616673849545167,1.862966752427845
-6.279505156002687,2.070796227830677
-4.869363687954591,2.037268853563099
-6.804080389462159,1.9595668081224251
-5.255467794857667,1.582160210984974
-4.6296328529936535,1.9803797964036751
-6.687018774471925,1.9005186323106575
-6.462210081539796,1.789602494615345
-5.337077520809816,2.2862536672532845
-6.555183790646241,1.561570382493763
-6.1486877426726085,2.1255876783311654
-6.4440683350188,1.6153957609117318
-6.086155317745851,1.7641370061815072
-4.577999971829103,-1.9945573743402671
-3.479706190548585,2.476398206132679
-6.638503454647706,1.7731044057786751
-6.590937040768312,1.6304082635820198
-6.812384985409425,1.8763978246629525
-6.445489309750245,1.8425814870775032
-6.6461500153166515,1.7248244050920296
-4.11622991415088,2.820249295610218
-5.018862627468751,2.01362679042223
-3.6108554825407726,2.4681222204149056
-4.52312745901172,-1.7946530517160606
-4.380187414608644,1.531423783677845
-6.352420233212159,1.6668596033036995
-5.292111299954103,2.1523329976976204
-3.497432135067628,0.3172168497026253
-4.5545901283842785,2.1746904615342904
-4.409689329586671,2.78913948573473
-3.3046306595427257,-0.6681428190290641
-3.4967311844450695,1.2438573602617073
-3.0776075348479015,2.1252877477586556
-4.42815151067798,1.9615123037278939
-3.1993793472868663,1.6712782148301888
9.689214803256347,-0.7157788511335563
9.527040101565673,-0.4684981342374992
9.757292844333007,-0.8243885274946403
9.536762334384276,-1.239047669988842
-3.579158209286378,-1.6333672638952446
11.418717958010985,-0.2038443323194694
9.434087850131347,-1.788135850053997
9.481810666598632,-0.3455844160139274
9.43530521539624,-0.463092589002819
9.692651368655516,-0.7321690555631828
9.672948457278563,-0.638690733534069
9.54973516611035,-0.5732696291029167
-4.435845755062745,1.607619023698597
-3.4079092964750988,1.227215028184681
-2.879876039944337,1.575622773546009
-3.447690866909669,-2.1116742577373695
-4.103668592892335,-2.100018584352703
-3.6847547516447765,-2.4632097121298027
9.307130433596923,-0.925498389822216
-3.1107191071135265,-1.93928863964674
-3.8209880814177257,-2.438122132045002
-3.3152574524504406,-2.005019747835369
9.324037648715331,-0.3948179718076896
9.415553189791991,-0.5550637479841423
9.917043782748534,-0.7451317544996452
10.876016236819579,-0.4491565462171745
9.697805978335692,-0.6874988313734245
9.270607091464354,-0.4392848249494743
10.417358972110106,-0.48646094761487957
9.578682996310546,-0.8754322763502311
9.920343019046141,-0.9055233236372184
-2.9954332337004406,0.5101971391618538
9.491806603946044,-0.2914271589338493
-3.2271841988188488,-0.1255965467512321
9.525453187503173,-0.605156683546276
10.03535757211621,-0.5074210401594352
11.156356431521727,-0.236846947294445
9.07221756128247,-0.5888644691526603
9.187193967379882,-0.852800750356884
9.372574426211669,-0.6184119220792961
9.345995999850585,-0.8605042930662345
9.214823342837645,-0.5109291311323356
9.607027150668456,-0.6221981283247184
9.63633070138867,-0.4240650173246574
9.33124551919873,-0.4753451582014274
9.801262475528075,-0.7684087987959098
9.534528829135253,-0.4496891733228874
9.399126626529052,-1.7686213489591789
10.999713517703368,-0.565906309705944
-4.276252649746583,1.7310311559617806
-3.8754867539030773,0.7546427015245247
-2.8351544365507824,0.7005476716935921
-4.467766664944337,1.6235382322252083
-4.338036440334962,0.7635862592637825
-4.5127014145476085,1.8642985586107064
-4.50738563390796,2.075897431749134
-3.147725962124513,1.011017060655384
-2.6344646439177257,0.4899275068223763
-4.075809858761476,1.8155452970445443
10.025526143588378,-0.496675991636486
9.955021478213622,-0.8261468645155143
9.402556516208007,-0.4647122856199455
10.854035951175048,-0.8525632854520988
9.733016587771727,-0.5035783287107658
9.705136872805907,-0.6347661253034782
9.451581098117186,-0.6768290039121818
8.73618993905957,-0.9801309343397331
10.171205140628173,-0.49931588135358806
10.665074922122313,-0.5371654268324089
9.829240895785643,-0.6381572719633293
9.44636545328076,-0.6855795618116569
10.13060436395581,-0.656427287679882
9.86909780649121,-0.7788701292097282
9.938824273623778,-0.3816523786604118
9.218330956973388,-0.6296220060407829
11.082425691165282,-0.2868530984937858
9.420512773074462,-0.6843383546888542
9.375147439517333,-0.6486176487028312
9.62381324914868,-1.61599864922163
10.24504528192456,-1.098408603292675
-3.1926726326567394,0.8867265943467904
-4.292640589199708,-1.9850505527078819
-4.340221785031007,-2.3802601110160064
-3.6853445992094738,1.4499752286851693
-4.865189455471681,1.4965429071367073
-3.204965494595216,1.809246278184681
-4.229493044338868,1.7401692632615853
-2.8185910210234386,0.9512350324571419
-3.815199755154298,-0.2952127691328239
-3.6078218445402843,-1.595363759618969
-3.7641123756987316,1.4019505742967415
-4.298108480892823,1.481886363405018
-3.9134983048063976,2.0210630659044075
-3.871591471157716,2.0798489812791634
-4.229063414059327,1.1210403207719613
-3.6696952805144054,2.052236771959095
-3.234152220211671,1.1417183641374398
-5.149567507229493,2.1085426572740364
-4.539242647610353,2.5146023992479134
-3.345475100002931,0.8797120813310433
-3.4535535797697765,1.8618108991563607
-4.1545189842802746,3.033778405565052
-4.3277367577177746,2.9113380674302864
-4.071144007168458,1.8247825864732552
-3.0889324173552257,1.3449761632859993
-4.146593950710939,1.3567759756028939
-4.494810484371827,2.1360814336717415
-4.885105513058351,1.924656606096058
-5.155121229611085,1.974175191301136
-3.7567767128569347,1.987548566240101
-3.731306932888673,2.4515087369859505
-3.662297152004884,-1.6137123938619804
-5.092856310330079,1.83717939891222
-4.497567556820558,2.4742085699022103
-4.118209265194581,2.681105351823597
-3.5670880303007824,0.6577391389787484
-4.854416750393556,1.8860523466050911
-3.777538679562257,-2.2458901900767994
-3.220027349911378,1.118037200349598
-4.270202539883302,2.347942567247181
-2.703369043789552,0.5051142934739876
-4.138881109677003,2.831990933793812
-3.4475344643217785,1.7173444990098763
-4.262104414425538,1.0810527566850472
-3.4386090263945324,1.1939716104448128
-3.8805135712248546,-0.18901851139661785
-4.416135691128419,1.0612823728502083
-5.687687777004884,1.4142565492570687
-4.64198150487964,2.4948160413682747
-3.9523443207365734,-2.2878960195898723
-3.0102271065336925,1.8342125181138802
-4.448954008541749,2.6245410207689095
-3.9605826363188488,0.33555028476121906
-6.2239908203703624,1.5882150892198372
-4.222467802487062,1.123774505037098
-3.5795463547331554,1.6710686448991585
-4.360936544857667,-2.408400618654461
-3.4352001175505382,2.1512930158555794
-3.5274442658049328,-0.17505719624158855
-4.287629030666993,1.2169115308702279
-5.239758871517823,1.911933160203724
-3.2759551033598644,1.8397700551927376
-4.664671324215577,1.5506512884080697
-3.8908957466704113,1.7035305265367318
-4.43735971304004,2.1662919286668587
-4.695360086880372,2.242461896318226
-4.108771227322267,2.419652200120716
-4.176276586971925,2.222787595170765
-4.0377563461882335,2.538130021470814
-4.263052366696046,2.42482063807848
-4.30442514272754,0.011759972947864572
-4.568365953884767,2.041473603624134
-4.450347326718019,-1.639183544737072
-4.590416811428712,2.311220384019642
-4.381910227261232,1.8690650228441048
-4.472773931942628,1.7748467687547493
-4.57125224920337,1.4387588266313363
-4.69756593557422,0.906907296556263
-4.111412905178712,2.640249467271595
-4.717973135433839,-2.235807367783756
-4.952421091519044,2.2210232976854134
-4.061560533962892,1.6846065286577034
-3.998183630428956,2.9556309942186165
-4.154106520138429,1.8466002706468392
-4.406776808224366,1.614631152528553
-4.48564376684253,1.9956786397874642
-3.813079737148927,-1.294518553835125
-3.8083223328215343,1.1626324418962288
-4.549036882839845,1.6456525091111947
-3.145724199734376,1.340918994325428
-4.167927645168946,1.6594364408433724
-4.679857157192872,0.9039580587327767
-4.941241644344972,2.429605698961048
-4.494656465969728,-1.4545595284521293
10.184076882876708,-0.7343368764936637
10.997167207278563,-0.39418020210859295
9.568426229037597,-0.6451690431654167
10.756537057437255,-0.299920940023632
9.690549947299315,-0.5465649601041984
-6.297633551083253,1.6341438058793831
-3.5348528847319347,0.39148662127855305
-4.153215311489747,1.8921115163743782
9.99686823038037,-0.5889864202558708
-4.058370016537355,-1.7043206330358696
-4.132853411160157,2.1369101766526986
-5.700147055111573,1.7550112966478157
-3.1791700348479015,1.6930098298967171
-3.85798492284839,1.815948701280384
-4.073057077847169,-2.383886628967495
-4.440089128933595,1.2308239702165413
-3.9343785271269542,2.1619460348069954
-3.7541755661589367,-0.7325260873853874
-3.306872747860597,-0.29670443497297283
-4.016477011166261,1.6257586244523812
-3.887251280270265,1.5524325136125374
-2.858088873348878,1.9011313680589486
-4.831333540402101,2.106583810228138
-4.75884523244922,1.0203633073747445
-3.745318792782472,0.32771799601915363
-4.0817321762663585,1.1331636671006966
-4.450852297268556,-2.3748344119608116
-4.929320715389894,1.4312479261338997
-3.324540995083497,1.9427921537339974
-3.16495456548755,1.727470851320057
-3.6796607002836925,2.3666441205919075
-4.861203096829103,1.6597399476945687
-3.142742536984132,1.038093066591053
-2.9538940415007335,0.6001901391923714
-4.50735654684131,2.132028317827015
-4.574646852932618,1.5913641218126107
-4.643688105068849,-2.0026737090170097
-4.173840425930665,-1.6798054810583305
-4.935605429135011,1.3387791875779915
-5.3298963532072765,2.1984641317308236
-3.776944540463136,1.5029926065385628
-3.1142963394743663,1.953831410783558
-3.7937849983793956,0.6776671174943734
-3.3644522652250988,0.7898704770982552
-4.344131372891114,1.6074013475358773
-4.309399507961915,1.7791459325731087
-4.423740766964601,1.4526340726793099
-3.6722825989348156,-2.527900540453167
-4.4948719963652355,1.7395784620225716
-3.3494037613493663,-2.7668457861959648
-4.507585428677247,1.5442301992357064
-4.408160589657472,1.4491886857927132
-4.2490786537749035,-0.9479860302030754
-6.297619245968507,1.864492631334095
-4.410309217892335,2.1173689130723763
-6.650381468258546,1.7914936307847786
-4.763139627895997,2.371384358781605
-4.276657007656739,1.6814849142015267
-4.848993681393312,2.454387879747181
-4.434575460873292,0.5789506200731087
-4.300497911892579,0.4517197374284554
-4.56876315923755,-1.8765444394170951
-3.0071405396086437,1.7309725049913216
-4.544168852291749,1.3627311948716927
-4.6733740791899425,2.2433321241319466
-4.28703536840503,1.5141706232011605
-4.450890444241212,-0.04324676952955242
-5.323003195248292,2.1520697835862923
-4.58626689764087,2.3916194204271126
-4.618945024929689,0.9673969510972786
-3.912635706387208,1.7140707735002327
-3.584946535549806,-2.1216458912908744
-2.9055794701201183,1.2272941831529427
-3.937986277065919,-2.4898379530727577
-4.420687101803468,0.4307284120500374
-2.907639406643556,1.8480727437913704
-3.2196592316252453,-1.199474596601696
-3.5452240929228527,1.8211266759813118
-3.4750865921599132,2.5752546552598763
-4.207004927120851,-0.4542274709760856
-3.73780670019214,2.143622613328724
-3.3665389046293956,-1.8292753633081626
-4.253498934231446,1.5226597551286507
-3.4075702652556163,-2.2598314156725716
-3.6875900253874523,0.6354434255540657
-3.936452768765138,-1.6113891240179252
-4.458729170284913,-1.6772195335447502
-3.5309623703581554,1.6310200456559945
-3.8484000191313488,1.0808510545671273
-6.273370169125245,1.8069865468919564
-4.426136873684571,-1.7842305835306358
-3.23621978612964,1.0194494489610482
-3.200385950527833,0.7249829534471322
-4.375131987057374,1.1064224008500863
-4.141495130978273,2.32842752971056
-5.381996534786866,1.9853899244249154
-3.3462470993620617,1.6274089578569222
-5.444475077114747,1.6818172697007943
-2.7513603195769054,-1.5538745757162284
-3.6628269180876476,0.7246954206407357
-6.631701849423097,1.4584367040574837
-3.118206404171632,1.748469567674427
-3.4066294655424816,1.5719918970048714
-4.192555330715821,2.2690746549547005
-3.135723494015382,1.0434236291826058
-4.6690944656950695,-1.6301509376585197
-4.495539091549562,0.5324525598466683
-4.249804876766847,1.2297389272630501
-3.548159502468751,0.982304549592762
-4.116223715267823,1.7491023305833626
-4.293873690090821,0.42881319560411457
-4.027295015774415,1.3268630269944954
-4.439663790188478,2.274038052934437
-3.5822814926726085,1.4760398630082894
-3.093181990109132,1.3988265756547738
-2.9343489632231456,0.927515960115223
-4.006912611447023,1.035081124681263
-4.3288587555510265,-1.5089878078520012
-3.0925864204985363,2.1926486257493782
-4.016277216396974,2.3454267744005013
-4.1647681221586925,1.222280478853016
-4.872054003201173,2.00406811274889
-4.00259580465381,1.3191420797288704
-3.862192533932374,1.7685601476609993
-4.210841558895753,1.6548089746415902
-5.868418119869874,1.4914030794084359
-3.4385899529082042,1.851933217424183
-3.88197173925464,1.5371525052964974
-3.871518515072511,2.265183663743763
-3.3414391502958996,-0.014057421308727225
-4.293440245114015,1.2986006502092171
-3.144803904019044,2.3662020925462532
-3.9116415009123546,2.7496564153611947
-4.707468412838624,1.1841490034044075
-3.4703735336882335,1.7788188222825814
-4.575737856350587,2.124873376268177
-4.179446123562501,1.1404547456682015
-4.8476904854399425,2.191490388292103
-4.400106333218263,-0.08120181522962566
-3.110422037563966,1.74350903071764
-4.529080770931886,1.782217240709095
-4.054698370419191,-2.4333884801685524
-3.7927378639799816,1.0425615076005745
-3.944173716030763,-1.3369211193144035
-3.665330790005372,1.7486374143541146
-4.6164282784086925,2.250758386033802
-4.884709738217042,2.2852418188035775
-3.768659971676515,6.527666032600798e-4
-3.3003128990751964,1.2122163537919808
9.962418176211669,-0.8603837724744987
9.135224916018798,-0.7776501413404655
-3.6875156387907726,-2.7667230006277275
-4.762837789974855,-2.148381055515976
-4.144097231350587,-2.2704803270257723
10.800620652713134,-0.3322024580061149
-4.063815020046876,-2.908338749033184
9.274993516482665,-0.7145267959654045
8.592678166903807,-1.096784257513256
9.349617578067138,-0.5031744476377678
10.503199197329833,-0.6306444641172599
9.836760617770507,-0.619160556417675
10.714590646304442,-0.2672088380872917
-2.5351790413481456,0.3724021676957894
9.728216744937255,-0.5178437467634391
-2.502462290249513,0.5010747674882698
-2.501352690182374,0.37635157145860676
-2.5546511635405285,0.4115025762498665
-4.384480379543946,2.0540897611558724
-2.650064371548341,0.47306058444383625
9.467290498294188,-0.44271602593061443
9.065919972934081,-0.6416006322920036
9.481177903689696,-0.2684760328352165
10.859548188723876,-0.5013634201109123
9.53651437906201,-0.3378463026106071
9.545233823336913,-0.6232650514661979
10.072884179629638,-0.048470759016246756
10.737513162173583,-1.2902720209181022
9.983300782718016,-0.493984603506298
10.929264642276122,-0.43633344135877605
9.536890603579833,-0.6080186601698112
9.496164418734862,0.083831763643055
-4.016653440914796,1.6231763128221322
-2.781728647671388,1.046151852983265
-4.339124105892823,1.9606292013109017
-3.9587139114958507,2.897082543748646
-3.5920752510649425,0.7480113271653939
-3.627516649685548,2.7112838987291146
-2.630899809322999,1.4123596910417366
-3.395587347469972,2.1897151235521126
-4.310650251827882,2.023151135820179
-2.8649510368925792,1.2717680696428109
-2.9387806877714855,1.5385381940782357
-2.5745505318266613,1.1008872751176644
-3.4235829338652355,1.9926135305345345
-3.4498180374724132,1.6592232946336556
-3.709401987515138,1.211658215898304
-3.1879099831206066,0.88167402781847
-3.6645759567839367,1.4169702295244027
-3.2347706780058605,2.119206166642933
-2.592682264767335,0.4397134546220589
-4.15441932531421,2.1639654401719857
-3.9327548966032726,1.5974821809709359
-4.126232050381349,2.498573041337757
-3.2057274803740246,1.357886529344349
-3.2609366402250988,-2.0722766604244423
-3.787764452419923,2.3675100568712044
11.375424958743407,-0.2198796506941032
9.5505605712312,-0.644392752271862
10.542871095218016,-0.6830302711546135
11.4170738234895,-0.18527486286756512
10.66031227258618,-1.016786002737255
9.282839871920897,-0.6443988319456291
9.578024961032225,-0.5336873766004753
11.09013805536206,-0.4285508628904533
10.571364976443602,-0.8263018365919303
9.74306020883496,-0.35997357330915447
10.048136331118895,-1.167580031973095
11.311205483950927,-0.3159429069578361
10.213236428775145,-0.6347483631193351
9.735959149874999,-0.7890596624433708
9.387342549838378,-0.7489289279997062
10.826380349673583,-0.20836570225355144
9.531410314120604,-0.12620952091810222
11.408135987796141,-0.23770430050489422
9.164511777438475,-0.6453578706800651
9.578139401950194,-0.6655723091184806
10.045913316287352,-0.8365969892561149
8.502094365634276,-1.9246815081655693
9.449565030612304,-1.9545225139677238
10.009856797732665,-0.013729834181041678
9.969414330996825,-1.1537732120573234
11.272940255679442,-0.22226741276380535
-4.7238806709868175,1.5904176000535775
-3.5934533104521496,-2.193330140036316
-3.828646563015626,2.383122659105091
-3.619464300594972,2.6563989881456185
-3.1392630562407238,-0.061625265699596365
-3.7529057488066417,2.3595969442308236
-4.376583002529786,-2.61683591566679
-3.9906186089140636,1.6316694978654671
-2.8724049553496105,1.245537495988636
-3.7731684670073253,2.6499721769273568
-4.327405355892823,1.780317998307972
-3.7306112274748546,2.3551018003404427
-4.226264856777833,1.5433416131913948
-3.1215790733916027,1.9384495977342415
-3.4036649689299328,2.572540498155384
-3.434800051174806,2.2841531995713997
-3.3490661606413585,1.9125535253465462
-4.212364099941896,1.993370747941761
-3.7720564827543956,2.56223986186388
-2.74815072866504,0.861701226609974
-4.851150892697023,2.339395738023548
-5.199832342587159,2.0904690984666634
-4.62492074819629,1.8355633977830697
-3.8947528824431163,2.1638552907884407
-5.257094286404298,1.7597496274888802
-2.8361171707731945,1.2968270543992806
-5.9231485352141124,2.086132264512806
-4.7699622139555675,2.281428552049427
-2.572082422695802,1.0334574941575814
-3.546745680294679,1.4344713453233529
-4.160376451931642,2.8265187505662728
-2.942957781277345,0.46365759410264973
-4.473726652584718,1.2548689607560921
-3.8128651604277355,2.66127083339098
-3.445305727444337,-0.627254867178173
-3.846517942867921,-1.3097841378271293
-3.725663088284181,-2.067703911286564
-4.400575540981935,2.73248026408556
-3.5630506500822765,1.7555968526780892
-4.0031351074797374,2.7517683271348763
-4.860478781185792,2.1322390798509407
-3.240466497860597,1.8981482747972298
-4.52135219427173,2.1059152845323372
-6.430424116573976,1.22701094188097
-4.645065687618898,2.227792954820423
-3.712712667904542,2.515291428941517
-3.4547246918303234,1.8937012914598275
-4.635741613827394,2.430499768632679
-2.92803993078296,1.4144348863542366
-2.5716780647856456,0.6036162141740609
-3.7755440697294933,-2.036618211489887
-3.040243051968263,1.9604699377000618
-4.230063341580079,-1.9238696929037284
-4.755371950588868,1.7553174261033822
-3.00089731069629,1.3636564973771859
-3.2455405220610363,-0.7740836378156852
-3.5514186844450695,-2.110781603676052
-3.3833202347380382,2.514111256974964
-3.3438376412016613,2.4378697637498665
-4.2810095772368175,-2.59865605197546
-3.5419982895476085,2.110750890153675
-4.779384039364503,2.443272328752308
-4.343487165890382,-2.490486675125332
-4.542720697842286,2.2843167547166634
-4.051890753231691,-1.8812411662161064
-3.3386763558012706,0.26739928759935383
-6.440908812008546,1.8918468717515755
-5.092861078701661,1.9572551015794564
-3.5839413628203136,1.6510603193223763
-4.059937380276368,-1.578750216585369
-5.920413397274659,1.9489457372606087
-4.930233858547853,2.0636136297166634
-4.374667070828126,2.7133900884568978
-3.3069752678496105,-2.037859895449848
-4.1676720604521496,2.122968888658314
-2.9148549065214855,1.8913943532884407
-3.994619272671388,2.327666974443226
-3.918295286617921,2.6052024129808236
-3.2256130203825695,1.0532409910142708
-4.935022734127687,2.4114696744859505
-4.704813860378907,1.4821955923021126
-3.5665039047819835,1.0398432973802376
-4.0098842606169445,-1.8384810026704979
-4.1825622543913585,3.0322682622850228
-3.999926947079347,1.8299977544725228
-3.9292282089812023,2.467341161149769
-4.8792337402922374,1.6230318311631966
-3.695335768185304,-1.2167994018614006
-3.313889883480714,1.7564117673814583
-4.77230205389087,2.280841088670521
-3.087916277371095,1.8821780446946907
-3.873621843777345,1.6282477144182015
-4.25322189184253,2.054147935289173
-4.031322382412599,2.9765870336473275
-4.524840734921144,1.2232661012590218
-5.082900904141114,2.135554051774769
-4.264681719265626,2.279683804887562
-4.059406660519288,-1.6183947559416008
-2.9521140083891613,1.813500142473011
-2.9501022324187023,0.43421218432786945
-3.225839518032716,2.391016698259144
-4.428017996273683,1.8907224897325325
-2.6695660576445324,1.008514142411976
-3.725858114681886,2.24503490962389
-4.236161135159181,2.3851358655870247
-4.110119722805665,2.034672952073841
-3.740755461178468,2.2807929281175423
-4.753512762509034,0.9644901517808724
-3.198449037991212,1.3142242196977425
-4.222002409420655,2.846189237016468
-3.894338510952638,2.2543461088121224
-2.9322623238188488,1.6922774080217171
-3.2762302384001476,-0.05825355015394207
-3.988574408016847,1.3505303625047493
-4.293624781094239,-2.0369817402183723
-3.518832109890626,-0.2291097875654411
-4.337028406582521,1.6506619218766976
-4.338859461270021,-1.1887070175230217
9.634484864749266,-0.6030545469343376
11.411009408511473,-0.21700766049024578
9.367324449099852,-0.7642793890058708
10.568647958316161,-0.19152524433729168
11.341725923098876,-0.22861101589796062
-2.6296733841521007,0.21442220248582844
8.271957494296386,-1.7817856904089164
-3.7605976090056163,-2.0198672201454353
-4.459193609677003,1.212646699327259
-4.671325109921144,-1.655656122785778
-3.8146604523283703,0.07236692942979817
-4.893508814297364,2.15217659510973
-4.271090410671876,0.9923295740068245
-2.9989117607695324,0.16338369883897785
-4.041525743923829,-0.041422628980846365
-4.302451990566896,0.023733592408924142
-3.953881166897462,2.5109050039232064
-4.072522066555665,-1.5219874020635795
-3.997399233303712,1.4699678186357308
-4.279876135311769,2.6364528898179818
-4.360008142910646,2.956444478410511
-4.603190802059816,1.954822278398304
-4.692345045529054,-1.967359596115322
-4.163999460659669,-1.2137502666532707
-4.525685213528321,-1.6684910889684867
-3.5311359390837413,2.5508525136888314
-4.4660657868010265,-0.12769558392164226
-3.29286565633838,-0.13104679546949383
-3.2002462372404796,1.3075520757615853
-4.68261232229297,2.791046357530384
-4.392994307003663,1.8762633565843392
-4.080619715176271,1.5952121976793099
-4.875296495876954,1.4562384847581673
-2.969933412991212,1.8133742574632454
-4.069653891049073,2.2332632306993294
-4.912791155300782,1.4340471986711312
-4.790439032040284,0.9712927106797982
-3.897108934841798,2.7350008253038216
-3.621605299435304,1.9034487966478157
-2.960947416744874,-2.536683225256176
-4.826471708737062,1.4781145814836312
-4.096206091366456,2.5929839376390267
-4.107574842892335,-2.068093278628559
-4.203138254604982,2.308161950486927
-3.785318277798341,2.5843655828416634
-4.201158426724122,-2.194678806883068
-6.453953169308351,1.5845777753770638
-3.578066252194093,-2.8161792989790153
-3.044971369229005,1.7775604490220833
-6.588117025814698,1.4118718866288948
-4.557006262264894,1.2221674684465218
-3.9998067841154796,0.887683606523304
-3.739410780392335,-2.0137830909311485
-3.7586263641936046,2.8245532278001595
-5.0310024246794445,1.560793137925892
-3.511230371914552,-1.122331165891857
-3.9729179367644054,-1.865623288971157
-3.1239518150908214,2.184281564134388
-5.205181501827882,1.9033090833604622
-3.2911290154082042,0.7764737371385384
-3.619938753567384,-1.6021802064001274
-6.606775663815187,1.6535534624040413
-3.777315519772218,-2.748735659939022
-3.6287712082487804,-1.3627600308477592
-4.359949968777345,-2.362499402087898
-3.938685320339845,2.008746838945179
-3.7615250572783214,-1.1227396961271476
-4.049647711239503,-2.280471694838972
-4.058073423824952,2.854072308915882
-4.3446129784208996,-2.4884960886060905
-3.2707857117277843,2.0280134443223763
-4.434122942410157,2.693425393480091
-3.439077757321046,-0.5350011821806144
-5.1814950928313,1.466015315431385
-5.760074041805909,1.7576920751512337
-5.085928820095704,1.276113725084095
-5.536925695858644,1.8141653303087044
-3.75438966604297,1.642204976457386
-3.6707958206755382,-1.7246018286764335
-3.223781012020753,1.9124538663804818
-3.5015229210478527,-2.2866210259467077
-3.3657244667631847,-1.482926392179699
-3.142186544857667,1.641880727189808
-4.751468084774659,1.6290924314439583
-3.337461374722169,0.39902327098253254
-4.147432707272218,1.6506118539750863
-4.591710947476075,1.501816964525013
-4.320131681881593,1.2813687089860726
-2.765448950253175,0.2720374826371956
-3.8293475136381847,2.8383395437181282
-4.031040571652101,1.31905195750597
-3.9280246719938976,0.25323936976793293
-3.8073514923674328,2.226902699846058
-5.082355879269288,1.7897121671617318
-5.036487959347413,1.7619120840013314
-2.817469500027345,0.3254873517930794
-5.918015860043214,1.3038148645341683
-3.8336528763396007,1.4278523687303353
-3.1266960129362804,2.0303146604478646
-6.053731344662355,1.537583327668934
-4.251204393826173,-0.6258361574232292
-3.1900996193510753,2.3811661962449837
-4.359672449551271,-1.8822848733484459
-3.3566645607573253,0.4114980462968636
-4.485318087063478,-0.4754767652570915
-4.0518130287749035,2.835426068681507
-3.723894022427247,2.1445162061631966
-3.976722620449708,2.1002981428087044
-4.208416365109132,0.8010988000810433
-3.722215078793214,-0.3533128734647941
-4.224111937008546,0.9960558179796029
-4.47174110265796,0.4184069398820687
-3.1816672310454113,0.8012757066667366
-3.86181678625171,2.8060123685777474
-2.7006525024992687,1.2201940778672982
-3.5762018189055187,1.4665887121141243
-4.084734343014405,2.0514509443223763
-3.730929277859376,2.1115076307237435
-3.0252255425078136,1.2011370424211312
-4.600440882168458,-1.493347966295452
-3.6386851296049816,2.6010429624498177
-4.023953340969728,1.0519962076127816
-3.971888922177003,2.8648526433885384
-3.276536367855714,1.0065979722917366
-2.8716300949675304,1.717097497361927
-3.669466398678468,2.083070969957142
-2.906752966366456,1.3325605157792855
-3.642003439388917,-2.1197372015535545
-4.046109579525636,-1.6922282215177726
-4.022465609036134,2.677894330400257
-3.572303675137208,2.609609818834095
-3.982577227078126,-1.9182625945627403
-3.003176115475343,1.4587595228135872
-4.476431272946046,-1.7127807375013542
-4.012792013607667,-1.6677105065405082
11.439509965457274,-0.24679281674024578
9.93434677270825,-1.2950557704984855
11.038080789126708,-0.33608438931104656
-3.873070620022462,-2.173624725264282
-3.9353717789274913,-2.0552244868099403
-3.4410504326445324,-2.0941248025715065
9.508689500369384,-1.2528480526029777
9.297931767978026,-0.5471354957639885
9.352825738467528,-0.29015305004713055
-2.4939311966521007,0.5145368341386605
9.242533303775145,-0.4587308403074455
-3.232997320614503,0.6163317922532845
-4.425812624416993,2.0861918691575814
11.244415856875731,-0.2775959011137199
10.966070748843505,-0.36708619557020183
9.092890359439208,-0.6699565883695793
11.298471070803954,-0.25512244663831707
11.016668893374755,-0.34887685738203045
9.816369630374266,-0.619436525922985
11.259783364810302,-0.2218156095564079
9.218662835635497,-0.8043108221113395
9.62209663537915,-0.6881598468839836
9.836626626529052,-0.44156231842634197
9.354523278750731,-0.5259380575239372
9.301458932437255,-0.7367849584638786
10.106279946841552,-0.26067163906690594
9.48908481744702,-1.000595235449047
9.19635257867749,-0.564203166586132
10.181750871218993,-0.9192792411863517
9.270439244784667,-1.9139335986196708
-2.7755145058256847,0.9703469041765023
-3.8165554031950695,1.4283604387224007
-2.5272115692717296,0.8392786745012093
-4.272552870236085,2.1991874936998177
-3.7287239060026867,2.0837838415086556
-3.1495250687224132,1.6327605012834359
-3.6225856766325695,0.8258778814256478
-2.746030233822511,0.6148757699907113
-4.058628462277101,1.1272601846635628
-2.8903960213286144,0.45853517093065266
-3.279714964352296,1.2763781312883187
-2.6566204056364757,0.6012193921983529
-4.079097174130128,0.9318241838395882
-3.9038971886259777,1.2725751165330697
-4.153522871456788,1.3001279596269417
-3.4203828796965343,1.0359227422654915
-4.573697470150636,1.5301921132982064
-6.302600286923097,1.5613977674424935
-3.848215006313966,1.0499565366685677
-3.9986042008024913,0.7215335134446907
-3.180525206051515,1.2338428262651253
-3.700202845059083,1.3232526544511605
-4.930491350613282,2.152963853257923
-3.086475275479005,0.47527000941637043
-4.293729208431886,2.1517970327318
-3.9069818482023937,1.4635553125322152
-2.500552080593751,0.4962918523729134
11.03604469446118,-0.4912349220335197
11.433585740603759,-0.18541862927076336
11.284281350650145,-0.2906862731992912
9.243272878207518,-0.5438442464887809
10.093970395602538,-1.0138269897520256
9.933769322909667,-0.6489261623441887
-3.825484178982423,-1.7896477814733696
-2.790847204647706,0.08811256923082356
9.193159677066161,-0.6252964969694328
9.528555490054442,-0.6736264463484001
-4.371237181149171,-1.6654786106168937
9.745899297274901,-0.288443946462841
9.810735799350097,-0.13151099644300457
-3.533022306881593,-0.01591374836561199
-4.463073633633302,-2.4784281190454673
-4.197643183193849,-1.7343064185201835
-3.6405142769438488,-0.8799808260023307
-3.7198294624907238,-0.31571176014539715
-4.939606092892335,1.7835628751695443
-4.466212652645753,-1.163229012113781
-3.0197042450529796,2.040330148118763
-4.210293673000978,-1.0111991401731681
-4.00840988012378,2.556657052415638
-4.122538469753907,2.847212529557972
-4.028628252468751,1.0613517526567269
-2.874737165890382,0.08666441478136067
-3.4854377731901867,2.302671170610218
-2.9340738281828624,0.2592453721940804
-4.350058458767579,2.5277750257432747
-3.9784811958891613,1.6753766302049447
-4.215469740353273,-0.44504740200635906
-4.405306242428468,-1.666289770227642
-4.603005789242433,-2.3411441158473205
-4.683406732998536,2.3899576429307747
-2.993547342739747,2.0923044446885872
-3.181105993710206,0.8108904127061654
-3.7391294464689953,1.338111377137928
-4.364408396206544,2.7726552251756478
-4.179326437435792,1.609184718507557
-3.827803514919923,1.7526581052720833
-4.820849798641847,1.2949716810167122
-3.55974855276172,1.8910047773301888
-4.860044382534669,1.416114068406849
-3.8119162544829113,-1.4356324311315727
-3.467000864468263,1.3039841417253304
-4.277268789730714,2.246173596757679
-4.353145502529786,1.882857060807972
-5.088760279141114,2.122244096177845
-3.5241588577849132,0.45786473788621906
-4.297053717098878,-2.337116637450428
-3.7809866890532238,0.824437117952137
-3.1342052445036632,1.9258157972276497
-4.961324118099855,1.6733183626115609
-3.3258966431242687,-1.838668340069027
-4.051189802609132,2.4979469541490364
-3.7678240761381847,0.6515111688554573
-4.399657629452394,-2.049145543199749
-4.03448524328296,2.0054967168748665
-3.5130399689299328,1.708826995271473
-5.009821318112062,1.8357603315294075
-3.917905233822511,-1.612290644270153
-4.284208677731202,1.8637816671312142
-4.068376921139405,2.269304013627796
-3.5656379685026867,-0.6998402114927482
-4.4083265289885265,2.005779958146839
-3.2185958847624523,1.705601668733387
-4.486337564907716,2.3979756597459603
-3.647491358242677,0.4765312436998177
-4.260716341458009,0.9780471090257454
-3.8639844879729015,1.22548506297472
-4.3883327469450695,1.3406507734239388
-3.917750738583253,2.035860753434925
-5.022643469296144,2.2805683378160286
-4.013224028072999,1.6019489530504036
-4.337939642391847,2.6406872037828255
-5.255165003262208,1.8228928808152962
-3.64166297765796,1.8279392484605599
-4.76006069036548,1.5503573183000374
-5.869911573849366,1.6976158384263802
-4.907144926510499,2.1343395475328255
-5.37310304494922,1.8345019582689095
-4.116513632260011,1.6180529359758187
-4.643901728115724,2.34139082469347
-5.164464853726075,2.147047257798939
-3.362572573147462,2.3284852270067025
-3.5159968361479503,1.4694909814775277
-3.836132906399415,2.06092903651598
-3.5917085632902843,0.8371267084062386
-4.798039339504884,2.357882237809925
-4.131763838253663,1.9063236478746224
-4.34439792486255,1.6346864465654183
-4.809013269863771,1.8277923826158333
-4.267120741329835,1.2115418676317025
-3.3334506973845226,1.8593370679796029
-4.2685841545683605,1.7392933134019661
-4.598217390499757,2.2548720601976204
-3.8905934319121105,2.099590993303089
-4.772026918850587,2.2971904043138314
-3.9133719429594738,2.59820292033556
-5.7820753082854015,1.88205883540514
-4.556140802822755,2.3039257291734505
-4.3377698883635265,2.1452762845933724
-3.5880989060026867,1.8578078512132454
-3.6456707939726574,2.5308468107164193
-4.142499826870607,2.286778188127308
-3.729739092312501,1.8473546270311165
-4.079862974606202,2.817444062608509
-3.695053957424806,2.787339425462513
-4.867475412808107,2.459623074907093
-3.372805498562501,0.48748204745653156
-3.4740685448271496,1.4843780759752083
-2.882314585171388,0.5788440469682503
-3.7262557968718273,2.5926501516282845
-3.406669996700929,0.053401685136585275
-4.804965399227784,1.2018444303453255
-3.9609455093962413,1.6301297906816292
-3.8704031929594738,1.9033729795396614
-3.979952238522218,2.4090564016282845
-4.858506105862306,1.3195876840532113
-4.894435785732911,2.0840389493882943
-5.385309599362062,1.7873437169969368
-3.396331690273927,2.3276078466356087
-2.558380506954835,0.462482190507679
-3.2582897171599132,1.6686091188371468
-2.693794153652833,0.4710867170274544
-4.45810117574756,2.0883800748765755
-3.5076798424345714,1.0621604684770394
-3.0669569000822765,2.1124112371385384
-4.4841274246794445,-0.4464841123640251
-3.3231657967192394,2.03226635493639
-4.238608263455079,1.791412568467884
-4.379380129299806,1.5429234270036507
-4.614793680630372,1.4618642095506478
-4.694922350369142,2.2959177259385872
-4.3062428459746105,1.5585007432878304
-3.3856820091826183,1.6510846380174447
-4.733520410977052,1.7618915800035286
9.289517976321532,-0.5931411024152946
9.285518266238524,-0.5029210086881828
9.550360299624755,-0.5656249757826042
10.568839646853759,-0.6186708446562004
9.334709264315917,-0.5665993925153923
8.773842431582763,-0.8972103830396843
9.122516728915526,-0.9307012792646598
9.344108678378417,-0.8576295610487175
9.52704630044873,-0.6724636789381218
9.132359124697997,-0.7801729675352287
11.415619470156981,-0.19640471897718426
9.217241860904052,-0.6003298994123649
9.229570008792235,-0.6189725633680534
9.806786634005858,-0.515583896261425
10.005415536441161,-1.0429452892362785
9.286237813510253,-0.012852930647106131
9.436447717227294,-0.631624722105236
-4.152397535763429,-0.101487421613903
-3.55326022955005,-1.785584294420452
-4.092221163235353,-1.5576948162138176
-4.195647619686769,-2.0961173709451866
-4.3119424805266124,1.4329628709733773
-2.8486384377104503,0.04560039080980305
-3.995537661038087,-1.10878589115736
-4.289499662838624,1.3893441919267464
-3.9005745873076183,0.02409932650926594
-3.2087887749296886,-0.2643254037916374
-3.711502932034181,2.0749904874742318
-3.464181803188966,0.12483308352830891
-4.294321440182374,2.43031380214098
-3.4163717255217296,0.5279218915880013
-3.977844141445802,1.3417787317216683
-4.640558622799562,0.34177038707139973
-4.618222139797853,1.421882129091053
-4.975269697628663,1.2784478429734993
-4.521209619961427,2.0348751310289193
-4.657280825100587,0.02907846011522297
-3.959404371700929,2.661155915635853
-3.1442631706816417,-2.430754640322895
-4.413068674526857,2.9046404127061654
-4.953883074246095,1.2559151414811898
-3.6615900024992687,2.392343736070423
-4.185549162350343,0.9984328512132454
-3.818504713497804,2.295786118882923
-5.190024279080079,1.605605101960926
-4.802059076748536,1.61503264941576
-4.169080637417482,2.1143500570237923
-3.9371236786467296,2.3231961492479134
-3.888939283810304,1.4878475431382943
-6.730441473446534,1.5294992689073372
-4.0224060043913585,-1.0343388553678703
-4.518386267147706,1.4123930696428109
-3.250397108517335,0.13488075770738606
-4.6521386131865246,2.339930749315052
-4.702957056484864,1.5121285680711556
-3.349555395565675,1.3909978631913948
-4.573873899899171,2.0731746915757943
-4.213745974026368,3.073171353715687
-4.570588015041993,1.8727195028245736
-4.232388876400636,3.017826772111683
-2.94359865041797,1.2270684007585335
-4.521298788510011,1.569767928499012
-3.620443247280763,1.3777696851671029
-3.8753675446135265,2.839566445726185
-4.644371412716554,1.9056498769700814
-4.685058496914552,-1.4846136804640007
-4.456221960507081,-1.3475197788297844
-4.065471552334474,-2.7585330542146873
-5.686872862301515,1.3753711942613411
-3.474149130306886,0.05864260234239582
-4.597266100369142,0.3035115961015511
-4.254667662106202,2.5889804128587532
-4.064686201534913,2.0247647527635384
-5.0436157211882335,2.1650540594041634
-4.9400977120024425,-1.8015247520029258
-4.535570047817872,-1.672263288122387
-4.4955200180632335,-1.7817398544370842
-6.690326117001222,1.5784363511979866
-4.243052862606691,-0.09897401295301433
-3.643033884487794,-2.3418392922699165
-3.527116201840089,2.417872643846302
-4.351353548489259,-1.4855258699476432
-5.119717977963136,2.2627317670762825
-4.323972128353761,2.6739237073838997
-5.097441099606202,1.2311372522294808
-3.03059234472339,1.1636254552781868
-3.3578952774626476,0.5528998140275765
-3.8154586777312023,-2.0947653885900688
-4.231578253231691,-1.4240688916265678
-3.668788336239503,-1.5586556430875969
-3.510716818295167,-1.7371498580991935
-4.535410784207032,2.0260326627672005
-3.1205686554533703,-0.06107189617750164
-3.9271673187834484,2.5287410978257943
-4.1271585449797374,1.896859860795765
-5.907241247616456,1.8800861600816536
-5.361685656033204,1.2476956609666634
-4.441809557400392,-2.258741679784627
-6.130144499264405,1.6369621519029427
-6.0999368652922374,1.6586510900438118
-3.8431028351408703,2.3911468748033333
-4.850057505093263,2.708143926042347
-4.3270253166777355,-1.2085551258146476
-4.515855215511964,-2.3842909943282318
-3.95295562597339,-1.7413830395757866
-4.2376979813200695,-1.621898376566143
-3.6020239815336925,-2.5560120578825187
-2.960132025204347,2.0518295530259896
-4.573087118588136,-2.245824259889097
-3.6065024361235363,-1.241276526075573
-6.261699102841066,1.3737964395463753
-4.572518728695558,-0.9872812267362785
-3.9797991737944347,-0.557303809744091
-4.946976564846681,1.228487468141346
-3.1637848839384777,1.3061563733995247
-3.3327130303007824,-2.5701284643232536
-4.145858190975831,-0.6865899797498893
-3.0917042717558605,-2.4095265950977516
-3.5622366890532238,1.7806389097154427
-5.266571901760743,1.9147698644578743
-3.142418764553712,0.1248006586015511
-3.3678249344450695,0.44411156215074543
-4.701386354885743,2.5648176435411263
-3.64314117284839,-1.6289153929769706
-3.9282969460112316,0.1994471315324593
-3.79748573156421,1.7533480886400032
-3.585867308102296,1.2832879785478402
-3.9766935333830578,-1.539930307489605
-4.45164193960254,2.1003706220567513
-4.191999815426515,-1.7896230157434654
-4.6334218010527355,0.8462850812852669
-3.268324755154298,1.5912666086137581
-5.5114759430510265,1.1579084161699105
-3.7453044876677257,1.9575950864732552
-3.79931154104297,1.6945173505723763
-3.486248396359132,1.0590200189531136
-4.437702558956788,0.7983939413011361
-3.2052525505644542,0.43289897479417805
-3.626851938687013,1.1494922403276253
-4.38866176458423,1.3266126874864388
-3.499145410977052,1.5694427255571175
-3.556441687069581,1.1841754678666878
-3.3714727387053234,1.4178223375261116
-3.8406194672209484,1.2919461492479134
-2.9394330010039074,0.45974013842943195
-4.106007002316163,2.9204962018907357
-3.541412733517335,1.5804023508012581
-3.026331804714845,1.7402512792527962
-4.716602705441163,1.5859582189500618
-3.709832094631837,1.894162869828968
-3.4322027191740734,1.249157166856556
-4.063594244442628,-0.4838038917600822
-3.311422251187013,1.608546471971302
-3.9786008820158703,1.9978158239305306
-4.545387171230958,2.2194297079026986
-3.6724180206877453,1.063917613405018
-4.355729959927247,1.2501559022844124
-3.6507252678496105,1.2131166223466683
-3.1275857910734874,1.0445804361284066
-3.7786907181364757,-0.15233709774610515
-3.1934479698759777,0.7014541391313363
-4.046531580410646,1.5635084871232796
-4.397171400509523,1.0151073697984505
-4.391591928921388,1.4765431646287728
-4.414369486294435,1.2580711606920052
-4.610854052029298,2.191758370775013
-4.407280348263429,-2.538874023777218
-4.565719984493898,0.6947612527787972
-4.775604151211427,1.6326911214769173
-3.6082395538908703,-1.8158539172231865
-3.2329839691740734,-0.25885941944715496
-4.375651739559816,0.4553804162919808
-3.3787669167143566,-1.4978419180929374
-4.2958458885771496,-2.6184509929239463
-3.2657178864104015,-1.529115938764782
-3.361356161556886,-2.1134743478119087
-3.822855375729249,-2.2338245931982708
-4.340136908016847,-2.6741071578085136
-3.7275170311552746,1.225832438844471
11.389138795413329,-0.21047165356275555
9.938847161807372,-0.6548378702223014
9.73991308359082,-0.9032962556898307
10.22182808069165,-0.34192194901105877
9.468462087191893,-0.864923381429882
11.339693643130614,-0.2515886064588737
-3.1513823494536144,-1.9092344280302238
-3.6897906288725597,-1.7646373745023918
-3.967632673702882,-1.9406742688238334
-3.261375807247804,-2.2541843542799067
-3.235164068661378,-2.091914751750202
9.40495977548535,-0.3846477504789543
9.174011327304198,-0.9161871906339836
9.632974721469237,-0.8550571437895012
9.31431732324536,-0.9556601282179069
9.870420075930907,-0.6438939806043815
11.28098163751538,-0.25979211292860027
10.183397866763427,-0.6606062885343742
-4.339120291195558,-2.422472381216259
-4.220899485073732,1.2246815923631478
-3.5984162315947277,-2.6314138110696983
-3.834703348599122,-1.8133925434171867
9.395009137667968,-0.4939561124860954
9.92539892343457,-0.36075081787702556
9.99855051187451,-0.5950484510481071
10.080492116488768,-0.3889458414137077
9.300047494448973,-0.536929750066967
9.508110143222167,-0.406180762869091
9.50139293817456,-0.7379378315031242
9.548449613131835,-1.071183704954357
8.404411412753417,-1.6834103103697013
10.059370614566161,-0.6997031208097648
10.363567925967528,-0.9191819664060783
-4.221697710476564,2.0893475774705697
-3.5203665718657238,1.0486821893632698
-4.628960989437745,1.418053126710682
-2.8311261162382824,1.4115679029405404
-4.128137968502687,1.0370590452134896
-3.9580139145476085,2.057081437486439
-4.509318731747316,2.3950655225694466
-4.230393312893556,2.2082454923570443
-4.988392733059571,1.8734423879564095
-3.936993025265382,1.1692869428575325
-3.4406560883146984,0.662745452302723
-4.486886881313966,2.0354254011094857
-3.2593230232817394,0.35478875674608235
-3.58704986425464,1.3571724656999398
-4.30660381170337,2.2029835943162728
-4.112734220944093,2.126596665757923
-4.273657701931642,1.9642131093919564
-3.5726336464506847,2.005291200059681
-3.8980802521330578,2.4143049482286263
-3.7252844795805675,0.7583491567552376
-3.6882924065214855,1.117976165193348
-5.049703501187013,1.9395849470079232
-3.6974529251677257,-1.4360345240652275
-3.0374211296660167,1.546532130616932
-4.395164869747804,2.770270562547474
-3.9353679642302257,0.8693136934221077
9.716381169833495,-0.7829232450544548
9.719251729525878,-0.6486248012602043
9.181610681094481,-0.6963837381422233
9.880889512576415,-0.5695814128935051
9.426249600924804,-0.6746520038664054
10.293267823733641,-0.5950674053251457
9.44526682046826,-0.5906418796598625
9.401583768405272,-0.677081846815319
10.579640962161376,-1.0602599617063713
9.758330441989257,-1.039832377058239
10.38532505182202,-0.920678996664257
9.781494714297606,-0.9033186670362663
9.2823081984895,-0.7469784256040763
10.546821214236571,-0.564655089002819
-5.07451095434253,2.3046509984910775
9.444651700534179,-0.6978016134321403
9.30229625848706,-0.6014936204969596
11.10704479364331,-0.35021283589002605
-4.515955828152345,1.0967116121232796
-3.4368394837004406,1.2048392061174202
-4.026774309597657,1.6856157545030404
-3.9213012680632335,1.8056833509385872
-3.6947268471342785,2.5538956884324837
-2.8050006851774913,0.44351623095872883
-3.8033484444243175,1.428781247514515
-4.985530279598878,2.278315282243519
-4.442427061520265,1.8888962034166146
-4.692178152523683,1.9189913038194466
-3.070446394406007,1.59580395259264
-4.442004106960939,1.7129981283128548
-3.3931974396330578,0.6593179468095589
-3.229306601010011,1.702101207155018
-4.792967222653077,2.2647320989549447
-4.420067690334962,-2.0678732182800483
-4.754589460812257,-2.0649970408498954
-3.9423955902678234,-1.634324335676403
-4.964855574093507,1.841489529985218
-5.014078520260499,2.1834261182725716
-4.814863584957765,2.570686078447132
-4.557644747219728,2.659257150071888
-3.908961676083253,1.854670739549427
-4.28327789159839,0.6965739492357064
-4.53699292989795,1.653585410493641
-3.9013375267607433,2.558011269944935
-4.641769312344239,2.227949357408314
-5.844048880062745,1.6711554292619515
-4.403402708492921,2.597651219743519
-2.960026644192384,0.8652112249315072
-4.271709822140382,1.8263485197007943
-3.4378856644255382,1.259998059648304
-4.214210413418458,1.8053734067857552
-4.019919298611329,2.959459042924671
-4.096128366909669,2.581855512040882
-4.130126856289552,2.791712499040394
-4.801382444821046,2.4126875165880013
-2.6944126114470226,1.0459952119767952
-3.5193356499296886,0.5169143442094613
-3.5984539017302257,1.7105633977830697
-4.313163660488771,2.7503077749193
-3.159098051510499,0.4940640691697884
-3.638066671810792,-1.9260772403299522
-4.529218100033448,2.2802631620347786
-4.670905016384767,1.4160258535325814
-3.6807445511442882,1.1760732892930794
-3.081505201779054,0.8880643609941292
-3.4126080498320324,1.3337013486802864
-4.823532484493898,2.373018956559925
-5.163312815151857,1.870037293809681
-5.052020452938722,2.4572341207444954
-3.5229910835844738,1.1983701948106575
-4.947953127346681,2.464900231736927
-3.9522460922819835,2.274757123369007
-3.706709288082765,-0.9720990892469596
-3.0974344238859874,1.9621989492357064
-4.409350298367189,0.08369252719285969
-4.525382898770021,2.0424768690049935
-5.267070196591066,1.951479173082142
-3.23222055288379,1.0766079191148568
-5.171945951901124,1.8023555044114876
-4.3129662499052746,1.5718307260453988
-5.693422697506593,1.9793932203233529
-6.099778555355714,1.7768699888170052
-4.102900885067628,-2.59106647334692
-3.3964461311918956,0.2088620428026009
-3.057814501248048,1.8012449506700325
-4.546860598049806,1.8119261030137825
-4.3924325928313,0.0897059205949593
-4.414623163662599,-2.3954915042936515
-4.7325381264311535,1.2897863153398323
-3.8685111031157238,2.4059345487535286
-4.6682795509917,1.907174802202015
-4.159154795132325,-1.7529143925726127
-4.2979678139311535,2.6135337118089486
-4.271713636837648,-1.7825652893602562
-4.768686197720216,1.6980547670305062
-4.495220564327882,1.8479130033433724
-4.045657537899659,2.2007553342759896
-4.3004468903166515,1.320096469301014
-4.349186323605226,2.0761849645555306
-3.400409124813722,1.5323619607866097
-4.26326360555713,2.0217530492723275
-3.863187216244386,-2.3191290061890792
11.299701310672118,-0.3075930114805412
10.898425675906493,-0.5749272342741203
9.253754235781981,-0.45088114700910564
11.181658364810302,-0.3592890735685539
-3.615593813381837,-1.4778219100057792
9.300280667819335,-0.1851041551649284
9.381606198825194,-0.7223516937315178
9.396348096408202,-0.5889549490034294
9.433566190280272,-0.6948610778867912
-3.589744947872804,2.023454404252796
-3.5571788773161632,1.740253186601429
-3.6551078781706554,-2.3430247615992736
-3.697737120114015,-1.7033074732839775
-3.4369801506621105,1.3584203485429573
-3.794029615841554,0.6456839803636361
-3.7113102898222667,1.178680158036976
-4.106211565457032,1.4418713811815072
-4.206137560330079,-2.330767446380825
-4.539863966427491,2.503788686174183
-4.280494593105958,-1.8713517125665855
-4.703182123623536,-0.6400138374387931
-3.833974741421388,-2.6922039028227043
-3.730369947872804,-1.1350901361524772
-4.217791937313722,2.9255611661851693
-4.381284616909669,2.1845075849473763
-4.197517775021241,1.849156117814808
-4.724037073574708,0.6513898137986947
-4.1956800446135265,1.0242798093736458
-3.936812303982423,1.491621709245472
-4.922879599056886,1.438300347703724
-4.994425199947999,2.271768784898548
-4.32030763479297,-2.2725997352476877
-4.0768798813444835,-1.5369438763677787
-4.186685942135499,1.2991041902482796
-4.233242891750978,0.9925157789171029
-3.089120768032716,-2.534909838062496
-4.624862097225831,-1.1665905948698234
-3.281888864956544,0.4854569200456429
-3.605318926296876,-2.2818872194707107
-4.214494131527589,1.1986629728257943
-6.619336508236573,1.5057708982408333
-4.519141100369142,-0.45709683857557293
-3.3368095383269054,0.6369955305040169
-4.276395224056886,0.535170293229847
-3.4975012764555675,-2.177803271633358
-4.057610891781495,2.743253446000843
-4.0215796455961925,-2.196821690720291
-5.255707643948243,1.3061156038224984
-3.2692884430510265,-1.6310224171697807
-4.151459597073243,-2.6902983125269126
-5.123960874996827,2.4172332052171517
-4.581915758572267,-2.371042297404976
-4.328990362606691,-2.3923200454532814
-3.356402777157472,0.2889566186845589
-4.272297285519288,1.09497067965868
-4.131001852474855,-2.1620498832285118
-3.9071287140471203,-2.592505418878765
-3.0842789635283214,-2.3865615364134025
-3.7019714340788585,-2.1841233532845687
-4.627207182369874,-2.3139162559032154
-5.1985792145354015,2.382657266038685
-3.999025724850343,-2.46024728677866
-3.7991441712004406,-1.3088004227697563
-3.281707666836427,0.6180267099321175
-3.4404543861967785,2.0194384817064095
-2.884025953732179,0.3903774980485726
-4.138465784512208,-1.5493528481542778
-4.171408556423829,2.2648794416368294
-4.023574255428956,0.6826355222642708
-6.248156927548097,1.7291757825792122
-4.295488260708497,2.2173568967759896
-4.917698763333009,1.9920928243577767
-3.0431784615141613,0.47352049388292317
-5.654611013851808,1.9270412687242318
-3.8868755325896007,-1.7905552323877525
-3.9018796906096203,-2.4509264316379737
-3.0433572754484874,0.24174115695360188
-3.748682878933595,2.7832743886888314
-4.438375853024171,-1.5437904830991935
-4.081165693722413,1.82222578563097
-4.00246562810962,1.3677026990831185
-3.5829056725126964,0.8988802198350716
-3.532322786770509,0.542853808778553
-3.0101126656157238,1.8874342206895638
-4.611677072964357,-1.8402729269087028
-4.822312735043214,2.3271100286424447
-4.195959948025392,2.4082066778123665
-3.258580110989259,1.2989589933336068
-3.315689943752931,0.07108066119554524
-2.97526254507129,0.8805339101732064
-3.873945616207765,1.6607639554918099
-3.979204081020997,-1.0936922069608879
-3.930122278652833,0.12165567912462238
-4.297398470364259,-1.3444697495519828
-3.530583761654542,0.822181201356678
-3.8493732437712413,-1.6518733736097526
-4.5111307129484874,1.5019981626451302
-4.171179674587892,1.573878503221302
-5.152968309841798,1.5047974351823616
-4.182141207180665,-1.4994874235212516
-3.7174533829313976,1.2477257017076302
-4.020522974453614,-1.28571220598814
-4.010509394131349,2.5137083295762825
-4.4134863838774425,2.8121731046617318
-4.3767007813078624,1.8343474630296517
-3.550701521359132,-0.23822429142591472
-4.580131910763429,1.0649120572984505
-3.7425884232146007,-0.32726576290723797
-4.232500456295655,2.136413789171009
-3.544375322781251,0.3404524091661263
-4.250869177303956,-2.529588543993206
-3.4683665260893566,-1.4196498032629203
-3.462271116696046,1.527590251344471
-4.110646151028321,1.6193525556505013
-4.961453340969728,1.6019680265367318
-4.030328176937745,1.296950078386097
-5.347246550045655,1.8073780301988411
-3.8283614143950206,1.7668969396531868
-4.25209941717212,2.799023366349964
-4.1248229965788585,-2.69003891311285
-4.5628346428496105,-2.0995247747719
9.586582757510497,-0.9791476961195182
9.646783448733641,-1.194016480070324
10.866007424868895,-0.28392233811017986
9.12140903619702,-0.6735391851484489
9.352994061984374,-0.47820069752332683
-2.909694097958253,-0.606239938360424
-4.6997736916167,-1.48084160051939
-3.65623178335254,-2.5897465880930137
-3.772132776699708,-2.8479231234609794
-3.357126615963624,-1.5805723305761528
-4.11472787710254,-2.542771303278179
-3.4042166695219738,-1.8707579608976554
-4.068931482754396,-2.255865058113606
11.398194886721923,-0.2014308210432243
11.133405305423095,-0.35715677700635906
10.677441216983153,-0.9839219089567375
11.238387681521727,-0.3134732481062126
9.842157937564208,-0.3899102445661735
9.226983644046141,-0.5408231254636955
9.799423314608886,-0.6840163703977775
9.025848962344481,-0.8600743051588249
9.275728322543456,-0.7577533956587028
10.070801831759765,-0.6659759517728996
9.687019921817138,-0.8494596715986442
9.357831098117186,-0.4895526405393791
9.264032937564208,-0.5709388490736198
10.801549531497313,-0.8693281646787834
11.111841775454833,-0.421428942304821
-3.442742250881837,1.6936053995073128
-3.62904205175464,1.1520159009874154
-4.116134069882081,1.6318697694719124
-4.823215864620851,1.9021126989305306
-4.207809828243898,1.4265174631059456
-4.309702299557374,2.032562470811634
-4.508685015164064,2.3658249143541146
-3.4453066811186535,1.9467756513536263
-4.706710718594239,2.6341755155504036
-2.5581425652128917,0.4482388261735726
-2.8753818497282726,0.49513957538011555
-3.692270182095216,1.0219731096208382
-3.7489379868132335,2.4408623937547493
-4.280502222500489,1.6416845086992073
-3.3845228180510265,1.1533922914445687
-3.7246316895109874,1.707341170686512
-3.4550541863066417,0.9774234060228157
-2.9769348129851085,2.105849481004505
-3.0036939606291515,1.874098515886097
-3.084728620968507,0.7733595136583138
-4.90069093557422,1.985320783036976
-2.667790792904542,0.8560800317704964
-3.305046938381837,0.7075695756852913
-4.138875387631105,2.5361387494981575
11.432389833010985,-0.21555211506483074
11.3940082564729,-0.18253114185926433
11.454139329470946,-0.17765452824232097
11.396180726565673,-0.2559678789198112
9.533371545352294,-1.4082014795362663
10.034838296450927,-0.5229900117933464
11.114754296817138,-0.43187787495252605
11.39137802270825,-0.2391360040723991
10.054297544040038,-1.0559662815153312
9.060239888705565,-0.5219353672086906
9.29658279565747,-0.4801666971265983
9.339275933780028,-0.4766972299635124
9.344486810244872,-0.7659437891065788
9.328377820529296,-0.7264232870161247
9.602556802310302,-0.5109106536924553
11.410707093753173,-0.27569498978254314
9.783542729892089,-1.1393057342588615
9.374472238101317,-0.731666111570568
9.404904462374999,-0.8966024156629753
11.459222413577391,-0.19646384678480144
9.421990014590575,-1.5834557052671623
11.333497621096923,-0.3022867675840568
10.177413560427977,-1.367580556493969
10.054957486666991,-0.9719902511655998
9.670014001406981,-1.137722396475048
9.716863252200438,-1.811683201414318
9.56249437478955,-0.3524400230467033
11.014954186953856,-0.35939934216138836
11.393781281985595,-0.22217991314527508
11.401711083926513,-0.24323251209852215
11.05851898340161,-0.2374274965345573
-4.894623182736085,2.547832703965931
-3.74556341024463,-2.1948865961253357
-2.8882388100249035,0.8092546228349495
-4.293761633358644,1.9534432653367806
-3.7425974831206066,1.3554348710954476
-3.8773912415129406,-2.4891052778780174
-3.766609095059083,1.4597851995408822
-3.4741600975615246,0.9348571065843392
-3.183565996609376,-1.9231479700624656
-3.7807115540129406,1.3964695695817757
-3.957384012661622,1.3771750692308236
-3.2338270172697765,2.0690724615037728
-4.372281454525636,2.615739083665638
-4.280154608212159,1.6882660154283333
-2.739159487209962,0.4994828466356087
-3.0336526856047374,1.676588511842518
-3.7572764381987316,1.0099177125871468
-3.2371438965422374,-0.16452839336988445
-4.620411299191163,1.968787408250599
-4.200086019955323,2.842427945512562
-4.294709108791993,1.3594779733598519
-4.584982775173829,2.7955257657945443
-4.491910837612794,2.723947739976673
-3.903538607083009,-2.1138579782068443
-2.9074510559660656,1.2271198991716195
-4.087931536160157,1.7380525831163216
-4.598231695614503,1.5258664850175667
-3.2553600296599132,1.989243722337513
-3.263824842892335,1.846266484636097
-3.4560483917814953,-1.5522547002851677
-4.464981935940431,1.7476918462693978
-3.6654352173430187,0.8869209054887581
-3.025784872494386,0.4656078580797005
-3.987652204952882,2.1658928159654427
-4.07865085455005,1.4759697679460335
-3.9691475853544933,-1.7636244531690788
-4.636564157925294,2.049250340837269
-3.5607947334868175,0.06180665530565266
-3.6834186539274913,1.340444779771595
-5.3001369461638195,1.7798049215257454
-3.7432445511442882,2.029090142625599
-4.098258875332521,-2.176750333231659
-4.509201429806398,-1.847529285770626
-4.753477476559327,0.8515987161577034
-3.020242594204591,-1.7679926987707328
-4.0756825432402355,-2.632436716181011
-3.902048014126466,-1.8344787295877647
-4.371304415188478,2.481433606523304
-4.4978693947417,1.2385127309739876
-4.281382463894532,1.1859445337236214
-4.285748861752198,-1.885855817419262
-4.406421564541505,-1.9849504467069816
-4.2966226563078624,1.977184510606556
-3.796147726498292,0.4152700666368294
-4.256755255184816,2.2657434705674935
-4.338789366207765,2.920151925462513
-4.339577101193116,2.20198652781847
-2.890660665951417,1.7943393949449349
-4.690821073971437,1.3926312688768197
-4.718091391049073,2.6561920408189583
-4.266815565548585,2.6686227086961556
-3.590299032650636,2.4392406705797005
-4.570615194760011,1.7138423685014534
-4.624518297634767,-1.4274178978025627
-4.935066126309083,1.919612145799427
-3.9277924522978527,-1.7683449622213554
-6.9070753082854015,1.7246558431566048
-4.226667307339357,1.1539323095262337
-3.7130216583830578,-1.5223218437254142
-4.475095175228761,-1.38814779482481
-3.8533529266936046,-2.3491695012867164
-3.7334536537749035,-0.28257908783552166
-3.7022837624174816,2.3496267560899544
-3.673051737270997,-1.1450797554075431
-3.905647180996583,-1.9677357312261772
-3.5122198090178234,2.448763585466175
-3.1386312470061046,2.29168436564806
-3.491316221676515,-2.119142183285923
-4.565223597012208,1.0472218755662728
-3.528402708492921,-2.03357759974596
-4.555533312283204,-1.900096857172222
-4.161837004147218,0.9824864629686165
-4.611613176785157,-1.0749706264555168
-3.5099357590300304,-2.3410772021829795
-3.834871672115968,-1.675303065401287
-4.306086920223878,-1.9737190540849876
-4.388520143948243,-2.030351885777683
-4.653027914486573,0.47599003352525715
-3.485856436215089,-1.0433591838895988
-4.116829298458741,-1.8525369998037529
-4.288475893459962,-2.2472141675620985
-4.128447912655519,-1.910121911388607
-3.8976806625944835,0.0013546709001350798
-4.3172644600493175,-2.526935064417095
-3.3634118065458996,-0.13717892132398601
-3.9051598534208996,-0.6955372329771232
-4.584280394039796,1.4057268861711312
-3.2048281654936535,-0.8219242330610466
-4.014694593868898,0.14853951968553547
-4.42781963201587,-1.8430291052877616
-5.4067162499052746,1.4860000375688363
-2.627713583431886,0.9592299226701546
-4.377780340634034,-2.407358654957981
-3.464744947872804,-0.9388050075590324
-5.170579813442872,1.9199292425096322
-3.1426381096464855,1.486530042070179
-4.50073280187671,0.991727328676014
-4.144194982968019,-1.6283579703390312
-4.027159117184327,2.0309865240037728
-4.344972513638185,1.5663726095140267
-4.11168136449878,-2.257484311421187
-4.7497571930510265,1.1676287416398812
-4.732711695156739,1.304823375123768
-3.5565690025908214,2.3438665632188607
-4.4933413490874035,-1.4191166397154045
-4.61610784383838,1.7889020208299447
-3.79237737508838,-2.2223519433259677
-4.501121424160646,0.9280030492723275
-3.962698362789796,2.207711911577015
-4.472185038052247,1.1639363531053353
-2.8942226395231945,0.5026256803453255
-3.4293645844084484,1.576216435807972
-4.4582284912688,2.2491533521592904
-4.257033728085206,2.1116010908067513
-2.698291204891847,0.3819141153276253
-3.1522883400542003,0.7023715738237191
-4.2260989174467785,1.8679086927354622
-4.479946993313478,0.7877874139726448
-4.865831278286622,1.8518540624559212
-4.384108923397706,-1.3980522986471366
-5.553837679348634,1.6478371385515023
-3.0574630722624523,0.4613468412339974
-4.04793157430713,-2.452875727039547
-4.270772837124513,1.3607532743394661
-4.194168470822023,0.8263122800767708
-4.29852332922046,1.721651530641346
-3.952205084286378,-2.6725340720236015
-5.901888273678468,1.262873864549427
-4.583160780392335,0.8723158601701546
-3.367418192349122,0.419252849000721
-4.099539183102296,2.785423493760853
-3.541635416470216,1.096153951066761
-4.2494729981047374,1.6725783113420296
-3.5696724876982433,1.7605340246141243
8.265738107241942,-1.2460085388242912
-3.0419601425749523,1.6321146253526497
-4.573470495663331,1.7796518567979622
-3.560984037838624,0.6090719465196419
-4.58854379507129,2.021162248033314
-5.292470835171388,1.954526639360218
-4.640601061306642,-1.8943498965322685
-3.6959003433806163,1.8069603208482552
-3.728063009701417,1.5263590578019905
-4.331050299130128,-2.0989479657232475
-3.7278946861845714,2.286046243089466
-4.5807813629729015,2.0951363805711556
-4.062540434322999,0.5178756479203988
-4.562863253079103,1.3050267461717415
-4.1593994125944835,1.12237546481493
-4.231375597439454,2.8011128667772103
-4.899601362667726,2.3257686857164193
-5.12052621694629,2.076141572374134
-3.421508692227052,2.284489369767933
-3.6392978653532726,1.6849949125230599
-5.050192736111329,1.2482683423936654
-3.1791576370817882,1.7235150102556038
-4.429118536434816,2.5731565717637825
-4.750803850613282,1.76265547313097
-4.443859957180665,2.5747105840623665
-4.263315103970216,2.5621073011338997
-4.658174894772218,0.013078666108875314
-3.018984220944093,1.4607114557206917
-4.039405725918458,1.9371869329393197
-3.013200186215089,1.766721463578968
-3.473215006313966,1.957214570421009
-3.4511941895109874,2.291513181108265
-3.5799645409208996,-1.991275155168743
-3.7742442116362316,-1.8927122589170646
-3.3729967102629406,1.5400562051713753
-4.510635279141114,1.327812886613636
-4.1639441475493175,-0.961388372999401
-3.957231424770997,-2.213102297109337
-4.576115988217042,2.7123114828050423
-4.631366156063722,2.0320980314195443
-3.518871687374757,2.1833979848802376
-4.904823683224366,2.305445886033802
-4.259342573605226,1.4485368493974495
-5.11621131750171,1.6238620046556282
-3.3731001839262706,0.5186657670915413
-4.221623800717042,1.2341136697709847
-4.365885637722657,2.4299814466417122
-4.396094225369142,-0.019629978758068045
-3.281041048489259,1.5303644899308968
-4.027323626003907,1.170039391893177
-4.632819078884767,2.2967636350572396
-3.8171066269499523,2.466135239976673
-4.193701647244142,-2.416207962852688
-3.618007086239503,0.13399860896471028
-4.521614454708741,1.3595800165117073
-4.907489202938722,1.7567083600938607
-3.151644609890626,1.9927422765672493
-4.473964594326661,-2.4029072161733818
-4.165965460262941,-0.8423879381239128
-4.503361128292726,2.1402952436387825
-4.072030924282716,0.8870620492875863
-4.135337732754396,-1.1267653938352775
-4.34456243368213,2.541391587632923
-3.9943107590300304,0.24051640071275715
-4.570086382351564,-2.4823923345625114
-4.476406954250978,0.22425529994371418
-4.3693555817229015,2.409766412156849
-4.289234541378663,1.5796491865098763
-4.452891729794191,1.9870755437791634
-4.209230802975343,0.648087716478138
-4.5096658691984874,0.4351346258104134
-4.010054968319581,1.2106256250322152
-3.9878176674467785,2.1768224004686165
-3.610900782070802,2.3606984380662728
-2.774637602291749,0.905397868531971
-3.2440241798979503,1.6629256967485238
-3.910835169277833,-1.6034592624723625
-4.3430870995146496,-2.208852158111305
-4.002415083370851,1.8613431219041634
-3.318488501034425,1.9283129934251595
-4.216618917904542,1.7032243970811654
-3.7820729240996105,-1.508024537187786
-3.90293588491504,1.9335157636583138
-3.0713609680754406,1.5998320344865609
-4.380058191738771,1.7045795682847786
-4.179635904751466,-1.5631652113020134
-5.0011891350371105,1.3013407949388314
-4.499837301693605,2.484588837999134
-4.685284040890382,1.4953298334062386
-3.314969919644044,1.562584615129261
-4.05906905981128,-0.6334741350233268
-4.054561518154786,-0.9828145738661003
-4.0845374092680675,1.5314569238603402
-5.116715811215089,1.5155277017534066
-4.635080240688966,2.807494855302601
-3.6192387566191417,-1.1785630222379875
-4.663957975826905,-1.7616966005384636
-3.0935591683012706,-2.4793183889209938
-4.796298407040284,-1.92061051092741
-3.327282808743165,0.7389340166032601
-3.996915720425294,1.349146819490223
-3.6265973076445324,-0.5159995790540886
-4.945589445553468,2.3325092557847786
-3.755226038418458,1.118131137269764
-3.067021749935792,-2.458214246851177
-4.878301046810792,1.5952744249284554
-3.626408480129884,0.19721505679491047
-4.345281027279542,2.0183145765245247
-3.8563131317717296,2.5210559133470345
-4.181407831631349,-1.47030111513731
-3.797851465664552,-2.218668204915495
-4.305075548611329,2.5944015745103646
-4.795257471523927,2.5728251699388314
-5.543020628414796,1.8898050550401497
-4.981072805843995,1.7649905446946907
-3.778965853176759,2.5103671316087532
-4.520763777218507,2.5455429319322396
-4.393840216122316,2.727654195207386
-3.174565218411134,1.669353700059681
-3.632366560421632,-1.0533079143583488
-3.815732859097169,2.6474997762620736
-4.1385158524138195,2.5156919721544075
-4.838700674496339,2.4681923154771614
-3.218921087704347,1.8759019140184212
-4.737104795895265,1.1320101980150032
-5.10806979986255,1.5082812074601937
-3.0510148033720714,-2.4863491144001197
-4.7790492996794445,-1.804485582929821
-3.830482386074708,2.3714349035203743
-4.1408304199797374,2.8987719778001595
-4.2196058258635265,2.7434003118455697
-3.3926729187590343,-0.05529620609876629
-3.403857611141847,-1.9962012704431724
-4.409032724819825,0.9205665353715706
-2.6763886437041027,1.1441852811754036
-3.786135099850343,-2.0173283454000663
-4.267277620754884,-2.7526943918287468
-4.370475672207521,2.4223086599290657
-6.140858076534913,1.5857927564561654
-3.4816035256010753,2.579484200853138
-5.776047132931398,1.8450100187242318
-4.562365911923097,2.663892960923939
-4.533618830166505,2.056256032365589
-4.3961733803374035,-2.1675143104016494
-4.130103968105958,-1.7871912058412742
-4.416112802944825,2.543243146318226
-3.5483855232817394,-2.2660395760990393
-4.109299562893556,2.1425325635850716
-3.137627027950929,0.3449740175187874
-3.1381334290129406,-0.07778670750257488
-4.0461133942229015,-1.2396059270918083
-4.517083071194337,1.185831046479969
-4.6615380272490246,-1.591749930006237
-3.4582981094938976,0.42346689738634113
-3.8533367142302257,2.168553090471058
-4.1688879952055675,2.9655353788316536
-3.569819830380128,1.8757402662217904
-4.380913160763429,1.693295932191639
-4.238296888790773,-1.5190078254759025
-3.799445532284425,1.9823968175828743
-3.313436888180421,1.8858778242051888
-3.5781916603667003,2.7217156652391243
-4.293599508724855,2.0572826627672005
-6.281076811276124,1.621142840760975
-3.8721589073759777,1.6889524225175667
-3.1043976769072277,0.4598562482774544
-3.6825899109465343,1.6042051080644417
-4.572379015408204,1.7666938070237923
-4.122692011318849,1.5499443773210335
-3.7435850128752453,-2.369543754678936
-4.288055799923585,0.8168837789476204
-3.707909487209962,2.3787104848802376
-3.2759694084746105,1.0207113985002327
-3.2996438965422374,1.8298609022081185
-4.620560549221681,-1.8631582494795036
-4.263373278103517,1.2603256467759896
-4.11779298635547,-2.380714812499256
-3.8664072975737316,0.6005465749681282
-3.160231493435548,-2.4096801813661766
-3.3754710182768566,-0.24620916805860515
-4.093278311215089,2.499377942460804
-4.305626772366212,0.025733209031848947
-4.302354715786622,-0.2839144702970695
-4.412431143246339,-2.002827936035366
-6.48480262609546,1.5809149507463265
-4.202122114620851,-0.06631042919752117
-3.6178320870024425,2.311307168382435
-3.257547281704591,1.9830634359300423
-3.0250801071745617,1.4250702623307991
-4.479442499600099,-2.2754533218189787
-4.5047363266569835,1.5052320722520638
-4.43532171102588,1.2485644582689095
-4.39619817586963,1.6404340032518197
-4.481330297909425,-2.523321592432232
-4.741147898159669,1.4851794008195687
-5.179036043606446,1.5763685468614388
-4.650761984310792,-1.6555989023267936
-4.7823251709563,1.183952784913807
-4.625636003933595,1.2523114446580697
-4.69799842687671,1.930377698320179
-4.589656732998536,0.9498061899125863
-3.3416642174345714,0.4465048078477669
-5.040065191708253,1.0851020578325081
8.803724862613036,-0.564202093702526
-3.703566454373048,2.019113278764515
-4.5997022614104015,1.2520618204057503
-3.7104829773527843,0.799450135606556
-4.043719194851564,0.8321881059587288
-3.134652994595216,-1.44669111929533
-3.134676836453126,0.467663026231556
-4.946523569546388,1.5183164838731575
-4.747795008145021,1.0014004472673226
-4.027331732235597,2.10329268016222
-4.161624334774659,1.5371792081773568
-4.393786810360597,-0.5646021600782585
-4.255861185513185,1.3584098581254769
-4.356039427242921,1.621898866075306
-3.6819547638518078,0.47194311656358723
-3.229696176968263,-1.6461373802244377
-4.641684435330079,-1.7546577688276481
-5.808288477383302,1.1021935705125618
-2.658687017880128,0.2544398073137093
-3.685440920315431,-2.4369326617538642
-3.344223879299806,1.5960945848405648
-3.630735300503419,1.2415666345536995
-3.8267511353117687,0.10044453181627278
-3.8003124222380382,-1.828553044420452
-4.462899588070558,-1.970769339424343
-3.27941932531421,1.941565728563099
-3.191366575680421,1.195969558137684
-3.9510625824553234,-1.8250153299390983
-3.879972361050294,-0.2887704607069206
-3.926104925594972,-1.5255587335645866
-4.298694990597413,-0.48018410168287273
-4.24986781927173,-1.561014198881359
-3.33076324316089,2.0918795827806282
-4.129598520718263,1.036102509874134
-3.312061212979005,-0.5115970607816887
-3.8469656929594738,0.24080750979784016
-3.8512944206816417,-2.631888234239788
-3.9147676453215343,2.38523266353014
-3.618575476132081,-2.3424217339575004
-4.321457766018556,-0.34728314839002605
-4.101616285763429,-1.7231927748739433
-3.687180899105714,-0.8817628856718254
-4.118543051205323,2.4909040693223763
-4.694865606747316,-2.242247733470769
-3.415844343624757,2.0092785123765755
-2.9713872894865734,-1.498302960020275
-3.6318744644743663,1.4888431791246224
-3.7254232391936046,1.2901174787462044
-3.167468450985597,-2.477991857749195
-4.027670763455079,-2.8894185062467765
-3.8746918663603527,-2.39718362055418
9.667774297274901,-0.9023193355619621
9.69024906305249,-0.7306000228941154
11.345857240237548,-0.2465970750868034
11.420268632449462,-0.2203359838545036
9.276117898501708,-0.6624268528043937
9.762338735141112,-0.984512233358593
11.398370362796141,-0.2050321336805534
10.36108360437329,-1.1090922590315055
10.224459268130614,-1.0199082132398796
-4.197370909176515,1.1315603021562386
-4.101336382351564,1.6873688463151741
-4.571214579067872,1.8003923658311654
-3.209977529965089,0.7873465780198861
-4.2872070297819835,2.0810115102708626
-4.069513700924562,2.8454396490037728
-3.876192472897218,1.6065611604631234
-4.528181932888673,2.7672173742234993
-3.9215611443144542,2.4938976530015755
-3.1794847473723156,0.7681267026841927
-3.670680426083253,1.6196298364579964
-4.0153187737089855,1.5338785413682747
-4.002693079434083,2.8216798070848275
-3.6409391388518078,1.732046342271595
-4.050200842343019,2.8709022764146614
-5.922720335446046,1.6152188543260384
-3.362863920651124,0.29464194812181477
-3.7533306107146007,2.5340463880479622
11.443900682010009,-0.19929077587720867
11.221969224490477,-0.44852616749402996
10.686147309817626,-0.8431320425092887
11.411999322451903,-0.23901846371290203
9.374886609591796,-0.6990262504636955
11.375231362857177,-0.26699402294752117
11.367948152102782,-0.2229769464552116
10.35236892846997,-0.655288838964672
9.901195146121337,-1.1524991031706047
9.3471594825166,-1.0366729732572746
11.088247872866942,-0.2453634973585319
10.213067628421141,-0.8632846113264274
9.637035466708495,0.06831786670091633
-3.1163982376677257,1.8356358770311165
-3.4221977219206554,2.015742516893177
-4.149086378536866,2.325652814286976
-3.5098279938322765,2.267279839891224
10.07204780725415,-0.46826674900648113
9.788063146151854,-0.3948238130628776
9.392127610720946,-0.7501956459104728
11.329984284915282,-0.31434717140790935
9.202680684604003,-0.8193906780302238
10.927497483767821,-0.4554121728956413
9.819123841800048,-0.486596965414257
9.462103940524413,-0.5283242698728752
10.24657879022534,-1.2294169899046135
10.109850026645018,-0.7603123422681999
11.410444833316161,-0.20229151211378094
9.318295575656249,-0.5193175312101554
9.553067304171874,-0.5400808092176628
9.757481195010497,-0.4864683385908317
9.477969266452147,-0.5530039306699943
-4.239517115078614,0.6430446866929818
-3.6546172127348644,0.8386127714097786
-4.244397066555665,2.065702176469593
-4.083356760464357,1.826284623521595
-4.141046904049562,1.8261101011216927
-4.247314356289552,2.3060414556443978
-6.5510219559294445,1.780663228410511
-4.2880214676481945,1.6181416276872445
-4.430326841793702,-2.0995928432762336
-3.369427107296632,1.5189928773820687
-4.5959862694365246,2.0406439069688607
-3.1750906929594738,1.1432254079759407
-3.8207363113981945,1.147158122438221
-4.25731410833423,-1.9224258895933342
-4.156575106106446,2.8403842214525032
-4.298203371487306,2.9028169874131966
-3.780940435848878,2.5155646566331673
-3.687394998989747,-1.08144214115736
-4.287370108090089,-0.1166236635267448
-3.2119554504973156,1.1997833017289925
-3.148362062893556,2.066227651017933
-2.8644541725737316,0.22391459979417805
-4.306193731747316,2.475501275438099
-5.28638257833545,1.3906535867631722
-6.723717115841554,1.7662317518174935
-3.3930753693205578,2.1076972249925423
-4.175647638760255,1.4760317567766
-4.892497919521974,1.3354463342607308
-4.311262510739015,0.8963992361009407
-4.4708475098234874,0.39371345080736164
-3.0658234581572277,1.331047511476307
-4.754415892086671,2.2435991529405404
-5.921295546017335,1.9383117917955208
-3.9072159752470714,2.310990548509388
-4.094604395352052,1.4874555829942513
-4.6954335198027355,2.3380515340745736
-3.9217895493132335,2.5964014295518685
-2.877291105709718,0.8594469789445687
-3.677210710964845,-0.7051000829755973
-3.537560366116212,2.3692428831041146
-4.630134008846925,1.1316618684709359
-4.393999002895997,2.6346966985643197
-4.334549807034181,2.286608910936146
-4.340382479153321,2.0093443159044075
-4.845472238979982,2.414003587144642
-4.540948294125245,2.431622243303089
-3.19868841024463,1.4751744035661507
-6.652715109310792,1.478285766023426
-3.6319540962797863,2.395414090532093
-4.283375166378663,1.433387256044178
-4.095251940212892,2.764795995134144
-4.530352018795655,2.6245829824388314
-4.372030161343263,2.3894622091234017
-3.307112120114015,1.5694641832292366
-4.510862253628419,2.5978243116319466
-4.627132318936036,0.8985678914964486
-3.61928167196338,2.694658017534046
-4.131725214443849,-1.204686188322277
-3.220158956967042,2.240659451860218
-4.556401155911134,2.5418107274949837
-4.120326422177003,0.5293247465074349
-3.172351263485597,2.2128140691697884
-4.354137800656007,2.5198580984056282
-4.698916338406251,-1.7132615085661125
-3.9289592728239757,-1.5531837578832817
-4.1328791603667,-2.2711635471291554
-4.613497160397218,2.062875962632923
-4.0679100975615246,1.363020635026722
-4.04662074895923,-1.9375669296800804
-4.122490786038087,-0.8484115835249137
-5.123900793514894,2.049457288163929
-4.466506861172364,-2.235923380774231
-3.1399506554228527,1.93656322993639
-2.9499176964384777,1.8544699911058236
-4.079928778134034,-1.8712305065214347
-3.4720405563933117,-0.4780009027540397
-4.341513536892579,0.5109631780565072
-4.1703576073271496,-1.9092994268953514
-4.435728453121827,-1.8053731854974937
-4.997565172634767,1.6463558439195443
-4.560042761288331,-2.2977661184936475
-4.67638673635547,1.5152060750901986
-3.3995894417387706,1.0731162790239144
-3.669344805203126,-1.1491618391096305
-3.444970034084962,2.4303338293016243
-4.305611990414308,1.5688094858110238
-4.2758144363981945,2.928048825639515
-3.1320909485441906,-0.1266627546369743
-4.399649523220704,-2.4793506648361396
-4.10524883123462,2.1464550260484505
-3.9765595421416027,2.829449391740589
-4.692798994503663,0.5869815114915657
-3.868466757260011,2.2375032667100716
-4.355454824886964,2.67980692424181
-3.799881838284181,0.3301985029161263
-4.532460115872071,1.8724891904771614
-4.773914240322755,2.291881776231556
-5.002186201534913,2.5908853773057747
-5.178091906033204,1.6740913156450081
-4.808502100430177,2.6064975027025032
-3.935192964993165,2.0034682516038704
-3.9475482925993663,1.6324879888475228
-4.119905851803468,1.265132165330677
-3.5585783943754894,2.6655304197252083
-3.313375376187013,0.24432752169969563
-4.405384443722413,1.9458868268907357
-3.5967349037749035,2.528860307115345
-4.945685766659425,1.4949962858140755
-3.924727343044923,0.9400901559770394
-4.558901689968751,-1.6462451454221916
-4.398606203518556,1.7307889226854134
-4.639910124264405,1.1754538778245736
-3.002870939694093,1.292219615358143
-4.441101931057618,1.8394219640672493
-4.441163919888185,1.565330958741932
-3.624178312740968,-2.1102091010629844
-4.511484526119874,-2.4038907524168205
-4.317722700558351,-1.02608325443861
-4.3443969711882335,1.5094883207261849
-5.099915407620118,1.8922173742234993
-3.822296522579835,-0.9674506422102165
-3.192894838772462,1.449432111161976
-6.700685881100343,1.4830574754655648
-3.547624491177247,0.5396668676317025
-4.387957952938722,-2.4891809310733986
-3.8498968109709484,1.647268510240345
-4.4185875877958996,2.5894195798814583
-4.591031931362794,0.7804677251756478
-4.790913485012696,1.9119751218736458
-5.185371302090333,1.929288602250843
-4.513374231777833,2.198438859361439
-3.6755293831450206,2.6236369375169564
-2.962775610409425,0.41329023875597004
-3.4821042046171886,1.8663642171800423
-4.57060756536548,2.55167553462389
-4.531120203457521,-2.1228736575662803
-3.70408334585254,1.7669765714586068
-4.608961008511232,1.8540408376634407
-3.422879599056886,2.294309354203968
-4.479603670559571,1.58840010203722
-4.201084516964601,-2.48212895653841
-4.212380789242433,1.4385394815385628
-3.4365934357268078,2.4693453077256966
-6.59792461248462,1.5415401224077034
-4.813107870541261,2.5312893155992318
-4.456378363094972,2.251499867814808
-4.297442816219972,2.407780385392933
-4.693571470699952,1.929870343583851
-5.116437338314698,2.1753947500169564
-5.436248682461427,1.6802949670732308
-4.154462240658448,1.4954566720903206
-4.447986982784913,2.5150677923143197
-3.2135375961882335,1.833556867021351
-4.3237999901396496,-1.7635799284994316
-4.115621469937013,-2.4229615565359306
-3.581972979031251,1.9239957097947884
-4.053069971523927,1.6528386835038948
-3.8376826271635753,2.4560763601243782
-4.27827300878589,2.444788670915394
-4.5423010811430675,-1.83146273456213
-4.036951445065187,1.27451751269701
-3.394566915951417,1.8411457303941536
-3.8929337486845714,2.869673467057972
-2.7385357842070324,0.4156934980333138
-3.648406885586427,1.265338635820179
-3.7859930023771984,-2.1621627520739746
-2.8872369751555187,0.799506640809803
-3.5035885796171886,1.5167827371537972
-4.468865297756837,2.6864192251146126
-4.263787172756837,2.490220761674671
-3.3521493897063,1.880908704179554
-6.660222433529542,1.6394164327562142
-2.6554578766447765,0.7698890928209114
-4.128048799954103,0.49044320620897297
-6.485004805050538,1.7885963682115364
-4.23717250677173,1.4807424310624886
-3.2936810478789074,1.1592228177964974
-2.990661524258302,-2.390722618621559
-4.058260343990968,-1.762057387453289
-4.15779485555713,-1.0383126970350456
-3.4526146874052746,-1.1488231655180168
-4.3370093330961925,0.07159731425645832
-3.368248842678712,1.1695403818071175
-4.132077597103761,-1.8685631688654136
-4.278884314022706,-0.13652470074293133
-3.164844416104005,0.5395684007585335
-4.8826941475493175,1.6040663484514046
-4.54785194250171,-1.903463387113781
-4.56816329809253,-1.1910475727140617
-4.505969904385255,-1.6683880921423149
-3.753824614010499,2.7765133146226693
-4.016399763546632,2.9237282041490364
-4.025020502529786,2.3274247411668587
-4.587049387417482,1.8119232419908333
-3.31970252843921,2.3392770055711556
-4.064005754910157,-1.5377787586271476
-4.261989496670411,-2.3112113896727275
-3.547539137325929,-2.5889085467874717
-5.0883449539763195,1.8569280866563607
9.200278379000975,-0.7859030004560661
10.914774514712645,-0.45266523323652263
9.922031976260497,-0.3564828868925285
9.421136476077391,-0.24043896160718914
10.968906976260497,-0.5267540451109123
10.352699853457763,-0.8029459949552726
9.779785729922606,-0.6770684953748893
11.255112268008544,-0.33497681580183025
10.704643823184325,-0.6895208593427848
10.090981103457763,-1.055324697118969
10.115460015811278,-0.5609437461912345
-2.739025495968507,-0.039290928465099295
9.535518266238524,-0.3739028211652946
11.097723580874755,-0.33447840176221844
11.14981708673413,-0.37296977005598064
9.723833657779052,-0.9470930334150505
9.440191365756347,-0.36434760056135174
10.709060288943602,-0.6063474651395988
9.646875955142333,-0.6746870513975334
-3.1119984612089855,1.8679110769212532
-3.816899202786134,1.5486933950364876
9.369825936831786,-0.8343641992628288
9.551685430087401,-0.5638785596906852
11.331887818850829,-0.31014230213758465
9.09728441385205,-0.8295419450819206
11.403084374942138,-0.2521655794202995
8.982828713931395,-1.063906216245861
9.604106046237304,-0.9194764133512687
10.737201310672118,-0.15741469822523113
11.177214242495848,-0.3100341793119621
9.507794953860595,-0.5128623481809806
10.483097650088622,-0.6648251052915763
9.98173437265332,-1.333752715212078
9.596327401675536,-0.7320808406889152
9.152868367709472,-0.848685645681591
-3.906890772305177,-0.45409884415266033
-4.114914320431398,1.8779184583604622
-4.112429045162843,-1.8248822029649925
-3.4671896919829113,-1.334011995416851
-3.6403745636564953,0.3249203924119759
-3.2554377541167003,0.8150057558000374
-3.4235290512663585,0.5721547368943978
-3.880183599911378,1.9263407949388314
-4.032825849972413,2.124676442521839
-3.741924665890382,1.1691889528215218
-4.516576193295167,1.9345109228074837
-3.4945010170561535,-1.1841795679151725
-4.177328966580079,-2.2163872431933593
-2.655425928555177,1.0626139406144905
-3.7132181152922374,0.6316447023332405
-3.381962679348634,0.4481801752031136
-3.4077958092314464,1.5162467721879769
-4.405346296749757,2.2145187620103646
-4.407125376187013,1.222681975740223
-2.781201265774415,1.0004732374131966
-4.974684618435548,2.454509950059681
-4.089587591610597,2.7329633001268197
-6.450181387386964,1.804121709245472
-3.2371515259367687,1.171722627061634
-3.9666995033842785,1.9998461965501595
-4.651114366970704,1.4548029664933968
-4.448943518124269,2.1769020322740364
-3.2816103920561535,1.446052050966053
-5.862086676083253,1.2741586927354622
-6.631460569821046,1.513887620347767
-3.083933256588624,1.182011342424183
-3.254737757168458,0.6305861238420296
-3.890181921444581,0.6486179593980599
-2.850875280819581,0.4541489843309212
-3.5679058060271007,0.8509959939897347
-4.389847658596681,-0.35996975861188885
-3.6231888756376964,1.2039663556993294
-5.22017803045337,2.1146352056443978
-3.706874273739503,1.406148887056141
-2.8416460976225597,1.5153393510759163
-4.002451799832032,1.4281503919542122
-4.306271933041261,1.8859960798204232
-4.368538282833741,-2.0798694279014778
-3.7477125153166515,1.4071926835954476
-4.0747741684538585,-0.18948056660291668
-3.921779058895753,2.1747171644151497
-2.7300170883757335,0.5900082353532601
-4.743491075955079,-1.6462036009847831
-4.080993555508302,2.5718376401841927
-3.686352632961915,1.432863688844471
-4.654819868527101,-2.3614668112218093
-3.6517833695036632,0.5854091409623909
-4.680809877834962,1.5114414457261849
-5.066027544460939,2.4289896253526497
-2.8728531822783214,1.2134678129136849
-4.884125612698243,2.1774070028245736
-6.636090658627198,1.7428271535814095
-3.220090769253419,1.4709374669969368
-4.140694998226808,2.214153981584339
-4.092892549954103,2.612386441606312
-4.293556593380616,-1.2265899416029167
-4.448247335873292,1.8832204107225228
-2.7900752052885753,1.5944652322709847
-4.471309088192628,-2.060555660349102
-4.013161085568116,1.572800612825184
-3.7233308777434093,2.6593715909898568
-4.531682394467042,2.6030356649339486
-4.675735853634523,2.5458547834337044
-4.289286993466066,2.0645034078538704
-3.215752027950929,1.2153918508470345
-4.0204433426481945,2.1596362356126595
-4.578441523037599,0.7106184724748421
-4.9659179672819835,1.9663541082322884
-3.4892119392973644,-2.206923068684311
-4.4022792801481945,1.5550942186296273
-5.581037424526857,1.9250266317308236
-3.754725359402345,-0.8219623800337028
-3.490487955532716,2.153923249620228
-3.450798414669679,1.605057692903309
-3.989401243649171,-2.2991209246188116
-4.303554438076661,2.50395128764513
-3.654008291683839,0.004434562104969064
-3.8920816406828624,-1.6488234039365959
-4.558630846462892,-2.29385553225574
-4.261665247402833,2.3658931020677376
-4.2193263992888195,-1.5803025003492546
-4.002293013058351,2.438528275865345
-4.8945230469328624,1.7321088079393197
-3.0285934433562023,-0.027666830641002615
-4.379834078274415,1.7771856550157357
-4.376365564785646,1.9383299116075325
-4.255252264462159,-2.1383423145830345
-3.388179205380128,1.064892030137806
-3.5377310738188488,-2.5167910989343834
-3.6678337082487804,0.0688466791093636
-4.45708741994922,0.500734782594471
-3.7877143845183117,-1.6652120586454582
-3.6757549271208507,-1.9763135846674156
-3.5266145691496593,1.0741603139818001
-4.131835363827394,-1.7053085204183769
-3.806741617642091,2.234710908311634
-4.496437452755616,-2.1329427894174766
-3.4408554062468273,0.6071226362169075
-4.349491499386476,2.1878583196580697
-5.014406107388185,1.9187581304490853
-3.7908710465056163,0.8737232450425911
-4.515964888058351,1.388679004091053
-4.544512175045655,-0.3674357172071647
-4.204051397762941,-1.3301533099233818
-4.485489271603273,0.8938512567460823
-6.534445188961671,1.4697112802446175
-3.1323093399626476,0.3307504419267464
-3.782572172604249,-1.9075504776060295
-4.082422636471437,-0.8672915931760978
-3.2902797684294445,-0.6634122367918205
-3.4910572990996105,0.18369267024400715
-4.6235927567106945,-2.157213569802017
-4.196806333981202,-2.536850118261547
-4.5202626213652355,2.7494842771470833
-4.377965353451417,1.3646247152269173
-4.461882017574952,1.355095363038807
-3.306267164669679,1.5679385427415657
-3.6475161537749035,2.4989101652086068
-5.177299879513429,1.5526072744310189
-4.611317060909913,1.019516921418934
-4.391636751614259,1.5756339792192269
-4.686646364651368,1.9376966718614388
-4.019750498257325,-2.0807066794454765
-4.2219532951933605,-1.3594209786474418
-4.4174512848479015,1.2239420179307747
-4.437352560482667,1.719869590181141
-3.4095372185332042,1.4277496103227425
-3.7100934013945324,0.9127340082109261
-4.394881628475831,-1.4876598950445366
-3.1882332787138683,1.3135146860063363
-4.499529741726564,1.5666849378526497
-3.3726891502958996,-0.06285598240491863
-6.2805093750578624,1.5109457735002327
-3.6981257423979503,1.606679892915516
-3.6512092575651867,1.1416756872117806
-4.214427851162599,0.882953381913929
-2.938736818752931,0.9309663537919808
-3.7309860214812023,0.3686971429765511
-2.991457842312501,0.5572070840776253
-3.452718637905763,-0.07150819264051433
-4.161050699673341,1.552152371782093
-3.47053899618213,0.3332090143144417
-4.413196943722413,-2.545616352182598
-3.0747508034331066,0.5549440149247933
-4.889542005978273,2.1531331304490853
-4.53935756536548,1.067492938417225
-3.2742976173979503,0.21081087626817707
-3.844404600582765,-2.5073771562397194
-3.7181362137419445,-0.03761198483106609
-4.281537435970948,2.13919994868639
-4.250036142788575,1.0192692045152474
-3.615380190334962,0.3910526994645882
-3.38514556737964,-1.8401197727739524
-4.192758940182374,-1.5058138009130668
-3.743631266079591,0.3616020444810677
-2.8847459778410656,0.28255651034715656
-4.4478773102385265,-1.9879015620767784
-3.5802930817229015,1.2779674295366097
-3.717972658596681,-2.0232417818128776
-4.9954279884917,2.1705124143541146
-4.460045717678712,1.4558055166185189
-4.487722300015138,1.3559436563432503
-4.444160841427491,1.1665568117082405
-4.053921602688478,-1.4171756740629387
-3.572118185482667,1.5997748140275765
-4.705307863674806,1.3258023027360726
-4.53074350210254,0.00353667773607258
-3.7637065872771007,1.21824309863451
-3.506212137661622,1.7238130334794808
-3.3552965149504406,-1.9766946073591423
-4.29131593557422,2.7538764242112923
-4.454739950619386,1.7756764654100228
-3.869521521053956,2.3071563009202767
-4.0454162582976085,1.5563816789567757
-3.118762396298097,1.8809129957139779
-3.5518411621672374,1.1617069009721566
-4.424337290249513,1.9645111326158333
-4.296208761654542,1.0650145772874642
-4.055776499233888,-1.963973903280468
-3.6775764450651867,-0.6766108509123039
-4.06656589361255,2.301302647966175
-3.495929144344972,1.1357474092424202
-2.9387759193999035,-0.0031142469465446077
-3.533329866848634,1.7369048360765267
-3.8719681725126964,1.521498179811268
-4.784923456631349,2.3696253065049935
-3.7090648636442882,2.317058778184681
-4.316886805020021,-1.903311961513729
-2.918469332180665,-2.4435318943083
-3.5118230805021984,0.9153041604936409
-4.09856691213672,0.7362627748430062
-3.203921221218751,1.4289426568925667
-4.210106752834962,-0.982272767645092
-3.8196066841704113,0.7693352464616585
-3.6625637039763195,-2.022185468298168
-3.968795202694581,2.041022992509632
-4.218146704159425,2.019059873002796
-4.2924255356413585,1.25919768847826
-4.452643297634767,2.6655490163743782
-4.524186037502931,2.6300041440904427
-4.1578101143461925,2.8409101728380013
-4.4675353989226085,2.0238168004930306
-3.8624214157683117,2.8063294652879525
-3.582993410549806,0.2521791223466683
-3.4732045158964855,1.8290745977342415
-3.285018347225831,2.358701444047718
-3.970492266140626,1.9135796789109993
-3.756972692928956,2.033618665117054
-4.089111231289552,2.837564683336048
-4.239406488857911,2.8960301641404915
-3.195505045376466,-1.306171500307293
-3.984556101284669,2.8169071439683724
8.32613430169995,-1.4960891839086723
-4.917759798489259,2.009916043657093
-4.351031206570314,2.8371355298936654
-4.05078687521045,1.8709051374376107
-3.715904615841554,2.558797574418812
-6.070825956783937,1.7442242864549447
-4.321766279659913,1.7133736375749398
-3.9920057282072765,2.598302102464466
-3.927821062527345,-0.22739245854017254
-4.413863085232423,2.669207787889271
-4.080507181606935,2.168663239854603
-4.122426889858888,1.8515174154222298
-5.8532022461516124,1.585632539171009
-5.00284519048755,1.9836232427537728
-4.180610083065675,1.2761835817277718
-6.1670803055388195,1.4488141302049447
-4.314978502712892,2.154054856675892
-4.325446985684083,2.1327459577501107
-4.332637690029786,2.48854658641222
-4.331785582028077,2.6082355741441536
-3.722668550930665,1.1412155393541146
-4.3687075600249035,2.5529982809007454
-4.439176462612794,1.89101240672472
-3.0036071762663585,0.6327652696550179
-3.9891776070219738,1.0339481595933724
-3.687838457546876,-2.1179158326208305
-4.587608240566896,-2.324924846363039
-4.264373682461427,2.044891572374134
-3.4273771271330578,-1.8067930575430107
-4.809628866635011,1.1232421163499642
-4.350099943600343,-0.32608606777784344
-3.411437891445802,2.1225201848924447
-3.6991166100126964,1.902266240495472
-4.552640341244386,0.9779922727525521
-3.096207998715089,-0.30440785847303387
-3.1934379562956554,0.3580312494218636
-4.386059664211915,2.1553098920762825
-4.030106447659181,0.9846951726854134
-4.275014780483888,1.5777780775010872
-4.172933004818605,2.4755193952501107
-3.9628032669646007,-0.8675061698972892
-4.3054117188078624,1.2924771074235726
-4.02154054494922,-1.9129278000414085
-3.2800983414274913,2.2686102155626107
-4.670773886166261,2.2061211828172493
-4.191310785732911,2.950535512346058
-4.342615507565187,2.706042504686146
-4.22245492788379,2.768151021379261
-4.10826625677173,3.0034467939317513
-4.295292280636476,2.9328481916368294
-4.302994154415773,2.3983094457567025
-5.939024351559327,1.8704941038072396
-4.834431074581788,2.274308419603138
-3.891186140499757,-0.3189047809660148
-3.5626133904082042,2.5273611310899544
-6.28789272161548,1.4843611482560921
-4.274054907284425,2.331261372941761
-3.4082602486235363,1.9289171461046029
-4.524547003231691,-2.374839157980652
-3.322530649624513,2.298158860582142
-4.435702703915284,2.78288195170763
-3.375068567715333,1.5704004529893685
-4.632970236263917,2.5283515218675423
-4.557391546688722,2.5112344983995247
-3.880237005673097,2.7575342420518685
-3.5840648636442882,2.7753050092637825
-2.9585770592314464,1.8223755124986458
-4.976063154659913,2.0200612310350228
-4.296126745663331,1.8277766469896126
-3.222565077267335,-0.019057535749645194
-3.130258940182374,1.8359076742112923
-3.5255402550322277,2.3561789754808236
-4.326968573055909,1.313624596971302
-4.522638700924562,2.620070195573597
-3.492190264187501,2.550773835557728
-4.636509798489259,-1.5632810827314567
-3.663553141079591,1.7846519712388802
-4.0334533676726085,-2.1253518845855903
-4.219184301815675,2.4028818372667122
-4.876622580013917,2.564312672990589
-4.567035101376222,-1.2115730281889152
-4.524606131039308,-1.9556171234667015
-2.9110144600493175,-2.0041672822057914
-5.383564852200196,1.9958007100999642
-4.199475191555665,2.5960113767564583
-4.317575357876466,2.3710596326768685
-3.42415227743213,-2.4176774706661415
-3.479954622708009,0.7371458772599984
-3.75864877554004,-1.0551588769972038
-4.166781805477784,0.33162758387926106
-3.465358160458253,-0.0034096475660514436
-4.8117150292021496,2.0376059774339486
-4.734682939968751,2.5732223752916146
-3.7842587456328136,-1.9667466815530967
-3.262502573452638,2.2670509580552864
-3.50518312307422,-2.086749338728161
-4.790219210110353,2.5538713697374154
-3.475757502041505,1.6631102327287484
-4.404468916378663,2.5106770757615853
-3.671579264126466,2.418436265367298
-3.712878607235597,-2.85875006876585
-4.863596342526124,0.8923568490922738
-4.208280943356202,1.0879137281358529
-3.6124676689726574,-2.650455766540737
-2.946120165310548,-2.3002319123565864
-3.2035836205107433,0.790776229280262
-4.826301001034425,2.333745217698841
-3.4817117676359874,1.6978168252885628
-3.7140420899016124,1.8602573636949349
-3.7481883988005382,-1.8417929347574424
-4.398477934322999,1.2849697832048226
-4.545731924496339,-0.6698459621488762
-6.1931165680510265,1.6864475969255257
-4.411589048824952,1.7103631261766243
-3.3651160225493175,1.8420398000657845
-4.455666922054933,-2.0466007824957084
-3.7552803978544933,1.213325000184803
-4.286223791561769,-1.9145500894605827
-4.11956825109546,1.3650543455064583
-4.197533510647462,2.659416413682728
-4.882503412686036,1.0965840581834603
-3.1004113182646496,-2.4145773436844062
-4.324441812954591,1.2613551382005501
-4.05212440343921,0.8568336728990364
-4.3733605370146496,-1.7365866538107109
-4.431873701534913,2.001960492509632
-3.889994047604249,-0.5526912447035026
-3.995994947872804,1.3779661420762825
-3.0660556778532726,1.437206721681385
-3.8856801018339855,2.1735331777513314
-3.9801935181242687,-1.2809338804304313
-4.641321562252687,2.60758373774889
-4.179604910336183,1.4133901361406136
-4.235889337979005,-0.9995132919370842
-3.887723349056886,-1.8417160149633598
-3.8067687973601085,-0.7903386589109611
-5.344690702877687,1.6316442254960823
-3.5277317986113292,-0.4219001766264152
-4.766784094296144,1.4035024408281136
-3.6352476105314953,2.2060653928697396
-4.162842653713868,2.481672978776722
-2.814732454739259,-1.8213206168234062
-3.8834613785368663,1.9637415174424935
-4.364148996792482,2.4043943647325325
-3.0587223991972667,1.692434525865345
-4.169773481808351,-1.308665716272564
-4.132082365475343,-0.25887563191053387
-4.573751352749513,-0.35059502087232586
-4.516440294705079,1.611602759736805
-4.116250894985841,1.8373753789842415
-4.628658197842286,-1.8353799220144462
-3.202113054714845,-0.2826407190382194
-5.27316465231006,1.918318486589222
-4.383713625393556,1.1915490392625618
-4.047880552731202,2.6561248067796517
-3.2211765274626476,1.604116416353016
-2.96289100500171,0.93503735103014
-4.097021959744142,-2.0854437287866783
-4.403943918667482,-0.6731478210508537
-3.3934415802580578,0.29427073039415363
-3.255521677456544,-0.6428500648557853
-4.367684744320558,1.9619085554063607
-4.444497488461183,-0.09045770130750652
-3.4519080147368175,0.4289989236772347
-4.250271700344728,0.6564409498155404
-4.600376985989259,-2.088007428866596
-4.2235168442351085,-0.7222092386305046
-4.480581186733888,1.4355196718156624
-4.4629892334563,1.7893664602220345
-5.149454496822999,1.8975956205308724
-4.136806391201661,1.2135920289933968
-4.661637686215089,1.5152251485765267
-4.360560320339845,2.013314938920765
-3.818687818966554,-1.9378357466280174
-3.4092539772612316,-1.3845147129118156
-3.3306335434538585,1.7683465246141243
-4.437192820034669,-1.0467947956144523
-3.326871298275636,0.9982702497422982
-3.8758152947050792,-1.9503878589689445
-3.4160245880705578,0.7248706582963753
-4.239108465634034,-1.5103106733381462
-4.378864668331788,2.2792088750779915
-3.8330449089628917,-2.2965530056476307
-3.145151041470216,0.6755475763261605
-3.2742551788908703,-0.2500431772291374
-2.629474066219972,0.2666489843309212
-4.28615703435962,-2.388759033006401
-2.9105795845610363,-0.03347613773939129
-2.8434370979887706,0.3873600725114632
-4.109514139614747,-0.4238676067411613
-4.342239759884523,-2.33713251463768
-4.39469613882129,-2.4505940016329
-3.64041843267505,-1.4633393522321891
-3.2286151871306163,2.3378407720506478
-3.329671762905763,-0.14586355648633953
-3.777925871334718,-1.2297646041929435
-3.481924437008546,2.0644399885118294
-3.8891338333708507,-1.759274983030529
-4.356888197384523,-2.2878712985634517
-4.353104971371339,1.6073376897752572
-3.0848702416044933,0.5593564275682259
-3.616581819973634,-2.405779355388851
-4.28905763479297,-1.7701212104379844
-3.9120782837492687,-2.1018163051426124
-4.450585268459962,-2.0626112308323097
-4.213603876553224,-2.3550246443569374
-3.92811956258838,2.6968204740464974
-2.98500432821338,0.9845382932603646
-3.1104587540251476,-2.4684191282808494
-3.1247662529570324,-2.5237220462381553
-3.7929791435820324,-2.858831011873455
-3.615335367642091,-2.52313035092947
-6.4678710922819835,1.373741841691761
-3.2815755829436046,1.6997897390306282
-4.162687204800294,-1.7213471170484733
-4.379486463986085,1.2384495500505257
-4.619375132046388,-2.2257583115219783
8.937900640048339,-0.8121479984342765
9.531022168673827,-0.22252252064344402
-3.2930969223601085,-1.2613506551801872
-2.8851098045927746,-1.2570483919202995
-3.4254540428740246,-2.067043059688778
-4.459968470059083,-2.712890410047741
-4.117372415981935,2.5429622892320443
-3.056157015286134,-1.9683139260828209
9.262225724734618,-0.512165927511425
9.377008058108641,-0.7971538539945793
9.5314274802583,-0.5445422168791008
9.891632176913573,-0.9913912054121208
9.484962560214354,-0.5564092632353019
-3.0766424164396984,-1.952684247118206
8.971952058352782,-0.5825373169004631
11.27764568475659,-0.2250807519972038
9.411651231326415,-0.7038790222227287
11.431153871096923,-0.18944909535047527
10.6025625243562,-0.14709951840040203
9.405387498416259,-0.9886454578458976
10.206455804385497,-0.5002398725568962
11.067569352664306,-0.7528345819532585
10.14329681543286,-1.045115375143261
9.461489774264647,-0.27825429401990887
10.536805726565673,-1.0213995214521598
11.237202264346434,-0.33144500218030926
8.991516210116698,-0.9047821994840812
9.280447579898192,-0.45052339993116375
11.384773828067138,-0.20107152424451824
11.393264390506102,-0.22269966564771648
9.267196752108886,-0.4708593126356315
-3.5389060005766613,1.6234326127946663
-2.829231165371583,0.9277291063249398
-4.0253027901274425,2.8973347906053353
-4.752602003536866,2.2391245130479622
-3.2545575127226574,1.4202356103837777
-3.8645810112578136,1.242924428361683
-4.283910177670167,1.5938710931718636
-4.1324099526030285,1.67765209712389
-3.5775646195036632,1.0974418882310677
-2.642921350918458,0.7454745534837532
-3.824719332180665,1.9104621175706673
-3.8927315697294933,1.0093462232530404
-4.428191564999269,1.9365365270555306
-4.06048621984546,1.9929282430589486
-4.3784264549833996,2.4974028829515267
-3.7884515747648937,1.7875396970689583
-3.5818118080717785,0.5035233262956429
-4.234293840847657,2.9284708265245247
-2.737373255215333,0.6138472322404671
-3.8090032562834484,1.3681132558763314
-4.864879511318849,2.1412579778611947
11.084105111636473,-0.31084778271314617
11.246677972354247,-0.22831990681287762
9.560399629153563,-0.7496212955534172
11.406619645633056,-0.19098951779005047
11.321487046756102,-0.3166840311109733
11.385044671572997,-0.2857469554960441
-4.133108519039796,2.3710872892320443
9.443464376010253,-0.6166624065458488
9.427224732913329,-0.6035288806974601
11.380598641909911,-0.19194462261793133
11.403946496524169,-0.21177175007459637
-3.3583663925749523,1.8862707380235482
-4.141061686001466,0.707111096757679
9.355421639956786,-1.0096216436445427
-4.043402574978517,-2.684675329548092
9.432238198794677,-0.5770582195341301
9.802286721743895,-0.9476943250715446
9.161078549899413,-0.69036867581007
9.568160630740477,-0.5924761529981803
10.77728519586499,-0.5292028423368644
9.344528771914794,-0.6789441343366813
9.261629201449706,-0.6554521556913566
9.555605031527831,-0.5402106281339836
8.921660043277098,-1.2325749631941032
10.136642552890136,-0.41541948280927654
9.937646485843016,-0.4654402967512321
-4.055705927334474,2.5356685880601693
11.324116326846434,-0.3225424524366569
11.420576669253661,-0.2642224069654655
9.9629722609895,-0.636397146803112
9.289800263919188,-0.7104994293272209
9.758908845462157,-0.14424493275281902
9.432814218081786,-0.5082276102125358
9.285104371585204,-0.5016563173353386
9.55317173150952,-0.765781068426342
9.323065377749755,-0.453829311948986
9.900922872104003,-0.634444021803112
11.381094552554442,-0.21961023769971844
-3.5307988152128917,1.3735601667344857
-4.593188665829347,1.6582014326036263
-3.6797074303251964,1.0271947149217415
-4.542548559628175,1.6381590131700325
-3.9165753349882824,1.767974591630726
-4.243147753201173,2.7693402532518197
-2.9604691490751964,0.5251064065873909
-4.640479944668458,1.196350312608509
-4.31292238088672,2.872624612230091
-3.9582103714567882,0.7598192457139779
-3.1766118034941417,1.4702143434465218
-2.7651423439604503,0.5426740411699105
-4.386335752926515,2.631213879960804
-4.54886569830005,2.6952807668626595
-2.8510149941069347,0.396270728486805
-3.966069124661134,0.88281247653368
-4.782485865078614,2.5145013097703743
-3.471102617703126,2.140784955400257
-4.01296367498462,2.3345324758470345
-2.8898376450163585,2.0640485052049447
-4.476309202633546,2.8991477254808236
-4.295253179989503,1.866424775499134
-3.804150484524415,2.7120468381822396
-3.4931115135771496,-2.1774431180178833
-4.005434893093751,2.2712838415086556
-4.339332483730958,1.8543035749376107
-5.11534633489673,1.5193288091600228
-4.120178125820802,1.2842163804948616
-3.495739839993165,1.524869418519764
-4.576347731075929,1.7121619943559456
-3.287304304562257,0.5031537774980355
-3.9646543488127453,2.7962424520433236
-4.432297132931398,2.3484089139879036
-4.480066679440187,2.3825905088365364
-6.339638136349366,1.4631623987138558
-3.615671537838624,2.536818719285755
-3.3518413529021007,0.3907451394975472
-4.278436087093995,2.746131158250599
-3.982457540951417,2.5385992292344857
-4.403604887447999,2.7444584134996224
-3.912187002621339,2.7471697095811654
-4.067060373745607,0.7905857328355599
-4.501984499416993,2.843126035112171
-4.429675482235597,-1.9341680642187309
-4.164027594052003,1.8041364911973763
-4.440691374264405,2.5113632444322396
-4.552289865933107,-2.0951599564373207
-4.243516825161622,1.9689643148362923
-4.482696436367677,2.0492307905137825
-2.62660589071338,0.5985157255113411
-4.615512274227784,2.544639802354603
-4.4726013168913585,1.708242392915516
-4.731559656582521,-1.868298524242611
-4.402006529293702,2.6292030576646614
-6.240281485043214,1.562619662660389
-4.658948801479982,1.9369613889634896
-4.431118868313478,2.577531075853138
-5.095288179836915,2.2482025388658333
-4.1192072853667,2.4830052617967415
-4.270127199612306,2.039837098497181
-3.9996232018095714,1.379882550615101
-4.473449133358644,1.706472611802845
-4.92187538000171,2.324453091996937
-4.072655104122804,2.7040183309495736
-3.98502817007129,2.2813679937303353
-3.8412231430632335,1.2744650606096077
-4.3083485588652355,-1.9914937850057792
-4.16931714864795,2.9849540952623177
-3.859987638912843,1.4095144037187386
-5.187443159542726,2.4403273824632454
-6.600437544308351,1.7915498975694466
-6.056271933041261,1.849308705705433
-4.833190821133302,1.6080384019792366
-3.348440073452638,-0.7601878877699089
-2.9705561623198253,-0.07334520779249187
-4.885349653683351,2.257990575212269
-3.6632842049223644,-1.6495105858862114
-4.2527522072417,-1.868275934082241
-4.578947447262452,2.081805920976429
-4.497386835537599,1.8612963918626595
-5.498546980343507,1.5955569509446907
-4.1739539131743175,2.5715725187242318
-4.249480627499269,1.5640136960923958
-4.448620222531007,2.240213609117298
-4.9705575928313,1.8853208784044075
-4.28343429418628,2.036771035569935
-4.014122389279054,2.2272846464097786
-4.070972822628663,1.9129349950731087
-3.704864405117677,2.347242570298939
-4.237354181729005,2.2671534780443
-5.234952352963136,2.010606503862171
-3.785139940701173,0.7289924386918831
-4.590844057522462,1.8281447652757454
-4.154543779812501,2.565406537431507
-3.155517481289552,0.442110515016346
-3.516005896053956,-1.2174842592298698
-5.313228033505128,1.9262759450853157
-4.22994365545337,2.4073526624620247
-3.813281916104005,2.124664521592884
-4.494987390957521,2.352813458818226
-4.319816492520021,1.9987056020677376
-3.724574469052003,-2.293427436795802
-4.2258056625944835,0.9341044191301155
-3.98449745031421,1.8178326848924447
-5.14312257619922,2.0843722585618782
-3.4050873741728527,0.2435922388017464
-3.998424910031007,-2.2656120259284687
-3.4172629341704113,0.7750859025895882
-3.823532961331056,2.307908273118763
-4.370654962979005,-1.7350101109564018
-4.665547274075196,-1.888635152202816
-3.65962066503589,0.8497082952440072
-3.359107874355958,-0.2889949317991447
-4.151669405422853,1.1700172189653206
-4.299638174496339,0.9576804403245736
-4.352139852963136,1.9962103132188607
-4.52470912786548,2.509575105088978
-4.65623178335254,-2.204310917478771
-4.570590399227784,1.1803364519059945
-4.833841227017091,2.3890087369859505
-3.5431388840300304,2.181129193681507
-3.9705800041777355,-1.9051197107851219
-4.431764505825685,-1.779594236236782
-4.285820387325929,-2.584719889980526
11.409770585574462,-0.21746470890638347
11.410520173587157,-0.2023148771345329
-3.0195096954924328,-2.4356632616340828
-3.068495653591798,-2.4118142511665535
8.250248528994872,-0.9034009214460563
-3.6711162552458507,1.2327470544755745
-3.957707308254884,-2.048657172542782
8.260454274691893,-1.7098267909109306
-4.447094820461915,-1.5787802573263359
-4.219290636501954,2.8735902074754525
-4.27358379217212,-2.43997363112566
-4.09069337698047,3.01617167033556
-4.361805818997071,-1.7364233370840263
-4.4327334389311535,-2.754283183437557
-4.532137773953126,-2.6117467518865776
-5.01532020422046,2.543978429216175
-4.437936209164308,-2.2239725153863144
-4.026069067440675,2.1573450330674935
-4.672558687649415,-1.8667914207994651
-4.507558725796388,1.9088527921617318
-3.776140116177247,0.4748050931871224
-4.8541025147063,2.3640715841234017
-3.975783251248048,-0.07643439732191082
-4.597326181851075,-1.7461326356947136
-4.5945376381499035,0.46324560679796223
-4.1359547600371105,2.0795156721055794
-4.585778139553712,1.1345486406266976
-3.4639576897246105,1.5422916177690316
-4.391788862667726,-1.8132145043432426
-4.196686171017335,0.6732833150804329
-4.465507887325929,1.1756958726823616
-4.58067550512378,2.1872141126573372
-4.833646200619386,2.4856960538804818
-4.643994234524415,-1.6821666594564628
-5.0174926743132335,1.5173170331895638
-3.2055353149992687,-0.18875887356397625
-4.620561026058839,0.01048562564256672
-4.327426336727784,2.772918439286976
-3.912942789517091,1.5205325845659066
-3.807666681729005,1.0395996335923958
-4.73584022375171,1.4790129426896859
-3.2938298210722667,0.9409157995164681
-4.474011324368165,2.570709443467884
-3.626261137447999,1.4464154008806038
-4.402887724362062,1.1534301999986458
-3.7109035477263195,2.5252101186693
-5.039132975063966,1.4584591154039193
-3.656741045437501,1.6548058752000618
-4.696855925045655,2.1665570501268197
-3.699789427242921,-1.0381882425367546
-4.674482248745607,1.8232762578904915
-4.410129927120851,-2.144627594572277
-4.275684736691163,2.955784535783558
-5.352755449734376,1.3980459932267952
-6.292776487789796,1.5111887220323372
-4.88567628713672,0.7663628820359993
-3.311824224911378,0.7196566823900032
-5.19619121404712,1.6713623765886116
-3.539520643673585,2.31825850047472
-3.4594038948637706,2.0534860853135872
-4.112984083614991,2.111466622728138
-5.085845850430177,2.4514100316942025
-4.5588015541655285,-1.3589879509031486
-3.470944784603761,1.2219855550706673
-4.869808100186036,1.254530406373768
-3.1676863655668956,1.722778058427601
-2.970479868374513,-0.10960771999952312
-3.801438711605714,-1.2989460464536857
-3.6515616402250988,1.783405042070179
-3.935781382046388,1.9598405126512337
-3.9434031471831066,0.9374439481675911
-3.350886724911378,-1.8016866084158134
-3.3342908844572765,-1.9296403463899803
-3.891329668484376,1.6556973222673226
-3.9895051941496593,-1.0772983070432853
-3.1891521439177257,-0.014057421308727225
-4.234598539791749,2.5240461591661263
-4.024872683010743,2.2984015706956673
-3.7789458260161144,1.7486388448655892
-3.475051306210206,0.4959859613359261
-5.075857542477296,2.229444718736439
-4.335740469418214,2.1757237676561165
-3.4216255173308117,-2.014648550373287
-6.634101294003175,1.50624678172472
-4.079544924221681,1.3213228944719124
-4.696873091183351,1.685335612672596
-3.0294760689360363,0.6589905981004525
-4.566044710598634,0.9212651018083382
-3.9822563156706554,2.4832374814927864
-4.5604542717558605,1.5032257799089241
-4.478285692654298,2.3102495435655404
-3.836014650784181,1.305701470750599
-4.929743193112062,1.290109372514515
-6.408849142513917,1.7770378354966927
-3.324831865750001,0.6791665319383431
-3.1603573784453136,0.5194554094255257
-5.518232248745607,1.8408396009385872
-4.299654863796876,-0.18883707485792156
-4.39157285543506,2.4216019872606087
-4.752572439633058,1.5615184072435189
-3.7315567955595714,-1.670791232210369
-3.1768735870939953,0.3297841314256478
-4.697582624874757,1.8156139615953255
-3.8570617661101085,1.5800432924211312
-6.223154447994874,1.538698411363392
-4.125183008633302,0.9678313497484017
-3.269223593197511,1.9133803609788704
-4.02054538580005,-1.1910051342069816
-4.186195276699708,1.9579789403856087
-4.069361113033937,2.815049386400013
-3.98425330968921,1.7488510374009896
-4.49336089941089,1.4049219850480843
-3.5237907394987804,1.7843506101548958
-4.461717031918214,-2.12948017678854
-4.186185739956544,0.049069619554309885
-4.469970606289552,1.6545023683488655
-4.164086245022462,-1.8805399771749687
-4.363318346462892,2.511955953019886
-3.694075964413331,2.1160905126512337
-3.695338629208253,2.0185043577134896
-3.5214880928618175,1.5187737707078743
-4.197753332577394,1.3284365896165657
-4.297447107754396,2.6456286672532845
-3.76515569540088,2.629514432328968
-3.7268427834135753,0.39727017917039875
-4.582385443173097,1.27170989550951
-4.107728861294435,0.21371099986436848
-4.248697184048341,2.6640002492845345
-4.110397242031739,2.7472574476182747
-4.0912488922697765,1.5211035970628548
-3.8624791130644542,1.7650902036607552
-4.601888082943605,-1.6545287009298515
-3.9475697502714855,2.732933259385853
-4.539002321682618,0.9962692026078988
-4.034088991604493,1.1695399049699593
-4.279653452358888,0.3333861593187142
-3.984851740322755,1.830089784044056
-4.324798010311769,-0.5605110164701652
-4.261044882260011,1.350104785341053
-3.106640718899415,1.5729262594163704
-3.682018660031007,1.8091203931749154
-3.2067274078947765,2.235509133714466
-3.281741045437501,0.4448427919328499
-4.365839384518312,0.9908222917497445
-4.267103098354982,1.3196303609788704
-4.537644766293214,0.7780704263627816
-3.260671518765138,1.0261568788469124
-3.7522520050627453,2.0327260259568978
-3.989501856289552,1.3704209093034554
-3.5766872391325695,0.9644608262956429
-2.5762323364836437,0.40236923732164387
-3.1539105400664074,0.7077030900895882
-4.496211908779786,1.766742444413929
-3.2699974999052746,1.3805665735185433
-6.645648382626222,1.5053510431230355
-6.272551916561769,1.630666709321766
-3.1344212517363292,1.7396962408006478
-4.33572568746631,1.632103419679432
-4.378744982205079,2.6604387525499154
-3.964118383846925,1.6248419050157357
-4.115357302151368,2.5835511449754525
-4.961497686825441,2.4742448095262337
-4.261377714596437,0.7271065477311898
-3.1278060898405773,0.6740941766679573
-4.545273207150148,1.8430392507493782
-3.2717131600004894,1.2659308675706673
-3.367051504574464,1.4664418462693978
-5.162211321316407,1.8094055417955208
-4.909593008480714,2.5509578947007943
-4.703318499050782,2.3301236394822884
-4.423384092770265,1.623586631196766
-3.689080141506837,2.723125672715931
-3.479682825527833,-0.01320817432996746
-4.444779299221681,2.524705148118763
-4.384197138271974,1.4605769876420784
-4.695135973416017,-1.1736654277860832
-4.23507871481006,-1.671798073869915
-4.945558927975343,2.4854442838609505
-3.536694429836915,2.5192367795884896
-4.706632517300294,0.6170270208299447
-4.175988100491212,0.837017274278431
-3.9418467506987316,0.7389960054338265
-3.436546705685304,0.9549746278703499
-5.09463682027881,2.3749563459337044
-4.318866156063722,-1.3034157391607475
-3.750901125393556,-2.6601051326811027
-4.372969053707765,0.009407735246448556
-3.2559737190825206,-1.9504649873792839
-4.1252197250944835,0.6469814542711068
-2.8223632797819835,1.8525182966172982
-4.98442306371753,1.475170350450306
-5.330975912533448,1.7667553190172005
-4.060929201565431,-2.5917479034483146
-3.5795663818938,1.232501721757679
-3.2600764259917003,0.3251635793626595
-3.586083315334962,1.553274369615345
-4.589412115536378,1.599977946656971
-4.449087999783204,2.497349477189808
-3.202113531552003,0.5330490831315804
-3.587047956906007,-0.45525624714490887
-4.105420015774415,0.9756650690019417
-3.89552154394214,-2.0086003180563163
-4.051501177273439,1.227304435151844
-3.1186918243986828,-2.365410127860279
-3.5013536438566906,1.570119834321766
-4.358103178463624,2.6678030256212044
-3.453714273892091,-1.3004396196424675
-4.266283892117189,-2.56477355323431
-3.096309088192628,-2.451910996061535
-3.45763673635547,0.919060206788807
-3.013969801388429,-2.406217583638401
-4.031867884121583,1.4381663564622689
