UMAP1,UMAP2
3.3389003528451955,0.9972660193044729
1.8585980190134084,1.2366449484426565
2.935116554627422,0.4726109156210012
3.093570495972637,1.290067280252654
1.4497568858957326,0.6934901127416677
3.5241801990366017,0.31653448434658715
1.6131003154611623,0.4947451004583425
3.2574460758066213,1.0221584686834402
2.1393716586923635,2.077976728399474
-0.6720444904470408,-1.9211840978067332
3.9018557323312795,0.6530053267080373
2.0124542964792287,1.4867319116193838
2.4467618717050588,0.9952847609121389
1.5131376041269338,1.4548334726888723
2.103108669648174,0.693814600427825
1.754621292481426,1.5360580334264822
1.748903061280254,-0.1815655579965525
0.12816789282322283,-0.9091298928659373
0.8098573936319386,1.3533611545164175
3.249266411194805,0.10914203019924829
1.6145899547433888,0.3121909746725149
3.7463071597909963,0.4016657719213552
3.5734913600778615,0.7109713205892629
3.550106312165264,0.9490764984685964
-0.8115660892629588,0.5104682097036428
-1.9588235365056956,-1.7285766950052195
0.2347634090280568,-1.8816137662332468
1.9979689372873342,2.017134363373
-1.520510886778828,1.1636761078435964
2.0011723293161428,-0.25431064275912574
-0.11826035844325666,-1.5149858346383982
-1.1190118538045848,-1.9346757283609324
2.183172489533428,-0.4421139111917429
-0.07337806092738752,0.0677780756551809
2.160996223816875,1.0576564917165823
1.1474473728036916,0.36379774900265405
0.0053489459848439225,-0.7449727406900339
-2.005582426657673,-2.002303635160249
1.4578407062387502,0.7571848282415456
2.906347538361553,0.36198123784847924
2.525009895691875,1.5835701474744863
-1.374849651923176,-1.8350448956888132
2.688587929139141,0.7424887070257253
-0.8713929401540721,-1.9296808591287546
-1.432986711134907,0.026054585893828364
2.8684480441904103,0.912508333643157
3.3364360584116017,0.8863737234670706
1.0783808482980763,0.30225297303982446
1.9808686031198537,1.071690166910369
-1.4665195690298045,-2.005996262113374
1.2962835086679494,1.0605927357275076
-2.9844540552997554,-0.5830510011117869
-1.5214047180318797,-1.149027859250825
2.7206404460763967,-0.31127241758517554
-2.0022039161825145,0.2171003470022268
-2.461593423953053,-0.9797978749673777
-1.9322758661413157,-2.0692067494790964
0.5657618297433888,-0.9767895093362742
0.9841964496469533,-0.5761819234292918
-1.1186613784933055,-1.531302725354951
0.3766837371683156,-1.4647894254129343
1.249213005433086,-0.3521726479928904
1.2827036632394826,0.9696688303548879
-2.0122518287801707,-2.02983812002353
2.07189157141209,-0.21335772184542945
-3.4280442641878093,-1.44717529920749
-1.769179795851704,-1.852540527860444
-3.7144470559263194,-0.7519789090555125
-3.24882059263229,-0.5801434865396433
-1.5282617555761302,-0.5891378274362498
-2.4018872724676097,-0.0453055253427439
-3.7587869511747325,-0.48687294630221656
-3.1257531763815845,-1.4851708760660105
-2.281260226836201,-0.5814924588602
-1.8357078777456248,-0.8616724362771921
-1.3960267053747142,-0.8879363885324412
-2.3831426845693553,-0.10256103185824683
-2.1240162597799266,-0.514154230634492
-2.386420105566975,-1.1226334920328074
-3.45418441759586,-1.5823784223001414
-2.7646016524934733,-0.4079912057321482
-1.2203756319189036,-0.20884398130587867
-2.9729654686355556,-0.7037134519021921
1.754666115174297,1.780765558202941
2.688067222962383,1.5525093922216482
1.1537883533334767,-0.474279676954072
0.9140913738107717,1.4662358412344045
1.8649289859628713,2.0204899260599203
1.0214040531015431,0.6553777107793874
-2.2993460642003978,-0.4816756596963816
0.26524021757603045,-0.9157858243387156
2.4489419711923635,0.6347683319646902
-2.185236011614796,-0.0522327771585398
-1.1935652242803538,-2.0121903767984324
2.710380817780498,0.19531294198818872
2.5113480342721974,1.1213234314519949
3.32429053915501,0.632717336137969
2.453471924195293,0.18342944475002954
2.7640850795602834,-0.2486899247568064
2.730123306641582,0.6515173563558645
3.5519202007150685,1.108527506311614
-3.886194740405079,-1.5036392560403757
-0.9960860954427684,-2.083126102964204
-1.2952947364950145,-0.18347672132663062
2.9672110332346,1.5320909270841665
2.750797058472637,0.8416190991003103
2.912225510010723,0.7909816155035085
1.763074661622051,0.6463408121664114
3.3893087161874806,1.056713427026946
1.4262435687875783,-0.6148994317453318
1.8995335353708303,1.8699712404806204
0.5618641628122365,-0.8595383515756541
1.178221966156963,0.5609924444753713
1.7755420459604299,1.7133535990316457
0.4345720065927541,-0.3588273873727732
3.5445368541574513,0.7796762833196706
0.8763425601816213,0.9691093811590261
1.5834772838449513,1.7130631455976553
1.2280438197946584,-0.17094067243747046
1.9817221416330373,-0.6240795007150584
1.9584796680307424,0.8169144043523855
1.4242227329111135,1.6743960628110952
0.309344078431133,-1.3111083856027537
1.69211223257542,1.0615807423193044
3.075104977021221,1.2810997614461965
0.6457960857248342,1.0897407183248586
1.6165712131357228,1.938064540346343
-1.2214946495199168,-2.0652556767862253
1.490597511658672,1.0747403750021047
3.5693900836801564,0.5356042036611623
-0.9401359306478465,0.054987157304961176
0.7703655017709767,-0.5260219922464304
-1.4188079582357371,1.1166855940420217
1.7993934406137502,0.523987973650176
2.1120751155710256,0.6631730446416921
1.4353926433420217,1.7248950848180837
3.572583938965801,0.9178846726018972
3.276502872834209,1.0996008762914724
-1.4050531135702098,-1.9431219449441843
3.256943012604717,1.3549459228117056
1.434851433167461,1.2057542452413625
3.341882969269756,0.8110530027944631
-0.12039134370326643,0.9307194599706716
1.8107488406991994,1.1806947836477346
3.472687984833721,0.9997523674566335
0.4656853927469289,-1.3343601575296336
1.0067322505807912,-0.9586456170480662
2.4716613544321095,1.5176758417684622
1.8992307437753713,1.8589484939176626
3.142368103394512,0.7757480988103933
3.8787300838327443,0.5382653126318044
3.4190585864877736,0.9824531921941824
1.420629764924053,-0.6348116746347361
3.938320423493389,0.7738912949163503
3.511311794648174,0.5377506861288137
1.0029824031686818,1.0906799683172292
0.5181610835886037,-0.6744485249917918
-1.174868796935078,-1.9371447911661082
-1.853038643469807,-0.05058196691684058
0.40237357748508806,1.2134282240469045
1.241027141938213,-0.33814576772860816
-2.436465417017933,-1.1058323731820994
-2.8913649068975413,-1.1011908402841502
-1.327577684988972,0.03508159013577172
-1.5110229002141917,-1.279699360410493
-1.527582739462849,-1.1271005025308543
-3.029149522056576,-1.5937476506631785
-3.3333505587482417,-1.4978974213998728
-2.303930793871876,-0.034470831434052496
-1.7891229139471019,0.18142052980251977
-2.971837122907635,-1.4695365777414255
-2.433826302161213,-0.4563787331979685
-3.742209111323353,-1.076776300946992
-1.3027780996465648,0.7194974073965139
-2.6638319240713084,-1.0292106023233347
-1.4665306554937327,-0.10351160673312476
-2.883269344439503,-0.9923422685068064
-3.671444063057896,-0.5894117703836375
-3.6777928219938243,-0.8097310414712839
-0.8603396164083446,0.17604442926235864
-1.31703505383968,0.5604503998357839
3.0381443752145803,0.5976640829641409
-2.689649675955769,-0.5528073659341746
-3.899840687384602,-1.227857147733491
0.9849736942148244,-0.33605650571994117
1.2984087718820607,1.8029473671514578
-1.1801292644643748,-0.04160336164645484
1.0598452342844045,-0.13813284544162086
2.504308964142803,1.4192035445768423
2.648369099030498,0.7754076370794363
0.4450598014688527,-1.8616867413919382
-0.4422058807516063,-1.3913147797983103
0.6918204082345998,1.254256094415862
-1.1975685106420482,-2.1171493878763132
-1.5666360603475535,-1.9385700574319773
3.3689530147409474,0.7965758690435476
1.8682415737009084,0.4242320904333181
-0.11283776628017073,-0.9627631059091502
3.458776737580303,0.958248341997344
2.131133343110088,-0.5674789300363474
1.690276409516338,1.8727507838804311
1.4947693599557912,0.7384891161520071
2.5258887065744435,0.6623757729131765
-2.9815988736057246,-0.815463816205781
3.275176311860088,1.0676593432027883
2.4594543231821095,0.7679905542928762
-0.4056510673665965,-0.6743722310464793
3.182137752900127,1.1918043741781301
3.0916874660348928,0.013768161256987543
1.6427185787057912,1.2471632608968801
3.1951949848032033,0.16777106614895532
2.898837829957012,0.0747823366720266
0.2756126178598439,-0.535894667188447
3.1191904796457326,0.4808743843633718
1.3322146190500295,0.8391316780645437
2.022718693146709,0.8247577795583791
3.158181454072002,0.5954032787878103
3.4512684596872365,1.1672607311803884
2.988120819458965,0.3232237944204397
0.007915283570293141,-1.38491943983249
-2.990889926424023,-0.6423030248086863
-2.093793605437275,-1.742719208280366
3.242048527131084,0.9596163878042288
-0.464809392561909,-0.7103739133279734
2.238783146271709,1.5880421051580496
-1.5149658666753734,-1.1230705132883005
-2.0430534826421702,0.2623543390829153
1.7737977756357228,1.3402818688947744
1.99193551672459,0.996519769151885
-0.746049855818745,-1.7393427243631296
1.5306103481149709,0.3371051201421804
-1.889466022124287,-1.476993118802827
-0.18671367036342268,-0.9951596608560496
2.241768623719219,1.3621613034803457
3.185390735993389,0.6582166800100393
3.621275688538555,0.7374906191427297
3.6478703273630178,0.935193503816802
3.6914627803659474,0.8597528585989065
2.7976711047983205,1.5012780079443044
3.9731920017099416,0.9095124849874563
1.4984243167734181,0.09024330468960473
1.406434799561504,-0.6855244985025339
3.8575566066598928,0.7921298393804617
3.794897819886211,0.8320706734258718
4.0307386173105275,0.6564818272192068
-0.9707982288503612,-0.28755930570773414
-1.9687378154897655,-0.9172642579477244
1.918453956971172,0.7495792755682058
2.333925033936504,0.8583354601461477
0.7079754127359426,0.8005932221014089
-3.4140979694032634,-1.5226366868417673
-1.4026840673589671,0.327635491808135
-1.9742383705282176,0.6830058941442556
-2.339870725741383,-0.32636502889804175
-2.3148057805204356,-0.733845745603364
-0.7990116821432078,0.41078945489712426
-2.860054378380772,-0.8347351899545603
-3.638367478718754,-1.340544497052949
-2.402454827895161,-0.5978255620401316
-2.0316408620977366,-1.3088684430520945
-3.4741362975740397,-1.5723390927713328
-2.2122295247220958,0.3906702646810598
-0.9036953197622264,-0.45529965070895484
-1.5697430120611156,0.28470274301357934
0.8060665382242238,1.2152154097158498
1.6922638667917287,0.7195312628347463
3.2160246623849904,1.296306932886321
1.2599485172128713,-0.679043089429658
1.4374811900949513,1.3298383006650991
1.0048291934824025,-0.7733369222085886
3.42172649038792,0.28920480104275414
3.450459743866924,0.46328362317867944
1.6647570384836232,0.3356724629003591
2.4673202289438283,0.06619783731289575
2.8996727718210256,0.9435979971487112
-1.0150663601064647,-2.0079951634805613
0.7074027313089406,-0.4732058396737986
-0.4186660991811717,-1.444057976285737
1.2382881893014943,1.0202405104238577
2.8391773952341115,1.4816567549306936
2.671047474274639,-0.48119786886386207
2.2043998493051564,1.463582540472228
3.2868373645639455,0.6146072992879934
0.942029739747051,-1.0468957772653513
1.0880277408456838,1.6955534467298574
-0.40426895486354475,-1.9490614285867625
2.243452335724834,0.028239930589873286
-2.811443571915623,-0.34267715124301246
0.1119125141000783,-0.23804954199008277
2.320452953705791,-0.1386430612008982
2.036166931519512,1.0937550911504812
-3.973743651976582,-1.3718681683938914
3.639245773682598,0.9969584593374319
1.411272789368633,1.675212944467742
3.491876388916973,0.35678931566067407
1.3010242236948049,1.1338708052236623
2.4477584613657033,1.5494836220342703
-1.1894530998372996,-0.1134348264139109
0.6919093383646047,-1.1653797974985056
2.9381783260202443,0.0864228853780813
3.619792248139385,0.31129785867520043
0.8388388408517873,-0.7731063714425974
1.9240043414926564,-0.07728913931063941
1.8040359271860158,1.240589822252471
3.672691131958965,0.7544486174184866
0.4085774673318898,0.6264873394567556
1.3037684215402638,1.8588941642839498
3.659843708405498,0.8206219324667043
3.559038902649883,0.37501152845211694
0.7270775092935597,-1.0842264047067576
2.574023033509258,-0.24245360998324683
-2.4487859951162303,-1.3731470456521921
1.819891239533428,1.192734802683074
2.446630741486553,1.5542761334974355
1.837870861420635,1.4122686037618704
0.7460618270731008,1.5494779595930166
1.4947278751230275,0.7973160395223684
0.037948395142558766,0.3322105059225149
3.0853693736887013,0.532497609575469
0.6063161147928273,-0.9105317941110544
1.559689308533672,1.362712944467742
-1.3993136631154979,-1.7866263738077097
3.303078438172344,0.23491450639553735
3.530951286683086,1.3020950207311697
2.1309907687997853,1.4195052036840505
0.9995024455881154,-1.0412733903329783
3.686921383271221,1.2576291212637014
4.055039669404033,0.9328548559743948
1.0904667629098928,1.2188925394613332
3.5035188449716603,0.8648774275381155
1.2694728626108205,1.722252751310546
-0.6123268352651561,-1.5177774777810984
0.5594761623239553,-1.2999945035379343
3.8366682781076467,0.5306378254491873
0.485888267884258,-1.8418341031473093
0.30089738501072283,0.8883357891637869
0.5699687255716359,-1.2372396340768748
1.1025526775217092,0.6972584375936575
-0.9581787334585155,-0.3589990487497263
0.8209278835153615,-0.08131722120456031
0.3662429107523,-1.8280907025735789
1.2103054775095021,-0.1900196423929148
1.8841550601816213,1.2060483345586843
1.7776353610849416,0.6027551540929861
0.7081697238779103,1.6935801157552786
3.554634834656719,0.8264068016607351
1.5494544757700002,1.5111081847745962
1.038030887970928,1.2300934443075247
1.7910039676523244,1.243616903742034
1.7037446750497853,0.36019953580685327
0.7516412986612355,-0.9548850407998972
-2.2395746456289256,-0.49315837530307105
-0.021537040343281078,-1.0637655606668406
2.050092960724834,-0.18524602560214332
0.7737872852182424,1.3152024397451467
0.41146304739475603,-0.10603169111422828
3.7760083927011525,1.1076091179449148
-0.32947156297206526,-1.6754036298196726
1.2607662929391896,1.0320006260473318
1.7536838306283986,1.2638462433416433
0.616045738587383,-0.9949052682321482
1.6567414058542287,0.12332435937710473
-2.0017812000417674,-0.28698233274630836
1.7655165447092092,-0.016921555082123785
-2.2580104814672435,-0.6406267037790232
1.9146139873361623,1.4953645715314932
0.29621937407017107,-1.388107334653657
3.3080966724252736,0.14218922944851586
0.6531028999185597,-0.6532774320047312
-0.9374344097280467,-1.3628354421060496
0.45695474279880877,-0.9789510121744089
1.199103142151836,1.530871952493865
2.0957691921091115,1.2928925404150076
0.5700614703989064,0.8792203316289968
0.22373488081455584,-1.8489656796853953
-1.8016856657171214,-1.432223831693452
-3.526892070641514,-1.3445191731851511
1.439527298340801,0.8739791760046072
0.47747590673923845,1.023435200174529
-2.785152648558613,-0.6451492658060007
-0.766320680251118,0.4703225740987844
-2.4703653799200023,-1.0114105096261912
-1.7742980466985667,-1.103298460523408
-2.413346146216389,-0.9860089173715525
-1.8651327835226024,-1.1410398831766062
-3.4977878676557506,-1.3662460198800974
-1.3575211511754954,0.7671783814031667
-2.6188431726598704,-1.3147974362771921
-2.0650523649358714,0.5585962185461111
-1.6768963085317576,-0.18732741979769996
-2.602176939120289,-0.638973509351533
-1.573505018820759,0.01593276353665063
-2.425947521796223,-1.2441952577035837
-2.7518886672162974,-1.1278303018014841
-3.7125458465719188,-0.8458669534128123
-3.22517551945686,-1.5915010323923044
-2.4157341467046702,-1.039871489087861
-3.6850564228200877,-1.3418093076150828
1.7115552677011525,1.9984814474184103
-2.0586876617574656,-0.6884017339151316
-2.16646668778896,-0.8861852040689402
-2.324531231989857,0.7637734064657278
-3.073529941012856,-1.1363058438699656
-2.432442401518818,-1.2376489987771921
-2.1952716456556285,-1.278547083417695
1.9982116474008595,1.9031303474504537
-1.650968764891621,-0.871092592756074
0.07284834517002459,-1.0626857629220896
-1.0002019153737987,0.10037609430142114
1.822217728028301,-0.515802179853242
-1.1485326038503612,-1.5348303666513377
1.006963993439678,0.8737017759878225
-1.1967996107244456,-0.008680140058320074
1.598235393891338,1.8888744661409445
-0.9182111965322459,-1.125837122480195
1.52322795523167,0.7998872646886892
3.8645041240549123,0.9552503475744314
3.8411052478647267,0.48429032655544946
1.5129969371652638,-0.24878600744418433
0.5824899925088918,1.5950020203191824
1.5048849834299123,0.8750847229559011
0.7012136234140431,-1.0515399327676707
0.015450502762798024,-0.3143642297189646
2.907500530610088,0.8600175032217092
-0.38777348863124494,-1.7083039632242136
-0.3389856563711131,-1.8184361806314402
3.3168390048837697,0.2210523733694143
-0.01682875024318342,0.7404603609640188
0.28345658911228533,0.34167560430355737
1.6384117854929006,1.230483973940093
2.580819393525127,0.27933164926357934
3.1222212566232717,0.23145099969692895
1.15453317297459,-0.7011626115243845
0.7638871921396291,0.5836372026998586
3.8551571620798146,0.4568565735418386
0.04122688902378435,0.6824068674642629
1.8545186771249806,0.4912444004613943
0.8833663715219533,0.10692783685513207
1.035639072785381,1.0911053070623464
3.091103817353252,1.275176847894866
3.72093417776585,0.47888943048306176
1.6983406795358693,-0.14678600935153296
0.8927800906991994,1.6693585166532583
2.445882107148174,0.09613319726772973
2.629915024170879,1.0421372303564138
2.666466022858623,0.9755901941854543
-0.8210923420095408,1.1599672684270925
-1.609695170989033,-1.6725092282693796
-0.12557074891566877,-0.048154627363007574
0.4427654994821584,0.6324059614736623
1.6690943492746388,0.3252815851766653
1.5249574436044728,0.6211315044958181
-1.7484919773244822,0.030883038957793207
2.3200223697519338,1.2803558954793997
3.953020359406475,0.9314440140325613
0.9300306094980275,0.08217569680996606
0.05970194471836443,-1.5989237180154734
-1.0216674553060496,0.9428715357381887
3.51643445623875,0.2949666628439016
0.32316353453159685,-1.3055439343851023
3.2955296291208303,0.7083385834295339
-0.5087294326925242,-1.293465172330659
2.9094693912363088,1.0281276354391164
-1.3191541181707347,-1.9370823254983836
-2.1362822996282542,-1.6315501084726267
2.1921999706125295,0.39465268941708276
-2.2690700040960277,-0.21394876150302222
0.5448324931955373,-1.089140926877778
2.9816568149423635,1.2934189686376638
2.6451366199350392,1.280144060571868
2.4721501125192678,0.30585452409573266
1.7527206195688283,1.4588399777013845
3.082922722229961,1.0471543917257375
0.7327053798532521,1.1780018457967825
1.7775466693735158,0.2595491060812063
-0.30147335397243147,-1.7054496159952097
-0.6733059631490672,-1.6999307027261668
2.7453053249216115,0.8976159939367361
2.7612726940012013,0.9140765318471975
3.573372627625469,1.2520188936788625
0.9015381587839162,1.4767695316869802
-1.326146815886494,0.0013031611043996527
3.2796628726816213,0.40951284261532495
3.3425643695688283,1.3355031261045522
3.116233135590557,1.2039430985052175
2.8684275401926076,0.9121476063329763
0.5597584499216115,0.48894771428890893
0.7553901923990285,0.6785837063390798
0.532434727082256,1.3634881624776907
1.3264820827341115,1.7681911239225454
-0.13720557557582502,-0.43930987028292945
1.3305108798837697,1.6827309975225515
0.5474999202585256,0.10915204377957055
-1.0091461883687938,0.028877700288969965
-1.4287428604268992,-2.1025925031106882
3.192102695832256,0.5073692450124807
3.026924873719219,0.6201790222723074
3.5775788081979787,0.6392095932561941
0.16366818083286638,-0.7868044724862986
1.8024828685617482,1.6024855026800222
2.2225935710763967,1.9219321558076925
-1.0647580371999705,-1.4712272038858347
1.953668857941631,1.1454990753728933
1.36111858023167,1.3674307713110037
0.8564975513315236,1.2260129103262014
3.206495548615459,1.2786475071508474
-0.08171150552272444,-1.423265730420869
1.4891708148813283,0.7316734442312307
1.7454412235116994,1.602520848234374
1.4428112758493459,0.44019457193203637
0.9311459316110646,0.5796316513616628
2.222909237275127,1.1688671955663748
1.388478542695049,0.18139954896755883
1.5431020511484181,-0.7153978696268015
2.8276632083749806,1.404089714010436
3.548886085877422,0.6303540119726248
3.0118077052927053,1.5513593802053518
-1.9752915846013988,-1.542932306806367
2.0029742969369924,1.0248721489507742
2.2012384189462697,0.08932777734585473
-0.08781335221767073,-1.0509505620401316
-2.1759964572095836,-1.862646137754243
2.4159691585397756,0.5135910162527151
-2.1307524191045726,-1.0199272981088572
1.2243044628000295,0.07851525636501977
-0.48242447244166975,-1.0432172170083933
-1.860489700903889,0.9915951141912527
0.7228815807199513,0.13170882554836938
-0.7516364799642528,-1.7790041318338328
-0.940141891112324,-1.8733625760477
-1.2404086338186229,-0.9951651444833689
-3.592226360907551,-1.5483603825967722
-2.67727652656078,-0.39794615415744117
-2.9667971478605235,-0.865047728101533
-3.084778000583645,-1.302810703794282
-0.34332868920802717,0.3576039919454641
-2.0221411930227244,0.976832474191863
3.3805520786142385,1.3973459848959036
3.832025791535381,1.0915826210577078
2.2567913783884084,0.8748037466604299
-2.897369776835438,-0.9910865178506785
-1.1933389650487864,-0.05757979063205054
-2.332942460646626,-1.0800609937112742
-2.6077440129423106,0.47531505914517114
-0.6491925464773143,0.2443353781301565
-1.4352768407964671,0.8080529818136282
-1.8614477859640086,-0.9178090444009714
-3.6963209258222545,-0.8825765004556589
-2.964859728684422,0.2618195662099905
-0.614681218733784,0.2192361006338186
0.22695686949253435,-1.4766259541910105
-1.5195010648870433,0.7902526506979055
-3.544039790501591,-1.4846053471963816
-2.9528434770011867,-0.470234905759614
-1.682119225134846,-0.5644698491495066
-0.8963811145925487,0.5024705776769705
-2.681445752253529,0.1649622568685598
-1.9471435295247996,-0.9839144101541453
-2.9701541708612407,-1.6878986707132273
-1.4941180692815745,-1.0207872739236765
-1.373648618330952,-0.30722836164645484
-0.8657183395528758,-0.5805950513284617
-0.6395067917013133,-0.6280022015970164
-1.3106972919607127,-1.4869377961557322
-0.5453796135091746,-0.9043760648172312
-2.7537141190671885,0.31993600221462914
-1.1737062679433787,-0.3385346284311228
-1.4835281120443309,-1.4208500733774119
-1.1774960504674876,-2.010112320462983
1.072985435853008,1.7706905254919119
1.197652126679424,1.3727246174413748
2.228029037842754,0.9847876677114553
3.4831354869699513,0.7489767918188162
3.146015907654766,0.4087025770742483
3.7182295574045217,0.5396916517812795
0.9624583972787892,0.8294481882650442
1.0916888965463674,0.8020662912923879
0.5863566650247609,-0.3366268029611521
-0.9424922214651072,-1.6034524789255076
0.39411857260227556,0.4533540854055471
0.8251042617654836,-0.7135501256387644
2.5676062358713185,1.7155470499593801
1.3368833316659963,1.52867999168225
1.0440190090036428,0.5730688223440237
0.877245689759258,-0.6905320039194041
0.6041541351175344,1.2107129940588064
1.233310486207012,1.240554536302764
1.4358051074838674,0.08819242807217309
1.7047708286142385,1.2163807997304983
-0.8548934208059276,-1.252461229841035
2.715175892243389,1.1486003050405569
2.204305435547832,0.44098373742886254
2.1931693805551564,0.11247369142361352
-2.0466526495122874,-1.6779637685220652
-1.3667063461446727,-1.6113720288675242
1.3339565051889455,1.435352469404418
-2.4166283355855906,0.6981374868948049
1.3020627750253713,1.497687900980193
0.9122951282358205,0.16458770128079125
1.1463320506906545,1.8384765038091726
0.6194877876138722,1.2048376450140066
-1.417633985152241,0.1711706766683645
1.0616700900888478,1.80362215133496
3.3266208423471486,1.2924413332540579
-0.20836493836879377,-1.877891098539155
1.147927070984844,-0.16970733312777808
-0.3346204506063426,-1.7845931401651316
2.3353936923837697,1.1355231651861257
2.945823933014873,1.587073112447936
3.3783967746591603,0.9252994904119558
3.8496406329965627,0.4403397688467092
0.16721608770847673,-0.6642306199472361
2.116322304139141,0.6385988840658254
2.209500099549297,1.7350359806615896
3.51650884283543,0.9817084917623586
0.3866749061441457,1.400728786905486
2.6094320072031056,0.2264852175314016
3.8436420215463674,0.4910425791341848
3.618952061066631,0.6489450583059377
2.4028647197580373,-0.100145851651948
1.568578983674053,0.9140776047308035
3.577363754639629,1.0903738388616628
1.198588634858135,1.5138110766012258
0.6728978408670461,-0.3198590627115183
-2.1598936067724193,0.341412986238677
1.7111423267221486,1.190104449709136
1.3000138057565724,0.4852336296636648
1.8173358692026174,0.8172714361745901
0.9094250453805959,1.336055184324462
1.7153260959482228,0.2422470697958059
-1.359421585669514,-1.9889273991983347
-0.6115412460470164,-1.8382568707864695
3.077163959870342,0.5668270239431448
-0.263510678877827,-1.7435403218667918
0.8579194797372853,1.6562010893423147
0.1602835906839406,-1.917056595365327
-1.6890915380620921,-1.914248978177827
-1.4423072086477244,-1.7225242009561472
-0.2878234134817088,-0.9192264428537302
1.0782845271921193,-0.21466735510043433
1.9852173580026662,1.8029855737287588
-0.7007035957479442,-1.3885915627878123
1.2933490527963674,0.2969839224416799
-0.8966691242361033,-1.3432119241159373
-1.2597123132848704,-1.6313104978006296
2.15137794149876,-0.5579603066842966
-1.145198558440205,-2.0237965932290964
1.1445553554391896,0.1912381300527639
-1.2769393669271434,0.28859421106167504
3.549428249726299,1.1856301674444265
2.4349162830209767,-0.2031884541910105
-1.98960265981197,-1.2093537202279978
0.3470335258340871,-0.1716785779397898
2.425979877839092,0.8021840700704641
-1.8896847711706126,-0.43097761778048804
-3.4387552784585917,-1.2794876447122507
-1.9055125461721385,-1.002663170377534
-2.596992646327015,-0.6542249074380808
-1.6054879175329173,0.21996113153286645
0.16058566702366228,0.6640689024526663
-1.649145101180073,-1.0845063081186228
-2.593849693408009,-0.7012629857461863
-1.5701223360204661,0.21630379052944848
-0.047299598326679515,0.6190961250860281
-3.165016387572285,-1.3695218911569529
-3.7367009268903697,-1.1754341473977976
-1.8635458694601024,-1.277502333204072
-3.0305452095174754,-0.45304635671786597
-1.798069571127888,-1.051054750959199
-1.0574779258871043,-0.7394922128122263
-1.478863690962788,-0.7093944898050242
-2.053630088438984,-0.265060459653657
-3.474416499009129,-1.3608038773935252
-3.515244428982731,-1.2775307050149851
-3.4819260882043803,-1.560914074460786
-3.7621229039335216,-1.1064236512582712
-1.3127984748983348,0.00828048082180688
-0.6036231266164744,0.4986015209753103
-1.1905374275350535,-0.5726881375711375
-1.3472385154867137,-0.5211706509988718
-3.1404241034591163,-0.9597895493905955
-2.30700543986797,-1.0159581056039744
-1.1588828312063182,0.16781016679592797
-1.488358353247639,0.8068223843175955
-2.4648422347211802,-0.7745287766855173
0.4149248851633107,-0.8122725835245066
1.7046845210886037,0.7663155445653982
4.007961059937481,0.8512754091817922
3.93331792486668,0.5670354017812795
-1.2073805080556834,-2.059034382383149
3.4577853931283986,1.016277636011321
1.9934346927499806,1.604182625730712
1.53697946203709,1.2941645035345144
-0.18092725144862776,-1.294939314405244
-1.5511500583791697,0.7677300819952078
3.0866649402475392,0.7230112204153127
0.4012167705392873,-1.1508953919809275
0.2934897197580373,-1.2125709405343943
1.3070752872324025,-0.24059680608920386
0.15397145880222673,1.4707222232420034
2.3550322307443654,0.1428646692831106
1.9391148341989553,0.43008800836392114
1.447795177826885,-0.5557830682199412
1.1816261066293752,1.0881566652853079
2.5486614955759084,0.5071195015508718
2.1705491794443166,1.2779909023840017
0.24979498518467302,0.16628023477383325
1.018889690766338,1.71857496591397
2.479580189118389,1.6742549786169119
1.9209320796823537,1.6488367566663809
0.3571212543344533,1.4639684805471487
1.0900171054697072,0.808426941354949
0.11756589544773455,-0.9248822083871775
0.6608498348093068,-1.150469099561494
-1.188308213820454,1.1702153334219045
2.9140937579965627,1.3125400194723196
2.1719806445932424,0.5075429329473562
3.4233987583017385,0.34661659093685815
1.175273205170635,1.6492781290609426
1.6671154750680959,1.138669575174529
3.5773909343576467,1.1873125681478567
3.5333259357309377,0.9484784254629202
-1.1513013588094676,1.2963211187917776
0.8197865737772023,-0.3866262784402781
0.4523358596658742,-0.3460581651132517
3.446342731842998,0.5955894836980886
-0.8661265121602977,-0.32204703001193336
1.014018322358135,-0.7133138528268748
-3.7602905975484813,-1.2990873208444529
1.0560190929269826,0.3952098736364431
0.08855703009128923,0.9927992472250051
2.1784665836191213,1.2922277102071829
1.4079077495431935,0.08127232881375024
3.510414863953594,1.2055140385229177
2.816476131806377,0.1353437552053518
-0.8150467620992625,-0.19931677488498023
1.6677010310983693,1.0199725279409475
0.7914083255624806,-1.2665126672189646
1.4492452396249806,1.164030993898589
-0.3475932823324168,-0.5269511094491892
1.2687714351511037,0.8224739679891653
2.015267635712627,1.738629783113677
2.1922872318124806,-0.13573101667575171
2.1753876460886037,0.2686757692892141
1.8208887828683888,-0.3233242383401804
1.684634949097637,0.64558752866574
0.4411797775125539,0.13110467286892602
3.8970921291208303,0.6474104771215505
1.532127167115215,1.152732099016387
-1.4291240917348826,-1.7507763257425242
-0.40091464387416487,-1.5645981183450632
1.0901487125253713,1.405667329748351
2.516051079163555,-0.2232363572519236
-0.5796630130910838,0.9868273386556692
2.564203525910381,0.7468199381429739
2.6376059306955373,1.3583740243513174
-0.8378042923116649,0.06948181482144067
2.1163285030221974,0.36113079877682397
-0.21908829080104475,-1.2738328328531199
2.684752727875713,0.7453472265798635
1.8146646274423635,1.0560806641180105
-0.038681481947895335,-0.9146457066934519
3.700621391663555,0.7911404022771902
-2.0676020132207835,-1.8521628728311472
1.6338336719369924,0.9937981018621511
3.673831726441387,0.7038142332632131
3.150193001160625,0.49281295629330346
2.3102047695016896,-0.1825261464517527
-0.25786063539027815,-0.33241966871432593
0.05870988501072283,-1.0061157098215037
1.572297836670879,1.2849319824773855
3.6120651019907033,0.6612394699651785
3.7377231372690236,0.975129331072051
0.882154251465801,1.104856933077056
2.4225437892770803,1.6838281402189321
1.7581527484750783,1.4975508102972097
3.2751896633005178,0.8768207678396291
3.781728054413799,0.36622580381222436
-1.4159290538930858,-1.3161683431070261
2.3017094386911428,1.6647544750768728
3.218279625306133,0.12702246995754907
0.6107077850198781,-1.2159324040811472
0.2815923942422902,-1.56178072599582
7.169498300587662e-4,0.6632038006383962
0.6453469051218068,1.683345223386962
2.278549934754375,1.7726491341192312
-1.3588548647069896,0.791306580026824
-0.4902150379323924,-1.4969272962015086
1.7758324397897756,0.7888730415899343
-1.5043340669774974,-1.8630318990152293
0.8363783611154592,-1.3555841794412546
1.145650173554424,-0.6377382626932078
2.46863868368626,0.26312967630215356
3.8784368289804494,0.4632713446218557
-1.0593821750783885,-1.1969187608163767
1.5038249744272267,1.2505532154638357
3.1525557292795217,0.6943854937154836
2.9798281444406545,0.9912147173482961
-2.1641293512487376,-1.5527327409189158
0.3737535728311574,-1.3322871079843455
0.05838062895298357,-0.9057381501596384
2.3261740459299123,1.7129180082876272
0.07405140532017107,-0.6226261010568552
-0.7925114380025828,-0.26267341283969214
2.6795962108469045,0.5324245342809744
0.30323507917881365,-0.7657611718576365
-0.30542228089809065,1.0071496615011282
1.9415028346872365,0.6474040398199148
2.603362347016338,1.2400371679861135
-1.9412619815969432,-0.17048457769564918
2.9445736659860646,0.36793288083859155
-0.47947642671107893,-1.5701527944009714
3.3576333774423635,0.9564067968923635
0.8389141811227834,0.22547241540737817
-0.7718024002218211,-1.0515086999338084
2.839986111054424,1.0667533526022024
0.9018314136362111,1.4778470644552297
-2.4968269215726817,-0.6411116471689158
0.7239933265543019,0.4231909164983816
1.798188949952129,1.3551230082113332
-0.39999434815883284,-1.8089418759744578
1.4491102947092092,1.6852557906705923
0.9189126743173635,-0.9184537282388621
1.0694515956735646,0.5891394266683645
2.3227517856454885,0.5399505743581838
-0.11066410409450178,0.5624055513937063
-1.6214300142431224,-0.3635752549570017
-1.7038109050893748,-0.7358348718088084
-3.737695668807026,-1.5236091962259226
-3.66505814062595,-0.8889320245187693
-1.8243615375661815,0.16638537736721704
-1.6528907762670482,-0.8843994489114695
-1.9635296808385814,0.34598299356289575
-1.3603578554296458,-0.09371021894625953
-1.423558925261494,-0.3018982758920603
-2.0688681350851024,-1.2503667226236277
-3.3285220013761485,-1.613061939756196
-2.0355678545141185,-0.9501171460550242
-2.0031376825475657,-1.362960850278657
-3.6163597153329814,-1.6321966996591502
-2.2867782460355723,-0.6160025945108347
-1.196317885985371,-0.10094598440341285
-2.4775874363088572,-0.5283890118997507
-2.1484462963247264,0.5082784542638845
-3.495070462098118,-0.6660113683145457
-2.495112572779652,-0.5083854546945505
-3.7169759617948497,-1.0729949822824412
-1.9227249370717967,-0.8612230172555857
-1.9634511219167674,-0.39574340490512183
-2.3922201739454234,-1.0828738561075144
3.1867492450571095,0.25655409189053247
-3.6064258860254252,-0.5661032548349314
-2.076191400160786,0.7946045050222463
-1.8912635790014232,1.0494273552496023
-1.3243683324956859,-0.6638114800851755
-1.4348962055349315,-0.6029823174875193
-1.269823287596699,-0.2259083142679148
-1.1697034584188426,-1.3627827516000681
3.1149928821420705,0.7590342411596365
2.8947708858346974,0.2106163153249807
0.5799429668283498,-0.8272981992166453
0.5836115135049855,-0.8913052430551462
3.213856483826641,0.4935189137060232
-0.0638079391622508,0.30672284456082055
0.9831741107797658,0.5276393541891164
-0.7006067978048289,0.7070810446340627
-1.0098166214132274,-1.0509713044565134
1.7394955409860646,1.970955038984496
-0.49876782762050276,-0.8803780427377634
3.8755238307809865,0.5568422922689504
-3.7060783849859202,-1.2202012887399607
1.6953194393014943,1.3367575058538503
0.9265086902475392,0.7566514858800955
1.2346999896860158,0.5748736509878225
1.8250296367502248,0.6213574060995168
1.1877916110849416,0.26581641527004907
1.9660628093576467,0.9746359238226003
3.512096191773418,0.2237531790334768
2.24834420813084,0.12769481035061547
1.637882019410137,1.9029949853021688
0.7080762637949025,1.2236994156438894
3.0226562274789845,0.4060285935003347
-0.08221695291041975,-0.6557479253213816
1.62718942297459,1.1706385263998098
1.0018146289682424,-0.7684553018014841
-0.8707344280385936,-0.9441943517129832
1.0309660686349904,-0.040743624250214605
1.8512432826852834,0.45596953721829125
-0.6779997097158397,-0.8516896119516306
2.86201026571751,0.3121306547720022
3.6982915653085744,0.47273799272366235
-1.667497848143574,-1.7021131863992625
-0.8972456203603709,-1.781127010862153
1.1768005145883595,1.8635474989015646
0.339101101288799,1.1460973867971487
-0.5361962066793406,-1.7599821439187937
1.602174545655254,1.0271297344762869
0.22027614248752947,0.07507821412869164
2.162033344635967,0.8398484835226125
-1.1078045116567576,1.0400496372778005
-0.8833863483571971,-1.9437919011514597
-0.961419557204243,-1.7849727025430613
-0.3502616630697215,-1.2730739465158396
0.4600582374429738,1.4430561909277029
-0.5797073589467967,-1.4440167298715525
-1.168946002593037,-1.1550646176736765
-3.6084557520055736,-0.7958283772867136
-0.2646920429372752,-1.4772835126321726
0.2769027007913625,-1.6345002999704294
2.103634144196514,1.3531171927053518
1.2499716533517873,1.888330722768981
0.9428265346384084,-0.4256284585397654
1.6546170963144338,0.8147997507650442
0.47781326902866716,-0.08515456823519996
0.8348396076059377,-0.8107405057352
1.4821799053049123,0.2497386583883352
1.9029834522104299,0.06594344468899438
1.5719425929880178,0.5636211285192556
2.3454849971628224,1.257941807230193
1.2033393634653127,1.9231578359205312
0.6999023212289845,0.7059117207128591
2.6026776088571584,0.9586182484228201
0.9233677638864553,-0.5110493054788523
2.4097831500864064,0.971838201006133
1.0734417690134084,1.260675395448882
-1.7725708233022655,0.29205843301602075
0.07919266355991716,-0.36794546751193336
-1.5299323545598948,-0.8802373757760935
1.9015457881784474,0.875237072427947
0.4188919319009816,-0.4181673875253611
0.2951684249734914,0.6867551455099172
-0.0741522060537303,-0.8991322865884714
1.2267911685800588,-0.9007065644662791
2.1578705562448537,1.6493700394231863
2.887377525696758,0.42841383310146997
0.7173168910837209,-0.009430920163910894
0.014403368363383962,-0.2793126454751902
1.8425390971994435,0.16776343675442407
2.0628378642892873,1.4340113648969717
1.7895701183176076,0.6054247269231863
1.7979362262582814,1.0590673336584158
0.41820719374180193,1.3534873971540518
-0.6942231403493846,-1.5752699723642283
1.5089023364877736,-0.04420403150729468
1.342840458283428,1.3507374772626943
-1.1418030010366405,-1.4614591947000437
0.9027784122324025,-0.8649819245737009
-1.1450113998556102,0.32515307756252954
-2.9498542742633784,-1.6581049313943796
-3.1917557110840047,-1.616979872266572
-0.012345765700336742,-1.4113929620187693
-0.9381351219320262,0.40793582292385766
0.5463505042886769,0.7837283262807913
2.3887331737375295,1.653947199304778
-3.053778280487057,0.11756368966885278
-1.7057649837636912,-0.07921889928988746
-2.393022750487324,-0.4762401929300242
-2.007527326216694,-0.018478428403656988
-0.9299440132284129,-0.19295743612460425
-2.1202710615301097,-1.143520866910737
-2.529303406348225,0.6322952160436697
-3.1844981266015733,-1.5594675889413767
-1.421361898055073,0.4987740168172903
-1.7621353613042796,0.14387675615139672
-3.531326119771,-0.3676927438180857
-0.5732393013143504,0.345801676233489
-0.840940927138325,0.5077613243658132
-1.7785395132207835,-0.12980559972934058
-2.063681577315327,-1.1456776013772898
-2.203024541010853,-1.4090581288736277
-1.1333522545003856,0.4404911646444387
-2.5636580930852855,-1.6855230679910593
-1.761052821745869,-0.055918489972870855
-0.5905198799276317,-0.48014548925570777
1.9159252895212209,0.32489677758999536
-0.21737787591457014,0.361481870134551
2.6459687007761037,1.2439587959844656
-1.9958743797445262,-0.28617147115878394
-0.790469382872578,-0.4873245110910349
0.6516542686319386,1.0513045439321584
-1.2989262090826,-2.023445641080659
3.3114140285348928,0.0069632181722707465
-1.5392126785421336,0.9851976284582205
1.513187672028545,1.364586437662322
-0.5569753395223582,-1.6492407670419627
2.5779116405344045,0.7599764713842458
1.0934946788644826,0.42138954492397973
2.6529820216989553,1.3778661737043447
2.571455265412334,0.4843921312887258
2.515589023957256,0.9527659067709036
3.279883171448711,0.011305297334868403
-2.491488610377308,-1.4255469193857127
3.07248332632542,1.048330391367156
-2.4856399642133677,-1.1337626328866892
-0.9245226131582225,1.0963008055288381
-1.4615201698446239,-2.129416500608247
-2.0950343357229197,-1.9016437879007273
-1.870039557089802,-1.7250352254312449
2.0361101878976857,1.9129696437913961
-1.6210448490285838,-2.1411948552530222
1.0873401416635549,0.673364366014678
-0.45898864137172346,-1.2362714162271433
-1.2318333135747874,-0.029836212674897222
-0.8429169403219188,-1.8623428693216257
-1.0787670360708201,-1.9598427167337351
0.8578512920236623,0.6067993292409963
1.2550127757883107,0.9706987986166067
0.9277165187692678,0.7596368441183157
3.3040912402963674,0.572858298738677
-0.21041819917201643,-1.2311382642190867
1.7209704173898732,1.45973810048886
0.015232588181499196,-0.2752571454446726
1.4931109203195607,0.14649053903408715
1.061285759339336,0.8216230520803518
-0.3928317772054637,-1.4806628575723582
-3.7898170100355113,-1.5386891713540964
-1.503796790709492,0.34803279729672143
-1.5840280996465648,0.26025863977261254
1.6157977832651174,1.05905827375241
0.5441756500101125,-1.0851769795816355
0.29823258055210466,0.03026410432644555
-1.9535159813070262,-1.0388868203561716
-0.41194579469203596,-1.1908002248208933
2.747836853394512,1.0108904490072317
2.74085548056126,0.7634365210134573
3.638355995545391,1.0389810452062673
0.4694266570901906,1.1467324146825857
-1.8783759819173778,-0.5483968606393748
-0.13976809846400862,0.7485131868917532
0.5462291492319142,0.7519838461477346
0.8599555744028127,0.9524654993612356
2.835492874512676,0.24695750566311547
1.8338434947824513,1.2090587267477102
-2.0390568720006907,0.08630033822842309
-0.4403595672750438,0.8696255335409231
0.7794733299112355,-0.7257433286111765
1.8217847598886525,-0.14152411131076148
-0.4147271858358348,0.27261802049465844
2.178341175446514,0.8560931334096975
1.5637829555368459,0.2094237455923147
2.6975057376718556,1.1849159845907278
1.4477193607187306,-0.14277557043246558
3.7895858539438283,0.9318964132864065
-1.99328336583614,-0.06057122854403785
-1.4100510822439158,-0.8153591504495554
1.5987198604440724,0.02624031396694848
-2.2431308375501597,-2.0127630582254343
0.5217340244150197,-0.3870883336465769
-2.4544054018163646,-1.4606964936654978
1.765980984101299,1.3460316905576772
1.9393060458993947,1.0580825457174368
1.577356602082256,1.061903799493987
1.2621629489755666,0.25522610040493676
3.176761890778545,0.39844485612698266
0.8584440006113088,0.3405322680074758
3.531617428193096,0.36878975721188256
1.6681115878915822,0.9565455565054006
-1.7803185926580394,-1.9145746579568796
1.0455706371164357,1.532972062547881
3.3737957729196584,0.3494006046850271
-2.493570183386799,-0.9596853604715281
-0.8946292148733104,-0.16867784170321753
0.5047934306955373,1.4297522553999014
-2.6183238969945872,0.26175519319363305
-2.111028884520527,-0.47532395033053687
-1.7377375112676585,-0.8840489736001902
-3.8187622772359813,-1.5137501111429148
0.006715322861674977,-0.018082653562348394
-3.34399374293327,-0.6983740678232127
-0.48584434854030256,-0.5136704793374949
-1.6856103883886302,0.4712538370687551
-2.9819647120141948,-1.624442373792451
-1.6736747966909373,0.16676875444241235
-2.6062779174947703,-0.518814121763032
3.3770048869943654,0.2983963141042776
-0.49420664178371077,-0.7275321832101755
-3.032464955916401,-1.5925338616769724
-1.8143603550100291,0.48092612119503686
-2.2300422536039317,-1.334494864026826
-0.20383403169154768,1.078695381601531
-1.935476158728596,-1.1315422406595164
-0.07782575952052717,0.8577438244421072
-1.287970636954304,0.08416768403835961
-0.6187700973653758,0.5920234570104665
-3.3235744582319224,-0.5022688260477
-1.4887097822332347,0.11030074449368188
-1.0853202091360057,-0.395117079297822
-2.169977758994099,-0.28049377111605933
-1.50142226087093,0.09075590463467309
-2.3176848040723765,-1.2837787022989207
-2.132106755843159,-1.2357733598154002
1.6691477550363576,0.03139945360012719
2.8910196079111135,1.0295678028661794
-0.6154637085103953,0.7612999329168386
1.5232942355966603,1.1466287026006765
1.870743061432842,1.1312340149480886
2.809595371613506,1.5387153276998586
3.3797629131174123,1.1107843765813894
1.0752074970102345,0.9291281351644582
-2.00997254716396,-1.7353396764200144
-2.617190276255604,0.31444689126797387
-0.05467054711818342,-0.8238666406076365
0.9954741252756154,0.19937893243618676
1.5075457347726857,1.4573022374708242
3.580870891938213,1.0216021189291067
-1.4845384107732738,-2.022506271878999
3.7433426631784474,0.8147600540716238
-0.9430739627981151,-1.847180878202241
2.4714873088693654,0.1020178446371145
3.130760456452373,0.1936931261617727
3.7407272113657033,0.7055598148901052
0.3108890308237111,-1.106101547757905
0.6256997836923635,0.9306581863958425
1.7211592449045217,2.0984650650817938
2.8480503810739553,-0.08617857603244117
0.8135087741708791,1.677405680139739
1.706650043854717,0.2992646345693655
2.2004492534494435,0.764074290712554
-0.09058520661830549,-1.7332558980386668
-2.095701669325825,-0.2334933629434519
-0.3639943348073924,0.8725924143392629
1.1167471660470998,1.7305525788862295
-0.7253691898488963,0.8973179707128591
1.4875214351511037,1.8526056656438894
2.832359577546123,-0.09322980550936988
0.6656937850809133,-0.19207338003329566
1.9313915027475392,0.9800898680288381
-0.34019896852016096,0.3217627653677053
3.093319679627422,0.2963719019491262
-1.3198114381933177,1.1945372471410818
-2.8701791213655437,-1.1297452798288279
-1.4220369802617991,-1.5853135934274607
3.949344898591045,0.8657415756780691
1.820593620667461,1.6846484789449758
2.9927747501230275,1.2798934826452322
2.261520649323467,0.5899192938406057
2.7483847392892873,0.24327155443020532
3.866461540589336,0.5827645907003469
1.8964064372873342,1.669952476938445
-1.1089048133993114,-2.043939148465913
0.8937218440866506,0.9129304537374563
3.637539650330547,1.0742307552892751
0.6304021133279836,-0.774513994733613
-1.0391061054372752,-1.5410726418893748
-0.5977394329214061,-1.097953115979951
1.6827471507883107,1.783756280859191
1.955474163422588,1.6732366332609243
0.7322404636240041,-0.7747018685739451
0.30515840185642595,-1.7973685613077097
-1.7613610969686473,-1.8022532811563425
-1.22978398667812,-0.10007051138095191
0.46842434538364763,1.651132191141326
-0.45900294648646955,-1.6117740025918894
0.977956081757549,0.9646674046117849
-2.2124262796544993,-2.043167149106782
2.57357671392918,-0.43429139761142066
1.6548798335886037,1.5332148322660513
0.23365094793796892,-0.8486757626932078
0.7384855998849904,1.0884284624654836
2.9754030956125295,0.475307668169219
-1.3671186910772288,-1.8542390218179636
1.0234496845102345,0.13735481592007348
3.6779806865549123,0.7776440033514089
0.9224512828683888,-0.9659357419412546
-0.22109863626002912,-1.454393660108369
1.8036282314157521,-0.34003499654940894
1.3760488284921681,0.24743815751858422
0.7196727050638234,1.5616430887777395
0.6655478729105031,0.4775572666723318
0.24990608824253435,1.0473837503988332
-0.6815983997487987,-1.6227155080240183
-1.8128782259130443,-1.758323227445405
3.8863928569650685,0.8527063974935598
3.438833023438457,0.1777937063772268
0.3837664378976857,-0.3277597775857859
0.33421042097568865,0.6336210617620535
1.0590026630258595,0.5962068686086721
1.8880880130624806,1.5061637410718984
3.1646421207284963,0.7520333180028982
2.1381280673837697,0.8767274269659109
-2.3710747109556163,-1.9330249181192332
0.4657187713480031,-0.4980476251047068
-2.009334300627705,-1.5146785130899363
1.2461464656686818,0.8260779032308645
-0.7388958679342235,-0.6822300305765086
0.3834247840738332,0.1404094347555227
3.3212254299020803,1.005645836313445
-0.6254691826009715,-0.7590387216012888
-0.3868090854787791,-1.7405085912149363
-2.2942179189825023,0.32590123506375024
3.063513065705303,0.5035514483053274
1.5155570758676564,1.6707970747549123
2.2109711421823537,1.4328966388303823
2.1646025432443654,0.9194858917791433
3.801871563324932,0.6083340296346731
-0.9537467704915965,-1.2301094880502634
2.574572349915508,0.4884945997793264
3.0287177814340627,0.6338994154531545
3.1897518886423146,1.3233909258443899
3.161150719056133,1.1860217699606008
2.504113937745098,0.5854965099889822
1.4086940540170705,-0.10016373304538062
1.9044163478708303,1.01386305185147
-2.049023364653584,-0.23227814344577125
0.0764053119516408,0.2150106081564016
2.9090912593698537,1.162867392023284
2.465303207764629,1.5080300221044607
-2.7361752139234508,-1.479636704007905
-1.8273271070623363,-1.3731897225778513
-1.1100535141134227,0.6921342262823171
-2.1451692329549754,-0.2701611867349558
-2.3952982174062694,-0.8567207208078318
-3.4893561648035014,-1.611247097532075
-1.9527294384145701,0.10936614366360375
-2.2195408092641795,0.2582654604513235
-2.318826531043049,-1.1835213056009226
-3.5137590216302836,-1.5557048669259959
-1.9474755273961986,0.151687587221343
-2.1874866830015147,-0.003736769239228277
-3.4693993078374827,-1.470114981214326
0.3723693145608937,1.5623038062650747
-1.7452876316213572,-0.8355529656808787
-1.8846082435750926,-1.7668919911783152
-2.8262515710496867,-0.9130990853708201
-2.805758242478367,-0.08442476896457007
-3.1875350465828145,-0.9321282258432322
-2.4637753711843455,0.2546651014883108
-3.3793457792901958,-0.3225090852182322
-3.610975895991322,-1.522764956037324
-1.8169882045888865,0.19922181459255883
-1.976601098647114,-0.17202666906527808
-1.2280137287282908,-0.2593553414743357
-2.008701895346638,-0.09092596677951148
-2.166460250487324,0.8775469908315725
-1.121181462874409,0.5403321632940359
-3.3005390809678996,-0.741212164441865
-3.150270755385753,-1.1974132409494334
-1.8843559967184031,-0.9226224770944529
-0.7502913223409617,0.08685942979641625
-1.6898069130086864,-0.9282744279306345
-2.568879877200123,-0.7848048558633738
3.5628640903329885,0.8601270565588064
2.1590998424387013,0.7535062679845876
3.506543899903301,0.8845524439413137
-1.333721254935261,-1.465213333646577
0.22044017446995134,1.1590813049871511
-1.600788806548115,1.2528282055456228
0.28892352713108416,-0.7487132897775584
-1.074127887358662,-1.6423151841562205
1.5953276409006154,0.18234654756375024
1.1142599834299123,0.7400471815664358
-0.09679863320827131,-1.571600233594697
3.008346821198467,0.563612783868987
3.22494390142918,0.44377001615353295
1.3774912608957326,0.022697413881499262
0.5819235099649465,1.4414384016592092
1.5244663013315236,1.3956781277257986
0.24839594496250506,-0.8936226716440134
0.35175683630466814,-1.1621110787790232
1.48379924429417,1.743826235254485
-1.1332792984151805,-2.0136795392435007
1.3726089252328908,0.5663932213384695
1.7916505588388478,1.7386214980680532
-0.6604954944753612,0.8672512421209402
1.5119049800729787,1.0896762260992117
-0.5815314994955028,-1.4546435227792673
3.098955418000225,0.47466858716793725
1.0450375331735646,-0.8274860730569773
2.571295524964336,1.1836304316122122
0.5359740508890187,-1.2276077618997507
1.2427046550607717,1.5199820050794668
3.6858070148325,0.6299225935537405
0.8437292827463185,0.9877267727453298
1.60763957632542,1.6139641055662222
-0.8094784961843455,-1.1597078195016794
3.8807003749704396,0.8898051628667898
1.1212613834238088,0.17782040925808618
-0.11561272012233381,-0.17030790952853492
-1.0671195732259715,-2.013567959348481
-1.1973333107137645,-1.751198326627534
1.567877556214336,0.8288052925664968
-1.0451233135366405,-1.9606585851114207
3.439935470948223,0.5836430439550466
-0.8447913871908153,-1.4597900262277537
-0.4945823894643748,0.428515995462615
2.0411541713571584,0.13427063318081567
1.7005660785532033,0.8563817390997
0.05337669981479998,-0.2841093888681345
3.329051758179668,0.3936389336187429
-1.4711158023977244,0.46412810178585717
1.3374645961618459,1.4212135920126028
1.8836038364267385,1.4761259207326956
2.025135780701641,0.2956709513265676
-0.916079972853657,-1.5877049317758494
0.41324856413364763,0.06621953340359399
-1.2115505682134593,-1.595159803907197
0.014840151200298024,-0.08814338354281714
-1.0929255233907664,-1.8768921246927195
3.684917236695293,1.054706419428069
2.846148754487041,0.07847997041531274
3.622219349274639,0.41972335668392846
2.984519745240215,0.3789001354772634
-1.1418485389852489,-1.9174695363443308
2.527622009644512,1.198360646684844
3.147962356934551,0.5886244425375051
-1.8719165073537791,0.3064677366811819
2.5562389148569142,-0.020520006696503668
2.33320167196751,0.659824098070342
0.8042791141366994,1.421321297605712
3.295861984620098,0.002485478838164301
-1.901148413290974,-1.7600975385110789
3.0077617420053517,0.37416931482144067
1.3530724300241506,1.5577097186643667
-0.7351045356893504,-1.6221483102243357
0.2179777873849904,0.5484560379583425
3.2278611911630666,0.8519436964590139
0.22482040060520525,-0.0477156987588816
0.7787220729684865,1.4429061064321584
0.7452039970254933,-0.008130823652070074
-1.6584299551153148,-0.3731668343942576
-1.0405835853719676,-1.930402313749116
-0.2944621788167918,-0.12735704092196753
0.9845035327768361,1.7690939554769582
-2.16974923478603,-0.5721605172555857
-0.986455653777119,0.032890761812407465
-0.4738304363393748,-1.2380555024545603
2.1673615230417287,1.3723373064596243
-0.06830451356410627,-1.3845260491769724
-2.2778416620397532,0.09070369096584985
-1.2620268808507884,0.6184367785055227
1.6340101016855275,1.2416069159109182
0.9109380496835744,-0.8509056916635447
-0.4471389995717967,0.0881931433279104
-0.6203980194234813,0.31589313836880395
-0.6304561840200389,-1.8712830892007761
-0.8115966068410838,-0.5377230992715769
0.5263245357370412,0.8519459614355154
1.438806797394756,0.5533015379507131
2.5001242412424123,0.5375184664327688
0.22555616034031267,1.3375076303083486
0.21279909742832537,-1.6836343160074168
2.5322149051523244,1.458827401121337
2.8089697612619435,0.5859543928701467
0.4617855800485646,0.3752358803350515
-0.629367326369282,-0.7584736695688181
0.1469793571329152,-0.9880166402261668
-0.9126064525747264,-1.5681240907113962
0.7634296668863332,0.377609218080718
2.8234346164560353,-0.011122738401215582
-2.5283164130353892,-0.15512827543429664
2.805708195099834,0.9876927980978079
-0.624442075362202,-1.601526295224946
3.3068659557199513,0.4734143862325735
-0.43234584199428205,-1.025887285749238
1.3536713374948537,0.4955058941442556
3.6959860576486623,0.5625611195165701
2.2286713374948537,1.5846463689405508
-0.20875713693141584,-1.5863297334115916
1.1482126964426076,1.6524831304151602
2.4774835361337697,1.0465975651342458
-1.0732180820608104,0.10185452791042993
1.7888047946786916,1.6247950443822927
-0.5941571937704051,0.65209707113095
3.4891851199960744,1.0893009552557058
0.3006451381540334,-0.34659651426486304
2.42884900702,0.7325538048345632
3.8313744319772756,0.6169199595052786
-0.30144188271999006,-1.5545552125375681
2.88896920813084,0.256632770021636
-1.9515341268682445,-2.03821853307895
3.5127451671457326,0.2114994177419729
-1.7240128265523875,-1.8192053189676218
3.512069965729717,0.40384944768734643
-1.312301372160908,-1.8256597867410593
-1.893659924139973,0.7038948187429495
-2.2095644222402537,0.35774561258145043
2.0239994777536428,0.8384383568365164
0.2986314548349416,-0.23480037359408668
0.8266856922006642,1.708185459097106
-1.2155858026647532,-1.5488655915658884
0.599347854981426,-0.28548840192965796
2.8838651431894338,1.3327119597990102
0.8308112872934377,-0.6762311807077341
0.7399809612131154,1.16073485704251
1.4064443363046681,0.4744839319784231
3.0641057742929494,0.9801122793752737
-1.0559482322835887,-1.3581080785196238
-1.4934397684240306,1.2238208899099416
-1.7336274133825267,-1.7464433064859324
2.900750900635723,1.259452308138091
-1.090553496947285,-1.5051322331827097
-0.8475370155477489,-1.800660168210786
-0.558542941679951,-0.5003414502542429
-0.4072389351034129,-0.49979499487094214
1.5411279453134572,1.01696785779782
3.975286747345928,0.7193679461080618
-0.4815029846334422,-1.4178533902566843
2.2854163898325,-0.39384058622531226
3.208333279023174,0.5719631561834402
-1.5819315658712352,-1.9426155438821726
3.3255713237619435,0.49110349508114526
3.0908301128244435,0.08426638933010766
-0.7091908203268016,-0.9815843453805857
-0.012607549300190257,-1.4587707868020945
-0.7180917011404002,-0.25762442259005836
-0.8571572052144969,-2.012212788144868
1.725019241700176,0.7436461100179739
3.708601261506084,0.6840209612447805
1.9888375057077443,0.6106372723180837
-0.08835337029933577,-1.1708755841653757
0.3899884475564992,-0.8434734692972117
1.6991832507944142,0.5207692036230154
-0.44589636193751936,-1.7404942861001902
1.6119172824716603,0.8159945854742117
-1.22680387364864,0.23126646371670434
1.6586621059274709,0.7097124704916067
0.018379236588481618,-1.6012320866983347
-0.690874312987324,-1.3077714791696482
-2.335889910330769,-0.582410370389741
-0.24078843461513166,0.34942182393856713
0.42484643591404314,-1.7284527173440867
-0.6030816780233348,-1.5599279752176218
-1.2477615820074046,-1.886327778379243
-0.42428705560207014,-1.0371494641702586
-0.9687535511159862,-0.9906034818094187
2.4208915485239064,1.2248404869634695
-1.20609173642635,-2.0273371091287546
-0.1370634781026805,-1.4857478490274363
-1.1065335022115672,-1.4371424069803171
-0.7503621326589549,1.122150267084319
1.9037697566843068,0.17516394944973657
2.824105049500469,0.03787180276699731
2.007971550354961,0.8432906517583914
-1.003879045119282,-2.026046310941499
-1.2252548681402171,-1.9379763951700144
2.3209326518869435,0.9610751518804617
1.4636371387338674,0.14579149576016137
-3.0258530275726283,-1.123862778226655
0.7773018134927785,-0.3330986848276072
0.37688877714634295,0.6301391968328542
0.5634811176157033,-1.1343849053781443
1.314283157715801,1.2045458206731863
-2.2089085327291453,-1.3018958917062693
-0.6866991268300975,-0.6276498189371043
-1.2093277918004954,-0.7158406129281931
-3.170284732227918,-0.9928267350595408
0.9920642627573049,-0.747796808759492
-1.104800437560078,0.1817152151662893
-2.0563474641942943,-1.5161528935831003
1.612087990174297,1.5535213598806448
-3.1183785544538463,-0.5434120049875193
3.3087442172861135,0.723209107835967
-0.19081399308681135,-1.020462070981782
2.98186471594334,1.2423321852285452
1.2224133266305959,0.42495616765804956
2.7886469615793263,0.7417995581228323
2.427231098542217,-0.004636322538178472
2.666342998871807,0.5630757460195608
2.4753606571054494,1.387557948549468
2.244052673707012,1.5279317149717397
2.876728798279766,-0.0035336366098337457
3.1732208980417287,1.1302555450994558
2.8595283283090627,1.045287097414214
4.02785327566624,0.7071451792318411
2.515213276276592,0.11272212358303735
-1.2822377430105174,-0.8520105233591013
-1.6281506763601268,0.2794155726034231
-1.7266064630651439,0.26657673211880395
-0.6898987041616405,0.13704701753445336
-1.7709742532873118,-0.17574885992221168
-2.071369622817036,0.7439483055669851
-0.7731559024953807,0.59614905210324
-2.5051340805196727,-0.9308452954690867
-3.422833119502064,-0.5331626286905222
-0.5614874111318553,0.34433111043759057
-0.95451543199062,0.4292338738042898
-2.141398643126484,-0.29465607313327125
-0.6205119835042918,0.6129243025381155
-3.4298761235380137,-0.8270266404550486
-1.847829435935017,-0.5018344273965769
-2.0071869836950267,0.6586066135961599
-3.507331226935383,-0.8298671594064646
-3.454023067822453,-1.1809132447641306
-1.4234471069478953,0.7344373116094656
-3.1497311675751174,-1.1734249940317087
-2.396738444437977,-1.4829314103525095
2.3775470508432424,0.743977511842925
2.6770489467477834,1.1614465365011282
-3.3914782898330653,-1.0958841195505076
-3.0080923335456813,-0.2909889569681101
-0.9704553829336131,0.24470802636929223
-1.0342077957296336,0.47472258897610375
-2.876793538203236,-0.9719395986001902
-1.7277836547994578,0.6122234711248464
-1.1136493431234324,0.3094646582204885
-3.821141873469349,-0.592962538282197
-3.6481675552034343,-0.3788285603921824
-1.4647265421056712,0.8105290779668874
-2.41895840035915,0.3255567202169485
-1.5268751131200755,0.6292881617147512
-1.6475493656301463,-0.4842660775583201
-1.6795160518789256,-0.3922312608163767
-1.1713392482900584,0.14357396455593774
-3.6628676699304545,-0.2755003323953562
-1.9553801761770213,0.18306776376553247
1.549364830384258,1.519147361238677
0.17181208265781756,-0.9603352895181589
-0.8281485782766307,0.1832260737020559
-0.35797545777797346,-0.5018596997659617
-0.9654767261648143,-1.5616152635019236
-0.7826890693807567,-2.0548682561319285
0.20778753889561052,-0.5969694009225779
2.397474552521709,0.37251802774258325
3.731341148743633,1.0410259613592214
-1.2091771112585032,-2.0827727666299753
1.7598698390817678,0.438302839716155
-1.3280515419149364,0.7688957104284353
0.2606666339731252,-1.2030938020151072
1.0456407321786916,0.6271071085531301
1.6430933727121388,-0.24698666242770484
3.679109360108379,0.9269896397192068
2.7177860988473928,1.4415294179517812
0.8836844219064748,0.8139581331808157
3.452588821778301,0.5808499703008718
-0.6904599414968455,-1.235777651349824
0.10564019812107439,-1.6154289594095164
2.9312813533639943,1.2934261211950369
-1.242017005553242,1.2479205975133962
0.6194479717111623,-0.8202138295572214
3.505417610535625,0.6771137365896291
2.166911865601543,0.8919281611043997
3.6980288280344045,0.7103786120016164
3.7379911197519338,0.3489169725973196
-1.6860686288976634,0.2613989958364553
2.617590214142803,1.3693400868970937
3.6795962108469045,0.704532350023467
0.9369189990854299,-0.8686068406503611
-1.7949206577444041,-0.5840926518838816
1.8965485347604787,1.093360269983489
0.018860842118266774,-1.2879288545053416
0.6265957607126271,-0.11516622213534644
2.04652478827,1.908125097473342
3.167646194825176,0.12428685518093774
3.3998606456613576,0.9189476618368215
-1.3214132534170115,-1.9367862096231394
0.4559817565774953,-1.423960958997529
0.7697770847177541,0.9465618977148123
-0.08281514512538557,-1.3260727277200632
-1.4790097223424876,0.639817322214324
2.9701731456613576,0.3579272875387258
1.4051039470529592,0.8810077557165212
3.5174939884042775,1.0339604267675466
-0.741763566603657,-1.2210126271646433
-0.926232789626118,-1.1808820119302683
0.8405168308115041,-0.7042270055215769
0.5305626643991506,1.5162250051099844
-0.8171152816915477,-1.8606224408548289
0.7047395957803761,-0.13452700285128882
1.1119568599557912,0.7930233130056448
0.5459409011697804,1.7694624313909597
-1.2596395956182445,0.415318335016448
-2.681017433276173,-0.40700701383761695
-1.131036256422993,-1.7447986951272898
-1.324212525954243,-1.9721732488077097
0.6746850265359914,-0.2603173604410105
1.395793224701885,1.869717622717101
-0.3514680610799754,-1.0007841935556345
1.479000831971172,1.328286732156951
0.0807385696268117,-0.9668140759866648
0.4453044189310109,-0.8022494664590769
-0.6224610553884471,0.06766053529568383
0.8524320377206838,-0.4394691338937693
3.266997600922588,1.3149232515890188
3.3100025905466115,1.042545879800994
1.2934053195810353,-0.09919289259127906
1.2022173656320607,1.562378848512847
0.48627665174961443,0.839780415018279
2.3041832698679006,1.2629060396749563
3.660986687073711,0.5836962112981863
1.7574341548776662,1.2176131853658743
2.4162528766489064,1.3160345205862112
0.22168948782444353,0.37015196176357934
2.085373188385967,0.5850398192007131
-0.9970187889242137,-2.152926956693452
-1.0814773784780467,-1.9638080945413523
2.6244280589914357,1.2556253323156423
-1.020663474669453,-1.3293218961160593
-1.4552874313497508,-2.0933413854043894
1.7713406337595021,0.797440613229949
-1.0937576042318309,-1.834344898740571
1.1257260097360646,-0.7354619851510935
-0.6985258804464305,-1.8914823880594187
0.42048599852085466,0.9023012766439504
2.3587863696908986,0.45479973645992944
3.3251631511545217,0.2536003241140432
-1.008463834395405,-1.9155741086404734
-0.6539027439260447,-1.9477892270486765
1.4568932308054006,-0.3813519826333933
1.8138602031564748,1.0388245234090872
3.7405402911996877,0.8994406113226003
-1.3130475031042064,-1.4731567254465037
-0.22929689752101545,-1.4093654504220896
0.2063951743936574,-1.058899914304536
1.3612044109201467,1.3740092763502187
3.203914905915264,0.9438949474889822
2.7009089244699513,1.1754749664861746
-1.187182758917805,-1.9864197125833445
3.7427342189645803,0.36675139756985375
-2.032225345244404,-2.048409019986909
-0.256813262572285,-0.12422541288546851
1.434728886017803,0.7145971903402395
1.6057937396860158,1.5419427404005117
0.5384111656045949,-1.5076668610971384
0.6643231166696584,-0.7152483811777048
0.45000674856663103,0.45209356637783715
1.368423725495342,1.307050431688506
-0.22573778497218733,0.3721782812673635
0.8778898967599904,-0.6252339234750681
-0.03981587754726057,-0.7382796159189158
-0.6968693481588328,-1.6908855786722117
-0.45298883782863264,-1.5297875752847605
-0.6326551185750926,-0.26689985899142554
0.41918685568333025,0.30937572809048364
1.8096912158823049,1.7260952243406362
1.0427868617868459,0.8802753338415212
-1.3786996351385081,-1.6861806264322214
1.0504648937082326,1.5317374119360037
2.0245359195566213,0.41704806180782983
-0.0910138832235301,-1.4472229829233103
0.2973826183176076,-0.0033142915170603082
0.7457518829202687,1.3943956145841665
-0.2037017093801463,-1.3996942391794138
0.7614295734262502,-0.22747329382113746
-0.7695700870656932,-0.33100179342440894
-0.7221009479665721,-1.7350325932901316
-1.135412191023823,0.861791814287383
-0.38505933152675276,-0.9952209344308787
-3.0207802252674067,-0.7188535085122996
-0.8812997089529002,1.3871864924032278
-1.0688261734151805,-0.21414760259799293
-1.1188397155904735,-0.16947511343173316
1.234233166108135,1.1305539259512014
-1.0975298629903758,-0.9424062123697214
-1.30224594937801,-0.25023964552096656
-1.001017306914326,0.0650164732534475
-0.002658341994282054,0.6623577723104543
-0.8015079246664012,0.6730031618673391
-1.456438039412495,-0.04823354391269019
-3.442985569109913,-1.3270328393381052
0.10257246626377459,-1.2421801438730173
1.5364845050668752,-0.6882751336496287
-3.0650979997420276,-0.09557965902499488
-2.1722953067922557,-0.6865678182046824
-3.4521634625101054,-1.3405628552835398
-1.465954755415913,0.5764474520284719
-3.5217637764120067,-0.7145011773508005
-1.8940552221441234,0.783860290964324
-1.754278992285725,-0.9748754849832468
-2.7643593894147838,-0.7598426690500193
-1.613714192976948,-1.2920394292276316
-1.367021535506245,-0.1392526975076609
-1.8134715305471385,-0.6780388703744822
-2.2473139511251414,-1.2120733609598093
-3.055490021576878,-0.27719906477145484
-2.637394283881184,-1.2906093945901804
-2.762299661507603,-1.5068943849008494
-2.5563495503568614,-1.4216754784982615
-3.08370414095163,-1.599765574018281
-0.9214374767446483,-0.3649189820688181
-1.655183886160847,-0.6442463746469431
-1.9251738535070384,0.698401773889739
-2.1869910107755626,-1.0320091596048289
-2.069953297247883,-0.5059097161691599
-2.3175561176443065,-1.0190625539224558
-1.6960273729467357,-0.3363232961099558
-2.210017596354481,-1.2352252355020457
-2.7466181861066783,-0.5432520261209421
1.3882129443979299,0.6766442904073782
1.3372037662363088,0.396172131021697
1.5904810680246388,0.3020021566946096
3.530897404084209,0.6103261360723562
0.9574096454477345,0.7290186533529348
-1.6172183500432933,-2.0166831365030222
1.7900207294321095,1.3146465668279714
1.57669475210667,0.28873463960476586
2.010365749726299,0.7897921452123708
2.2370627178049123,0.560951674898345
2.255646969208721,0.6109420904714651
-1.6328233228826488,0.6118870625097341
2.1481817020273244,0.1881851801473684
1.8350689662790334,0.3293878683645315
1.6902888072824513,-0.37850145010165503
1.5370490802621877,1.3353074440557546
1.5261147273874318,1.217401469667632
1.302719379792217,0.5576918968755789
1.0680868877267873,1.2259455570776052
2.389817024598125,1.6501437077123708
1.8849661601877248,0.4798879274923391
0.526171471009258,-0.39412668852023414
-3.1999137485229934,-1.170758759061616
1.7015273822641408,0.6864069351751394
1.4384010089731252,0.2933017859060354
2.0546362651681935,0.09430548044033715
0.6311548007822072,1.0785076269704885
1.4939673198556935,1.6049388298589773
1.1678922427988088,0.2684156546194143
0.440386558899883,0.21739884706326196
0.5554592861032521,1.0256749043066091
-0.6613716827535594,-1.5744419446390086
0.5298891319131886,1.0311834463674612
1.0719692958688771,0.8830179819662161
1.7143929256296193,0.49841007085629174
0.45464923513889666,-0.4663904061716013
3.57903268469334,0.5538303503591604
2.7588103069162404,0.5864330181676931
1.1314423335886037,1.3224633583623953
0.1701407684183156,-0.6173088899057322
1.8010771526193654,1.6571185836393423
2.4310138477182424,0.726583565195281
1.7238624347543752,1.40351810546704
1.421996380219463,-0.2142825475137644
-1.6130581842565501,1.0821478018362112
1.4731290592050588,1.310316885431487
-0.5444478737020457,-1.5197513451974802
2.2437045825815236,0.12824388833828637
-0.44032642709254866,-0.12496927885226539
1.042202736268047,1.7789816507894582
-0.6818027244710887,0.028435195406157465
0.4209072841501271,-1.1314657082956248
1.7612474216318166,1.200627172907073
-0.3005773769521678,-1.504914795438569
1.0917308582162892,-0.5640030255716257
1.0833513988351857,1.676749134977538
-0.8648254619741405,-1.0014651170175486
1.0743291629648244,-0.4678843369882517
-0.3672115551137889,-0.6757750859659128
1.9878676189279592,0.18181344362087914
-1.7421991573476756,-1.7927580228250437
0.6956594241952931,-1.066764151136201
0.9767139209604299,-0.8588955750863962
1.7287619365549123,0.7705677399236746
1.8611619724130666,0.7672990212041921
1.4221894992685353,1.0130657801229543
1.0190613521432912,1.4262427339155264
2.002137447724346,0.024942124803740473
1.3575742496347463,1.3651517877180166
0.34055664671421404,-0.9873254647653513
0.42895152700901384,-0.155685459653657
1.5869839443063771,0.011453116853911371
3.1647317661142385,1.3730163821775503
0.7974355472421681,-0.37885693220309546
0.44142201078892107,0.9551669010717458
0.8500340236520803,1.2698361525137014
0.9613836063241994,1.189785207231719
0.9045460475778615,-0.5911600938241892
1.3586132778024709,1.0306335339147634
0.9375975383615529,1.0274240622121877
0.9653661502695119,0.5292888531286306
-1.384189938178059,-2.0296564450662546
1.2729618800973928,1.6046215543348379
-0.04286143647670393,-0.4248824468057566
0.18480136526584978,-0.8698611607950144
0.36051800383091326,0.7017608532507009
1.214136387238506,-0.4501552930276804
0.21029617918491716,-0.6244304528634959
-0.1309749828481639,0.5230379948217458
-0.4274582611227,-1.186604534665864
-1.3613722072744334,-2.108310257474702
1.6179301990366017,0.8144560703832693
-0.02257177697658186,-0.4534621587198191
0.22752072943210955,0.7099650749761648
0.628583694825176,0.7132411846715994
1.1505201114511525,0.45664581151791284
1.8371670497751271,0.6390061029989309
3.190609241852764,0.6731209406454153
3.5589087261056935,0.9081266769964285
-1.0301246391439403,0.40194591375179956
1.9245865596628224,0.40246590467282006
-1.2327300058507884,0.4959631809789724
1.8421604884958303,0.6154887327749319
2.188041950592998,1.5849091658193655
1.279488350281719,0.5571472296316213
1.6134646190500295,1.6409340748388357
0.5688247932291066,1.0516667017538137
3.113147045502666,1.2182889828283376
2.37503459585667,1.3994858512479849
2.2065451396799123,1.415209556539733
1.286443973908428,0.08464118333645532
3.2603276027536428,0.6039343723852224
1.1909702075815236,1.3536408791143484
1.19292428625584,0.32071491571255395
2.417862678895,0.32735058160610864
1.436203266510967,1.1719768890935964
1.3929775012826955,0.2761978754598684
1.9835608257150685,1.2777856239873953
1.09506633413792,0.9786408791143484
0.9342429889535939,-0.6336627355020457
1.2836697353220021,0.7212620625097341
-1.4618006693029368,-2.0931730618875437
-0.06929204331874494,1.3831991204816885
1.3994848979806935,-0.3576686730783396
0.7082011951303517,-1.357538258115571
1.8980367435312306,0.3383187899190969
-1.6892249332570994,-0.41154245046786597
-2.2011687503957713,0.3636304983694143
-2.096029971709248,-0.01383713392428687
-2.036423061957356,0.8185937056142873
-2.2423310624265635,0.0850960859853811
-1.8839490162038768,1.0041225800115652
-0.3390307174825633,0.8411856541235037
-0.996146176924702,0.3971193680364675
-1.0017246948385203,0.2583901533681936
-1.0638456092977489,0.8234923729497976
-1.4292359100484813,0.355570758302886
-1.1541080223226512,0.8520964035589285
-2.4030593978071177,0.3451091894704885
-2.8138700472021068,-0.2635362496774607
-2.6265508280897105,-0.7886052480142527
-2.6817744122648204,-1.0688948979776316
-1.2889492260122264,0.7243235954839773
-0.51825735436916,0.8360352167684622
-2.079468701949116,0.7503549704153127
-1.1844377266073192,0.8133756765920706
-1.3053394304418529,1.1024394878942556
-0.4114351020956004,0.9923495897848196
2.3818686260080373,1.4328400144178457
3.344838405976299,0.10142465921230981
-1.1871987329626048,0.6243607649404592
-0.9371523605489696,-0.004009281675141363
-0.30504057275294905,1.0246561417181081
-0.72602102624416,0.7347701439458914
0.8336074603891408,1.704323256929595
-1.6898023830556834,0.6447044262487478
-2.4991816626691783,0.06751605363674829
-1.8833441482686961,0.11130114885159204
-1.9739486919546092,0.8449735292989797
-1.2459059702062572,0.9202170023519582
-0.9721145378255809,0.6787337908346243
-1.1203350769185985,0.3883412727911062
-0.8213150249624217,0.5684224018652029
-1.2501575695180858,0.4057938704092092
-3.035007973184582,-0.22755077985934546
-1.1355807529592479,0.2150408873159475
-0.954372380843159,0.24463459344692895
1.9718487514352834,0.5113042244512624
2.9476464046335256,0.6510882029134817
-1.6369232879781688,1.0810255655843801
-1.137801860442158,-1.9237718930643015
0.9132945789194142,-0.2663290849130564
-0.5582496868276561,-1.2715669026773386
0.08070328367710466,-1.6214177956979685
-0.8862590538167918,-0.24141338972262671
-1.8540585981512034,-1.9225015988748484
0.8814461482858693,-0.41880396513156226
-0.08923742639064436,-1.3865945687692576
-0.40535018311977034,-0.5407524457376414
-0.5894708381795848,-1.7127809873025828
0.2056927932596242,-1.3941107144754343
-2.2447931514883006,-0.8646664967935496
-0.6991309868001903,-1.753381763974946
-1.3788593755865062,-1.2897341599862986
-0.27455375062465315,-1.3089573731820994
0.18059899939060564,-0.20009330419711402
1.6222918285226857,1.2910118946630544
-0.5258338199758494,-1.4119472852151804
1.4157068981027638,1.1181165823537893
0.28615977896213884,0.829015696962554
-0.20136210786342268,-0.9374468675058298
0.3333311332559621,-0.8408131947915964
0.011093164811137868,-0.5776794305246287
0.5684633506631886,-1.033382927457612
0.5723579181528127,0.40693696828671166
1.9363377345895803,0.25221725793667504
0.753640200028423,1.6318462142545767
0.1290793670511281,-0.32548073438815406
1.7433951152658498,0.7484696755010671
1.9819920314645803,1.596660936792571
0.6059031738138234,1.2072796473104543
1.0800478710031545,1.4361227998334951
3.638856674561504,0.6915554651815481
0.8308747066354787,-0.6112478127878123
0.9315049899911916,1.7683115253049917
0.825910354981426,0.833310688455779
3.15884807241917,1.4090853581029958
2.0328748477792775,0.3863142380315847
1.8163292659616506,1.2152943262655325
1.011873031983379,0.40613290162869164
1.9257924808359181,1.638652885873992
1.6834652675485646,0.8746153959829397
1.0728237880563771,1.8838456520635671
1.1760733379220998,0.022691930254179926
0.9779756320810353,1.7596747526723928
0.8608892215585744,0.6922583231527395
3.724718834290508,0.40709933133907983
2.5257613910532033,0.2475416311819143
2.5657966388559377,0.9117127308446951
0.7134053958749806,1.7330862531263418
1.3403013004159963,-0.03218153623751929
0.8013928188180959,-0.998731171170991
-0.2982878433370555,0.47514768930264184
1.798444534668926,0.9919125685293264
1.3214986575937306,1.5450095781881399
3.3079269183969533,1.0024288544256277
3.149011875519756,0.5809976706106252
1.4062111629343068,-0.2389252534311228
0.3983650459146535,0.8715387234289236
1.0387170566415822,-0.6276059499185496
1.70610788000584,0.9416354546148367
0.8214850677347219,1.3683296689588613
0.356357599625591,-0.04977754263095191
1.5646279109811818,1.8269695291120596
0.7590997470712697,1.2244575867254324
3.190797115693096,1.3405863890249319
1.0940196765756642,0.9708379158575124
2.88817575109959,0.22998401017971704
3.5905835880136525,0.950074399431426
1.3447692645883595,1.384997154195983
-0.3578858123922313,-0.9086583009164744
2.400458122620586,1.3525983938772268
0.6674278034067189,-0.08433035520724586
0.651753689179424,-1.2990415444772654
1.489219452271465,0.611645067651946
1.7765486492013967,1.0696555027563162
-0.9018683181905711,1.0142006525594778
-0.802969907393452,-1.2783305993478709
1.403892303833965,1.153443301637847
2.603845383057598,0.9118575701314993
0.9459622157907521,1.1954364428121633
-1.463682387938496,0.03678413720913598
2.027300621399883,1.2588297972280569
2.672153259644512,1.5319292792875356
3.432515407929424,0.4830302843648977
-0.4330410705709422,0.06503292413540551
3.3406098140573537,0.838606680353362
3.0620830310678517,0.737102831323821
-1.0157966362142528,0.8992367634374685
3.3324144138193166,1.001596296747405
0.8918822063303029,-0.29470471052340796
3.8340623630380666,0.9107833752233572
1.4192950977182424,0.9084653505880422
1.4307563556528127,0.5987221846181936
-0.8080718265676463,-1.7499256482522898
-0.11633298264979963,-1.3304629674356394
3.7641060603952443,0.9569369206029958
0.6259763492441213,-0.656147991697114
2.5276706470346486,0.6658175835210867
2.887558723816875,1.3083002218801565
2.0432889713144338,-0.6042075505655222
1.293012405762676,0.6073163399297781
3.291829849610332,0.8590681204397268
1.7842824710702931,2.0000641593534536
0.8904431117868459,-0.274950539151948
1.8975780261850392,1.4118919024068899
-0.38143942224025373,0.2058076510030813
1.3524644626474416,0.4698810228902883
0.3583307517862355,-1.1445262780588084
1.5193131221628224,0.5394523987371511
1.44778850210667,1.4510091790754385
-1.2279183612966502,-1.4539387574594431
2.9894535793161428,0.7321290621358938
0.10712936056614275,-1.292026316205781
-0.2422609077596629,-1.4067967286508494
0.3543634666299855,0.9272058853704519
1.8537767185068166,0.5236030468542165
1.5964515460825002,0.14206787439175317
2.0818350566721,0.4986834177572317
0.5629794849252736,-0.6690369000833445
1.9762532962656056,0.2680766233999319
1.4910562290048635,1.012100184877593
-1.5670540081167186,-1.3213930478494578
0.46351554525852556,0.2576861033041067
3.0401098979806935,1.2083463320333547
-0.02362940179347639,-0.6920626511972361
0.06287815702915545,-1.3413694253366404
0.5810582889413869,-0.7699828496377878
2.6838734401559865,0.6946856627065725
-0.2991702304983104,-1.303625380079072
-0.6841425644063914,-1.7019543996255808
1.2680433048105275,0.3436598429281301
0.6433384670114553,0.3307267078954763
-0.293741916289326,-1.4137626042764597
1.474777485260967,0.4193439135152883
-1.312944387068745,-1.041136538068574
-2.6026731477880443,-0.4014726033609324
0.2065460933542287,0.8934555897314138
1.723913933167461,1.473791624029357
-1.7067395197057689,-0.6840036263864451
-2.010706518759724,-0.8981132855813914
-0.728518699278828,0.30104609819241235
0.8424155963754689,0.2392270216543264
-0.8367755161428416,0.6176849255163259
0.18458821905613298,0.8768316158849783
-0.08455750810145979,0.4643464932043142
1.8937161220407521,1.782235408743102
-1.0768968807363475,0.10066338868923852
-1.3290222631597484,0.5036236891347952
-1.4470242010259593,-0.6464717736642771
-0.9039499508047069,-0.05158308653048804
-1.4449271904134715,-0.583617006818574
-1.9934532390737498,0.9709039578039236
-0.5516659961843455,0.762142384966094
-1.2462523924016917,-0.2960703721445017
-0.8135199295186961,0.6922493824560232
-1.303516005148884,0.8795991787511892
2.583767200837139,0.18728014322109887
2.7283680690622365,0.6331519732076711
2.457309509644512,0.9464372047979421
3.228172565827373,0.12069817872830102
-1.9505890356206859,-1.6393969407480173
1.8304422153329885,0.8283577808935232
-2.398851905932423,-0.10868528989962867
0.8328407062387502,-0.9150038113992625
0.23683097494602556,-1.6271040788095408
1.0878207935190236,1.2122207531530447
2.9443438304758107,0.12105795236416528
1.766220356354717,1.05824884267636
-0.6664426075124705,-1.257471119443696
1.3485462917184865,1.2258903631765432
3.1516168369150197,1.1005363115865774
-2.038872693648335,-1.5900524011056834
1.1975143207407033,-0.10012868551425269
2.335044647583965,1.1283868202764578
2.576030517945293,0.9581505903799123
2.4699824107980763,0.7303844341833181
3.09333350790501,0.5455938229162283
1.6445243610239064,0.5714196810323782
2.8006570590829885,0.6014675745565481
0.9967768443918263,0.030307258089262934
-1.6528650270605052,-1.8751120915811472
3.086030269989971,0.6691547283727712
3.368064190278057,0.3941386589605398
1.6508610500192678,0.4423951754171438
-1.0824985252523387,-1.7326088300149851
3.5805504573679006,1.132334674318511
2.5118673099374806,0.7172699818212576
-0.015541528334614085,1.3674001941282339
0.10152962339878435,-1.0379052510660105
-1.0880849109792674,-1.472927366773408
2.8664787067270314,0.4127114662725515
1.8672964824533498,0.6673792252142019
-3.636101488938328,-1.0960009446542673
-0.3934561954641307,-1.0073590627115183
-0.6211042152547801,-0.17879489568881324
1.2455933345651662,1.4503657469350881
1.4932849658823049,0.5798496851522512
-0.604129050841328,-1.5907121053140574
0.8152053607797658,0.5177546391088552
-0.26191875802516584,-1.1212108483713084
0.7966087116098439,0.7649345049459524
3.7268588794565236,0.4386070618230886
-0.5980930076742137,-1.5773651948373728
-1.6119066225194896,-1.5578263154428416
-0.8816921459341014,-0.8480825772684031
1.0372741474008595,1.4713444957334585
2.993397976288799,0.5167840370733328
1.6401579631662404,0.8581547388631887
-0.660981153120991,-0.06778744367770484
-0.12042949067592268,1.1116518625814504
2.0270669711923635,1.9079785296518392
-0.14192411767482405,-1.2547498097818308
0.4777586711740529,0.4888664135534353
1.92566993368626,0.056151116808135004
0.815332676301006,1.0449696430761404
2.2506153835153615,1.2538984665472097
-0.774154399504658,-1.7918277135293894
0.3723330749368703,0.47068747373409936
1.3405044330453908,0.17272254319973657
1.292115951905254,1.6316144117910452
-0.2995135532522166,-0.6892292848031931
-0.46145937310695295,-1.101591860334199
-2.0970982061529124,-0.7053623547952586
0.6533792270517385,1.204229558428008
1.7052729381418263,0.45325275750942895
0.9854419483041799,0.9729681858617849
1.0678689731454885,1.0390548357564993
1.882905746827129,-0.740951572934907
1.7868764652109181,0.5805605301458425
3.5599091304636037,0.9602247128088064
-0.27418658601283674,-0.40734413770846656
2.0062210811471974,0.8993596682149954
3.0621288074350392,0.42288538308926293
3.484740044007305,0.8082259544927664
2.7090132488107717,0.0641307482320852
1.997250343689922,0.9578244337637014
0.7164950622415578,0.7581076273519582
0.4575355304575002,0.2935123095113821
3.33014991415501,0.09174176545925805
0.009829784760478688,-1.2525749555032664
1.9641096843576467,0.4921714911062307
1.4136874927377736,0.3441269049245901
2.009814525971416,1.619152928312499
1.5109064830637013,1.9068864533502645
-0.18698761331081037,-1.6061101308267527
-0.8586148964071239,1.2834105143148489
2.1550057185983693,1.30824622007199
0.5107171787118947,0.9293911108572073
0.15333058966160173,0.1050395617086477
-0.2012424217367137,-1.5536272874277048
0.8594100726938283,0.7178562531072683
2.08384921682835,0.22750254960842797
0.43212440145969744,-0.9246166100900584
-0.49908540116786604,0.39759084077664086
0.6754277004098928,-0.48473886160067847
1.8117368472909963,0.07493659349270532
2.9419200672006642,1.0529381880361623
2.163598801026348,-0.02462199834994605
0.02300598753452654,-0.2836354127328806
0.2929110778665578,-1.0926781049173289
0.5069811595773732,1.023961151560027
3.75918986929417,0.6232071766454763
0.049855972657207204,-1.0498583665292673
0.4873426212167775,-0.7307424893777781
2.6372258914804494,0.15988394113369653
-0.8441979633474315,-1.6867070546548777
1.6811101688241994,1.0280168900091238
2.5866859210825,1.0921527990896291
0.2501082671976125,-1.411089216748994
2.4003632320261037,1.507335985620696
1.178454185853008,1.36853172870465
0.6824078811502492,-0.3087299218576365
-0.18707249032497053,-1.6066832890909128
2.85837199820042,0.18101021142788598
0.8499281658029592,-1.0659280171792918
2.4814408077096974,0.39460715146847436
-0.5132865654134715,-1.1073096146982127
3.404542709717754,0.47197624536343286
2.3547032131052053,0.6101097712118215
-1.347732280364033,-0.49470070509127906
-0.995059465041157,-1.3816206803720408
1.186158920655254,-0.8324051251810007
0.5100133670663869,1.510854805429656
1.801947380433086,0.9487272152502126
1.6468289150095021,1.0515540489751882
2.8829067005014455,0.13678213449307153
1.5049565090036428,0.4155658135015554
0.8864166988229787,-0.41513851789645484
0.8177099479532277,-0.4517677178781443
0.25708964003086443,0.3965303549367971
1.4163992656564748,0.022809232195097895
3.269494797120098,0.1885337481100149
2.1153218997812306,0.19133564325161645
-0.4946965919637645,-1.505888973752778
-0.2199647174978221,-1.4980604997079783
-0.38664409982204084,-0.324219976941865
-0.6296667801046336,-1.8173547139566355
-0.21339390145778303,-0.604528700391572
-0.626507972350117,-1.2471518865030222
-1.2463038908147777,-2.031901871244233
-1.4749257312917674,-2.0259027829568796
-0.7413921104574168,-1.062503372709077
-0.4265963779592479,-1.032183205167573
-0.18662259446620588,1.2057443508703298
-0.9164306865835155,0.8202973255712576
-0.6631295429372752,0.8970875391561575
-0.9592823730611766,0.6614125618536062
-2.1670654760503734,-1.1411419263284617
-1.4832371221685374,0.5639706501562185
-0.871176694502827,0.8584832796651907
1.7287867320871388,1.9361883947450704
-2.8472824739122355,-1.1509955277841502
-2.6926757441663707,-0.8854072442453318
-3.6733851479196513,-0.9777706017892771
-3.8904313193464244,-0.5369081845682078
-2.902096603980061,0.2989909300405569
0.5687356246805226,0.6646262058813162
2.534478927979473,0.662758315523345
-1.2975995288991893,0.7325077900487966
-1.0908100353383983,0.7200042852956838
-0.5908224331045115,1.0602856525976248
-0.7509851204061473,0.6574655422765798
-0.8814985500478709,0.20097872110195825
-0.9892604099416697,0.771432722528655
-1.2056326614522899,0.39751895757504174
-0.8305318103933299,0.2560217032033987
-1.8401270853185618,1.0009362349111623
-0.8441471801900828,0.9667578587133474
-0.8394639240407908,0.6925673136312551
-2.594278012385365,-0.16871169714144996
0.6853959812021291,0.9732832560140676
-1.98479149209499,0.5361739048559255
-3.8565942393445933,-1.5450799813669138
-3.866319929232594,-1.5481589188974314
-3.9745361553335155,-1.2970109334390574
1.3850448383188283,0.2993108877737112
1.6749995006418263,0.3288000473577566
0.7399366153574025,0.42151566835232446
2.2796890987253224,0.3158971914846487
2.5058758510446584,1.2234544405538625
2.1792013896799123,1.7087473520834036
2.2448809398508107,1.223888481577117
1.6878550304269826,0.30652328821011254
0.8624098552560842,1.006068314035613
1.5501330150461232,0.839037383516509
2.392079140076641,1.2169875750143118
1.423235679993633,0.6569990763265676
1.6021569026804006,1.1116789230901785
0.8155458225107228,-0.4285893788736277
2.3509333385324513,0.06415625902004907
2.05956246984959,0.23459240289517114
0.5312106860971486,0.003400529344756098
1.3342049373483693,0.590832079370696
1.6827233089304006,0.854690516908843
0.8116808189249074,0.5636652359563894
-0.34521458016872053,-1.4716592183511668
0.584478880295757,1.3740139255125112
2.0057518733835256,0.6536450037557668
-1.057742332091328,-1.9625034680765086
-0.3284370647573436,-1.2641158452432566
2.0479839099741017,1.4867697605688162
2.3701904071664845,0.5617906698782034
3.164758468995098,0.23738166185208032
2.860797191987041,0.5626446852285452
3.199316765198711,0.452877248247344
1.562581325898174,1.1335910210210867
-0.3324355827474559,-1.3374019017618113
2.4138520015573537,1.4348531612951345
0.543397451767925,-0.7598145356576853
1.9788820995187795,0.2126161703664846
0.7319753421640431,1.2703324207861013
1.2753894580698049,1.0958536514837331
0.008559967408183766,0.9644679674703664
0.9221127284860646,0.9593428024847097
3.6266277088022267,0.3431863436300344
2.8182657016611135,1.2677261480886526
-0.40602514611720686,-0.8285985341470652
0.053593183884624196,-1.1197951188486033
1.2612946285104787,0.7469478497106619
2.394415642151836,0.616440857370574
1.8666432155466115,1.775023187120635
0.7084322227335011,-0.025866781751435308
0.5049228919839894,0.4260946163732595
-1.341737841238972,0.6358445534307546
3.7427771343088185,0.5140292296011038
3.1633184207773244,0.4572816738683767
-0.9878992782735789,-1.4583342423837595
1.0384838832712209,1.6011339077550955
-0.24583504067897444,-1.30246094373874
-1.201041196455952,-1.0214794030588084
2.3065336002206838,-0.3095989575784617
-0.10873029099940901,-0.7777686467569285
1.0439741863107717,0.9722408899862356
1.5319292796945607,0.887100184877593
2.426550651917461,1.605157817323882
1.796207214722637,1.7259010920126028
0.6172263873910939,-0.44606641439608863
3.3291795505380666,0.4289493212301321
0.14138057363987322,1.0902943262655325
0.5189945949411428,1.1915408024389333
0.803252245316509,0.9659157642919607
1.837262894043926,-0.12448481229953101
1.214213634858135,0.7799814591009206
1.4657976878976857,0.3095876822073049
-0.8674247013235057,0.26315876336880395
2.7998492969369924,0.4962995895940847
1.2889225734567678,1.8435131558973379
2.6193197025156056,0.7515382418233938
0.050628448853496266,-1.366761480848115
1.1049921764230763,1.4514426836568899
0.9966261638498342,1.5422248491842336
-0.48665282594203596,-1.0844428887765818
1.254712845215801,0.254113877733428
0.44169333113193865,-0.25389794019870093
-0.26678726541041975,-0.5623739114206248
2.774405743012432,-0.18877175954989722
0.4817385925149953,-0.3890250077646189
0.6066289199686086,0.3952595839101858
-0.14341566430568342,-0.27718428281955054
-0.7473747478628123,-1.1411831727426462
0.6956422580575978,0.7725572237569875
0.5263481391763722,-0.07966354993991187
0.17417886389255877,-0.9250748505990916
-0.026414846053119945,0.2042061934072561
1.6060574306345021,0.4947141060430593
-1.244141553511616,1.1483260044653005
0.2119324458932912,0.08038731904812524
-0.5552997337484324,0.2707986483175344
2.3093922389841115,0.16690846772976586
0.09879853857517595,0.9292434105474539
1.2561452640390431,0.7945538410741873
1.246722008118633,1.406657958944518
0.92028024328709,0.3161027082998342
2.412803436646465,-0.5238480916421824
1.539401794800762,1.0809832462865896
1.3743856204843556,0.060673917253691645
0.33933856619358416,-1.7855291715066843
2.727538372406963,0.6347579607564993
1.2072832836008107,0.7395422110158987
0.9281370891428029,1.5490214476186819
0.8258373988962209,0.8433529982168264
0.6792998565530812,0.5442502150137014
3.303536678681377,0.47938331456967065
0.6430313838815724,-0.04518750814608863
-0.26117226945399885,-0.7538872113626414
1.077194477448467,1.2034964212972707
1.072987820038799,0.30062195154019067
1.0268066181039845,1.3381796726781912
1.6382472766733205,1.048299635370452
0.9377978099679982,-0.23819903043917945
1.3562000049448049,-0.6260350099008494
0.8346665157175099,0.6587468037206716
0.1207170738077199,-0.49935582784823707
-0.7490133987569774,0.7050609240133352
0.8983304752206838,-1.0750985494058543
-0.7037231670522655,-0.13048390058688453
-0.12272331582545881,0.2290782579977102
1.7605188144540822,1.7634284147817678
-0.9485358940267528,0.363951409776885
0.49578716886997576,0.8085127720434255
2.1775706065988576,1.5074194321233816
-2.952524562349316,-0.8000591149728709
2.8001711620187795,0.46746059747524926
1.0333974613046681,0.9327546009618826
1.7674539340829885,0.6378820786077566
-0.23471090661525373,-0.054227863828461675
0.9060490383005178,1.1235327372152395
1.7530777706003224,0.7492402443487234
-0.732760642638203,0.9007353434164114
-0.7115127788686717,0.4515394816000051
1.3022387279367482,-0.2055993428628855
0.45448019636631365,0.8034208664495535
-1.099274371733662,0.799418414552886
-0.9779767738485301,0.2820987352926321
-0.5351090179586375,0.11361714692898461
-0.8551444755697215,0.8079577335912771
-0.47711727487086897,0.647963369806487
-0.9716386543416942,0.9084552177984304
2.189971233735088,1.8257690915662832
-2.300835226645466,0.12719961496182153
-3.281578783860203,-0.8962407460611277
-1.088314269652363,0.25405761094876
-1.4631933914327586,0.7147304663259573
-2.1795428143644298,-1.1146796098154002
-1.0162703739309276,0.7925419458944387
-3.296312821080681,-0.7524927010934763
-1.0875491844320262,0.6973958859045095
-0.7490722881460155,0.33883818479366967
-1.2064058529043162,-0.16183928159884742
-3.2750546308064425,-0.05063203481845191
-2.5914282547140086,0.6169047007162161
-1.953616355528828,-1.9223509183328562
-0.9535157428884471,-1.8635435452859812
0.5453851474618947,0.1452602991659231
0.9246547473764455,0.001256669481474848
-1.0791902290487254,-1.8515367856424265
-0.07760856019496565,-1.486226116697114
0.9704172862863576,0.3595219502050466
1.196400905976299,0.10642691942043969
-1.9433431373739207,0.5099887499410696
2.3008029712533986,0.9314968237478323
-1.7244015680456126,-1.0531266084115916
-1.2120570884847606,-2.0306353917520457
0.7102704299783742,-0.2695293775003367
-0.2403230415487254,-1.047080551664155
0.4319782508707082,-0.25118139890841773
1.400070454010967,-0.5113387456338816
0.12793209684849138,-0.7625787606637888
3.2464678539133107,0.7933317074377126
1.5552952541208303,-0.49850228933505347
1.5305879367685353,1.1093169102270193
-0.5226270900869334,-1.2675366750162058
-0.19875142442226057,-1.6520707955758982
0.04584982527256365,-0.8832600465219431
0.4151084674692189,0.048566306551176996
1.5574362529611623,1.0996606001455373
3.1542742503976857,0.8221240887243337
-0.0742451892995799,-0.6076612821023875
-1.086813901534077,-1.8517384877603464
0.9038551105356252,-0.3224692693155222
1.5293448222970998,-0.33630040792636207
1.9615438236093556,0.44565757604428
-0.4210479007863963,-0.34430745748690894
0.38093497885227556,-1.0744538655679636
-0.8300347076559031,1.1690464863378591
-0.6715275989675487,-1.464694534818452
-0.4477345691823924,-1.3394022336404734
1.848531032929424,-0.1409635892312937
-1.243550037016865,-1.865498577634614
-0.4072081791067088,-1.3120026936929636
-0.4560363041067088,-1.7374763837259226
0.49740054739475603,-0.27866748480014136
0.7534716380929982,0.6641201624471731
1.4647038234567678,0.6632631668645925
0.5070660365915334,-0.6458666673105173
1.7160842670297658,-0.06243423132113746
0.15311505926609392,-1.5344593873422556
-1.25091276036739,-2.1127786984842234
-0.3575055347585643,-0.3550088754098826
-1.259667848219868,-1.811770950834077
2.1222512973642385,0.42181798311062524
0.6638224376535451,-0.20748189596347144
-0.1911434875631297,-1.5677404752176218
-0.5340785728597606,-1.1405687680643015
0.27529885900974627,-0.9504046788614207
-2.4599561439657176,0.27179738374539086
0.7394788516855275,0.3947366127569265
1.7015578998422658,-0.1377754559915476
1.167263771424297,0.4263080010015554
-0.7258701072835887,-1.7734303822915964
-0.1771819339895213,-1.3024793019693308
-0.4668194996023143,-1.4674423089425974
-1.9808492408895457,-0.9009845605295115
-2.1313218818807567,0.3176138052541799
0.21137979162693377,-1.7128486981790476
-1.8501398311758006,0.6697901138860769
-2.449286018481251,0.6080857166845388
-1.0762400375509227,-1.2318022599618845
-0.9911575065755809,-1.274520908872407
-2.3424168573522532,-1.615197931806367
0.9758422626352345,0.7555621513921804
-0.355939124693867,-1.4419153085153513
2.554719234833721,0.19629069658108422
0.7667119754648244,-0.927930389920991
-0.669084523787495,-1.0247052064340525
-0.21155521737575178,-1.4676225533883982
0.9928605808115041,0.6537996182043142
-0.8864505039358104,-1.7882542958658152
1.4283740772104299,1.5655073175031728
0.044544721970561696,-1.0414588799875193
0.10223200453281756,-0.9353731027048044
-1.4939293609762156,-1.8657493939798289
-0.5827760444784129,-1.430829798261445
-1.4928614841604197,-1.938902889768403
0.5632446063852345,-0.6043210378091746
1.575344826111797,-0.08674458173922828
-1.2919077621602977,-1.852880512754243
1.1619193805551564,-0.4398179402749949
-3.5295311556959117,-0.974110638181489
0.4642358077859914,-0.7550340047281199
-0.42922947274684553,0.5557195791799612
-0.04381630288600569,-0.8506102910440378
-2.119268630614277,-1.0755176892679148
-1.4647768484258616,0.8114541420538015
1.0035054935312306,1.4287994751531667
0.17237641943455095,-1.5802305093210154
2.303670193085674,1.6439994225103445
-0.8425078140401805,-1.7299237599771433
0.43435170782566423,-1.6134338727395945
-1.0595309482717479,-1.8782959332864695
2.0971143497324025,-0.06496909765414527
-0.6481415973806346,-1.7532463422220164
-3.3485129969024623,-0.4160931458871775
-2.3848353968763316,0.1774711260397024
-3.0385800199413264,0.13650103898831079
-2.758857850899693,0.46640023084469506
-3.8359362231397593,-0.46349719671420386
0.4839692367410695,-0.8890066495340281
-0.014738296141620921,-0.38039401678256324
-2.1010687099599803,0.8505921015340872
-0.789896701445576,0.6442221054632253
-1.7048049913549388,1.0692598471242971
3.106306339631084,1.1165195355016775
-1.1815947042608226,-0.052499090711396246
-3.7329554902219737,-1.4807992329996043
-2.6537677990102733,0.20864292474575707
-2.1092136846685374,0.7284311899740286
-2.456980918517109,0.641473496874053
0.5295667899942433,-1.2116940370004587
1.1532967342233693,2.0876279273826666
-3.875688527693745,-1.543772970716279
-3.7665582643651927,-0.42881063131503394
-3.371745456924435,-0.05460861829928687
-0.9175293193960155,0.2936877855856008
-3.6240497575902904,-0.3725297799508982
-2.9208070682191813,0.15000459047146508
-2.1132645355367625,0.9934098372060842
-3.4333134637975657,-1.5437825074594431
-2.5799834476613963,-0.05336812643222144
-3.649723623862263,-0.5026808133523875
-3.1766613197808677,-0.03035644201449683
-3.7084576235914195,-0.7065272679727488
-1.4638119684362376,-0.46938613561801246
-2.431805347075459,-0.24223855642489722
-2.949673836102482,0.09891864152737329
-3.0029781656169856,-1.6331854215066843
-0.7303859935903514,0.32711669298001
-2.992228765954968,0.2681903490621633
-3.7035041795873607,-1.4240742078226023
-1.5195889221334422,-0.5097751965921336
-3.4634206937456096,-1.5673246732156687
-1.408148859610554,0.16599317880459497
-1.1624111877584422,-0.1735692372720652
-3.547846411337849,-0.611413990537446
-2.856269274821278,0.08291837068386743
-3.122312610020634,-0.606164967099946
-3.1986372554504836,-0.038880383054535894
-3.107253839244839,-0.7802493920724802
-1.5369676099920238,0.6715867170888967
-3.29465886669397,-0.37160662321261695
-3.0030866907739604,0.14650055261440942
-2.9663041727447474,0.14668341966458032
-2.873598192801472,-0.0014100423257761285
-3.694826518168446,-0.3844018330972605
-2.943844904174801,0.09320589395352075
-1.2221729503774608,0.07050320001431176
-1.7972663389348948,0.4313196787435598
-1.9592542396688426,0.9786520847875662
-3.33646882044315,-0.18887737898043921
-3.149471907859441,0.07669159265347192
-3.088585820963379,-0.7452342858713084
-0.6062311874532664,-1.3158061852853709
-2.9353862451219523,-0.31612423566989234
-2.1492217527532542,-1.592889582196992
-0.9400474773549998,0.7007453093130178
-2.2706958995962108,-0.3794460645120554
-3.808113788237568,-0.9481115689676218
-1.398127173056599,-1.598007475415986
-1.5614101635122264,-1.7101340642373972
-0.74976370202541,-1.4391215196054392
-0.05165693627833967,-0.6285527100961619
-1.4724699007177318,-1.792294060270112
-1.0234954105520213,-0.35736778883151343
-2.255244349112507,-1.133076702634614
-1.5882205711507762,-1.5146675458352976
-1.047845338454243,-1.0420739999216013
-1.3977327095174754,-2.0990510335367136
-2.3303037034177745,-0.128128086606782
-0.22700259553432112,-0.7759011140268259
-0.20738956796168928,-1.6518829217355662
0.19511439932346697,-1.6421273103158884
-0.2375583397054637,-1.7246423116128855
-2.4424719558858836,-1.8961296430032664
-2.1669592605733836,-2.01272443441562
-0.9343847976827586,-0.6542373052041941
-1.6392917381429637,-1.7003178944986277
-1.8353097187185252,-2.044486080686372
-1.2288821684026683,-1.877724205533784
-1.4888216005468333,0.4010225185949392
-0.1557402359151805,-1.1626475205820017
-3.788433705439564,-1.0437355389993601
-3.8694050060415233,-0.6935866227548533
-2.8412900315427745,0.2406611094076223
-3.01143502162933,0.14452072473355004
-3.85648760663509,-0.7907078614633494
-3.5628259526395762,-1.0713968625467234
-3.576469813456532,-0.4718003621499949
-3.196419402008649,-0.6321139684122019
-1.5182384000921214,0.34141525121517846
-3.22461934106588,-0.11943963674716285
-3.5999534176492656,-0.6606428971689158
0.15851929319858904,-1.5884306779306345
-1.5112758623266185,-1.5893669476907664
0.0560355438089406,-0.6369121423166209
0.5658030761575734,-0.05321077017001441
0.5314066661691701,-0.5467431893747263
-1.9574486957693065,-1.7415109029214793
-0.8561019645833934,-1.8718214383523875
-1.6960128294134105,-1.2125401845376902
-0.4288563476705516,-0.7337923398416453
-0.5157766090536082,-0.10078934339694312
0.6806957973337209,0.9623478302557058
0.5873406185007131,0.8106376776296682
-1.008797143568989,-1.8922424664895945
-0.1993832336568797,-1.6244640698831492
1.0155384792184865,-0.9887149682443552
-1.2795924888753856,-1.8381252637308054
-1.2024688469076121,-1.7536788335245066
-2.1172841535711253,-1.7898865094583445
-0.23716566430568342,-1.056050335447114
-2.837577466835972,-1.2040374627511912
-1.0367758022451365,-1.8166432729165964
-3.479967628588673,-0.5732562890451365
-2.4400831805372203,0.6215196499425955
-2.5692873941564525,0.31208154054470727
-2.6976002203130687,0.6298366436559744
-3.294901956787106,-0.33992794660739234
-2.6970993922853435,0.6103191027242727
-1.7774430261754954,1.1357187876302786
-2.516677354445454,-1.6297114243905955
-3.218312771042582,-1.7042127004068308
-3.762689326872822,-1.5642655244272166
-3.6370951281690562,-1.4617481580179148
-2.5048024402761424,-1.832823788205903
-0.6342518077993358,-1.2416260590951853
-1.0670046554708446,-1.392044340650361
-1.910918806662556,-1.2998640885751658
-1.8855763422155345,-2.087119614164155
-1.3749946104192698,-1.6344342580240183
-3.7002284871244395,-0.3917892327707224
-2.4325622664594615,0.7856065878469534
-3.837047194113728,-0.4187035909097605
-3.631128435006138,-0.3979502072732859
-2.547413264384266,0.6519928822118826
-3.4791883574628795,-0.7377474656503611
-1.1903123603963817,0.37832149358578393
-1.5914342151784862,1.1466799625951833
-3.8249076353216136,-0.46052220968417457
-1.5545648084783519,0.750638330896575
-1.1438905941152537,-0.32386425642184546
2.7712500346994435,1.5238172063428945
-1.3515639053487742,0.1444377550680227
-1.7051129089498485,0.6774822125036306
-1.1607811199331248,-1.1334178796213084
2.853540207276348,1.4703527936536855
-3.525528465380665,-1.3728080144327097
-2.9218994127416575,-1.4547193398874216
-2.8427359806203807,-1.5695605626504832
-3.4914228962564433,-0.9383190026681834
-3.2587050692939723,-1.1980402818124705
-3.767209981551167,-0.49790099767855933
-3.7823369847440684,-0.39081958440951636
-3.608260308375355,-0.41612914709262183
-3.4786491142415965,-0.2580726495187693
-2.9866908388042415,0.09535642953701684
-3.7655154811048472,-0.45690039304904273
-3.6234617279672587,-1.077785765210908
-3.464281921257969,-0.19802597669772437
-3.6381649421358073,-0.836199318448823
-3.640201692452427,-0.6871979585092478
-3.6264569805765117,-0.8126316419046336
-3.91265729533672,-1.4827983727853709
-3.8747426615858043,-1.1623847833078318
-1.150274251570698,0.7444985756475515
-2.839244996180531,0.23757072778530786
-2.974516530504223,0.2577633509237356
-3.388462339510914,-0.9004283299844675
-3.420241107215878,-1.5201301923196726
-2.332328055968281,0.5260648378927297
-1.9356516348028148,0.1838378557760305
-2.579286907782551,0.26253243776150414
-2.707066987624165,0.10010835023709008
-3.6106990622186625,-0.3173828473489695
-1.487111900916096,1.1704121479589529
-3.6443928526544536,-0.38576534895114234
-3.5258092926645244,-0.20550063757113746
-3.463822667469975,-0.5184915414255076
-3.642557685246464,-0.6362936845224314
-2.334915135970112,-0.645917450467866
-2.7976847039365733,0.29526420923062036
-2.5250762449407542,0.02245446534939477
-3.810129378905293,-0.5588369717996531
-3.123544448038336,-0.6326225152414255
-2.794922267069813,0.1372356066305227
-3.812408541312214,-0.6391160836618357
-3.7351726637983287,-0.7015047421853953
-3.640423213114735,-0.5007326951425486
-3.802906428446766,-1.1515004983346873
-3.5466207610273326,-0.2917054047983103
-2.9292085515165294,0.26085301729031274
-3.6763701783323253,-0.8154018273752146
-3.818372999300953,-0.721338306943696
-3.556199912896153,-1.102331196347993
-1.2466438757085765,-0.13903406767062476
-1.145609353651997,-0.4588172784250193
-1.9153128610753978,0.7260431894857473
-1.28882620202541,-0.38800719885043433
-3.738567446341511,-0.5000045648019724
-2.23439345227718,0.43830593915768334
-3.590870504250523,-0.8890810361307078
-1.3434198843145335,0.16049739213772485
-3.043097053637501,-0.17926720289401343
-1.3912136303091014,-0.4369335523050242
-1.6183284269475902,0.739589894731719
-2.895369534363743,0.10966082902737329
-3.5888846861028636,-0.8319225659768992
-3.646389816870686,-1.0068190446298533
-3.865171049704548,-1.5267243733804636
2.760391498932842,0.6615299830038137
-2.8958101915025676,0.2544078478414602
-2.986468349566456,-0.47701743749789527
-2.4723532544279063,0.02069827409573266
-2.969165180792805,-0.5066500058572703
-3.8513526664876903,-0.488529001752656
-3.7818699823522532,-1.1587076535623484
-3.7577976928853953,-1.1010980954568796
-1.101316903700825,0.013829434831816645
-0.9169072853231395,-0.7218249192636423
-1.4839447485113109,0.6865529665548391
-1.2761432872915233,0.0691806921560354
-1.5625477777624095,0.7661993155080862
-3.788219307532307,-1.0010173669259959
-2.468169544806477,0.720806444605071
-3.8866128073835338,-1.4469697823923044
-3.484732364287373,-1.5006599774759226
-3.8981153117322886,-0.938388620893281
-3.8995972024106944,-0.7489292970102244
-0.5263066040182078,-1.614989315549653
0.7291713012552297,-0.4273207536142283
-0.7136914478445018,-1.7608390202920847
-0.5056380973958934,-1.1751499524515086
0.8682496799325978,1.7372190007764883
0.14136555326938982,-0.3636470189493113
1.051979805359844,0.4742487320501394
1.2821257366037404,0.717037404497344
-0.5795426117086375,-0.5382230630319529
1.5659315837717092,0.217819179018218
0.7552597774362599,-0.3545673242013865
-0.37396666871547346,-1.089856659452241
-1.385031674971577,0.8835054287511892
-1.2260135160589183,-1.8810077062051707
0.4364784015512502,-0.3549349656503611
0.04490378035068865,-0.6250660767953806
-1.252367232909199,-1.3905775895517283
-1.1458649383687938,-1.6475646844308787
0.6503718150949513,0.7392904409963674
-3.250334759225842,-0.8661122670572214
-2.040498350729939,-2.04411510137729
-3.060621668567654,-1.040265594999116
-2.750136201252934,0.5811425098974294
1.7659886134958303,0.4957140335638113
-0.15878722535609846,-0.12223390249423316
1.1717078937387502,1.1266239533025808
-0.0019616829061472885,-1.122026716748994
1.9874785198068654,1.2208673605520315
2.9203441394662892,0.8149214634496755
1.1796930087900197,0.8395164856512136
1.2426893962717092,0.8063883432943411
1.4669053806161916,0.3814372667867727
-1.4259258257055247,-1.639849220792573
0.07577350271702166,-1.9098024716775828
1.1979382289743459,1.0796645531255789
-0.20289585458278303,-1.2737598767679148
0.9519064678049123,0.7756439098913259
0.7093861354684865,-0.501064573804658
-0.9916140781545604,-1.7958040585916453
1.4774754299020803,0.6448357948858328
-0.3117341743612254,-1.3685162415903025
1.6544549716806447,-0.3025045743387156
1.7664840473032033,0.23761674257107446
-0.1656436668539012,-1.5225782742898875
-0.8909919010305369,-0.3659663548868113
0.4024544013834035,-1.2028923383157664
2.5966332210397756,1.6841697940427847
0.9939797176218068,0.024189914186675043
1.8228018535470998,0.608256305177886
2.2941692127084767,1.054110969026763
0.6870198501443898,-0.7606726041238718
-0.49036190377711897,-1.5323181500833445
0.38088610304355974,-0.44385412840060523
1.07244088781834,2.060603136738021
-2.9826464550399745,0.01618930192776391
-3.4010433004999125,-0.9321151128213816
-1.890562270750996,-1.9704137196939402
-1.2242566095495189,-1.7779183736246043
0.7610712303018605,0.9062747606832571
-2.7511565731668437,-0.6474218717019968
-2.1643554912710155,-2.0242009511392527
2.3927285922861135,0.3482111343938894
-1.6181456791067088,-1.9394116750162058
-1.8638343559408153,0.9182388434011526
-0.2535671936178172,-1.6282143941324168
0.41816117895603533,-1.6267702927987986
0.8271897090768849,-0.07196835188082984
-1.633414481749531,-0.22227362302951148
-0.11115858422755842,-1.1338830342691355
-3.8628733502531016,-1.3984468331735544
-3.7703795777463878,-1.457267080823701
-3.9351961361074412,-1.2545400014322214
-3.877421651949879,-1.5459311356943064
-3.9120398508214915,-1.3574364533822947
-3.747786973586079,-0.41541269926242164
-3.7392670856618846,-0.36983803419284156
-2.6994743691587413,-0.10866120962313941
-2.419472252001759,0.693509424646575
-2.7580187069082225,-0.7672474732797556
-3.6879867063665355,-0.9749887338083201
-3.1304893949830497,-0.7577696195047312
-2.468070243468281,-0.37655309347323707
-2.77139199244022,-0.7360678067605906
-2.444442247023579,-0.41451338438205054
-0.39105436669826155,0.3768502125341482
-0.43196365701198225,0.1361984858114309
-1.752212022414204,0.7767629274923391
-3.7867870079183543,-0.5425811162393503
-1.05852196084499,-0.12016824392489722
-0.23469993936061506,-0.855420624295991
-3.7793093072080577,-0.6319280019205027
-3.8689545737409556,-1.1432235589425974
-2.4768186556005443,0.31625720353909204
-2.946430672874447,0.131574119051177
-3.7021994339132274,-0.9146283021371775
-3.572378014197346,-1.0166142335336619
-3.774919484724995,-0.44675711301974586
-2.9725750284099544,0.47161051126309106
-3.839081262221333,-0.5807550301950388
-3.797808681597706,-0.5806625237863474
-3.5161304818296397,-0.7715790620248728
-3.838802312483784,-1.1512425294320994
-1.7519358144903148,0.6090811142522878
-2.9290645168924296,-0.25534680990390113
-1.5896781431341136,0.14369365068264672
-2.903251503577229,0.3647189983923025
-3.7761896597051585,-0.41013458875827125
-2.3337803827428782,0.7987315306264944
-3.6372789488935435,-0.3713517537515574
-3.3283872352743114,-0.949621473829072
-3.760735188593861,-0.4846663823526316
-2.274438654055592,0.8095736155111379
-2.1002577291631663,0.842886055429656
-1.2551755653524364,0.3784871944982595
-3.761461709609028,-0.8713655820291453
-3.0932149262928927,0.011830295046050043
-2.185938213934895,0.7857213863927908
-3.15504001172423,-0.882086073438447
-2.660422240366932,0.3934522518713064
-2.0553837762975657,0.9445551285345144
-2.248977993597981,0.6507045874197073
-3.664493833651539,-0.35494378713778785
-3.6010960088872874,-0.5322683206003123
-3.59524128304958,-0.6086333146493845
-3.8428644286298717,-1.2334916940133982
-3.7763616191053355,-0.46087316183261207
-2.4967872248792613,-0.34554794935397437
-1.8924185978078807,-1.4905207505624705
-2.9919600980186427,-0.46000364927462867
-2.6202333913946116,-0.0814068665903025
-2.814663981070515,0.01746460290737817
-3.3657396184110606,-0.370609079877656
-1.31097397672176,0.7119677910406179
-1.6108789192342723,0.42342695089169213
-2.8110098289155925,0.046946967561919184
-1.559524272551533,-0.22348526624850562
-2.3647195445203746,0.34055694433041284
-3.8438492165708507,-0.5629494538705759
-2.0846751676702464,-0.7151329865854197
-3.6165213035249675,-0.48281315473727515
-3.009443988075253,0.32108446451016137
-2.497670208086964,0.7264319309789724
-2.663688694109913,-0.2738087525766306
-3.1987984189593757,-0.49449781088046363
-3.4948779390954936,-0.7154317250650339
-3.2686098636889422,-0.5471349111001902
-3.7005309806966746,-0.3044617524545603
-3.657249485125538,-0.3977041592996531
-3.111288939585682,-5.829682748728082e-4
-3.5952588664197886,-0.9064157357614451
-3.6911583887243236,-0.5177510133188181
-2.7098877178335155,0.44166263433285424
-2.0603574262762034,0.6252479204732961
-2.7883697794580424,0.13592001291104028
-3.7590592251920665,-0.8150170197885447
-3.819737051596638,-0.49714258817843726
-2.1903898464345897,0.5591749796468801
-3.5514037953519786,-0.43285897878817847
-3.7939209090375865,-0.4661746373575144
-3.376387287845608,-0.7999472966592722
-2.3900301204824412,0.7489424595434255
-2.1017583357000316,0.513094271143157
-1.5651321159505809,-0.19929126409701636
0.9232046855783498,2.0606811890203542
-3.746046160330769,-1.1407089581888132
-3.8782332287931407,-1.4137635579507761
-3.917446409335133,-1.2265327325265818
-3.841521297564503,-1.4532797685068064
-3.866725598444935,-1.1615350594919138
-3.6853465186262095,-1.4480254998605662
-3.8526473389768565,-1.5234115472238474
-3.4882958279752696,-0.127426182309907
-1.7825287328863109,0.5134198317129202
1.829124237427715,1.7453904995519705
-3.7759970770978892,-0.6983991017740183
1.0994894756174123,0.849862898309905
-2.3864855514669383,0.20415397973843286
1.84378459585667,-0.0029659619729929254
0.37853601110935564,-1.2330880513589793
0.016370321640971852,-1.0776126733224802
-2.213981722464558,0.1155988821584768
3.570515419373516,1.2109963545400686
-1.3915725694799388,-0.9818556657236033
2.2650316013193166,0.6364754089910574
0.14672758711338396,-1.6420479169290476
-1.189489339461323,-0.5919843068521433
-1.0238713966512645,-1.29151705412082
-1.0452294098043406,-1.705469166318696
0.4470396293497121,-0.4500911584299021
-1.9732509599828685,0.6653918871481008
1.093685890564922,-0.0365004887979441
-0.434836362471577,-0.6305284848611765
-1.2786035286092723,-1.0211274972360544
-0.8251080261373485,-0.5067985406320505
1.221946503052715,-0.3926549306314402
-1.0217559085988963,-1.669674431363862
-0.33125707971095686,-0.9941659322183543
0.5747545017099416,-0.4189038625162058
2.0212123645639455,1.5698787817556448
0.22705176008701677,-1.5571437230508738
1.263013626465801,0.2146451124746389
-2.194493447413441,0.5256015905935354
-1.2604988561773265,-0.9449174752633982
0.2652211440897023,-0.85059646276645
0.3061101688241994,-0.6023002019327097
-1.1461629615926707,-1.2535188546579294
-1.4105390058660472,-1.1397948613565378
-2.9606792377138103,0.20566221566982934
-3.721340154280659,-0.41741446165255836
-3.8557325349950755,-1.3476066937845164
-3.6570479618215526,-0.6572566380899363
-0.5498745189809764,-1.1277883401315623
1.293063904175762,0.057932103594023676
-0.2238580928945506,-1.0554948201578074
0.6107814563608205,0.4675031551916189
0.3646769775247609,-0.3943965783517771
0.8103938354349172,-0.1774170747201853
0.8584244502878224,1.3925411948759145
0.8011744273996388,0.29099341722317407
-0.05633613931178694,-1.1149618974130564
-0.2981350170278514,-1.2699413648050242
0.9516761554575002,1.1034196266729421
-0.1337847458028758,-1.0810361256997996
-0.4657091842794383,-1.1904502263467722
2.7843792690134084,1.2303325781423635
0.07666328085422869,-0.5877950539987498
1.5677988780832326,-0.15400556234530738
0.06754830015659685,-0.05359176305941871
0.867482448945049,-0.13761094717196753
-0.28897139894008284,-1.1548061719339304
0.10046103132725115,-1.6256478181283884
0.05739143026829119,-0.7302873483102732
-1.885693524947163,-1.6371598592203074
1.2638733638620412,0.9748751768667288
-0.29603621827602034,-0.9808419099252634
-0.7432720409536326,-1.0809402814310007
0.14226629866123552,-1.5931418290536814
-1.2887420402669871,-1.9739451756875925
-0.3056449638509715,-1.575454985181611
1.1834242595529592,1.209974850137908
-0.17740580903529768,-1.5220132222574168
1.0404875530099904,-0.44993237165622046
2.392685200104717,0.5774351009924001
-0.7658109413289989,-1.1384868970315867
-0.6023981319570506,-1.1813962808053904
1.5303967250680959,0.5406220802862234
-0.2626485572957957,-1.603986298124116
-1.3284800993108714,-2.050512348691743
0.2453818572855031,-1.00819185880832
0.266009117493633,-0.41525939611605933
2.1543586505746877,0.2400953421194143
-0.10276672708034162,-0.6110730519693308
-0.3977172123098338,0.20319601388760278
1.37446143759251,0.4236411699850149
-1.2940221773290599,-1.4147835126321726
0.8811018718576467,0.6055026897985525
2.476974750885967,0.01048847528286645
1.7560899509286916,0.4565790543157644
-2.1490274416112864,0.8044910082418508
-2.460242365469929,0.4078833708364553
2.0783250583505666,1.3387613544065542
-2.152357195487019,0.7461353191930837
-2.6128986226224864,-0.19501260427645972
-3.053029146959778,0.2806722769338674
-3.4344907747411693,-1.3522904267709666
2.6766011966562306,0.8839985975820608
0.7063105357980763,0.36623867841549584
0.4907157672739064,-0.6741483560007029
-3.237561997940537,-0.08434394506625464
-3.780069564452168,-0.4946000924508982
-3.810910616984364,-1.1014778962533884
-2.779252831807133,0.3045799383718557
-3.660756771435734,-0.7882356992166453
-3.7351451860570872,-0.5383820882242136
-3.790453170409199,-0.3462109914224558
-3.6548541532659495,-0.8873243680398875
-3.18494396096259,-0.29784921316317847
-2.159599875082966,0.11113115640469262
-1.024572347273823,-0.5885768285196238
-2.298692082037922,-0.7414033761423044
-1.9190309988164866,-0.34548214582614234
-0.9589173542165721,-0.0850239148538523
-2.5215886579656566,-0.7191467633645945
-3.585985545983311,-0.38686755804232886
-3.5576875852251018,-0.9218638291757517
-3.768647943606373,-0.49927953390292457
-3.6537222312593425,-0.8033478608529978
-3.7158056841993297,-0.46668556837252906
-3.0772528843784297,0.3041801104147024
-3.2634188728237117,-0.16419366506747535
-2.962371279468533,0.10492798181362817
-2.9967391984367335,0.2560987124044485
3.828687454590801,1.1116833338338918
-3.6893310295247996,-0.4169955602090769
-3.629733149876591,-0.5323496213357859
-3.783777569403645,-0.6369910588663035
-2.7812133179807628,-0.04008773473910621
-3.2559039415621722,-0.4446618905466013
-3.7285039769315684,-0.8893525948923044
-3.3949763821268046,-0.22065690664462378
-3.751892481913563,-0.44596294073275855
-3.8925613509321177,-1.4393265595834666
-3.807373736968037,-1.215955292264741
-3.917692934145924,-1.3031168332498484
-3.8442643629217113,-1.193792616407197
-3.6735662864351237,-1.0782714238565378
-3.651710246672627,-0.5988395562570505
-1.3879978405141795,-0.6261723390024119
-2.1952976332807506,0.8532278189260549
-2.9099877225065196,-0.5621016374032908
-2.7052806364202464,0.5685108551580496
-2.6426803218030894,0.25484391542263696
-2.901361112465855,-0.5062981000345164
-1.8218034254217113,0.8009024509985037
-0.7057769046926463,0.6031922945577688
-0.6741351829671824,0.5768755325872488
-0.5946225868368114,0.9377865442831106
-1.191369746794697,-0.03500369695834449
-3.605517332425114,-0.42336419729403785
-0.44290277825832014,0.5065379986364431
-1.4316164003515208,1.26015313955136
-1.8677748190069163,0.6389838108617849
-2.9432907746934855,-0.10626629499606421
-0.4034201847219432,1.0674863705236501
-3.650055919756886,-0.7210488667886668
-1.765533064475056,0.8307983526784963
-0.7963008628988231,0.6929770359594412
-3.6208333717489207,-1.445391212980073
-2.582738553156849,0.34796854348965356
-3.2788911433720553,-0.48708370832614234
-3.4295219825410808,-1.1712301125924998
-3.3351215766572917,-0.6095278611581736
-3.295052011480328,-0.44960979131869605
-3.2422717334532702,-0.1374698033731394
-3.7118018017911876,-1.3493910184305125
-3.245486338605877,-0.143478428403657
-3.5681649194860423,-0.34458092359713843
-2.306687985529896,-0.4613778939645701
-3.5817726300859416,-0.36200979856662086
-3.4204693930053676,-0.8782251229684763
-3.2419951306486094,-0.42780331281832984
-3.129407555779215,-0.08604458479098609
-2.825328444113728,-0.3136942735116892
-3.4355042623186076,-0.17837432531527808
-2.691187088360783,-0.00612834600619605
-3.138782394101616,-0.2961557259958201
-3.703323875536915,-1.0307858338754587
-1.8817902551794017,-1.0340395322244578
-2.818479512801167,-0.5457766404550486
-3.2606104137206042,-0.39861563352755836
-3.5081086503171885,-0.4047875752847605
-1.897510145773884,-0.1251230588357859
-2.9302984969520534,0.1629607328970022
-3.472743962874409,-0.1521914353769236
-3.0761686162853206,-0.6858647218149119
-2.041890119185444,0.4539005407888479
-3.164770112355944,-0.7458865991037302
-3.773987208476063,-0.5221896520059519
-1.9636245714330638,0.6736400971014089
-0.9578609214925731,0.21640988679714868
-1.9199043260717357,-0.004040991346161871
-0.029692863097187328,-0.912697588483613
-0.7274195896291697,-0.03529885915927222
1.0055105937814748,-0.22704533247165015
-2.2295535551214183,0.282877887209136
1.6723444713449513,-0.19672373441867164
0.13783433569431658,0.611162627657134
-0.6297516571187938,-0.09681299833468726
-1.1679527507924998,-0.8402188172738962
-0.529307101836201,-0.9445493569772654
-0.22214219438075666,-0.8709042420785837
-0.16111800538539534,-0.750393187085908
-0.49454257356166487,-0.6852631917398386
1.7868945850229299,-0.04909280447177222
0.9273393405771291,-0.44045714048556617
0.767842556366924,0.7424982437688894
-0.3931112037801707,-0.9534790864389353
1.3201649440622365,0.005397046526152582
-1.9178046928548778,-0.1013660779397898
1.4177830470895803,0.814692581613738
1.35370948446751,0.5930390009481497
3.4119713558054006,0.11156793924160668
-0.8244983898305858,-1.7157683720987253
1.3436687244272267,0.5431329855520315
-0.11277077065944319,-1.4734878888528757
0.20845868719578142,-1.8058510175149851
-0.07618973123073225,-1.9574051251810007
2.2583134425973928,0.4257018217641897
-0.7437875019216502,-0.39970139173678687
1.4429347766733205,1.8542145440179891
-2.3275870429182017,-0.08526090292147925
1.2959192050790822,0.5409242758352346
-0.8257908569478953,0.15955396982021997
1.9172885669565236,0.665871108492095
1.0210345043039357,0.5514987358648367
2.553367401490215,2.8439851589867615e-4
0.638389374146465,0.744819010217864
1.2111952556467092,0.44487127157040307
1.679306293854717,1.2757937559682913
-0.6659447895193065,-1.269100462476533
-0.39313051568507795,-0.6677558770578318
1.6109769595956838,0.05162736268826196
1.289247299561504,1.2046152004797048
3.349422718415264,0.37876566739865014
-0.4078936325216258,-1.498188768903535
1.69341256750584,1.4439779767591543
1.921083237061504,-0.043653284589570074
0.18035843504429216,-1.364329611341279
0.22679188383579607,-1.6458065858285837
-2.132086609473225,-1.4744966378610544
-1.0812484966421092,-0.5497491708200388
1.0184023631906545,1.8497075984079427
-0.49228069650172834,-0.9359338632028513
2.0061886562204396,0.9041080126363821
0.7498979820108449,0.4151786217290945
-1.3062712894582713,-0.11446145681552222
-3.789449845423695,-0.7190010896127634
-3.7370046125555003,-0.37064245847873023
-1.9652433143758739,0.8339271196920461
-1.825959180464741,0.4516546377737112
-0.2867035614156688,0.7874822268087454
-2.3290978908185878e-4,0.8326804289419241
-0.7869672523641551,0.8942031511861868
2.891837383637432,0.39843233915157983
-0.727481101622578,0.6146524796087331
-1.233657573332783,0.6330134520132131
-0.2528214203023875,-0.30474213270358375
-0.4384875045919383,0.023624146898467036
-1.6429354892873729,1.037808979471404
-0.2602767692708934,-1.7757435193460398
-2.3108908282422984,-1.4211306920450144
-1.9025954948568309,-1.1263239732187205
-0.19604537354945784,0.1526157507497854
0.3719976199960744,0.3713138947088308
0.8587177051401174,0.6171518215734548
0.6149773849344289,0.12242528291531274
-2.072377775778767,-1.3977480283182078
0.7551872981882131,0.44834407659359643
-0.8535673366689647,-0.5352876534860544
1.1937353862619435,-0.5380297055643015
0.46481301916599627,0.48541542383022973
1.3895781291818654,1.069538796861846
0.7348773731088674,0.003442491014677973
0.08287694586277361,0.4083155045110769
2.773606087098125,0.016860211809355707
2.0849468959665334,0.8316068300802297
0.3121862663126027,-1.4129684319894724
1.714331413636211,-0.555568968335908
0.8986094249582326,-0.5565669885080271
1.449225212464336,0.5511192926961965
0.34507324827671404,-0.9399617066781931
1.6447766078805959,0.835955108125884
-0.13374588357448225,-1.0479996552865916
-3.8611389146947825,-0.6458285203378611
-1.5548223005437816,-0.52273682264499
-1.8371442304754222,0.64322837682553
-2.8148407684469188,-1.0576260438363962
-3.143568272685405,-0.4668863168161326
-2.0485982643270457,0.4378003725606985
-3.0518721537494624,-0.5034602036874705
-0.2706827865743602,1.180580581148345
1.206816936860088,-0.29149893430880836
-0.8242122875356639,0.8463788876134939
-1.433890317549702,3.143640347191834e-5
0.9269349826669728,1.108342255075652
0.3133120788431203,-1.8940549245279246
0.3283477081155812,-0.2794354310434275
0.733477379212383,-0.04157117513827613
0.6992552532053029,-0.3592100491922312
0.749370123276714,1.4496311196882314
-0.4586324440145457,-1.1398809304635935
-0.3780293213033641,0.5992436060506887
-0.5924172149801219,0.20903679223843286
0.6153364433145558,0.41918298097439477
0.9066326869821584,1.06038507314511
1.2823155177927053,0.4632982859212942
1.835748936066631,0.9797571549017019
0.9125111354684865,1.6419292935926504
2.0249407543039357,-0.1035938611429148
0.7616966022348439,0.5404336103994436
1.6763494266366994,0.26770421357937524
0.022970224747661305,0.694362843950469
-1.189431522955891,-0.9231629720132761
2.557740951905254,-0.004828964750092535
-0.2578847156667674,-0.8487482419412546
0.708687807450298,0.27145716043301293
3.5060985339975392,0.33652206750698754
-1.6492731319570506,-1.6002591004770212
-0.5502037750387156,-0.4547458043497019
0.22747781408787127,-0.7047293534677439
-1.8342169271612132,-1.0760724893014841
-0.3127128826284373,-0.9522045007150584
1.0000479472970998,0.1610099920827932
-0.7891869293355906,-0.564609324018281
-1.6748946653509105,-1.9229083409707957
-2.154977415671345,0.7995645651418752
-2.6225461112165416,0.522532428224761
-2.378107939829823,-0.7045173993509226
-2.334023510088917,0.3123023161489553
-1.197392080893513,-1.8450713506143503
-1.9305743919515574,0.6117584356863088
-2.570572410693165,0.20667072625942895
-1.7698986278676951,-0.031521355191987066
-1.2869065748357738,-0.38236430792025855
-2.012044762244221,0.7656956562597341
-1.690040801634785,0.8303770670492239
-1.8599811540746654,0.6601953157980032
-1.6048464523458446,0.7266453156072683
0.903180862793926,-0.06685975698642066
-0.760552857985493,-1.0691666951578074
-0.9194645630025828,-0.40189579633883765
1.6265495075082814,-0.13968804983310035
1.4613421214914357,0.12731453271694848
0.5660007251596486,-0.5085795274179392
1.342164780030254,1.062134946306426
-0.38426515923976545,1.0765146860677786
1.6970641864633595,-0.3141160359781199
1.081305290589336,0.36624714227505395
1.9518244518137013,-0.08898667005709937
-0.3514387355947459,-0.4731603017251902
0.5969772590494191,1.3315044889051504
-1.7041214452886546,-0.25146154073886207
0.6998982681131398,-0.14483407644442847
-0.030247663130756663,-0.00912359861544898
0.6604900611734426,0.047224963625151606
1.5346849216318166,1.6315175542432852
0.7064879192209279,0.5545253405172414
-1.7092518554830516,-0.9206550469797068
-1.5278057800435985,-0.7960737100046091
-0.30868670808314924,-0.6703255525033884
0.8205950511789357,1.3176194080907888
0.9351523174142873,1.1306483397085256
-0.9731797920370067,-0.6626110425393992
1.0709040416574513,0.01106520982571313
-2.913685296645161,-0.1025412431161814
-1.471996401419636,-0.31092384962252906
0.7668497814035451,0.29106398912258813
3.083006645569805,0.6247477182943411
0.0967760337686574,-0.15528038648776343
-1.1589374290609324,-0.5264778485696726
-0.8459725128316844,0.11879536004849145
-2.40266076194286,-0.2607169499795847
-2.4578888760709727,0.641615475137908
-0.7041284786367381,0.7675130018789358
-2.0273512350225413,0.7433777699071951
-1.9623262630605662,0.4164564261037893
-2.7206064807081187,0.3230559477407522
-3.2737628342413867,-0.07687286047152808
-1.4461749540471995,0.5044912943441457
-0.713072274794575,0.8535087952215261
1.2251193775033986,1.2553773769933767
3.44497563971043,0.7472483763296194
1.1335776103830373,0.1061236509878225
1.261698986420635,1.803824330290038
1.0197127117013967,1.6510851630765981
-1.406320189108845,-0.4935639253061228
2.946724678406719,0.428033555467803
-0.6408672081136668,0.7500404963094778
2.026831413636211,0.5252259621221609
0.34782316816807146,-1.356535707990449
0.7770684017038381,-1.2293317666452341
2.399297977814678,0.2831987986166067
2.7129771961069142,0.5390261063177175
0.9241760028696095,1.7107801088888235
0.9330961955881154,-0.8465102067392283
3.1313145412302053,0.7234565863210745
1.670273090729717,0.1610552916128225
-0.568940137495991,-1.1339655270975046
1.003724838624004,0.7176949629385061
0.6407470954752004,1.3789971718389578
-0.23358867036342268,-1.726404224912446
3.214528824219707,0.05267497392483422
1.7746699107980763,0.7728618034917898
3.6682889713144338,1.113920653780181
3.6772654308176076,0.4211371788580007
3.222631718049053,0.8412716040212698
1.6975519908762013,1.2703201422292776
3.2235811008310353,0.8444116959173269
1.3414328349924123,1.43721749873944
3.1008684886789357,1.0393743166524954
2.7781965984201467,1.2186752209264822
2.963849808106426,1.2639735588628835
2.220601822266582,1.0958835730154104
1.6118405116891896,1.3692921647626943
1.1402809871530568,0.9683736214239187
3.2400543941354787,0.9593695053655691
1.8811271442270314,0.5389006981451101
0.9826977504587209,1.5334068784315176
2.564201618561748,0.080060447176177
3.376801754364971,0.22225829454251
1.8254049075937306,1.6402014145452566
2.9632847560739553,1.1439730772573538
1.2905495418405568,1.4906767258245535
2.805876995453838,1.101643527467925
3.5132491840219533,0.8165591606695242
2.507989670166973,1.615626419504363
0.6877012504434621,0.8361584791738577
3.4654491199350392,1.171313847025115
2.0249588741159474,0.8277619728643484
2.0663011325693166,1.2589741596777029
0.23203709257603045,-0.9898102631967478
0.6584131969308888,-0.9417536607187205
3.2555287135934865,0.7081510672170706
0.22559573782444353,1.6203967580396719
-1.6850249515676463,0.7997796187002248
2.065940166840557,0.5587138781148977
0.4422800792551076,-0.6635597100656443
1.9790628208017385,0.12528129907437036
2.049582744965557,1.6079801568586416
1.5884869350290334,0.35856469960995385
0.8838722957468068,1.529142523725707
0.28046610487461443,-0.5976701131265574
3.8506968273019826,0.6754761585790701
2.1412103427743947,1.494455719907958
0.48313572538853045,1.0938212523061819
2.777451301941875,0.22995897622891137
2.322365547547344,1.4772410044271536
1.381628300080303,-0.560817991773408
-0.10905668603419905,-1.1838646283548289
0.8483336223459279,-0.7083924165170603
2.227496410737041,0.2978636869985647
3.4517267001962697,1.0220451006490774
2.4273221744394338,0.788384045084197
2.4923379672861135,0.7087354311544485
0.857388283143047,0.9367303499776907
3.385910297760967,1.2233974585134573
1.70763375891209,1.506158555467803
3.9387028468942678,0.6015985855657644
3.0685642017221486,1.0908875116903372
1.7123949779367482,0.8805982718069143
0.7558267368173635,-0.443313633481782
3.1455238117075,0.36858972402401635
1.6896522296762502,0.7699584612447805
-1.442194555869099,-0.7189276566904002
3.647971893677715,0.8301200518209524
0.7321570171213185,1.4895540127355642
-1.7815044866704906,-0.2940829148691111
1.0317456973886525,0.48689302297421166
1.5774209750986135,0.3142864355642385
3.0347593082284963,0.8425703892309255
1.7665388835763967,2.045680726488311
-2.975607474317547,-1.6805506101053171
0.055468346009257985,-0.9452624669473582
-1.2469737278127635,-1.2810714593332224
3.17585303915501,1.4951984533865041
-1.9182662712240184,0.24491068216152856
1.1095559848642385,0.8346852907735891
-1.9218985782766307,0.4952572235662527
-0.5522761093282664,0.6079928526479788
-1.4090043054723704,-0.06952575353793433
0.6038141502237355,1.0121075758535452
-3.305785049667355,-0.6868784776132517
-3.0399800734424556,-0.7549269547861033
-1.7441093670034373,0.8686396727163381
-2.1556340204381907,-1.109517132322114
-1.0674168811941112,0.6311746487218923
-2.343532000651356,-0.2551296105783396
-2.0520313726568187,-0.3128569474618845
-0.7597269760274852,0.5365110287267751
-2.467340980639454,-0.08781078962497046
-2.634399031271931,0.27275558801480004
-1.093295310606953,0.6940512308675832
2.1756260646677053,0.5098920712072439
0.5524180187082326,0.599106872995574
-1.151023124327656,0.2568971762258596
-0.8170189605855906,0.0685565123159475
-3.025875617732998,-0.90249756483249
-1.509018753638264,0.7007417330343313
1.7494924320077931,0.041127408464629145
0.3155079139566457,0.05777355523892114
1.442884231934551,1.1956170448858328
1.367407108674053,0.6674948582250662
3.109029079804424,1.271061981638152
0.7015881790018117,0.6551441797811575
1.5960657848215138,1.9058582136232443
1.414401794800762,0.9255209812719412
2.886419559845928,0.6728186258871145
0.7518022312021291,-1.1767630925577097
1.5700271381235158,0.8341812738973684
0.0323989642953908,1.3090905794698782
2.5288470043039357,1.6815546402532644
2.0960581554269826,1.4099176773626394
3.273586536774639,0.8780575642187185
2.195452476868633,0.5769896158773489
1.8712084544992482,0.6536149630148
3.60936715734959,1.081404531915862
1.6967408908700978,0.36108406873532006
3.0691907657480275,0.7036448368627615
3.3865692867136037,0.6740799793798513
0.003216291794780446,1.2386161932546682
2.102033401856426,0.7709008106786794
3.50257423056126,0.6469571241933889
2.042244697937969,1.0456195721227712
2.983905102143291,0.08377906175442407
1.7243955386972463,1.7285157689649648
2.725096966156963,1.2189198383886404
2.8520038379526174,1.185144389589507
2.9480693591928517,1.5769573101598806
1.481996322999004,1.6662174710828848
3.430839802155498,1.059173429926116
2.526187683472637,0.7472382435400076
-0.7157451854848826,-0.47029737142733863
0.8867686046457326,-0.4968417039316111
3.105815197358135,0.918341959436614
0.7338514579629933,0.21079036088772485
1.7581947101450002,0.623502100427825
3.0555188907480275,0.7941152700979299
3.0038545383310353,1.033373321016509
2.7434747470712697,0.9095204720098562
1.1085679782724416,0.5473835119802541
2.878772045502666,0.7773301252920217
2.710199142823223,1.1952730068761892
3.6291363490915334,1.0321315178472585
3.9363453639841115,0.5482647070486135
2.6805966152048146,1.2477984079916067
3.62349012030125,0.6117800125677175
1.1621825946664845,-0.5705433240335398
1.127621437439922,-0.33140329031161597
1.1503112567758595,0.572688187082488
0.8620088352060353,0.057007039507109614
3.4317305339670217,0.8393588909704275
2.2426903499460256,0.9905210384924001
3.035319591889385,0.9126658091146536
3.0812309039926564,0.7203985104162283
0.5240936530923879,0.19710728021450707
0.8871610416269338,1.2472719797689504
2.182843948731426,1.1264773258764333
2.2900083316659963,0.923210705240447
1.4950092090463674,1.466364408453185
2.717331196198467,0.5978741297323293
0.29813768995762224,-1.7297177663247996
0.7586682094430959,0.43831297250576684
2.1092021716928517,0.7563731321889944
2.1753776325082814,0.25572964044399926
2.008042122254375,1.306264723261077
1.411249424347881,0.35790881009884545
0.4869702113962209,-0.2695303311746531
-0.29400632249354963,0.9579294571477956
0.5210881484842336,0.4683113941747732
2.84569003714085,0.05909224839993188
-1.3917940603399241,1.1525865444738455
3.02400281561375,1.2082874426443166
1.2531202091074025,1.5063110837537832
0.014396454224590016,0.330082739313323
2.7061469806528127,1.125758255441863
2.281132007966045,1.3692847141820974
3.5875103725290334,0.41487714143582055
1.5904262317514455,1.815366650541503
0.7115156902170217,0.6733005890447683
2.120421673188213,0.9967406639654226
0.8580000652170217,1.5980669507581777
1.0160496486520803,0.33076127858944604
1.073771740326885,0.7352590212423391
3.8001144183969533,0.4939686903554983
2.014581943879131,1.9371034154493398
1.6855604900217092,1.5369479307729788
3.6474001659250295,0.6170897135335989
1.0780599368906056,1.0304227718908376
1.1484453929758107,1.711908603628356
3.2750408901071584,0.2482571253377981
1.057717110047344,1.2373684296209402
1.755093361268047,0.6453987011510915
2.18137004507542,1.2533903965551443
0.4117498649454152,0.9804085144598074
2.860069061646465,1.0776852020818777
1.9582526935434377,-0.0928061356943064
2.139065529236797,1.544243718107421
1.924533630738262,1.6007981547910757
0.9133060230112111,1.032192433794219
2.7188208354806935,1.2447268614370413
3.1873147739267385,0.524841154535491
3.100366855988506,1.021767343004424
3.801414276490215,0.5115728029806204
1.2083580745554006,0.6955655464727468
1.5667469753122365,1.2143716463644094
0.7783723129129445,1.0639176020223684
0.9932701839304006,1.2146577486593313
1.9872229350900685,-0.09749845174960425
1.9963233722543752,1.4933588156301565
-1.5156765924596751,1.1894223341543264
2.779328609833721,1.1986627230245657
-0.8794824825429881,-1.3849423280160837
-3.198941561376449,-1.2727029672067576
3.2939007533884084,1.4063605317670889
-2.5346664534711802,-1.3525936952035837
-3.8024158822202647,-1.4038982739847117
-1.2576485620641673,-1.9636059155862742
2.625604893097881,0.7191992649633474
-0.3623001323842967,-1.7148738255899363
0.9878480686044728,-0.010072504560273199
2.3346703304147756,1.3657721528608389
-3.8937993990087474,-1.5487547269266062
2.126652027497295,1.8483940014440603
-3.8381276475095714,-1.5352104058664255
-1.0966622577810252,0.4501086124975271
-1.3685302482747996,0.6305368790227956
-3.678515230288502,-0.8440969338815623
-2.17039940225124,-0.7927677979867869
-0.9762480007314647,0.9421001324255056
-0.6944226967000926,0.6849742779333181
-2.162195180525776,-0.026586090604584722
2.445313717255596,1.4524594196874685
0.836260582337383,-0.6420081010263377
1.53718116415501,0.40356096120663354
1.5984061015939748,-0.043668543378632574
1.5344269527292287,0.8217420229513235
2.18324353827,0.5812282213766164
1.4268706096506154,0.670640076120574
1.2551043285226857,0.6308792481023855
2.349842811951641,1.032059753854949
2.758703972229961,0.7696638950903005
1.2180164111948049,0.37262245508022973
2.7361481441354787,0.304946864565093
0.33553960455417986,-1.2520909657876902
1.2509224666452443,0.8711807379324026
-1.2064437614583934,0.6184876808721609
0.4427502406930959,1.2164312252599783
-1.831664656271931,-2.0089507451456003
2.5172212375497853,1.1920721182424612
1.8465736163950002,-0.11391476301364234
3.5721953166818654,0.5372639545995779
0.837300564179424,-0.8705566277902537
2.605773235688213,0.8773208508092947
1.8202631725168263,0.4962463030416555
3.842962528595928,0.47612258287258813
2.6432521594858205,0.9542172798711843
1.8573463214731252,1.4214926013547964
2.2753436817026174,1.2704224237997122
2.1827371372079885,0.9603274712163992
2.3398750079965627,0.5521247038442678
1.6220572246408498,0.9488082775671072
2.952812458405498,0.07565971704312036
-1.2988867508077586,0.3859010586340017
-1.4762857900762523,0.5914464840490408
3.8201391948556935,0.49660202356167504
2.642659927735332,0.9788736948568411
2.20606544149876,1.2754925140935964
1.7355354083871877,0.7146204361517019
1.5236451877450978,0.3228878626424856
2.792904640564922,0.947202290018279
2.0921299709177053,0.6139948019582815
2.3975365413522756,0.9252814898092336
1.387943531403545,-0.4827261319559031
3.143184925446514,0.5779388794500417
2.764730240235332,0.5614760765630789
1.4591534389352834,1.0132000097829885
0.7344668163156545,-1.0365624776285105
2.839411045441631,0.40371807905026147
0.5247657550668752,-0.9124694219034128
2.771108414063457,1.46740069480725
1.7470839275217092,0.6147625097829885
1.6025154842233693,-0.46039703993014625
1.8459780467844045,0.599955523927886
1.9994609607553517,0.8438148150045461
0.9134147418832814,-0.9912479272287302
2.977272774109844,0.9818688282568044
2.8979380382394826,1.373531783540923
3.457217956910137,0.9429820427496023
3.460747028717998,0.9960074076253957
1.9167335285043752,1.08732017370053
2.808007980713848,0.9433219084341116
1.3679702533578908,0.6150768646795339
2.3842356456613576,0.30885692926235864
3.3037183536386525,1.3017794737417288
3.527091289887432,0.2995242724020071
3.365909839997295,0.725139940698821
1.8779204143381154,-0.0734737267892771
3.6852886928415334,0.33182498308010766
1.4318545116281545,1.0533028492528982
1.6536720050668752,1.5072066435415334
2.378681923279766,1.019833053072173
3.349606300721172,1.1591329226095266
3.651601101288799,0.8465357670385427
2.2513554347848928,1.5840386995870657
0.9770739330148732,0.07331272455044457
0.2894978774881398,0.19253703447170922
2.934567238221172,0.5393349775869436
3.584905887970928,1.1323190579015798
3.1141622318124806,0.8064900288183279
3.209931637177471,0.758053029497344
-1.6247744308614696,-1.4423025002878123
1.9575646175241506,1.256284321268279
0.8304312480783498,1.3254657635290212
1.195414806733135,0.7927683243352956
2.6050541652536428,0.6410963186819143
1.9500634921884572,1.0614150414068289
3.003346706757549,0.18515488000698754
2.2795503391122853,1.4433103451330251
2.921345974335674,0.5503855595190115
-0.17883679734706526,-0.0896480431955271
2.6404283298349416,1.5783123621542043
0.893208767304424,-0.18280533460788062
0.9201405299997365,-0.7987282624643259
1.9456818355417287,1.1772343763906545
0.5491528762674367,0.6665900597173757
3.533643509278301,0.6968383440572805
0.6290381206369435,0.9894741425115652
1.6080768359994924,1.1138590225774831
-1.1030685650014842,-1.6300986161630564
-1.4524053083562816,-1.7706504216592722
1.3666675342416799,-0.5512750497262888
0.4720375789499318,0.5091639408666677
-1.3056468711996043,0.6131419787008352
-2.0070057855749095,0.8326580175954885
-1.1013600574636424,0.7881437191564626
-1.0957891689443553,0.1325673708517141
-1.4731480823659862,-0.3438091626565867
2.218547607789043,0.805443371256072
2.8096034778451955,0.6350959190923757
0.3878553165292775,-1.7328710904519968
-1.1071746097707713,-1.6961450925271921
-3.751725588908192,-0.506942783872407
-1.6883063064718211,-0.6458909860055857
0.3357253326273,0.5133577236730642
-2.123884771933552,0.797218764742095
-1.5988543974065745,-0.7774231782358103
-1.3461504923009837,0.6193836578924246
-0.7768757091665233,0.7175545343954153
-0.4471058593893016,0.5504829535085745
-1.1483285175466502,0.39243146272488305
-1.7976917968893016,-0.05189231542758277
3.244203354249004,0.9294865974981374
1.3489549411630666,0.38618751855679223
2.64769199026585,0.823461497743804
2.0124681247568166,0.7784319767553396
1.4445245517587697,0.6990811476308889
2.047120357880596,1.5432872423727102
0.6780207408762013,1.367378378828246
1.9098637355661428,0.4979700693685598
1.8964369548654592,0.7188988575536794
0.8665797962045705,1.0169589171011038
3.426777626404766,1.145257676561553
2.315675045380596,1.1596026072103567
2.597801472077373,1.5440151342947073
1.867214943299297,1.3222655901510305
1.2867214931345021,0.7095315107900686
2.1542122615671193,0.1013936647970266
2.2522285236215627,-0.1099863400857859
2.4222624553537404,1.2740131268102712
-0.1076605068349803,-0.9295504441659861
1.2263047946786916,1.1907143244344778
2.2901356471872365,0.6903376230794973
0.7844422115182912,1.3351787576276846
0.5051212562418019,1.7336046943265981
1.457767273316387,1.465611065347869
0.8753249896860158,0.3637007126409597
3.264245773682598,1.2887870916921682
1.4494092716074025,1.1531315693456716
3.214361931214336,1.2812319645483083
2.291822697052959,0.4944741377431936
-0.49686119424342756,-0.8947425237100535
2.9649989856576955,1.2876723656255789
1.91287639273167,2.009631479700286
-0.03185365067958479,-0.9675364842813425
1.8132016910409963,1.5729250559408254
2.395018841156963,0.9805854210455007
3.385872627625469,0.6643132814962454
3.5149066699838674,0.8515274176199026
2.0304916156625783,1.88978319855519
0.1205954803323781,-1.1793299069803171
3.4426391376352345,0.9603711018163748
0.3748502982950246,1.104131663759429
1.0182130588388478,0.6514725336629934
1.412735248932842,0.9082067856390066
3.2146518482065236,0.9035402187902517
-0.17358801232814436,0.07032271714993188
1.8758862270212209,-0.028195892850678472
2.2849729312753713,0.17059441896267602
1.973047520051006,0.9853800186712331
1.6267984165048635,1.8242844590742178
1.1940005077219045,1.093900049646575
2.1603443874216115,1.4166907915670461
-2.659714494814869,-0.1569402566354685
2.2633197559213674,1.7416053065855093
3.0380857242441213,0.10031219812222192
1.03850534094334,-0.7349911084573679
0.9442603839731252,0.7794080624181814
1.9784806026315724,0.28229066224880883
-0.7364573227071727,0.48744603486843774
0.7142071975564992,-0.392246042768281
1.9911320461130178,1.4008360752660818
-0.30662772523402815,-0.590368544141572
0.9429605258798635,1.8153091320592947
1.9784124149179494,0.28046318383999536
2.8895643009042775,1.0978068956930227
1.5088308109140431,-0.36480454115084937
-0.8297321544790233,-0.7695377221506052
2.6774738086557424,0.948154176195342
2.09459140432835,1.492675090749938
2.3988583339548146,0.6161846766073293
2.4615791095590627,0.7844878086645193
1.46984079016209,0.7556197294790334
1.5565760387277638,1.0722915777761526
1.336000229249004,0.9162892946798391
1.2987249149179494,0.8933503279287405
1.8654091609811818,1.8777294108469076
2.9406183017587697,1.1004502424795217
2.8992355121469533,0.4653608450491018
1.9007642520761525,1.2837342867452688
2.766433979401592,0.5117133507330007
2.084295536408428,0.3311713585455007
3.3533261073923146,0.8606968769628591
1.7844121707773244,1.2278006920415945
2.63625981939793,1.0487157950002737
2.9030149234628713,0.4746642956335134
1.8421371234750783,0.6381927380163259
2.4204452289438283,0.5729361424047537
3.0678150905466115,1.1866705069143362
0.9162371410226857,-0.9019420495431834
2.7462775958871877,0.7149461159307546
1.8853104366159474,0.8464229950506277
2.934245373139385,1.1194554218847341
2.7867672695016896,0.720007146318633
3.6282818569040334,0.7507066378194875
1.2092707408762013,1.0438694605428762
2.9454605831003224,1.0715864548284597
2.5524642719125783,1.6690797457296438
-0.7227918850088084,0.6802975782949514
1.8327281726694142,1.9350594231683798
2.139063145051006,1.1440853724081106
2.9155957950449025,1.1342433342535085
3.643051887879375,0.34394165368862817
-0.6590029941701854,-1.272753511945527
0.15601446760654802,-0.22208765653781226
0.48298552168369646,1.2220103392202444
0.2266731513834035,-0.585457598249238
3.0157234920358693,0.30355068536587426
2.232845569977764,0.2485961565572805
2.3318856014108693,-0.2885156026285105
0.43394305838108416,0.9978787550527639
1.5303132785654103,-0.13861564306430152
-0.47241566049098616,-0.2890048375528269
1.9623844875192678,1.5604661950666494
-1.285261486639973,-0.9980161538522654
-0.788413022627827,-1.2037418237131052
-1.2648362861776317,-1.9094057431619578
-1.265177701582905,0.5227000364858694
2.3101928485727345,-0.03610161451510718
0.04881050718784685,-1.287934814969819
-3.469403778185841,-0.650072609464448
2.387704159150127,1.3669305095274038
-1.4610953079366649,0.8287090906698293
-1.4839701400899852,-0.2324855676095896
-1.181194161047932,0.3017375120718069
-1.7626473652029002,1.0239251503545828
-1.2008012281560863,-0.028528486768525152
-2.363704656233784,-0.1951005807321482
-1.081989740004536,-0.18482235578707984
-3.7284542666578258,-0.6250844350259714
-1.3924373136663402,-1.166073118726533
-1.554665897955891,0.01204177232571313
-2.05923578607082,0.301343406160552
-1.2038659797811473,-2.020259892026704
-0.34129354821681623,0.9310904392797537
-0.9716036068105662,-1.7141776433389597
-1.253998492827412,0.45227011533566186
-0.9896588073873485,-1.8946252217691355
-0.9317898498678172,-1.825121437589448
-0.0038063274526560775,-0.8429181924264841
0.8260181201791799,0.8838331350881643
-0.649363254179951,-1.5634196153085642
-1.4478354202413524,1.0034120926458425
2.0194819225168263,1.6295516738493032
3.684160972962383,0.7609762796957082
2.8206317676401174,1.1803511032659597
1.478400017151836,1.6565837511617727
3.7061751140451467,0.9232802042562551
3.813651348481182,0.7250816473562307
-1.0694038616323436,-1.9133215299051218
1.3616364253854787,-0.5862613072793894
0.49285509718418474,0.790021384676177
0.5089316619730031,-0.4136379113595896
-1.4800932155752147,-1.8414473882120066
1.0009739650583303,0.925467694719512
0.46348121298313494,-1.379890953580659
-1.1073245750570262,-1.834584270993989
1.6916373027658498,1.482346082647521
1.0988919986581838,0.9443791756231374
0.5650191558694875,-1.3534586778085642
-1.9158704029226268,-1.0878417840402537
1.6648442996835744,1.428768361528594
-3.0701041789555514,-1.7523632398050242
-0.6041440712118114,-1.8732505193155222
1.614111210236553,-0.5324559560220652
-0.6571573959493602,-1.7378373494546824
-0.6064965473318065,-0.26496103910617164
-2.5016364799642528,0.03917356820889184
0.23031046522617693,-1.1131997456949168
-1.1955901132726634,-2.0069933286111765
-2.778227363696095,-1.1832599988382273
0.7765302909708058,-1.2494867196481638
-3.6895685540342296,-0.6117105832498484
-0.8162832008504832,0.3931182274419851
-2.0205197082662547,-1.097337996045869
-0.06288812028407698,0.928724850137908
-1.9474837528371776,-0.17991307882479957
-2.9045112179422343,-1.4593744626443796
-1.5853200899267161,-1.1477764001291209
-1.3992721782827342,-0.26502326635531714
-0.7206923710012401,-0.09045437483004859
-2.1714637027883494,-0.7604868760507517
-0.939348195662495,0.1108982214529104
-2.016201828589436,-0.8742201676767283
-1.1439718948507274,-1.2325635304849558
-1.8582188831472362,0.25493451448269555
3.469371582398418,0.8909854540426321
2.092337871918682,0.7368286499578542
-2.340616439452168,-0.5303392758768015
0.1426155818796193,-0.11488250402621558
-2.493181203474995,-0.01898244527987769
3.1161787761545217,0.59717604013272
3.491005684266094,0.8507133373815603
3.412103439698223,0.9197936901647634
3.6327379001474416,0.9515405544836111
0.034081722626689626,-0.6392040601175242
2.4942744029855763,0.5815354237157888
1.9708702815866506,1.5070861825544424
3.0006459010934865,0.8564942726690359
1.7273209346628224,1.6111631044942922
2.001030231842998,1.6516056904394216
1.6660020603036916,0.9326414713460989
-1.1883948789739573,-1.343467031995576
2.500787521729473,-0.08932236341647437
1.2012307895517385,0.6406030306417532
-1.988381718268391,-1.1734741082590037
0.13295128477573748,-0.9945445409219675
-1.7101229177617991,1.1099277386266775
-0.22339103089809065,0.7128395685751028
-2.2405501948499644,-1.323665892164033
-1.0695216404104197,0.05003782602139184
-2.2194294081830943,-0.520109926740449
-1.4824255453252757,0.5012000450689382
-1.842981074919697,-1.03549317030124
2.363038803467754,1.1271425137121267
1.1072652591562306,0.25926753373928735
0.3639717353677785,-1.7388673177164011
3.9313547862863576,0.7360423454839773
2.2294342769479787,1.2157807001668997
1.824311996827129,0.28343960138149926
0.09272077215671892,-1.452715431730073
2.840638901124004,1.1660886654455251
2.857199932465557,0.10353204103298852
-1.6352462516927684,-0.04663447050265601
0.4577846778726613,-1.601335798780244
1.7585103763437306,0.5239911923009939
0.13717892302036638,0.6965769180852956
3.653197552094463,0.48352035375424096
2.2751376880502736,0.8312945017416067
3.7888257755136525,0.5215657600957937
3.1763994945383107,0.8510722765523977
-0.4639076934957469,0.07205888124294946
2.0606663478708303,0.7907110104162283
2.1307957424020803,0.3102073320943899
1.32831885946751,0.885094250162322
1.8400461925363576,1.8242349872190542
3.7826378597116506,1.1936287531454153
1.0818598522043263,0.3319539675314016
1.259548927674297,1.302964294870574
1.9088709606027638,1.4491988668043203
3.006337906250957,0.8070577034551687
1.369902874360088,0.7342223772604055
2.10420301092625,0.36180516572781274
-0.2443027244710887,-0.07093576101474097
2.617576385865215,0.2949208864767141
0.8922717822885549,1.1638215431768484
2.5730970157480275,0.7323670038778372
1.8099129451608693,1.6842339882452078
1.6168329967355763,1.4374861964780874
2.163798595795635,0.7856940874654836
1.0285651935434377,0.6766929277975149
2.8514201892709767,0.6748152622778005
1.511844898591045,0.13992687555142114
1.3632319225168263,-0.21280959753207496
-2.6930726216936076,0.12900086732693383
1.7884109271860158,-0.5333133092325144
-1.1292409645223582,-0.6353402486246043
-2.544516538252827,-0.23174647001437476
-0.292842839827534,-0.27601221708468726
3.5379174007272756,0.3690122017461843
1.836476589570049,0.45817717405148217
0.7499957336282765,-1.0293224206369334
-0.6577608333730662,0.9767174372274465
-0.9208609806203807,0.13903066011257836
-1.0435583339834178,-1.7934785237710886
1.72767188681126,1.0408028015691824
-0.16315052377223616,-0.7943578114908152
1.9088094486093556,1.2917114147741384
2.4388106120920217,0.5401022085744924
2.729941631684307,0.12213894220181176
1.6889374507761037,1.2369970926839895
1.5730269206857717,0.6049985537130422
3.2042124523019826,1.3372425088483877
3.0606572879648244,0.13204332681484887
0.8371675266122853,0.3823361048299856
1.3526747478342092,0.7769868025381155
1.422155643830303,0.9165783772069998
1.5957429660654103,0.049567187746245356
-1.1814297186040843,-1.2506060948770457
1.8660843623971974,1.788959349115569
3.5007260097360646,0.47721775861569116
0.9241025699472463,0.8282626518804617
1.2836168063974416,0.5446763882238455
1.8100002063608205,1.4605942616064138
1.3372462047433888,-0.4957256665628367
1.1656105769968068,0.6991107115346975
1.289965416321758,-0.39472559599093726
-0.44323727952479963,-1.0652625909250193
3.104134823212627,1.4406798729497976
3.8999521983957326,0.6979056248266287
0.5295720352029836,0.41254910322018334
-1.2634465442800487,0.575780833681304
-1.1191997276449168,-0.9904592385690623
-3.2069921204650367,-0.12031868604831031
-0.8040008293294871,0.5355422148305959
0.1365421069955861,1.2799675116140432
-3.796505962481495,-1.4084453931253367
-1.055648301711079,0.4199002632696218
3.755574489960674,0.3347947249013967
-1.682476972212788,0.7271868834096975
-0.7403774009847606,0.7399942526418752
-1.3286103950643504,0.09951707216091821
-0.9261660324239696,0.43773433061428735
-2.445990716090199,-0.3107507577341013
-2.987726320495602,-0.060982739011567144
-1.6077859150075877,-0.8140955319803171
-1.882786368002888,0.6946941265661306
-0.09281966554164534,0.7962724814016409
-1.1640994297170604,1.2956670174200124
0.5843904270029103,-0.3382616391580515
0.187886501679424,-1.1585696092050486
2.6835544360971486,0.7801489481527395
-0.3375658737325633,1.0599048981267996
0.4367916835641896,0.9116402515966482
2.976498390564922,1.114322389085967
3.702074791321758,0.7964299568731374
3.2827708972787892,1.3249373087484426
2.8038399471139943,1.2765005478460378
2.102151180634502,0.7405789742071218
2.3267076267099416,0.6205364117223806
-1.256768678297993,1.0318462500173635
-0.3977608429098094,-1.3684761872690134
3.500365520844463,0.9701201567251272
3.331912781128887,1.341819787939269
2.5977084888315236,0.6991719851095266
-0.604413245787617,-1.4070926061075144
2.3595607532358205,1.2932507643301077
1.476681496033672,0.551917398889739
2.3088190807199513,0.23635217042751977
0.1788685573434865,0.6809674152929373
1.5558316959238088,1.202208007295806
0.46276595724583025,-0.9189398637216502
-0.4595551239156688,0.9233108410436697
3.6599991573190724,1.137075508554656
1.7569539798593556,1.4331523427564687
1.442055488953594,0.35712941976376245
1.934435631165508,0.5935357460577078
-2.8020177529954875,-0.04575256017855933
2.240649486908916,1.7260718593198843
2.232217098603252,1.3474048623640127
0.37663200033665056,-0.1275356164377146
0.44872858656406756,-0.6688819280069285
-0.4553670631551707,1.2188247093755789
2.053829456696514,1.461612189729888
1.6156337512826955,0.12634989114590356
3.5993049396371877,0.3507682928640432
3.4872081531381642,1.315390790422637
3.2967808498239553,0.6942714104253835
2.4216082347726857,0.6166752228338308
-1.9177212463521922,0.9230929264623708
3.391438270936016,0.31061049791165063
1.0090873493051564,-0.9463868489664011
1.7965471996164357,1.4379624971944875
3.3010566486215627,1.2374146828252859
2.5084707988596,0.5887609371740408
3.4126355899667775,0.386682237108428
-2.156631444563862,0.8258002647955007
0.3425314678049123,-1.4302196851175242
1.0804746402597463,-0.8419561734598093
1.6403782619333303,-0.3725476613443308
1.6014034999704396,1.282903874834258
1.1477988017892873,0.7281169542867727
3.8295271648263967,0.5544191250402517
2.1127774967050588,1.475630904157836
0.45567157400608416,-1.2430906644266062
1.8565185321664845,0.3530561575491018
-1.7172269569539989,-1.7330179562967234
3.1533248676157033,0.1322593340475149
3.08503272665501,0.6121130833227224
-0.29237911569118147,-1.2155223241250925
-1.088602994551655,1.144547785242278
2.4588864101266896,1.2098455080587454
-0.5869202362203563,-0.7414203038614207
0.017701650986674977,1.0900015482503957
0.5542135490274465,1.0369768986303396
1.5470092548227345,1.6755439886648245
1.577152038941387,0.4672236094076223
2.3158929599618947,0.5461760410863943
3.0870979083871877,0.635311330278594
0.6274941219186818,1.039213622530181
-3.0993033470416034,-0.9666641107004099
1.9197180522775685,-0.23608020452670386
3.596805836091045,1.1634176621038503
0.766668821702007,1.100389922579009
-0.7327675567769969,-1.9564285626810007
-1.6254673944616282,-1.5526237836282664
0.08733322752476091,-1.2281539788644724
1.9736821903085744,1.9465547451574392
0.8703964008188283,0.9571910748083181
2.1004755748605763,-0.11297420171908668
3.7948401225900685,1.0668520578939504
1.5694797290658986,-0.6557374349039011
-0.11241004334926252,-0.48220494894198707
0.7816167129373586,-0.9516265740793162
-0.4290282474660838,-1.6123078217904978
-1.8336229072713817,-1.4252984872262888
-2.4714549528264964,0.09474607797451684
0.3333306564188039,-1.0616839280527048
-3.0025965915822947,-0.46860388425998023
-1.115775321593281,-1.8101220479410105
-1.0892803417348826,0.5908404240209646
-1.0543813453817332,0.520249451120574
-2.50239083634853,-0.26003316549472144
-2.5603146897458995,-0.4880237927835398
-1.9576197610998118,-0.7983789792459421
-1.8220501886510814,0.34519847722836206
-0.5797481285238231,-0.36913350729159644
-1.0526523338460887,-0.24216822294406226
-1.18459675179958,0.22081705423184106
-1.4465889679098094,0.3049943098623342
-0.7202572570943797,1.403936941213324e-4
-0.7745120273733104,0.7067912468511648
-2.5608767019414866,-0.6857605328958445
-0.8673372017049754,0.7072537788946218
0.10644772184849138,0.8389844545919485
-3.921231900324818,-1.3960659852426462
-3.887655411829945,-1.5383258214395457
0.7020387901163136,0.17146464677639672
1.79092815054417,-0.36214450506381324
1.9731571925973928,-0.4132101884286814
-3.8111070142888988,-1.4268644204538279
-3.861405228247639,-1.5011430135171824
-3.8794967280530894,-1.4377096047799998
2.213122154603008,1.4570878395635671
-0.8531374679708446,-0.8994267335336619
-0.8134972797536815,-1.6498220315378123
1.338965202698711,-0.031109367887299566
-0.23329613076686506,-0.07829717306308082
0.6440766109323537,0.9033168205816335
-0.055313562026020335,-0.8141939988534861
0.298435236344341,0.1977665075857229
-0.00932285653590803,-1.7801542630594187
1.4988801730966603,-0.15075257925204566
1.0144131435251271,-0.32903340963534644
2.638720299134258,0.14229294153042504
-1.3121154056692088,-1.5112402787607127
-3.535419915785786,-1.5260787358682566
-0.3677780376577342,0.5923556933004446
-0.5225825058126414,0.7359206327993459
3.1827838672494924,0.11381551118679711
-0.8878543125295604,-1.2140992036264353
-3.852665041556355,-1.4888642182748728
-3.6903673754835093,-1.2787468781869822
-3.6042770789766276,-0.9223468652170115
-3.6192971812391246,-1.2133024087350779
-3.1851646201515162,0.060898269136626215
-3.7473911987447703,-1.411138569394868
-2.834630941023823,-0.0924098840158396
-1.1516704307699168,-0.41790298132113746
-3.5825816737318004,-0.9079068055551462
-2.2180536137723887,0.5089344629842825
-3.0920106069946254,-0.4881763806741648
-3.6479972945356334,-1.29798415807895
-3.399166841974255,-1.1673865666788035
3.0309918178415334,0.6940778145391531
-2.113313292136189,0.9045762667257375
-0.8739213691854442,0.4311189302999563
-0.49652597772121077,1.1391932615835256
-2.621643220057484,-1.1417467942636423
-1.9098900304937327,0.2727172026235647
-1.05312702523708,-0.7974901547830515
-0.763370011916157,0.09134932847805688
2.9127323879098928,0.8937903294164724
0.8155465377664601,-0.01719573644809058
-0.1883189426565135,-1.1173887601297312
3.496207500824932,0.9349064478475637
-0.004839156737324046,-0.5542810311716013
1.1527874721384084,0.26048752160855004
0.25538566244602556,-1.774314438382905
1.4554031146860158,1.3028438934881277
-0.364859555830952,-0.8891523232858591
0.1837959541177785,-1.5956349721353464
1.5360229266977345,0.44429894777126977
-0.15742299424647932,-0.8165386071603709
-1.3869853960180247,-1.8032875409524851
2.8806131137704885,1.3475795635778494
2.846171642670635,0.401596034486968
-2.2400587545537913,0.7183171162206716
-2.774614010920521,-0.3787424912851267
-3.7342160092496837,-1.2906651845376902
-2.343648527731892,-0.9408059468667918
-2.30550864802837,0.8141860613424368
-2.009250377287861,0.9978916296560354
0.09010102880955095,1.2768797525960989
-2.6968312011861766,0.35278841348477075
-2.56802359687328,0.6452567228872366
-2.5027510868215526,0.23953601213284204
-1.7086736904287303,1.0595099577505178
-3.7319476948881114,-0.49743369726352027
-2.2160655008459056,0.747437680681426
-2.6520904050970042,0.5733049759466238
-2.6550696836614573,-0.10639361051730445
-2.5269894944333995,0.6292596706945486
-2.4066920624875987,0.441787684877593
-2.496265863051411,0.6324554333288259
-3.437653039565083,-1.5350697389047556
3.258102680573467,0.45575686784573266
-1.5917689548635447,0.05503341050930688
-2.0762365804815257,0.4722953686315603
-2.008918498625752,1.0015042671758718
-1.2301966892385447,-0.2058287015359812
0.1509454501962697,1.2967511066991873
-3.666515056958195,-0.9412968507211619
-2.24967745410442,0.15593167634792993
-0.9751112209463084,-0.6146333566110544
-0.5687947021627391,-0.5012920251291209
1.5158431781625783,0.3578394302923269
0.7159886611795461,-0.37238768247775367
0.1704015983438527,-1.7325187077920847
0.6966274036264455,1.3053086647588796
-0.4014875637197459,-0.698433672467988
-1.0099956737661326,-0.9584563126962595
0.9538290752267873,-0.09615710882357886
3.4570596469736135,0.5133854994375295
3.7158916248178517,0.7518775114614553
1.0212800754404103,-0.02463391927890113
-2.371439670195576,0.4469751963216848
-0.6358012901449168,0.53515371175595
-2.275200997462269,0.785044635256011
-3.773122702708241,-0.44027427343539527
-2.360623215308186,0.7649374851781912
-3.613043253293034,-1.4903617253702097
-2.8735949443483317,0.3665061840612478
-2.2460641013288463,0.6558210501272268
-2.1632512556219066,0.9102048525411672
-0.2441973434591258,-0.04870299009494117
0.43510058058262224,1.0189898857671804
-2.487271879782673,-0.5340772023599558
-0.19352576600551252,0.3340526470739431
-0.28183433877467756,-0.15989187864474586
-2.7324991570615733,0.4703819403249807
-3.046171729435917,-0.4443681588571482
-1.0261606918477977,-0.5835504880350046
-3.727198158373829,-1.0462103238504343
-2.5753117548131907,0.16297074647732446
-3.167556763143983,-0.7959914555948191
-1.8183548198842967,1.0892803320486135
-2.8977151857519114,-1.5733974328439646
-2.4773487793111766,0.41316136213131616
-1.818121765723225,1.0849311003286428
-2.399113272299763,0.6714461693365164
-2.366263066401478,0.7768368372518606
-0.6813697563314403,-0.1932390084665232
-2.08336064683437,0.8543693670827932
-1.8304314361715281,1.0256122002203054
-2.2605393873357738,0.8325916180212087
-2.303993915190693,0.8176566013891287
-1.8139968858861888,1.092105592210967
-1.9092172132635081,1.0849955925542898
-2.0152762876653636,0.8811404356557913
-2.4595203744077647,0.637081349809844
-0.43265125619411116,0.0689837584096975
-3.8422224866056407,-1.3746059289377146
-3.4034726517105067,-0.8455534329812937
-1.032800410857197,-1.0470276227395945
0.5167272342538869,0.9064641842443533
-2.4728677021169627,0.27181192727871606
-1.7973712431096995,-1.8726826062601023
-3.5693692611360515,-1.6735463490884714
0.7579155219888722,0.8097796091634817
-0.764916871657368,-0.6093652596872263
2.408491398224834,1.0004319796163625
-1.7598637090826,0.8288994679052419
-3.8026221142911876,-1.0309472432535105
-3.374356736412045,-0.6080284467142039
0.5530207408762013,-0.34072617201022437
-3.902907763590809,-1.4503922810953074
-2.7237396286630595,0.08959933610745141
-0.3152744518423045,-1.33350661901645
-1.0180842624807322,-1.8594766011636668
3.157643104920391,0.9908905872900076
2.677287842164043,0.17432733865566918
3.825126911530498,0.7764923224050588
3.7656867755746877,0.3903805861074514
0.24647238386631365,-1.766257797757905
3.928271080384258,0.7592272409994192
-2.3551047192716563,0.30359765382595727
-2.903491501679417,0.24077340455837914
-3.079556507041451,-0.20753196386508277
-2.3356899367475474,0.2897898802358694
-2.7286205040121043,0.1281253943044729
-0.058333133330341624,-1.7616014829080515
-2.3240120159292186,0.15987488122769067
0.027740503678325368,-1.664516960660737
-3.5752802835607493,-1.4762406697671824
0.9524286044931447,1.1921416172582693
1.2434089435434377,1.3767538914281912
0.3170945896005666,-1.1109946122568064
-2.682127301564213,-1.2286198487680369
-1.8124588476324046,-1.4273727288644724
-2.678538058867451,-1.6637404313486033
-1.733956669440266,-0.9117799153726511
-3.776346598734852,-0.9351694932382517
-2.5880349622869456,0.2756158957082815
-2.287845407595631,0.6801925549108572
3.1959073795175588,1.022127712686736
3.378724838624004,1.0033980259496755
2.4018256915903127,1.0268334993917532
-2.9010206209325755,0.3211233267385549
-1.8290796028280223,-1.575902973691743
-2.8848233865404094,-0.3589225163858347
-3.8819035636091197,-1.312641893903535
-3.825306151976582,-1.401809965650361
-2.8260662006044353,0.22227522226162622
-2.546363268961903,-1.5034139504831248
-1.9072572933340037,0.4403272518713064
-2.3639226900243724,0.7357431301672048
-2.2775236712598765,-1.8007793775003367
0.46471622122288103,1.2186048874456472
-3.7122362004423106,-1.2799232354562693
-3.7079412685537303,-0.8906288495462351
-2.2710149036550487,-0.16535166410617164
-3.763034556975361,-1.0042283883493357
-1.7277952181005443,0.2547099241811819
-2.6090746270322764,-1.5625064721506052
-3.3562800185584987,-1.3867745747964793
-2.8220765637063945,0.21290060373135278
-2.064437841048237,0.47585197778530786
-2.3211478339338267,-0.1440914025705271
-2.4417958604001964,-0.49306467680148414
-2.568118606677052,-1.516098057309907
-1.1555881248617137,0.05935331674404809
-1.5404196725988353,0.6548087248403616
-3.1154372850263083,0.2187795290548391
-3.251248543133732,-0.6642847409646921
-3.283355054428574,-0.5942948213022166
-3.8516261922025645,-1.3396728387277537
-3.8264975296163524,-1.481223379651826
0.24576785696506853,-1.2453949799936228
3.49374272955418,1.0933153280813284
3.7936756862497365,0.5167870173055715
-1.2457030759954417,-0.5205939164560252
-2.120163296332356,-1.6269760480325632
-3.846755419840809,-1.4571750512521677
-1.9318393217229808,-1.6572177758615427
-3.3587101148271525,-0.5983798852365427
0.252586151490215,-1.7419791570108347
-1.5686955200338328,0.4201243767339773
-2.4054199205541575,-1.4319966187875681
-2.6183848725461925,-0.130996738950532
-0.19910189973353987,-1.7362418523233347
3.161420608887676,1.290799702127654
-0.5697459922933543,-1.9037623753946238
-1.298759554495808,-2.067567383329194
1.22376563681126,-0.5866108289163523
-1.0004029022359813,0.37030502649136254
1.2518799556589162,1.0515106567937917
-0.9789316402578319,-0.3644848218362742
-1.6741516338491405,-0.33687952665499976
2.1922886623239553,1.3969176659185476
-2.2283205734395946,-1.707616840879243
0.9243233455514943,0.5842775950033254
-3.8176052318716014,-1.4243142953317576
-3.8556840168142283,-1.5274899354379587
2.506243969330791,1.2803142914373464
0.1949985278940236,1.3060768494207449
-0.5213916050100291,0.42412682863064477
2.8682844890451467,-0.18852976469210914
3.1848099483346974,0.20235797258206079
3.357226635346416,1.1628677496511526
3.7938869251108205,0.44000908227749536
2.5166671527719533,0.007728541811186762
3.8222701801157033,0.530975187738616
1.2558434261179006,0.8760832199651785
0.7254154933786428,-0.4948177686136179
-0.4264507042074168,0.12782427163906762
-1.9930605636739696,0.9071052918035574
-2.872469280829426,0.1616797098714895
-3.8357794033193553,-1.4620039811532908
-3.3399847047233546,-0.4646470895212107
-2.9647539304399455,-0.2915096631448679
-2.0438513504171336,-1.973772560636323
-2.2795705543661082,-1.0908344140451365
-2.058159445395466,-1.6229126801889353
-3.568674926629063,-0.9642594209115916
-0.21140906678676252,0.24257966371365258
-3.5106532918119395,-1.389546190778535
-2.5662401066923106,-1.5051932683389597
-3.0993020506405795,-1.7464104047220164
-3.373915364017483,-1.3786383023660593
-2.6826400505208934,-1.4685011258523875
-3.6223344849252666,-1.0591328492563181
-2.9608061509036983,-1.3953996053140574
-2.21465650664806,-1.454001938382905
-1.7421793686056102,-0.8539231172006541
-1.8020254121923411,-1.758020435849946
-1.3010219083929027,-0.6842329850595408
-1.8995151268148387,-0.9062598100107127
-1.3705634819173778,-1.1075084557931834
-2.555423234572407,-0.02346209196261695
-2.0481610046529735,-1.135400806943696
-2.3111497508192027,-1.611347948591035
-2.207071755995747,-0.6439288010995798
-2.4140451894903148,0.4762318977911062
-1.3450506673955882,-0.6704445233743601
-3.8832920538091624,-1.0884559503000193
-2.77386922108173,0.2555789599020071
-2.679377262463566,0.4648223766882009
-2.050603841414448,0.8904586681921072
-3.8470438467168773,-1.4058008542459421
0.2806022418832814,-1.75257400182895
-1.8481904016637767,0.0371079096395559
1.4570434345102345,0.28122660013027856
-2.803482239117619,-0.4225795617502146
-0.009942029585834788,-1.4109807362955027
0.022620941529277516,-1.339476381818574
-0.9687235103750194,-1.6667302003305369
-2.5498707042837108,-0.06887868551425269
-2.309167061915394,0.6131533035833425
1.2636630786752736,-0.5400741448800974
1.1288335574960744,0.7378224978048391
-2.328563247790333,0.01838656755276391
-1.251070116629597,-1.7937965741556101
1.0718176616525685,0.6101663956243581
-2.5844763861799205,0.08532353730984399
0.18599751127720232,0.9196890244085378
-1.1339292274618114,-0.15942076353244117
0.7262156261301076,0.6493472704488821
2.0936544193124806,1.6584426412183828
0.842758442292217,-0.11808541921786597
-0.04675814973353987,0.5586366304952688
0.4620535625314748,0.06116172166653344
1.2748635066843068,-0.30620626119784644
0.7638862384653127,0.9023593315679617
2.3429987682199513,0.6960780272085256
-3.946562563052174,-1.1947052827279978
-1.3065238939428294,-1.827356373349946
2.9400265468454396,1.1607778915960378
0.04667213095188494,1.2372783073980398
3.179883743653301,0.31954022737332055
3.488501335511211,0.8332544216711111
1.0806391490793263,0.715475166757781
2.17084815634251,1.407415593584258
1.601852680573467,-0.5337286343973093
0.4074588073587453,0.11461922021694848
0.949917580018047,-0.4138629784982615
1.9988496555185353,0.3340533623296804
0.45491960180759783,0.6627002605993337
2.5754187358713185,0.9122562059957571
-2.6632751570844615,-0.07368973402194312
-2.8225486920976603,0.4218008169729299
-2.811974738707539,0.3493144163686819
-2.7942762719297374,-0.32224181799105933
2.578570152649883,1.3344376334745474
-0.47809049951076155,-1.7141828885477
-3.768081401457783,-1.380454336683076
-2.058323715796467,-1.5257635465066843
-0.808179114928242,-1.6398928513925486
-2.4981094943189586,-1.3815503468912058
-1.0899355159902537,-0.710042034665864
-2.6783048854970897,-1.1349909654062205
-0.9097354160451854,-0.8088662972848826
-1.0366503940725291,-1.1033730855386668
-1.6017344938421214,0.6400315413076467
-3.799322341551777,-0.8021536221902781
-3.415128220787045,-1.5374243607919627
-1.3786344276571239,-0.5353563180368357
-1.4726648079061473,-0.17144516615084937
-3.2880287589335406,0.06638380380459497
-0.6783251510763133,-1.0409505715768748
-0.69511601792812,-1.093859230558198
-2.624083255400654,0.005043710191924067
-3.8588320361280406,-1.0132210603158884
-3.4217218505048717,-1.1167416921060496
-2.8619850920343364,-1.589140926877778
-1.4726129518651927,0.6518896469671316
-3.0586042674088443,-0.519389187375825
-3.035099376907345,-1.419296537915986
-3.7089990125799144,-1.1179590573709421
-1.6029878603124583,0.10735150667019555
-2.6236952291631663,-1.334901129285615
-2.290940676798817,-1.1699879517953806
-2.5430284486913646,-1.25774077085666
-2.1194210992956126,-1.6527996411722117
-3.7574541913175548,-0.4488711705606394
-3.429603789916035,-0.17771414426974586
-1.1104292617940867,0.4061758169729299
-3.760539864172932,-0.43452004102877906
0.7454076064920461,1.211417401750762
3.626325394043926,0.8211007961828298
2.2906759036874806,1.0285746702749319
-0.5472304569387401,0.21403881402798364
1.4952681316232717,0.8022977957326956
-0.7942039714956248,-1.6988320699136668
-3.7044491516256297,-0.3503103604715281
-1.8426878200674022,-1.8550744405191355
-1.850972984900471,-1.9575410237710886
-0.170450900664326,-1.2757618775766306
-0.8672339664602244,-1.0778804173868113
-2.4546708212995494,-1.7674227109353953
2.802902962098125,0.02948089929409692
-2.4181329952383006,-1.8227043500345164
-0.3252796875143016,-1.3458645692270212
-1.4411225067281688,1.1027866253454275
1.7771909488534963,0.8623450646001882
-0.74915335046291,-0.3176877847116404
-0.8970434414052928,-1.4710758080881052
-1.7884821640157664,-1.1471238484781199
-3.016144116392132,-0.349232708493989
-3.404168595542904,-1.4860816350381785
-1.6418757187032664,-1.8152342191141062
-1.6736893402242625,0.07521673532314965
-1.077569221129414,0.3720906624395437
-2.240034674277302,-1.3520152917306834
-2.5347374426031077,-1.5404827943246775
-2.6822418020868266,-1.2560277333658152
-3.3924530045890773,-0.7377643933694773
-3.6760705457830394,-1.5510063519876414
-2.0544141279363597,-1.318968807737153
-3.308227603306767,-1.6521723618905955
-3.72045484649181,-1.5426457276742869
-3.1494219349527324,-1.6614847531717234
-1.397247170081135,-0.6355862965982371
-2.169168685545918,-1.365169798414033
-1.1587548004293406,-0.19129375127963355
-2.4162311302328074,0.21087881418057153
-3.383880604972836,-1.6538114896219187
-2.272827778925892,0.1385306963522024
-1.634609197249409,-1.1812234273355418
-3.771284197440144,-1.4789123883645945
-2.9217110024595225,0.08144732805081079
-3.7644430743360484,-1.1031346669595652
-3.335574303736683,-0.008460079709809332
-2.548520420660969,0.37589308114834497
0.9527714504098928,-0.06721476225070289
3.670800949463848,0.49593933912106225
3.804118896851543,0.7683746466238088
3.7245934261179006,0.9450560459692068
-2.8912097262048686,0.2199535021383352
-3.8445667968893016,-1.518377338926118
-0.8842022167348826,-0.9073062291543894
-3.9361574994230235,-1.246784960309785
-2.452104841341969,-1.6058371415536814
-2.8426899062299693,-1.0991776338022166
-3.7268612729215587,-1.0314476838510447
-1.597237084975239,1.192561233957488
-1.8097669826650584,-1.6162042966287546
-2.7469160603189433,0.473232472856719
-3.730744932761189,-0.4612334123056345
-1.0563168274068797,-2.00798753408603
-1.692000006308552,-0.9102862229745798
-1.9340207325124705,-1.7651553502481394
-3.071139876713749,-1.615789686719697
-3.1626014010810817,-1.7156520238321238
-1.5793846593999827,-0.8035285821359568
0.051922346482280446,0.2463652739126272
-3.683929597010609,-0.8686578622262888
-3.655904774537083,-1.0745525708597117
-3.728629325499531,-0.715063368360322
-2.4644549237394298,-1.346467529813569
-1.6488778339529002,-1.4958467832010203
-0.383494113554951,0.025548184831816645
-1.1621329532766307,0.05315371843167016
-2.163599585165974,-1.4269099584024363
-2.596398745646473,0.7041411051351614
-1.2171704517507518,-1.740787064115327
-1.9561062799596751,-1.3552003255289011
-2.048805450072285,-1.4648676267068796
-2.579586838355061,0.6775146374303884
-2.053442572226521,0.4906925806600637
-1.49738333093166,-0.7355103841226511
-1.8897740589284862,0.4538995871145315
-3.282009546627995,-1.5858710160654002
-2.496166382899281,-1.652412926236909
-1.6998513685369456,0.5543263802129812
-2.2914120899343455,-0.10093144087008765
-2.073933337798115,-1.632041489164155
3.2751281513071095,0.11068984361477563
-1.8396765934133494,-1.1521888127725535
-3.475160394778248,-0.7875509610574656
2.9407208217477834,1.0592406639654226
2.9675390971994435,1.1351276287633962
-2.679392253031727,0.27109190316982934
-3.8637393461370433,-1.2994406571786814
-2.7450341330671275,0.2762741694051809
3.4036185993051564,0.9341023811895437
4.0288565410471,0.6392324814397878
0.7165036453104054,1.1774553904134817
1.2054775012826955,0.03320022912808129
1.5103090061044728,0.20095058770962426
-3.8098880396985972,-1.463002239743989
0.07412293089390154,-1.5410211434762888
2.3699701083993947,1.2538003573019094
-2.5994891272687877,0.5922163376409597
-2.414957975020405,0.4715290913183279
-2.6277836905622447,0.5745950588781423
-1.0194952236318553,-1.3259694924753123
0.8500798000192678,0.8830458769399709
-1.9915765272283519,-0.4128423085611277
-1.5956295477056468,-1.6516521325509959
0.29523661268711443,0.8912104019720144
-1.3054806934499705,-1.6483869901102
-2.279604827036854,0.4846183905202932
-1.7008903967046702,-0.04861072210482886
1.4787228359079396,0.5002203831274099
-3.6265714214944804,-1.4273004880350046
-2.7991089867258037,0.24387642236538598
-0.009473537077900218,0.414034212549407
0.3353462470865285,-1.759689365903657
1.7090900195932424,0.7516989359457082
-1.319440101256367,-1.9631109586160593
-2.9655620651149714,0.2733554491598196
-2.0588187919759715,0.9631179222662039
-2.017334436049458,0.16600581498928735
-2.874170963635441,0.1793028959829397
-2.9861795054578746,-1.186534201185029
-3.3437346117401088,-1.013351475278657
-2.872906272282597,-0.3098192563455515
-2.677033548226353,0.07738586755581567
0.8073592437601125,-1.0510609498422556
3.800299431214336,0.5920807966787405
-3.4734766529703105,-0.9873423924844675
-2.344426010718342,0.18705817552395532
-2.4467597948217357,-0.029775654355805425
-2.7790075884962047,0.37736817689724633
-3.6730687664651835,-1.5784111371438914
-3.318047528138157,-0.43120745329074195
-1.720561836829182,-2.0239496579568796
0.7773137344217336,1.4408020624715872
-3.3664042102003062,-0.6109218945901804
-1.2240608678960765,0.49213000627346704
-3.5845226691865886,-0.38462499288729957
-2.189582739939686,-1.9623957028787546
-1.6845979438924754,-2.041127239743989
0.9980156673288381,1.5412773141462393
-2.088703368773457,-1.9097876897256785
-2.1591067062520946,-2.002961193601411
0.15315225256443377,-1.785469566861909
-2.272400890460011,-1.2661362042825632
-2.321614001860615,-1.6517482152383738
-3.59017074572086,-1.299094711820405
-1.5797352539205516,-1.602474485914033
-3.0576769085431064,-0.09875229505709937
-1.8260403619909251,-1.236841236631196
-1.1311292396688426,0.10112234445400903
-1.7292046295309031,-0.9267528405588084
-2.135303710570332,-0.8415367951791697
-2.1388895260000194,-1.1267004361551218
-2.6295802937650645,-0.7026954045694285
-1.2693558679723704,-1.2280927052896433
-2.3307713018560374,0.5729574808675832
-2.8916808413171733,-1.680968319455903
-1.3833626257085765,-0.5460887303750925
-1.337904547324177,0.5205503353674001
-3.2313771853053534,-1.6642339578073435
-3.3808040069246257,-1.4429164281289988
-2.7538676308298076,-1.5720847001474314
-2.1390863405370677,-1.8332810750406199
-2.317430947890278,-1.6072991242807322
-3.1606388203629816,-1.4212828030984812
-2.1310770260000194,0.8823210844595022
-3.7075693951749766,-0.910089289228242
3.2002008212900197,1.2702484974462576
-2.471679602732655,-0.5038996091287546
3.654657150635723,0.7833789238531179
3.712051655182842,0.8408504376012869
-3.8118188129568065,-1.318712984601777
3.595999981293682,0.7492489466268606
3.1963145984506642,1.0040232786733694
2.17141606939793,1.1706950316030569
1.11028268469334,1.7979586371976919
3.701340462098125,0.8086146959859914
3.2883556140756642,1.1187045225698538
0.05783989561558123,0.6084175953466482
-2.854450677504536,0.3233153471548147
-2.9935017125511134,-1.6957922330301218
-1.7608130918645823,-1.8047485700052195
-3.1853176010602677,-0.5340886464517527
-3.693396960368153,-0.8824620595376902
-0.5872864471578563,-1.2495816102426462
-3.849206184020039,-1.4785383096139841
-1.2485909210348094,-0.7369046559732371
-3.6963490592145885,-1.1671071401040964
-3.846532021632191,-1.4810245385568552
-2.4397250758314097,-0.32540277151278785
-1.0939037548208201,0.5731019625265188
3.7981894267892873,0.40888651700802514
0.05685188902378435,-0.3471517911355906
-3.71111384498119,-1.6332242837350779
-2.0406119571828807,0.6592110046941824
0.4895661128854787,1.3270916590292043
2.079476143250469,0.5657904991705007
3.2236092342233693,1.1467817673284597
-2.597320650687214,0.5853337893087454
0.6439316524362599,0.9359746822912283
2.7246468318796193,0.6141513237554617
-0.20680758821010237,-1.5917749753396921
-3.1962142931127513,-1.66649583486728
-2.236784492602345,0.29578324647732446
-0.719802592864033,-0.14589718488864234
-2.166114185919758,-1.012804781476777
-2.1160716758871043,-1.5258717885415964
3.8114230884408986,0.42427965493984887
0.643582130799297,0.28572794290371606
0.6438780082559621,0.28763314576931664
-1.430863474478718,0.15815087648220727
-1.9291311250829661,0.43902548642941186
-2.4884876953268016,0.4595723995763845
-0.8568434463643992,-0.13664129881076148
-2.177211199870106,-1.741683994809907
0.6212957156991994,-0.3636467805307322
-2.2215342866086925,-1.9104967465799265
-2.083330129256245,-1.3934843888681345
-2.5497630582952464,-1.6197033276956492
-2.1835541473531688,-1.9645614972513132
-2.44090059863567,-0.09773973135165503
-0.12457725869655256,0.8501577028829641
-3.259162229468819,-1.172024284879487
-2.799371068348881,-1.5453935017984324
-1.8786377655172313,-1.1099715581338816
-1.3887916551732982,-0.5034137120645457
-3.410175626149174,-0.35164860395602515
-1.685593699088093,0.02184387536831567
-1.666368697752949,-0.07607058195285132
-2.3527418123388255,-1.560968195478242
-2.5340996132993663,-1.0029607167642527
-3.7337733851575816,-0.34253863004855445
-2.1852486477994884,-0.20204785970858863
-2.6624452816152537,-1.0784459462564402
-3.3556793527507747,-1.4528849473398142
-2.0901322113180125,-1.2932737222116404
-1.3892034040594066,0.22220035882778832
-1.4603728996419871,-0.7460441937845164
-2.7888042377138103,0.5134411701757498
