UMAP1,UMAP2
2.032009987567978,6.053942331282989
1.6490840003243257,-1.5557626400304878
1.423012642597275,-1.1504434261633003
1.532671837543564,0.023799308745757308
1.4298385665169526,-0.3366302166296089
1.3183597609749604,-0.33622371295224074
1.3575543448677827,-0.3407052669836128
1.5772990271797944,-1.050694814713105
1.1446718260994722,-0.8369504127813423
1.5169023558846284,-2.1139024410558784
1.7643994376412202,-1.7971814785314644
1.1689886138191987,-0.49387799838314894
1.3875669524422456,-2.2321513805700386
1.6372374579659272,-1.7542780552221382
1.5637902304879,-1.9384773884130562
1.6503681227913667,-1.8258026752782905
-0.4754687264212798,1.5552657928155815
-1.4358174517401885,-2.3484891567541206
-1.71132180240242,-0.4136394176794136
-0.3188212826499175,0.8974896754907524
0.6438066050759126,0.7820717181848442
-0.3242674782523345,1.061655768363372
-1.3395667984732818,1.1215376939462578
-0.9837134793051909,1.89396882912387
-1.0353713944205474,0.22653020283450243
-0.5032537892111968,1.8404679383920586
-0.6943920567282866,2.0509978022264397
0.01985540840538036,1.321481355636016
-0.9611969902762603,0.8096085872339165
-2.101550550723953,0.621079334227935
-0.6754747345694732,1.8909937228845513
-1.1946328594931792,-0.2139969978643501
-0.7760151341208648,1.0917422856973564
-0.5293470337638091,0.7251039828943169
-1.07202896621315,0.0010851707147514489
-0.33695802238075245,2.1280245270418083
0.03807726356895458,1.8541684236215508
-0.38972196128456105,2.2458011593507683
0.18067040893943798,1.4460158433603203
0.4045542762032319,1.1841954078363335
-0.9406832173117827,1.8427435245202934
-0.9685500576743316,-0.501183620483979
0.3130749747505952,1.7291551913904106
-0.6728352024802398,1.3726857986139214
-0.03694209601966847,0.7670990314172661
-0.613643498683853,0.6814934100793755
-1.516629190708084,1.328280934302703
-0.662443490291519,1.8310730542825615
-1.0240043118247222,1.211070665328399
-0.627528996730728,0.9575058307336723
0.5417923018685151,0.9490159835504448
-0.6162203266867827,0.2937530364679253
0.028573422168808094,0.967817672698394
0.2349645182839204,-0.35287391284237746
-1.9949460938224028,-0.17899881938229445
0.33662524673851024,1.0004202212976372
-0.7690797760733794,0.40747059246768114
-0.6735526039847564,1.1069744910882866
-0.5036984398612212,2.0188297118829643
-1.0410734131583403,-0.2797418747259224
-0.4674001648673247,-0.4196048889471138
-1.5442838385352324,0.5041407432245171
1.1236547515145112,0.40820301434268114
-0.43584975745765675,2.4106037106202995
-0.7527886345633696,-2.336738458664521
0.4189261481514741,-2.311378351242646
0.5623258635750581,0.6212691154168999
-0.45281633880226124,0.5205413188623345
-1.8386937096366118,-0.10524880030880812
-1.358126969600601,1.5540758456872856
-0.44840845611183155,1.4987403239892876
0.9351171538582612,-0.3139082107854927
-1.653008790279312,1.1814894761728203
-1.6541248276480864,1.1468273486780083
0.8349880263558198,0.30664003750552293
-0.41334566619483937,0.5342179622339165
1.3235124633065034,-0.41276084521542433
-1.0003684475669097,1.6312800731347954
-0.40829548385231007,0.30192602535952684
-1.3235203936347197,-0.6758328590704048
0.3504892871132661,1.0223935928033745
-0.7678616955527495,0.8249844398187554
-0.9985934212454985,-2.314068666489228
0.9051269576302339,-0.40050922969113234
0.23914256546409618,0.48329342266787645
-0.21988019492713917,-0.5790327701879585
0.17253699753196727,-0.015654674561127457
0.07853498909385692,-1.0865558300329292
-0.031291098857803235,1.9208353843377983
0.2519663855782319,-0.29241525271664504
-0.2844003155478667,1.2290697183298027
-0.5898567154654693,0.31535852810610887
0.5510384127846528,0.9080535258935845
-0.44241294410316456,0.0448097076105034
-1.6045512869605254,-0.5836669121099556
0.6023932978859712,0.433095582930938
0.7433532759896089,-0.5044428024602974
-0.3021901562461089,-0.06523977854977492
0.06279769394310009,1.119199999778167
-1.0895124390372466,-0.2528122577978218
-1.0427757218131255,-0.8193679962469185
0.2370108649483491,0.8915590133356011
-0.7026475384482573,-0.4166449222875679
-0.6569810822257232,-0.185049644501313
-1.5029834225424956,1.1380547370599663
0.6077152774086763,0.38408077618350145
-1.3210552647360991,-0.2164655838323677
-1.6204261496314238,0.27819765469302293
-1.5863048746833037,-0.7444420967413032
-0.7563105538138579,-1.2690437946630562
0.4236401602974702,1.5588755693124687
0.49524298164756786,-1.602267137558564
-1.3535632803687285,-1.8673204098058784
-1.0525127365836333,-1.2522638950658882
-1.0597413494834136,0.8792578067468559
-1.1140240147360991,0.6600395526575005
1.2179211661568452,-2.2456902180029
-0.8391285851248931,1.2750959481882012
-0.9096249058493804,-2.395172945053681
-0.4220670178183745,-1.0160492573095405
1.3262599990120698,-0.3609501037908638
0.6959590003243257,0.1704193439172661
-2.0381275131949614,0.14047563931216356
-1.58003518130867,0.395986207930938
-1.903655500675125,0.8052514877008354
-0.5232418492087554,0.9172231044458306
-1.2715564682730864,-1.0510758076025093
-0.452489466930313,0.5967141475366509
-1.6854467108496856,-0.606732240707978
-0.002505154872817883,-0.46775280574093703
-1.271625609661026,-0.22691690066586379
0.10779538605125438,-1.493674150498017
-1.8421224072226714,-0.4560583744360054
0.08197107765586864,1.6361602630304253
-0.4765716507682036,1.503504642455474
-1.8096841290244292,-0.5871668968511665
0.4298783824196626,0.6886998500512993
-0.5932312920340728,-0.9470921669317329
0.23556414101036083,1.7161340799020683
-0.13424620177833546,1.0503116931604302
-1.9980719998130034,0.6765149917291557
-0.5899644806632232,2.3842025484727776
-0.31905731704322804,-0.4751933727575386
0.14053073379905712,0.19174135586489793
0.0015834853401948124,1.165577181785003
0.7608155295601655,2.0263037767099297
1.3733643576851655,-0.7044488106084907
0.8314737364998628,0.5611115779565727
0.7559064910164643,-0.510409227402314
-0.07222065475074757,1.1299669828103935
-1.1765478565940093,-1.0092576656652534
-0.7611800148734282,0.264624484984771
0.3781351134529878,1.3511374082254326
-0.40038761642066945,2.058918186633483
-1.6549869492301177,-0.13007103541623
1.8636077925911714,5.6255358543085014
1.2591880843392182,-2.213343969376191
2.2212623641243745,5.8019980277704155
2.139330773090439,6.146276363341705
-0.4302578881034087,-3.6763414058996284
1.3501237914315034,-2.1362107906652534
2.298059849475937,5.953059562652007
2.1175583884468843,6.08872140309085
-0.5159109547385405,-3.8940514240575874
-1.940908165241165,0.8951624717401421
0.0322217032662202,-3.1313193950964058
1.9589442298165132,5.662708171813384
-0.5265747025260161,0.798092969863311
-0.4756980850943755,2.2261118974374687
-1.4225806906470488,1.2900818671869194
-0.2761908486136626,1.663581856696502
-0.7618397190818023,1.3128156747507012
-0.7954016640433501,1.564834364859954
-0.10843834426490773,1.2092261399911797
0.4721895739785005,-0.5680206928564155
1.3947056815377046,-0.15520822146664504
-0.9523104145774077,-2.0379742298437202
-0.23565992858497609,1.0520527448343193
-0.4924798920401763,0.1573444690393364
-0.49859151389686573,-0.05819379428158644
-0.8132041409262847,1.6711282815622246
-0.6348224594840239,-0.23943792918454054
-1.9731940939673613,-1.4515694294286812
-1.412038297916336,-0.15315019229184035
-1.194418998027725,-0.7293046627355659
-0.5936447098502349,1.1037554826425469
-1.2300406410941314,-0.28526150325070265
-0.6788364365348052,-0.8026860866857612
0.05533948395164501,1.795990952460662
0.5928987548104097,-2.2051218662572944
0.3345700785866548,-2.354895940811738
-1.1197367623099517,-2.507223478348359
-1.191228242183609,-0.3951617393804634
-1.0944331600913237,-3.067078462631806
0.2741030738106538,1.267399200408355
-2.1570692970999907,-0.3739246044469917
-0.09194168593971241,1.7811733569787895
-2.005034418369217,-0.020263544113739762
-1.9420735552558135,0.005935081450835433
-0.10538467910377491,-0.8116484794927681
0.8005703971138765,0.6803792800592339
0.8420561835518647,0.4845334376977837
-1.685333819652481,-1.2565869007421577
0.204323916172104,0.07876170536746141
-0.5030897572287749,1.425070771186248
0.40800514671714794,0.5282980289148247
-0.965485186839981,-0.6526116047216499
-1.7815394118079375,0.28067053219546434
-0.9233091786154937,-1.1159890804601753
0.5759793803444673,0.28408826252688524
-0.2921029045829009,0.9891718711542046
-1.4280323698767852,-1.8700102482153023
0.48235025856407177,0.26370275875796434
-0.9697850659140776,1.6074899520563042
-0.7417353108176421,0.5859836425470268
-1.005352826381607,-0.9866818104101265
-1.415165157581253,0.5523659076379692
-1.100168557430191,-2.5336254749609077
0.7602910086861421,0.8470581855462944
-0.40723666694252003,0.7618128146814263
0.4030689284554292,-1.3217428837133491
-0.3630276634940337,2.041620084254638
-1.195625396037979,0.2409602489160454
-0.48505911376564015,0.7842880572961723
0.4911574408760835,1.6823808040307915
-1.6564091160544585,-0.05801831820736769
-0.772689194942398,-3.2749065075231636
-1.0698641255149077,1.1865102138208306
-1.5576158478507232,-1.4919007931066597
0.2223619506111909,1.6929169978784477
-0.12969240691749562,0.7998956527398979
-1.2078531697043609,0.0459686603235161
-1.4767808630713652,-0.9056016121221626
0.5743798300972749,0.6748927917169487
0.438123850559311,1.56463111302127
-0.49409017112342823,-3.093297353775605
0.16088810417564403,1.8888408031152641
0.2112063452950288,2.3239271726297295
0.8507045790901948,0.1068207111047661
0.4763616606941987,2.1891509380029595
1.9811729476204682,4.282523163764373
-0.4879020169028472,-1.2089499149633491
-0.7726636841544341,-0.4409228477789009
-0.1879650070914458,1.27395249268283
-1.2222686722525786,-0.8502465401006782
-0.3981715157279204,0.7996360149072563
-1.3694555475959014,-1.807528368027314
0.46628323051841747,1.4125487889932549
-1.6309145405539702,-1.7333921108556831
-0.13375124480812062,-1.3953245792699898
-0.9807380154380034,0.6684595431970513
-0.28160509612648,0.7945236053155815
-1.082473130489273,-0.3389345321966255
-1.344342084194107,-1.4927061710668648
-1.8747033789405059,-1.2655090008092964
-0.14438757445899952,-2.7709535274816597
-0.21991023566810597,0.5225609626459038
-0.37849530723182667,1.3997668113397514
-1.1642001583823394,0.5489493693994438
2.0275115058174897,6.023971923797027
2.018089680408554,6.17769468685855
-0.025316090846938977,2.071033128707305
-0.8570831730612944,-1.2651804600072944
-1.1242557480582427,0.6725229110406792
-1.8085294678458403,0.28874481579531786
1.8123992964974214,-1.0850371036840523
1.693488030170517,-1.5512884769750679
1.2201379821053315,-2.1801398907018745
2.269906429981308,5.936894544570342
1.7326234862557222,-1.3060511265112007
-0.6062034085044097,-4.132756105454072
-0.2552531674155425,-3.402902952225312
1.3154682204476167,-2.178169122727021
2.015652565692978,6.164522060363189
2.073093323444443,6.142543205230132
2.0430954978218843,6.082097181289092
1.7650741622200776,-1.291178098709687
1.0923074767342378,-2.119891992600068
1.3948668524971772,-2.0933898601842964
1.6061710402718354,-1.9100960407568062
1.3783549353829194,-2.080139986069306
0.7318784281960298,-0.8491128597570503
1.2487024352303315,-0.06744896510373
-0.3639279320487212,0.03293527027835008
1.002419380878525,-0.34553443530331496
1.2921704337349702,-0.7690280590368355
-0.63725695159523,2.2177414383577263
0.3129040286293794,0.9181434001611626
-0.5618658974417876,0.9441222037958061
0.13142219040306102,1.5095789518045342
-1.0369437649497222,-1.3661049518896187
-0.9440456345328521,2.418238827197448
-1.5065190508612822,-1.801833501846894
-0.5502599194297026,0.3284272041009819
-1.3514867737540435,-1.1033395443273628
-2.1892858460196685,-0.10556041339169386
-1.2393551781424712,1.3047058667825615
-0.8665772392996978,2.3781170334504997
-0.19443878676979054,2.1675874676393425
0.40813055488975536,-2.160078874619111
0.8680028006783296,0.8885046329187309
-0.4318445637473296,0.7442666377710259
-0.1604956105002593,1.3669564809488213
-0.29740938689796437,2.240171977488891
-1.1921819165000151,0.8182693805383598
-1.256869645381851,0.1903914298700249
-0.7290268852957915,-0.04790579417477492
-0.8759318306693267,1.7483046140359795
-1.9584437325247954,-0.022639862091645035
-1.1792541458853911,1.0942574824975884
0.8248089835396577,0.4129554118799126
-0.7387271836051177,1.7518854226755058
0.5947102591744233,1.1615847434686577
0.3637756392708589,1.845649966208831
-0.019408793712539563,0.9040469016717827
-1.4975446179160308,-0.6423295650793159
-1.228509040141983,-2.3486574802709663
-1.3213967993506621,0.41058457752932664
0.3742908522835542,-0.8525038872076118
-0.7296627476462554,-2.762068620712861
-0.0018630936392973751,-0.7823079738927925
-0.8844557717093657,0.4915729846643364
-0.40908369567481984,-1.1832135830236519
0.07648458931358348,-0.2616521034551704
-0.22596058394996632,0.20381201168765184
-0.37397346046058644,-3.433932653458222
-1.0835121586569976,-0.4927908096624458
0.9127315566292573,0.14700926205386278
1.474139122699814,-1.4726561222387398
1.0348075911751557,0.4533509101556694
0.003464369510727039,1.5584472503351128
1.4440077826729585,-1.2657059345556343
-0.625554652477188,-0.40391360858212355
0.13071456406028759,1.4025788392709648
-0.1906009629019927,-0.9816535625768745
0.9876016661873628,0.005277523009673324
0.7744044348946382,-2.0226310406042183
-0.7777813389548491,-1.0875972423864448
-0.30290636565773,1.5687198724435722
-0.08903131034461964,0.9868892516778862
-0.1487036659964751,1.324317940680877
-1.3386785700568389,-0.2530764255834663
-0.5087376549491118,-0.591942897827729
-0.14001616981117238,0.2903724994348442
-0.3980492069968413,1.636149176566497
-0.954527230525894,1.3244654025720513
-0.02469858672706593,0.033325084655181136
-1.670386286044998,-0.7786487255407417
-1.39967891719429,1.4051522102044975
-0.4833606198081206,-1.2492331180883491
1.0660504386177827,-0.56541358569394
0.1262916609993745,0.8896993484186089
1.054156212543564,-0.21861611941586379
1.0450676963082124,0.054420360534087386
1.4841813132515718,-0.17387162783871535
-0.6597033455619048,-2.8057316456152046
-0.5738681271323394,0.3298002566980278
-1.431414814258499,-2.295295587570771
-1.2885701372870635,-0.9946182880712593
-0.22305593040077198,0.9747976150201714
-1.3151191189536284,-0.1109222088171089
-0.2835157826193999,-0.6900371227575386
-0.7706185295829009,-0.14042340853939894
-0.6744845822104644,-0.8398631725622261
1.4001044318428804,-1.4611056957555855
-0.2577281906851958,-1.8984564457250679
-0.3456893875846099,0.39067543408145067
-0.34921082999793995,0.6123789634393608
0.002844242786483875,2.269016334025756
0.276289133762436,0.8996771659540093
-0.3768628552207183,-0.0012851867986762855
-0.4767468884238433,-0.6540464077306831
-1.8569068625220488,-0.1178187046362007
-1.8645969345816802,-0.32442700007687453
-0.14292773749916066,-0.8564311180425728
-0.3125830605277251,-2.7616408977819527
0.5008281752816011,-1.2143267307592476
-0.5418477967032622,2.23531199356784
1.8758262679329682,5.876527198760406
-0.03558430221168507,1.2926613177942192
1.8329505011788179,5.647312053649322
1.4756301924935151,-1.7064303074194038
2.104404835437851,6.128398069350616
2.429505734180527,5.724399217574493
2.075438408588486,6.090416082351104
2.071335701679306,6.063006290404693
2.345883278583603,5.9048985328363335
2.13518801185997,6.146316417662994
-0.11395058181373585,1.0065149154352104
-0.08665523078529347,0.7205694999383843
-1.0754252388724517,1.2845039453195488
-1.0714636757621,-1.0072358761144722
-0.39657053496925343,1.9513208951639092
0.6306857154122163,0.22228682896365282
-1.9736935808905791,0.9067591514276421
-1.341433854366226,-1.630404344589814
0.8861917540779878,0.7072061385797417
-0.8723133518943023,2.313142963855163
-1.4118911936530303,0.3649724807428276
-1.193113417888565,-2.5511702213598335
-0.5512860729941558,2.2606191720651543
-1.1035178616294097,1.0979713287042534
-0.15780124213783253,-0.5585712108923042
-0.023688884044570813,-0.40400158503781203
-0.8104470684775542,-0.31382547953854445
-1.6419002726325225,-1.1549256954504097
0.02645197365196239,0.7359587039636528
0.04632153961570751,-0.24559890368710402
-1.1112547829398345,-3.1287883434606636
-1.3588082506903838,-1.7697209034277046
0.8217472121468354,2.2555247630762016
-1.6986002638587188,-0.6059132728887642
-1.2012000992545318,-1.7917441044164741
0.8147615477791597,1.3236038770364678
0.7127901599160005,1.3208407249139702
-0.7339867069968413,-1.0411723766637886
1.2902154013863374,-0.30833016970883254
-0.8990946724662017,-0.17481266597042922
0.020439533924179187,1.0380532827066338
0.8985389754524995,0.4668327655481255
0.10245361778648387,0.20541966816653368
0.1658579394570161,-0.6972509537054146
0.5352891967049409,0.8883649196313774
-1.3116101935157012,-0.2011312160802925
-1.1376145794638823,-1.8520496998144234
-0.043521256709976086,1.3893525685953056
0.7816947982064057,-1.011064401657685
0.31979694816978466,1.5059355582879936
-0.9418118908652495,-0.681615224869355
0.08604612800987255,1.6133657779382622
0.23485174629600536,-0.2520924721075142
-0.9980228855857085,-1.3977907810522163
-0.3713007881888579,0.26407206913699266
-0.7014795258292388,-0.2879253540350044
0.7706913039437104,0.39579642674197313
0.8720845267525483,0.8561216678308403
-1.6153945639380645,-0.14601980784664992
-1.5750494911917876,-1.188000551254853
-1.2582319691428374,-0.6788107071233833
0.1317242667427827,0.7818080272363579
-0.25486478355018605,-1.3479818020177925
-1.1060260250815581,-0.8804618034673775
-0.06077656295387257,-0.8143247280431831
-1.0099333241233062,-0.18507038691769484
-1.2639490082511138,-0.5626817856145943
-0.11860618140785206,1.4254351939844048
-1.5139873936423491,-1.6377442989660347
2.0285786673775483,6.053016075103179
-1.3950886442908477,0.38200724980105516
-0.5507248356589507,1.916189917533294
-1.1999410107382964,-0.7473565254522407
-1.148318619991226,0.39889706036318895
-0.9830110981711577,1.9059543695138847
-1.6776839211234282,-0.09384070971737746
-1.174523444438858,1.2906364288019097
-0.857603402400894,1.5727683391260063
-0.7566951229819487,0.5071381416009819
-0.8361168816336821,-0.10601960757504347
-0.9942329838523101,2.084416099994079
-0.35366735007850636,0.9103068198846733
-0.910499663616104,-1.8078621540380562
-1.764923663402481,0.8744467582391655
0.29257431480796825,0.9588605251001274
-2.1088146879920195,-0.34757601359616164
-0.20349297072975148,-1.539694181473359
-1.2403269722708892,1.2927787389444267
-0.830715031886978,-0.3494356785131538
-1.220309348369522,-0.37193404773007277
-1.356041164661331,-0.49882089236508254
-0.6270490601309966,0.45639384648074266
-1.134963603282852,-0.8868018303228462
-1.0420206501731109,-2.10087238887082
-1.0191226914176177,-1.4671510372472847
-0.7905307724723052,0.12179673573245164
0.8045457885018159,1.9786579694436943
-1.113324256206436,-3.8995002422643745
0.2622913405648042,-1.231926790268525
-1.1256035282859038,0.6989876117395317
0.8102830931893159,1.431680091826812
0.725249676441269,-2.184497705490693
2.1306671187630464,5.9478954162286675
0.8145622298470307,-2.369516244919404
1.3307413146248628,-1.8240669880224312
-0.2702821209677886,-3.439650407822236
0.5942985102883149,-1.0981839809728706
0.7523159072151948,-0.5445815239263618
1.9534377143135835,4.408590563743011
0.7584146544686128,-1.1529983196569527
2.273505120014267,5.984173187224761
1.3551672980538179,-1.8744429264379585
-0.6971789314994048,-3.928345075638398
0.34640946838768016,-2.966771474869355
1.8315838858834077,4.853774794547454
0.33550920936973583,-1.0075157795263374
0.19363584968956005,-0.7061191711736763
0.3390103862038423,-1.4849680576635444
1.20728388283165,-1.061091772110566
0.7355255172005464,-1.5421398792577827
0.26776686165245067,-2.5070351276708687
1.5418676421395112,-0.2739485416723335
-0.3431790783652495,-2.8833140049291694
-1.95606479194252,-0.15518223384152297
-1.9344584658393096,-0.275778404266938
0.9029139563790132,-1.8430169735265816
1.3559345290413667,-0.21631085017453078
2.036435513233261,4.311786540954009
0.1909145400276948,-0.96071969607602
0.8453740164986421,-1.5212978039098823
0.16135898086936962,-1.519085756332978
1.0115002677193452,-0.8321019325567329
-1.938303323055191,0.933518299071685
0.6050795600167085,-2.205806127579316
0.7491206214180757,-0.6644648228002632
0.652833847736435,-1.2640403423620308
-0.5101839020499419,-3.439853063614472
0.8153523490181733,-0.7451342258764351
1.7189940497628022,-1.8364671383215034
1.4763897940865327,-0.21906553843747023
1.0950197264900972,-0.9979499492956245
1.4990819976082612,-1.5687841091466987
0.4598795459023286,-1.9304793987585152
-0.16323527839271534,-1.46863304713498
0.4878481909981538,0.7953258838342583
-0.9204443409690093,-1.3190497074438179
-0.6586953118094634,-0.7416952762914741
-0.10444983985511769,0.7944263305353081
-1.6092402651557158,0.15718234440554735
0.5236298129311372,1.8526542272256767
1.3581904456368257,-0.8552046928716743
-0.46140632178871144,1.9006844844507134
0.14774814102561962,-2.680453649551972
2.0571297690621186,6.0147641982721245
1.819070248340683,-0.75409447291623
0.4651092574349214,1.7858831967996514
1.5545639083138276,-0.3156987343145454
1.5162176177254487,-0.9109607849432075
0.2745920703163911,-2.294335714371308
0.10548487160118114,-3.0133451137853706
0.842467694019394,0.3443094577478325
0.37335768196495067,-0.3759697590185249
0.01877656433494579,-1.0707482014013374
1.7324394271126557,-1.6289337787939155
0.17675819847496044,-2.6061423931432808
0.19651689979942333,-3.0446723614049995
0.025272993778305164,-2.4357765827489937
0.23800554726036083,-1.6565517101598823
0.8509143874398042,-0.9207361851049507
0.9371694609871675,-2.617160192520722
-0.2867811634787749,0.3104966964410698
-0.8243351891287993,-3.908081403763398
-0.8590088799246978,-3.2550114307714546
1.650345234607773,-1.6125167522741402
1.6690825507393647,-1.353628507645234
1.3120240256539155,-1.8373058948827827
0.3816188857308198,-2.2170475635839546
1.0899423644295503,-0.45613180735836867
1.1856898352852632,0.4233666743921196
1.4456166312447358,-1.4637888584447944
-1.3496643021353911,-1.9734305057836616
-0.738101096416397,2.393895873038665
-0.16973194625465382,-3.0613797817541206
1.1808361098519136,-1.4428805027319038
0.9824356124153901,-2.1799257908178413
-1.9062841847190093,0.9293128337549126
1.454058556293564,-1.5578249607397163
-1.7835424855002593,-1.2185968075109566
-1.7830245211371611,-1.2184737835241402
2.0867356345406343,5.991010555236236
-0.956358046794815,-1.3764837894750679
0.18926039192588817,-1.9170573864294136
-0.849581809307022,-3.285157075913056
-0.6813999130973052,-3.9335936222387398
0.8151592299691011,0.11943639179934618
-1.8103805496939849,-1.3954785976720894
-0.40955576446144093,0.2903543796228325
0.5993823096504975,-1.9842642460180366
-0.4728144123801421,-2.4398678455663765
0.6698588416329194,0.008539089171782699
-0.7312475159415435,-3.3306201610876167
-1.3283745959052276,0.08874715229739305
0.9462427184334565,0.999743589370147
0.5358027503243257,-1.9134277019811714
1.0751599356880952,-0.2671855602575386
-0.38062510039894093,-3.0597718868566597
0.9030040786019136,-0.627699962647065
-0.02208647277442921,-1.783306947739228
-1.5629006340750884,-0.5114799652410591
0.06954255554588329,-2.823442331345185
-1.3414586498984526,0.26980889698733446
-0.3015778973349761,0.9348579730676567
-0.9410065129050444,0.15855539700259325
-1.008838744426651,-3.985572210342988
2.321374802326279,6.04892910382022
1.928870110248642,5.926618703811065
0.3559850737801362,-2.860802999527558
1.973357586597519,6.00755251309146
0.2220853850594331,-2.0324181232763374
-0.8524087383994292,-4.138229242355927
1.5614866301766206,-1.5248650226904
0.5331236407509614,-0.7847794208837593
1.3753994986763765,-0.06615482905636672
0.3175281569710542,-0.7794855747533882
1.6528719947090913,-0.9631732616735542
0.2933467910042573,-3.111756197006806
0.6763254687538911,-1.454892984421357
0.30091777298362743,-1.8191727314306343
0.4697250411263276,-1.4043763790441597
0.5040120169869233,-1.47206961253415
0.4636370227089692,-2.7192639026952827
2.2170480773201753,5.995237239806548
1.7877091452828218,-0.3328872833562935
1.6460475013008882,-1.3620647106481636
-0.06464013602821339,-3.437713972122773
0.3477155253639985,-1.4285334263158882
1.959098725055771,4.363655098884002
0.9594463393441011,-0.35279380419979933
1.505929379200058,-0.7201436672521675
0.5287744090309907,-1.5636147175146187
0.18721118423851024,-0.8478416118932808
0.02845683548362743,-1.6286638889623726
0.46246233436973583,-2.367897382767304
1.1006959960213472,-0.8340617332769478
-0.7129605725058745,-0.8891917381597603
1.962974457477646,5.014891513793365
2.220709233020859,5.826881059615508
0.033126740192489734,-3.0788425121618355
-0.5144000962027739,-1.1739796314550484
-2.169775696063919,-0.09399568179379347
-0.047834725643081555,-0.8301595363927925
-0.3757222607382964,2.2989683236764824
1.0389761016121675,0.4660767402337944
1.2848652884712983,-0.4978860531164253
0.06421103928001415,-0.2597724113775337
-0.803303094173355,-0.7973772201849068
0.15556421730430614,-1.966703287155732
-1.061016888881607,2.0776453103708183
2.1508535430184175,4.817866214721099
0.7402061507454682,-2.0915383014989937
-1.001472564006729,-3.686155668289765
-0.33789143111793507,-2.684190145523652
-0.8634773209342193,-3.753272882492646
2.125922112201767,6.08687175175418
1.233343987201767,-1.9671138439489448
1.3266185805550386,-0.6221030865026558
-0.37567052390663136,-3.2611077938390816
0.6680797621956636,0.0679262962030327
2.159183888172226,5.768110641448394
-0.5455110981711577,-3.71102749446164
-0.848279090190811,-1.93483816722165
-0.5994492485770415,-0.5290764484716499
0.5869781062355806,-2.1144641552282417
1.2800587699166108,-0.1315230045629585
-1.028844447399063,-1.8872727070165718
-0.3991456940421294,-2.9561241779638374
-0.3681686833152007,2.104016849009887
-0.804685683513565,-3.9478701267553413
1.470496086811142,-1.865988603623017
0.6723867938271333,0.500257858245269
0.7307864711037446,-0.3127363834692085
-0.19856414344398488,-3.060622087509736
0.8757061049691011,0.15706027409304735
-0.6778808548697661,-3.8166235599828804
-0.7298432305106353,-0.9846700344396675
-0.11011490371314991,-2.569190374405488
-0.718666167522354,-1.0383857403112495
-0.39643773582069386,-0.8240798626257027
1.4255770728340913,-1.2890566501928413
-0.9871204808005523,-3.6147483501745308
0.8659600302925874,-1.2819036159826362
0.7472037360420991,-1.5413349781347359
0.37649693939598095,-0.7401608143163765
0.8959850356331636,-0.30261336901913527
0.7694787070503999,-0.21681105235348586
-0.9563165619620513,-2.8803418789220894
0.7419494673958589,-0.463569513352021
2.0206121489754487,6.05119551083316
1.0870160147896577,-0.7357422027898872
0.9139856383553315,-0.9315384540868843
1.1950267836800386,0.5319446410821831
0.9981559798470307,-0.8394833717657173
-0.2422219231375884,-3.1386822376562202
-0.1217559292563628,-1.720598093063935
0.7718748137703706,-2.357521406204804
1.0045923278084565,-0.7447203312231148
0.8216370627632905,-0.9247177753759468
0.35249295685203563,1.059768208472625
1.0294364974251557,0.45538628956545946
-0.04672464873878468,-1.2679694805456245
-1.429772706294937,-0.8390425358129585
0.5201658293953706,-1.4526437435461128
-0.8515065624961089,-3.6664861355138862
0.8570593878975679,-0.9183639202428902
-0.5650897934683989,-1.471320978195771
0.6812447592964936,-0.8192037258459175
0.3648501918068696,-2.3855184231115425
0.2821604296913911,1.2134294595407402
1.505673317646103,-0.3796924267126167
-0.29984674003211964,-3.316580167801484
1.3431948706856538,-0.4736717853857124
2.084312824939804,6.128464588134185
1.2883886382332612,-0.18135916331539992
0.5862752482643891,-0.6983591232610786
0.8049477622261811,0.566863664595977
-1.5136047318228911,0.06272543331851121
1.0824207350960542,-1.807014337570771
-0.7466605618247222,0.06217802426089403
0.27928343269737255,-2.050584188492402
-1.2301114514121245,-0.9682665977789009
-0.5283199265250396,1.7368122424768364
-1.4300598814734649,-0.5052961025549019
-0.09370741393653859,2.1234593476938164
0.2509721801033784,2.0346126045869743
-0.8902164414176177,2.236599215476409
-0.14143642928688038,-2.561561933548554
0.4466079756966401,1.8552391614602959
0.7723211333504487,-0.34499966243039015
1.0173610732308198,-1.8483856830907905
0.7761987731209565,-1.0198401127172554
-1.451449485088272,-0.9809559498144234
-2.0759191229590606,0.6705354537652886
-0.5686694100150298,2.450267979113952
-0.31558069732276905,-0.819033494980439
-1.690659017826004,-1.4597510013891304
0.3798355147591401,-0.4493762169195259
-0.7460728600272368,-0.9054082546545112
0.24559321854026805,-0.20669471362362746
-0.5680030300864409,-2.1309307728124702
1.1989883467903901,-0.7993384514165962
-0.28048452880470265,-1.796807161362275
-1.925782056117935,-0.14878689387570265
0.5217832610359956,-1.5086668644262398
0.00955572578819286,-2.9381030712438667
-0.9896779968985747,-1.225710741074189
1.056661038135605,-1.5725945148779
-0.7663789704093169,-1.25462519267331
0.16445174667747509,-2.4873984966589058
0.16730418655784618,-0.7915204677892769
-1.6062097265967559,0.8182615127252495
-0.1532939388999175,-0.3609534416509712
-0.7630773499259185,-3.8205155048681343
-0.27539071586219777,-2.87308918574582
-1.7020708039054107,0.6692398872064507
0.7276219413033296,-0.39651500323544386
0.5266632125130464,-0.4931119594884956
0.35670605156333934,-1.675246587784394
-0.25436481978981007,-0.15646111109982375
0.941490082477646,0.5732537593530571
0.6221632048836518,-0.09781896212826613
-0.23814377334205616,-2.3781360302282417
0.09712400886924755,-0.362694850952729
-0.21528682258216847,-2.6328586254430855
-1.4936305001029204,-2.1778510723424995
0.1286250636330415,0.8237434711145317
-0.855753512645645,-1.0168222103429878
-0.5847428753623198,-0.32064496615658644
-0.88194689300148,-0.8856691036535347
-0.03738507773963917,2.0182970847772514
-0.2794202282675933,-1.1687444362951362
-1.5443596556433867,-1.6901057873083198
0.03646173927696239,-1.4242800388647163
-0.6942091896781157,-3.8863824520422066
1.6504653975716401,-1.8367537174535835
1.5675410315743257,-0.6052235279394234
1.5272287413826753,-0.16973220446835402
1.1344017073860932,-2.0146688137365425
1.5823701903572847,-1.1303914699865425
1.5739840552559663,-1.9876497898412788
-1.7990973904380034,0.9095996703790581
1.3386959120980073,0.049207815139189925
-0.03321489837257374,0.8174525584863579
0.7366093680611421,-0.7109423790289009
-0.471208424831314,1.0378627862619316
-0.7983175232657622,0.2424868430780327
-0.37780413177101124,-2.0489019069982612
-0.39747581031410206,-0.32635628321896437
0.3610593363991548,-2.7264069233251655
1.3736199424019624,-2.1112011585546577
0.38795485947044384,-2.770839086563691
0.5065735862007905,-2.940855375321015
2.0625309035530854,5.72477949520816
1.6153339431038667,-1.8303779278112495
-0.25655564811317433,2.002014645545379
-0.7528484776267241,-0.8762181911779487
0.8160795256844331,-0.5899790439916694
-0.3486655667075347,-0.39439379313717726
-0.17945656325904835,0.4563363876031792
1.4588703200569917,-0.9311212215734566
0.32632794830711376,-3.0431111965490425
0.33609452698143016,-3.001835695297822
-0.33615026023475636,-3.259110799820527
-0.46886691596595753,-3.308524004013642
0.9773325011483003,-1.0897520695043648
0.4115225360146333,-0.2516804848028267
2.0040239379158784,6.21325434109439
0.07168879959495555,1.4281995381997978
2.219448952411728,5.837900051085845
-0.6430507614859771,-4.046412340195283
-0.6436170056113433,-3.985358587296113
-0.6559306099662017,-0.48664914706478957
-1.774790139461441,0.8488196220086968
2.32992210838707,5.968058475463287
-0.5958710625418853,-0.8848022136999214
-0.6010461762198638,1.0306229676889336
0.5743204638710786,1.6406883086847222
0.13260450813682567,0.809938320128814
0.2768816039315034,-0.21767865756283644
-1.598479481006546,-0.8315702591253364
-1.7611880018958281,0.4368110980676567
-1.658886761928482,0.6898075427698052
-0.9302283241996001,-0.5646418247533882
-1.9473832562216948,-0.3439999733282173
0.669475226139145,0.5284212913202202
2.006631283496933,5.993726381270782
-1.242448659206314,-0.3187140140844429
-0.7521646931418609,-0.7533897075964058
1.2893632933846284,-1.6850422535253609
1.5107420966378022,-1.5227531109167183
0.6173414275399018,-2.226473680527314
-0.4192243530997466,0.9159480418847954
-0.7643741085776519,1.270113119094268
-1.851974101329727,-0.8078471336675728
-0.738396973873062,1.152157672850982
-1.4201725437888335,-0.5370107803655708
-0.8322757199057769,1.8910287704156792
-1.4825299694785308,1.6159976806329643
-1.716948957706375,0.8597387160943901
0.4028231189003755,-0.87177025416623
0.38110676262290966,1.8945477094339287
-0.7216177895316314,1.300028332679168
1.5590347335091401,-1.5118425998998726
1.3749074027291108,-1.7351316128088081
0.5201834723702241,-2.180119386704072
-0.5118173077353667,-3.9580000553442085
1.368264107441025,-2.141785017044648
1.4557589575997163,-2.1928328190160835
1.48875942680748,-2.041784158737763
-1.9411561205634307,0.748156675307647
-0.8386243298300933,2.3312909092592156
-1.5366276219138335,-0.055263153107270035
-0.18776926543800343,-0.993711343796357
-0.866911263729019,-2.5249150905920112
-0.34767040755836476,1.2003927316354668
-2.2198410942801665,0.33874643704165575
-0.7447846844443511,1.7749422874139702
-1.2205174877890776,-1.7262643490148628
-0.3518875553855132,-3.219421735794648
-1.2481373265036773,-2.9715093288732612
-0.45479974296180714,-3.517397752792939
-0.3753100350150298,0.9945837344812309
-0.7528394177207183,2.3772093143152153
-1.6827832176932525,-0.1717132244421089
-1.5158685162314605,-1.7747114811254585
-0.7156585171469878,-1.5637534771276558
-1.7491106703528594,-1.540171018631562
-1.7012604191550444,-1.808296075852021
-1.5808527186164092,0.1871603812860405
-2.1318299486884307,0.5087667789148247
-1.6403445914038848,-0.1336589966131294
-1.0500384285697173,1.322832116095916
-1.3066616966971587,-1.3064726505590523
0.10494294617088329,0.09510386845339891
-1.5604018881568145,-1.1828612003637398
-1.1231206372031401,-1.6390932712865913
-1.193883748317642,0.43123353382815477
0.5034629389992524,-0.4686924133611763
-0.6823152020224761,-1.5694664631200874
-0.16676291968910206,-3.3648604069067085
1.0021304175606538,-2.066542497665986
0.8878301665535737,-1.9755552921606148
0.3309253737679292,-1.4990929279638374
0.29547372314842235,-0.9892619762731636
0.4229389712563325,-1.4555562649084175
0.8741692588082124,-1.9961680088354194
-0.61780795600502,2.389610716311828
0.5049876258126069,0.6041330184625542
0.06520190689476024,-1.5579260502172554
0.15615573379905712,-1.521705499680146
-0.7819839432486724,-3.938674322159394
0.5666889235726167,-2.1550468120885933
1.9838623091927339,5.88662875553836
-1.2262214138755034,0.6942738380121147
-1.753854007984085,0.15808142086733934
-1.92826458957283,-0.3285542640997017
-1.526628346706314,-0.11454831698666457
-1.5643769219168853,1.3127510633157646
-0.6228147461661528,0.5283452357934868
-0.8537798836478423,0.2873910751031792
-1.4340102389105986,1.5845042552637016
-2.0540576889762114,0.20818842312564012
-2.00893983390419,0.39072001835574266
-0.5406955197104644,0.8763288345025932
-2.042240591312332,0.24729932209719774
-1.681445331836624,-0.30742966273556593
-0.7971800282248687,-0.4681147251440132
-1.0854090168723296,1.3785705651925957
-1.0024145558127593,-0.15173613169918898
-0.906205983425064,1.788665183989898
-0.35183724906532277,1.1569471444772637
-1.6111330702552031,1.1500307407068169
-0.6868968918570708,0.22158516308535692
-1.006878705287857,-0.2670797024084175
-1.1921878769644927,-0.029794803650482926
-1.7513581230887603,0.26979053875674364
-1.4022820904502105,-1.0197151813818062
-0.31867751624671925,0.7726105537103569
-1.4307826473960112,-0.47674309352169875
0.043625025486068836,-0.02994929888974074
-0.35691294219581593,1.6958454932855522
-0.3089061692008208,-2.1080549869848335
-1.096377463603897,-1.0168417606664741
-0.837466330791397,0.16727913281191942
-0.18828019645301808,-0.05754243472348097
-0.344790549541397,2.2017694797204888
-0.48438534286109913,1.8261319484399712
-1.1314173653372954,1.5314575519250786
-0.317918629909439,2.176966556517974
-1.5762670948752593,0.3687988605188286
-0.08341202285377491,1.1602245654748833
-1.8771612360724639,-1.6718734417272652
-1.0110171749839019,0.2844473209070122
-1.5053659394034575,-1.7889774952245796
-1.781642766261978,-0.1326826725317085
-1.2657812550315093,-0.3206268463445747
-1.9219189598807525,-1.5399602566076362
-1.444958539272232,-2.6468213711095894
-1.007533641124649,1.640161045997039
-0.9942780449637603,-2.3744529400182808
-1.4810120775946807,0.5166865672754204
-1.9611228420981597,-0.23824631312619093
-0.8816677048453521,0.4734319533990776
-1.300770373607559,-2.4221023235632027
-2.035299868846817,0.6898108806299126
-1.9260806753882598,-1.1730550442052925
-1.385450334812088,-0.6287254009557808
-1.4646132900962066,-1.5623868618322456
-1.7456229641684722,-0.8732663307500923
-1.689426870609207,-0.447944513352021
-1.3516798928031157,-1.150489679367646
-0.6027804329642485,-1.7739933643652046
-1.2220760300406646,1.7581200685190117
-1.5942779495963286,-0.9429992351842964
-1.9225854590186309,-0.04911195376644972
-1.490162463451309,-0.5482295666051948
-1.9600991919287871,-1.574667326004609
-1.691734285617752,-1.310087076218232
-2.0626268103369902,-0.5715485725713814
-0.11936840560523976,0.18613065144290086
-1.9253399088629912,-1.1177400265050972
-0.5595439388999175,-2.6394904766393745
-0.2092946484336089,0.7252553786920464
-1.3764424040564727,-1.7570131931615913
-1.7638528063544463,-0.9659670505834663
-1.9066766217002105,-1.5302446995092476
-0.3238402321585845,0.6785024490045464
-1.6030890658148955,-1.6793836269689644
-1.7573047592887114,-1.1598528538061226
-1.6064518406638335,-0.133702627213105
-1.334089489246292,-0.9312285099340523
-1.1612778618582915,-1.9189933452917183
-0.6024571373709868,-2.054239145310029
-2.0381017639884185,-0.35955750087033156
-1.1556080296286773,-1.2630418453527534
-0.9650684311637114,-0.7848595295263374
-1.045225472713394,-1.7538531933141792
-1.211168380046768,1.531239041297332
-1.2382410481223296,1.6644879665063774
-1.6606269791373443,-1.7007716808630073
-0.5771203949698638,1.3468673314737236
-0.9577341988333892,-2.959569326431855
-1.7294692709693145,-1.3787077579809273
-1.127601714397354,-1.6761130009008491
-0.3405068829306792,2.2940042700456535
0.24525132629783641,-2.550764909775361
-0.33366045501319874,-0.6974884186101997
-0.5578776314505767,-3.9291471157384956
1.564074425434189,-1.6872147236181343
1.4621066138497163,-1.8650387440038765
1.1977056548348237,-2.3141068134618843
-0.2474866822013091,-2.2183617267919624
-0.052183480525894055,-2.677314153702363
-2.105614991451187,0.6902421798395073
-0.006304354930801281,-3.198031774551972
-0.33639058616249073,-1.2783120785070503
-0.30962738540260304,-0.10907041171322707
-1.6621535732993316,-0.009705892593964371
-1.9689624026068877,0.21075762173403856
-0.6670525982627105,1.3401173438714897
-0.8281002953299712,1.6794567193674004
0.0755559489479829,-0.05813418963681105
-1.9731253102072905,0.06412256619204637
-0.7883323147544097,0.7947732295679009
-1.5734164431342315,-0.40270482638607863
-1.364660115505142,0.8906658973382866
-0.8322945549735259,2.20911855360736
-1.8426925852545928,-0.30509816745053175
-1.3577989056357573,-0.6544080887151802
-0.5889032795676421,0.9920665111230766
-1.4717009976157378,0.06397045513857957
0.06524935219200145,-0.3348594818426216
-1.5162949278601836,0.325206645934478
-0.3286219551810454,0.3752211417840874
-1.687820883060379,-0.8348876152349556
-1.656410069728775,-0.4668346557928169
-1.470268221164627,-0.028410783798798356
-1.519292445445938,-0.896825185806855
-0.9324713661917876,1.6226829375909722
-0.9411238148459624,-0.7609084759069527
-1.1168373539694976,1.3064949598001396
-1.4033319666632842,-0.9341138515783394
-1.82309040572731,-0.2641044769598091
-1.9805609896430205,-0.07086216548214797
-1.5012309267768096,0.9708916034387505
-0.9470752194174956,1.6034917916940605
-1.3053081944235991,0.35671914479006883
-0.9873190834769439,0.33795655628909227
-1.757246465946121,-1.0017126713110054
-1.733491869235916,-0.20997797587643507
-1.2626384213217925,-1.816282144577607
-1.3998777582892608,0.3623443927453911
-0.7804015591391753,0.3937343444513237
-0.5728872730979155,1.754909285514251
-0.6327753975638579,-1.4517692241979683
-1.7770193531760405,-1.5436705265356148
-1.498593302036209,-0.7636669788671577
-0.2038608505973052,0.632457622496978
-0.907161565090103,1.6155313338922417
-1.622132153774185,-0.9012457046819771
0.22880831215293895,1.3523379649804985
-0.8844858124503325,1.6883462752984917
-1.3613971188315581,-0.823658100159272
-1.9180929377326201,-1.3665808353735054
-1.766766639018936,0.4625517215417778
-1.482139797473831,-0.43553244212399367
0.05064478371055614,0.37077225109805223
-1.108725400234146,-1.4357408199621284
-1.7831546976813506,-0.11696921923886183
-0.6583665325888823,0.6261397685693657
-0.3498316719779204,0.8177670325921929
-1.2746979906806182,-1.099363199265107
-0.866472096706314,-1.4690750751806343
-0.37234005477516163,0.25647176167239305
0.1948498770943452,0.8354419555353081
-0.9031430199393462,1.5305922116922295
-1.596855135227127,0.6373106326745903
-1.94112178828804,-1.5157917652441109
-1.8439074471244048,-0.8907674465490425
-1.9763745978125762,0.012969144790068832
-1.3848074391135405,-1.3845156345678413
-1.8993015005835723,-1.574606290848359
-1.8663413241156768,-0.046501508743866715
-1.4153436138877105,-2.6201633129430855
-2.097752304340286,0.051485666243926254
-1.814598055149002,-1.1245926533056343
-0.8564358666190337,-1.9275878582311714
-1.1411822750815581,-2.32048212626706
-1.9386846735724639,-1.527780881912812
-1.139146657253189,-1.711524835617646
-2.0947166397818755,-0.19871007540951613
-1.939230532909317,-1.5337308559728706
-1.6099761441001128,-1.211935869248017
-0.956649155879898,-1.8456133518529976
-0.9930149033316802,1.723778137175933
-2.072728486324234,-0.6567803535772407
-2.0466917469748687,-0.37366925814877394
0.15022650215538036,-0.5696450386358345
-1.1249474003562163,-1.0758966121984566
-2.0317318156012725,0.5652545776056206
0.059825329517440906,-3.0451182041479194
-1.4504154637107085,1.0280168142007744
-1.3015570357093047,-1.3311589870763862
-0.0419369652518462,-1.2945908222509468
-1.71088656928627,0.7537099208520806
-1.443308205867691,-0.7710403118444527
-1.0857044174918364,-0.1431010876012886
-1.6456110193976592,-0.11090337374935988
-2.0657303049811553,0.6902521934198296
-0.770332427287979,1.2920049514459526
-1.3891145899542998,-0.9308458481145943
-1.8740166142234038,0.15518368145693895
-1.2455790951499175,1.0937867250131523
-1.5348868086585234,1.2696956481622612
-1.8800378754386138,-1.4705856952978218
-1.6628497555503081,-0.873075357468232
-1.4669700577506255,-1.0763171825719917
-1.793301792407913,1.0202487792657768
0.8695348784676362,-0.2176405105901802
-1.0521849110373687,-2.924375883133515
-1.6822777703055571,-2.306070676834687
-1.7450600579032134,-1.7297371540380562
-1.1664722874411773,-1.770217290909394
-1.889732332492752,-1.5941852245641792
-1.4832445099600982,-2.522864690811738
-1.8627614691504668,-1.055380216629609
-1.706944794917984,-1.2806466732336128
0.6666325614205171,-2.094947687180146
-0.167654843593521,-2.9433964405370796
-0.6795071079978179,-4.057400098831757
1.9973987624398042,5.712428459136382
2.2995757148018647,5.841535695998565
2.0739239737740327,6.18013347050418
0.8914569899788667,-2.1324599895788277
-0.5909620239981841,-3.7460645351720894
-0.529919715190811,-3.8508061085058296
-0.9628122761496734,-3.2765725765539253
-1.8004153683432769,-1.0366490993810737
-0.7761164620169829,0.42543161770571825
-0.6885398342856597,0.7287207927392876
-1.38438031222908,1.4609296407388603
-0.44879254844276417,-0.15382205584774855
-0.472494931484146,2.2782778825448906
-0.5072382405051421,0.7797643031762993
-1.9010951235541533,-0.36277615168820265
-0.7647391274222564,0.7955252017663872
0.018016485904770008,1.8630690660165703
-1.7708545639762114,-0.4466024551702583
-0.7866271450766753,1.797138461081878
-0.7546609356650542,1.1877029027627861
-1.8352901652106475,0.07207168003787157
-1.0279568150290679,-3.459586015732392
-0.9799302532920073,1.5210200633691704
-0.6287551834830474,1.4793434228586113
-1.1703363373526763,0.8648547019647514
0.6323966071358491,1.3779395904230034
-0.09666475799171437,-0.40908919909726027
-0.24054131057350148,-2.0097583446813667
-1.7563324883231353,-1.5176571522070015
-0.3916390850791167,1.5646156158136284
-0.5333853676566314,-1.2474197063757027
0.25428667519004833,0.11217845341433641
-1.7047670796164702,-1.0540436420751655
-1.972125263477249,-0.7118521843267525
-0.7367590382346343,-0.6733781013799751
-1.0568743660697173,-0.07676850894223097
0.7851900145760347,-0.15697895625363234
-1.3529007151374053,-0.6136823807073677
-1.822267265582962,-1.0256026897741402
-1.8238064959296416,-1.5937493954015816
-1.944739074970169,-0.3265277061773384
-1.0622089817771148,0.9131463851617729
-1.2189138844260405,0.23571790119876024
-1.4948577597388457,-0.9878548298193062
-1.4455909445532988,-1.3330448780370796
-1.578122110629959,-0.22161208728085402
-1.5811843588599395,0.2877940025018608
-1.7734149410971831,-0.9102033291174019
-1.769253702426834,-1.6166251812292183
-1.613172979617996,-1.3789871845556343
-2.064209552074356,-0.24485789874325636
-1.870181412959976,-1.6307505283666694
-1.5535582020529937,-1.5962289486242378
-1.3016825630912017,-1.6177424106908882
-1.2522006943473052,-0.9433966789556587
-1.3794551804312896,-0.5626157436681831
-0.8416593983420562,0.2107018317865288
-1.3329647495993804,-1.2423084888769234
-1.3868082478293609,0.13523996731509325
-1.2741944506415557,-0.9894250545812691
-0.6879032566794585,-1.6282085094762886
-1.6484446242102813,0.8927558746026909
-0.8855687096366118,-1.1266120586706245
-1.5326821520575713,-1.0385197315527046
-1.55113634612648,-0.864920249970063
-0.9237829163321685,-3.7690023098302925
-0.7700901940116118,-2.0842727337194527
-2.044662089610977,-0.398351064713105
-1.0378175690421294,-1.7039064083410347
-1.6482548430213164,-0.9222906742406929
-0.010305972362441906,-0.5437256012273872
-0.5182259991416167,-1.5596684131933296
-1.5491988375434111,-1.815249315292939
-1.51889118697731,-0.8928958092046821
0.2600676104775239,1.045055040328399
-0.749157996440811,-0.45194970706234816
-1.9919928028830718,0.18270052334536668
1.1839808509102632,0.18619073292483446
-1.1425076439627837,1.6522647227929985
-1.1394670918235015,0.8426872577356255
-1.8339452460059356,-0.4748252544714058
-0.7323931172141265,2.152093657462493
-1.974620552326126,0.13696134945620653
-1.6849246933707427,0.25822676083315965
-0.72303256538002,1.6923748340295708
-1.7365486338385772,-0.16755329707394484
-1.17196735885231,0.7225347842859184
-1.7304959013709258,-0.5313814792944038
-0.6356833889731597,-1.6171368274999702
-1.239112706447525,-0.541377655060395
-1.7310983851203154,-1.2216571483923042
-1.30769631412117,-1.9728635464025581
-1.2289911225089263,-0.8875194702459419
-1.4502892210730742,-0.25599776843319777
-0.7437547161826323,-1.9320663128210152
-0.10201797034828175,-0.3917931232763374
1.4244545981636811,-1.2759088192297066
-1.6850102856406401,-1.38139521220456
-0.250709624553604,1.2547881688760674
-0.33720144775001515,0.6410394992517388
-1.1593860104331206,0.8377693977044975
-1.0851922943839263,-1.7304562244726265
-1.2440129235037993,0.2451421107934868
-0.4609163716086577,-0.9852856312109077
-0.5184126808890532,-3.1638969097448433
-1.2613495304831694,-1.1835182819677437
-1.4186824276694487,-1.261334291489228
-1.523838253284378,-0.9671131286932075
-1.9648540928610991,0.8799241866754448
1.5745424315682222,-1.805495611221894
-0.11392983939735402,-2.6460779819799507
-0.44375595595924366,-3.5094708118749702
-0.6723350003012847,-3.938939443619355
0.08509054634483348,-3.0431202564550484
-0.41993555572120655,-3.1775125179601753
0.3271729037514497,-0.6752005729986275
0.6861027762642671,-0.062402597458466325
-0.68598422553627,-4.047932497055634
1.4965752646675874,-2.027829996140107
-0.3141201451071929,-3.346100679428681
1.3996252104988862,-2.022588602097138
1.4103116080513765,-2.1155193958593452
1.4243988082161714,-0.6344436321569527
-0.44514545943824757,-3.951116434128388
1.3755020186653901,0.004392513244048324
0.30603208992393505,-0.6762155208898628
0.3367754504433442,0.02546895405520555
0.5562809989205171,-0.9922012005163277
1.3928693816414643,-1.2394379291845405
-0.3337117150077056,-3.533886781723603
1.0970496222725679,-0.5696788940740669
0.056074766849594226,-1.0838788662267769
-0.831771226192398,1.589175709693328
-0.5894208863028716,-1.5215734157873237
-1.4458125546225737,0.31647146603335496
-0.9329403355368804,0.33683741947878953
-0.9219957306632232,-0.8581324730230415
-0.3518460705527495,1.1586787786172783
-1.1544636204489898,1.7334597196267998
-0.4355066731223296,1.5299497928308403
-0.35861143615333546,1.297035225837127
-1.7400688841590117,0.22280825039614793
-0.7049427941092681,-0.3544951591802681
-0.0074058487662505,0.8831929053949272
-1.2392543270835112,0.31283868214358446
-0.7866981938132476,1.6175566997217095
-0.36435994651405323,1.0790140714334404
0.07990231964500438,-1.6028693828893745
-0.41199764754859913,1.8766726340936577
-0.7527831509360503,1.4745550241159355
-1.2747499659308623,-0.8432406101537788
0.5732997939339448,1.6861856069253838
-1.7083856776007842,-0.09105836489926222
-1.6098777964362334,-1.6034711513830269
-1.1610356285819243,-2.299518457443818
-1.644849987293167,0.4137989368127739
-1.2910990431555938,1.3565261449502861
-0.5931106522330474,0.6598883952783501
-1.8007944538840484,-1.6110500011755073
-1.5811525299796294,-1.904811254532441
-1.5296772434958648,0.23695124050845262
-0.34282001998512257,1.1622657861398613
-0.33846745040504445,1.3708113517450249
-1.7003761246451568,-0.3780730877233589
-0.8542970135459136,1.6876256551431572
-1.2760396912345122,1.2134250487970268
0.14857998344810497,1.8515721645044243
-1.5357062533148955,-0.3488849315954292
-1.6978046610602568,-0.6075500164342964
-1.430540175701065,1.1151206578897392
0.42421141121299755,0.8941897239374077
-1.9536696388968657,0.8152045097040093
-0.7300597145804595,-1.209177366287812
-0.992718549037857,-2.04482876399289
0.025342135166244617,-0.25577770808468703
-0.8057166054496001,0.3421875323938286
-1.2785242512473296,-2.001880994827851
-0.7405968621024321,-3.2525929127050484
-1.3819900467642974,-1.976126543076142
-0.47884616401283253,-2.853748670609101
-0.935101361537857,-4.067890039475068
-0.1925264313468169,-0.01309930423031691
-0.43469056632606495,-2.5498036060644234
-0.4872485115775298,-0.5691295776678169
-1.0137189343222808,-3.7243407879186714
-1.444339127803726,-1.1161898289037788
-1.4701630785712432,-0.14860211947689894
-0.7581151440390776,-1.145228735001191
-0.7732482865103911,-0.6196948204351509
1.5881699607125093,-1.3396028194738472
-1.5085181906470488,-1.5117906246496284
0.2796846911660005,0.6610006179498589
-1.114491076732559,-2.4967192325903023
1.4450992629280854,-0.044679513962372575
-1.0175875141867827,-0.9637132797552193
-0.2578628971823882,-1.0485967312170112
-0.23404941108314503,1.430397042243377
-2.0657469942816924,0.7608114566491997
-1.3101916029700469,-0.7058313999487007
0.4676767871132661,1.1353375997232353
-0.6296444847830962,-1.4421733532262886
-0.9612377598532866,1.581319698302642
-0.7612343743094634,-2.121042600662812
0.31727591011436473,-0.4605003509832466
-0.35397252585975636,1.143920549361602
-1.3283302500495147,-1.0551046047521675
-1.1201659157523345,-1.0178049717260444
0.11995115730674755,-0.6238254223180855
-1.8244421198615264,1.0041416968988335
0.13583174202354442,1.516206630675689
-1.0808802559622954,-0.2908817444158638
-0.08022269752113331,-1.2308367405248726
-1.4774982645758818,1.2109896030115044
-1.0721729710349273,-1.965726724655732
-0.1841042950400542,-0.850910297424897
-1.0930829956778716,-1.5139950428320015
-1.3607978537329863,-0.9362231407476509
-1.3868512823828887,1.2742148723291313
-1.2810696079978179,-0.37067805865536574
0.6807354972115327,-0.19802342990170363
-0.7616892769583892,-1.9923175487829292
-1.3881784394034575,0.530660280196563
0.41667237732322704,1.7357748832391655
-1.0964685395011138,-1.4231885586095894
-1.1423834278830718,-1.4729903850866402
-0.8363188221701812,0.08435667416323778
-2.136583657527847,0.003186353652373519
-1.1115005924948882,-2.6183417949987495
0.10470452759178173,0.3274611320184624
0.563281206821518,-0.18769322970639113
-0.9748390629538726,-1.5757406864477241
-0.8442398026236724,-1.276447645218476
-0.3580106213339995,0.5723534907983696
-1.324797005916519,-0.7033566150976265
-1.9448238327750396,0.06550253292788621
-1.6315492108115386,-1.92357050517331
-1.071386189723892,-2.4230583820654
-0.6195178940543364,-0.8425775680852974
-1.0302806809195708,-1.4663752231908882
-1.5345279886969756,-1.7866829548193062
-1.1353324368247222,-2.460748067886933
-0.9371376946219634,-4.032223096878632
0.528721003269272,1.6973400201486504
-1.5255442574271392,0.30909741780032274
-1.5225810721167754,-1.8347552929235542
-1.4281828120001983,-1.9133747730566109
-0.2885366394766997,1.6874625768350517
-0.6689189388999175,-0.21579133609066847
-0.6308582737693023,0.0997258510278618
-0.5198532059439849,-0.5003584537817085
0.11007776710899364,-1.0891240749670112
1.0785712287178804,-2.1304029140783394
1.3470863387337495,-1.8277667675329292
0.5118373915901948,-0.5156921062780464
-0.3897613003501128,-3.5058511410070503
2.1477731749764253,6.084397920577422
0.5970555827370454,-1.6915830288244331
1.359191326831894,-1.7101143513036812
2.0174750373116304,5.94142235180606
2.036221413349228,6.177426465957061
1.5780934378853608,-1.197224012405976
1.483160881733017,-0.9891303692174995
0.2190345809212495,-2.1920722637487495
1.5573429152718354,-1.0474589977575386
1.3946417853585054,-0.5923679981542671
-0.015042395854873547,-3.450911394150361
-1.0613091900595855,-3.989746442825898
-0.5868600323447417,-3.334048143417939
0.11930051300437938,-2.000975004227265
2.05050840828331,5.689502128569976
0.9772481009712983,-0.9083920631719673
0.9578236624947358,-0.6221402798009956
1.315734295581894,-0.3840559635473335
0.8378533408394624,-1.5387843761755073
0.2637762114754487,-2.350551000626191
0.19679942581565868,-2.1868308697057808
2.070828823780136,5.985561021773711
-0.05073270347206105,1.4374352779077446
-0.08623656776039113,1.812103995292083
-0.24277481582252491,0.7178117122339165
-0.6256779148825835,1.9590370740579521
0.4849618956795503,0.5561264838861382
-0.0603998615988921,-0.6190389309240425
-1.8331073239096831,0.9643346156762993
-0.9576893761405181,-0.11949121096859816
0.21604648086936962,1.7999550189660942
-0.6473329975852202,0.4858936156915581
-1.2121616318473052,1.2100054111169731
-1.3657929613837432,-0.6092539940191353
-1.0138803437003325,1.5276184167550957
-0.752453894878311,1.7340133275674736
-1.1418944313773345,-0.20427238085995558
-0.4754351094016265,0.4496589984582817
0.83645811531456,0.6445645179437554
-1.8287819340476226,-0.3198441181493843
-0.9612801983603667,1.4955484952615654
-0.39939603355018605,-0.1680670891119087
-0.21726545837013234,1.5852614726709282
-0.037776322627944836,1.7634346570657646
-1.6579553797492217,-0.8248191986394966
-0.3284176304587554,1.1281935062097466
-1.951860518718643,-0.46955596545468214
-1.5329147293814849,-0.07218324282894972
-0.4153953507193755,-0.019568553955658707
-0.4973166897544097,1.6218946065591728
-0.7560277893790435,2.1768857922243035
0.8056487128487397,0.588026412932769
-1.389786215091629,1.5441415395425713
0.32944002602012645,1.1617432918237602
-1.4036283209571074,1.3230967607187187
0.6150151774636079,0.5469597663568413
0.1654006526222993,0.6758915271448052
0.15893259498985302,1.8450069513009941
-0.4254520848044585,2.062544235198394
-1.5150605156668853,-1.0312794361425484
0.22716131660850536,1.4288065519021904
-1.78080365207283,-1.3897541675878609
0.4870232627144624,0.9243828143762505
-0.14438066032020558,1.8699896421121514
-1.67737826850502,-1.797312131912812
-1.3078552201041411,0.7730048980401909
-0.7991836979636382,1.968261131255523
-1.9531274750479888,-0.4099813614202583
-0.9661129429587554,1.0679510917352593
-0.2600146248587798,0.4579709853814995
0.18081417534263622,0.5605584468530571
0.7933115050545503,0.5601159419702446
-1.0906220391043853,-1.3611982975317085
0.743794827198105,0.5288955058740532
-1.040500016475601,-0.9073001060796821
0.03739586326988231,1.5868889178918755
0.002501396869735828,0.9908210124658501
-0.8015364125022124,-2.1393893871618355
0.09350386116416942,0.7103129710840141
0.3485960051766206,-0.6821631107641304
0.21300378296287548,1.1689312543558037
0.8081950232735444,0.32364285847415086
0.024037031864242664,-0.3998130474401558
-2.1549060061225127,0.05938495060671922
-0.5447085812339019,0.9607995834039604
0.3352722213021089,1.1817102517770683
0.14691272232444774,0.11632216831912157
-0.696137042308731,-0.28211557009945754
-0.23615846183387745,-0.4701555881811226
0.08821454498680126,-2.515992036850556
0.0566815421334077,1.7928996171640312
0.4638308570137788,0.23516333958377
-1.585980267787857,-1.2472933445287788
-1.321760626102371,0.5420109119104302
-1.7290653898963164,-0.22497736552487257
-1.4248813107260894,-2.1672280941320503
-1.9372536852606963,0.9689155902551567
-0.6412223294028472,-0.8924785766912544
-1.886318059230728,0.22388876339663621
-0.6868689968833159,-0.7753647480321968
-1.2901223614463042,-1.5973485622716987
-0.10443267371742238,2.0619391288446343
0.034771828388290515,-0.013800731690033707
-1.0505853607901763,-2.125373235733613
0.3358580157509614,-1.2504948292089546
-1.8971179440268706,-1.494129529984101
-0.03442439582435597,0.6195875491784966
-1.4810026600608062,-1.6731809292150581
0.6676813647499849,1.688967951743499
-1.407792897487564,1.636968144385711
-1.0597392037162017,-1.9253252659154976
-1.236939044261856,-1.3694866810155952
-0.638867230678482,-0.9872049007726753
-0.44801148917762745,-0.004502883942230973
-1.3284442141303252,-0.7807177219701851
-0.22799977805702198,1.6942763414071953
-0.3839925244101714,0.8570331420587456
-1.9280609801062774,0.8118189658807671
-0.7162559941062163,1.1538444842981255
-1.4898836329230498,-1.7213967953039253
-0.3380976631888579,0.9717766132043755
-0.5396958306082915,-0.9396012935949409
-1.7780010416754912,-0.44753967860470656
-1.0564528420218657,0.024789222686186996
-0.5439985707053374,-0.7679151211095894
0.02254858467491161,1.9079053487466728
0.037718443607406726,-3.238556734116181
-0.7857447579154204,-1.6554812107397163
-0.805526109004898,-4.167219987900361
0.1587931201210786,-0.32559215167294386
-0.6411708309897612,-2.1397513065649116
-1.448030205036087,-1.6051191006017769
-1.109880538249893,1.2970076884912407
-1.060277552867813,-0.15945541003476027
-0.8941749050864409,1.1070079888986504
-1.1687310650595855,-0.33255039790402297
-0.1556437924155425,-0.3044220123601997
-1.0004661991843413,-2.398365369827851
0.7542575881233979,-1.7209938679052437
-1.8524338915595244,0.13465989491213914
-1.4505024864920806,-1.0829404506994331
-1.425617785716934,-1.2247236881567085
-0.8182080700644683,-1.3430875454259956
0.5559476897469331,0.17762626072634813
-1.2104838803061675,-0.5510913048101509
-0.45562514808265675,-0.803617588074311
0.10915961716087352,1.620554455726043
-0.9052902176627349,2.3018738116907036
-1.2837973549613189,-1.9823454532934273
0.7514981314888765,-1.637397638352021
-1.4340479090460967,-2.125143877060517
0.13050880882652294,0.6476384486841118
-1.8909749701270293,0.1056300487207329
1.099258808826523,-0.9638005409551704
0.8056315467110444,0.17957986256350633
0.4337286040535737,0.9634021606134331
-0.4705213024863433,-0.34344183543454054
0.18924298736961376,-2.5421069774938667
-1.3879337027320098,-2.007646432907685
-0.36613544967262257,-0.6944998417211616
1.011424927448349,-2.125706544907197
2.1179632231941987,6.18760097882022
-0.9714134648093413,-3.6377576504064644
2.104287533496933,6.186869510619537
1.2845939681282807,-1.0331810627294624
-0.3884952976950835,-3.7145827923132027
-0.47533831145851124,-3.800873151810273
-0.4605041458853911,-3.733560434372529
1.3488277480355073,-1.767085424454316
1.272946266864853,-1.9885486278844917
1.6422170684090425,-1.229049078018769
0.24350705597312938,0.7811938609765923
0.7238048598519136,0.35511721035708543
1.473505406116562,-2.0296977672887886
1.5533870742073823,-0.9783362064672554
-0.11397656943885792,-1.2975944195104683
-0.9222119763144683,-3.5935572300268257
0.5650779292336274,-2.341616502792939
-0.33480295684425343,-3.6341499004674995
0.023008494113998523,-1.0313452396703804
2.2139009520760347,6.025962957351104
-0.41392359283058155,1.0714994754480278
-0.1322391941794585,0.6324488010095513
0.24906912300498973,0.5146123256372368
-0.30900225188819874,0.9426041927026665
-0.5734566166648101,1.0300227489160454
-1.3776774122962188,-0.43465863803158644
-0.6004892304190825,1.6583653773950493
-0.9238580181845855,1.4850692834543144
-0.43648943450538624,-0.7039092693639839
-0.8497348740348052,1.5606077994989311
-0.6111770584830474,2.1447627629922783
-1.496061654354019,0.14982832333315965
-0.13147196319190968,1.2347357358621514
-0.685277552867813,2.3775784458803093
-0.42287978675453175,1.4911319102929985
-1.4596981718787383,-0.5969990406347359
-0.5814925148734282,2.2486835207628166
-0.5842848732718657,1.367322215049163
0.38209739181907665,1.5480707969354546
-1.3410352185019683,-0.854464403183564
-1.64954361465065,-0.117528310806855
0.3266226336708833,1.6428135718988335
-1.2936857655295562,-0.88444434741269
-0.15885314490882863,0.9330240573572075
-0.9705856755027007,0.16360796353091356
-1.208473058010025,-1.903818479569062
-1.3125022366294097,-0.6923381004644478
-0.0560813858756255,-0.15595447161923293
-1.470812769199295,0.3196488704370415
-1.1587420418509673,-1.3611301098180855
-1.7408437445410918,-1.6793373737646187
-1.6277444079169463,-1.250427595169648
-1.1101368382224273,-1.4690731678320015
-0.018727154994888195,1.3887019242929375
-1.013134808803482,-3.9934242878271187
-1.2373472168692778,-1.2258361492467964
-1.7727626278647612,-0.7987691078497017
-1.8550970270880889,-1.4294599209142769
0.2794448420754243,-0.7699714813543403
-1.0017887070426177,2.0603628244089043
0.36741986725242626,0.37715638539065477
1.279953388904648,0.10027993580569383
1.169562248920517,-1.2646540317846382
0.0872901961556245,-1.1651791248632515
-0.5995586827048491,1.0779886331247246
-1.1580294087180327,-0.047696462662323746
-0.7164483978995513,1.8310808028863823
-1.064261050487442,2.070610949008361
-0.7531960919150542,0.15286172291506883
0.2801195666542817,1.780606159179107
-0.4057367756613921,0.9990025844262993
-1.379639239574356,-0.5090047035528267
-0.35337671783058155,1.2797523822473442
-1.0855139210471343,-0.4289606724096382
-0.9782052948722075,1.6102582301782524
0.1919795558205415,0.2143656100915825
0.1548875853768159,-2.1136377964330757
0.16446128342063915,1.1363898601221
-0.29882249381629933,0.10900605580081102
1.3771507652293735e-4,0.27327145001162645
-1.2645119145163726,-1.04297386744748
0.5080718085518647,1.2031567182229912
-1.8506318047293853,-0.3042806301427925
-0.012584061885757336,0.908606418578521
0.9509347960701753,-0.03179704287777785
-1.5420326903113555,-0.8799055729223335
-1.9600653364905547,-1.1525424633337105
-1.1391871884116362,-0.5728536758733833
0.41779985878379833,-0.10699974635373
-1.2633243515738677,-1.0611003551794136
0.2549709365120698,-2.140822282822236
0.0815223738899995,-2.1383427295995796
-1.0176456883200835,-0.5609129581762398
-1.370091767574234,-0.793267360718354
-0.7554241135367583,-0.755160203964814
-1.0773442700156401,1.7680045451806938
-1.0117681935080718,-1.0558046017004097
-0.10757073905555714,2.105132230727569
-0.23378214385597218,-1.5062812481237495
-0.6378787472495269,-3.6615008030248726
-1.6776761725196074,1.2611087646173393
-0.20449695136634816,-0.08626996615658644
-0.7865601494559478,-1.4269655857397163
-2.1218363955268096,0.5519195880578911
-1.3422994330176543,-2.3589609775854194
1.631065277790146,-1.2930382404638374
-0.5837660744437407,2.0494202460931694
-0.11543616798011769,-0.7933901462865913
-1.4928086712607573,0.965974697081939
-1.8437798931845855,-0.38411938288937453
-1.1138037159690093,-1.9295819912267769
-1.8571234658011626,0.9576443519281304
-1.0471628620871734,-3.963985315353974
-1.599119277263565,-0.921844831497773
-1.503201456333084,-1.3496154461217964
-0.9912982895621489,-1.2391341839147652
-1.4999576523551177,0.4812911834405815
-0.8041673615225982,0.07432163616885301
-1.2528582527884673,-0.39410363772641066
-1.320657224918289,-1.878864637405976
-0.9922815277823638,-0.8967937145544136
-1.9699017718085479,0.661383518187896
-1.2228835537680816,-2.185611120255097
-0.6538968994864653,-1.4846862469030464
-0.9609104111441802,-0.4878767643285835
0.24896135780723583,-0.7162212047887886
1.148284344410019,-0.901543727905854
2.204495339130478,5.893894323317901
0.19624176475914012,1.82057274243106
-0.6924103214987944,2.3057702865289604
2.4035505339852143,5.877679475753204
2.000210671161728,4.636848339049712
2.0907625243416597,6.10909665486087
2.307364849781113,5.228284486739532
2.060196308826523,5.479582914321319
2.181620983814316,5.869509347884551
1.887091545795517,5.235546478240386
2.1929821059456636,5.127526172606841
2.001337437366562,4.688821920363799
1.8349584624520112,5.228329786269561
2.3570326850167085,5.432669767348663
2.4104103133431245,5.489102014510528
2.1874999091378022,4.793327340094939
2.2045015380135347,6.03290069958438
2.123968987201767,5.251478084533111
1.9686469123116304,4.941564687697784
1.864139942859726,4.133204707114593
0.4213542029610444,2.2485562052415764
2.2007078215828706,5.009484299628631
2.2442282721749116,5.030477174727813
2.125287918781357,4.868107208220855
2.0583895728340913,4.979837902991668
2.1707371756783296,4.605854281394378
2.3234328315010835,5.620864042251006
2.233634381031113,5.131946214644805
1.9492215201607515,4.656899103133575
2.091474919056015,5.1036220874475395
-0.49385079887001027,2.3383045878099358
2.2227362677803804,4.691497692077056
-0.12798723723976124,2.0435651030229485
-0.23498258140174855,2.2350488390611565
-0.7266810848960112,2.1454681243585503
0.4511527106514741,1.5332689370798027
0.7563780829659272,2.121920296161071
0.3549791857949067,2.21059800049533
2.3902024314156343,5.871321567504302
1.7977556273690034,4.682637104003326
-0.041178794170303235,1.9334427203821098
2.1248034522286225,4.658356317489043
0.5381773993721772,1.9459300126718437
1.9338597342720796,4.814510354010955
2.0290979430428315,5.213776000945464
0.7039801165810395,1.8362159814523613
1.8900026366463472,5.003126868216888
0.2286762282601167,1.7067306127237236
2.298919110035019,5.805560001342193
0.743801979755478,2.1977341260599053
1.5716432616463472,4.666950472800628
0.07142224762352001,1.5561157550500786
2.279179005359726,5.126186975448028
1.9579009101143647,5.58560336491336
2.1255921408882905,5.391268142669097
0.05513229820640575,2.4388741340326225
-0.7717657997855376,2.338303216903106
2.041855244373398,5.593098768203155
2.3761018798104097,5.7484537448572075
2.288073925708847,5.1509102668451225
0.48422470543296825,1.7971061553644097
2.368503956531601,5.361923583953277
2.3385480925789643,5.152555355040923
0.4794098422280122,1.7511165227579033
2.2108601615181733,5.139727481810943
2.3070687339058686,5.208751567809478
1.708575157856064,4.784332522361175
2.2226847693672944,5.011666664092437
2.225364117359238,5.0750528659509575
2.222775368427353,5.934461244552032
2.1210760161629487,4.950424560515777
2.1309165045967866,5.010461815802947
2.1323689505806733,4.5782643642114556
1.893474011158066,4.857424506156341
1.9614795729866792,4.883323081939117
2.1288250968209077,4.870172866790191
1.9145282790413667,5.039745220153228
2.07912865135582,4.714023717849151
2.347875981067734,5.3999968852685845
2.109616665577011,4.766738423316375
2.4238027617684175,5.64707363507022
2.2489322707405854,5.8719326343225395
2.2688745543709565,5.117257961242095
2.3376816794625093,5.234333166091338
2.2925581023445893,5.198776611297027
2.326025395130234,5.377903827636138
-0.1355026676902007,2.1283853735612785
2.0407113120308686,5.059977897612945
-0.6015473320731353,2.3777683462785637
-0.5743175461539458,2.3390705074952995
2.1818098113289643,5.997875341384307
-0.7224725201377105,2.297937699763671
-0.4754868462332915,2.1926013316797173
0.04181590530784618,1.9518019046472466
0.29889097664268505,1.9403530444787895
-0.7019563629874419,2.3832575764345085
-0.18282947089759816,2.1090471234010613
0.6768828913918306,2.19690627714862
2.422076134418564,5.450591453521148
2.313642410968857,5.227348693816558
2.1368764922371675,5.909447320907012
2.1268900916329194,6.083924421279327
1.8680762336006929,4.5348012532876885
2.446527867054062,5.949028142897979
2.0203441664925386,4.667218574492828
2.247677712177353,5.820491441695586
2.4106291815987397,5.834890731780425
1.9388498351326753,4.930697211234466
-0.8222986176261138,2.309015640227691
0.6518780276528169,2.585260459391967
2.42194977257164,5.645629295318023
0.809379486774521,1.4498572435068047
-0.10673770454017628,1.8383282508539116
-0.1862858250388335,2.1793232645677483
0.5191866442910005,1.5931967582391655
-0.07305249717323292,1.6411428537057793
1.7962340399971772,4.78579057118167
2.4362725302925874,5.5901213969873345
1.7768587157479097,4.530203589408294
2.004496960376816,4.950412401168243
2.094036011432724,5.004971155135528
-0.8229709580191802,2.289775499312774
0.49684658501060497,1.9004050578760063
0.44465866539390575,1.825001248328582
1.6843365714302827,4.600433954207793
2.2744173094979097,5.1122726287530815
0.8047074362984468,2.005378731696502
2.244187264179306,5.291240104644195
2.2637023017159272,5.018862971274749
2.261783508991318,5.359163412063018
0.8685773894539643,1.3684676971124565
2.356216816639023,5.734202512709991
2.2158392951241304,5.099024900405303
2.182288078998642,4.756067165343658
2.124703793262558,4.627755173652068
2.2165059134712983,5.9868337001489556
1.802468209003525,4.8266960467981255
2.0652302787056733,4.540231951682464
2.317367939685898,5.2574352111505425
2.098606495594101,5.126070150344268
2.0877522513619233,4.878998049704925
2.1167844817391206,5.315205940215484
2.2085031554451753,4.902642020194427
1.7751583144417573,4.575857767074004
2.1415876433602143,4.700638302771941
2.4210213706246186,6.0514158096002495
2.076547054981308,5.835456737487212
1.798074154590683,4.750762351958648
0.6197017714730073,1.7254877175973808
2.2573937461129,5.184096464126006
2.353486447071152,5.58893383404483
0.6783308074227143,1.8084601249383843
2.0260976836434175,4.688085087745086
-0.24585065391151417,1.8561612453149712
2.185431389545517,5.938019880263702
2.06013336632164,6.130797275512115
0.6688550994149018,2.3610258783983147
2.3393696830025483,6.037090667693511
2.1276954695931245,4.5180895414041435
2.112574486469345,4.760214933364288
-0.4612618401297759,2.265135535209075
-0.19993123557655323,2.321823486297027
-0.7649382069358062,2.335385211913482
-0.7613855316886138,2.331855722873107
1.8393863723030854,4.71291459461917
1.9344672248116304,5.522417673079864
1.8221420333138276,4.801708229987518
1.7261528060189057,4.575677522628204
2.4398411795845796,5.908454307525054
0.20973315689476024,2.1112308587716972
0.3076147124520112,1.6940018024133598
1.9375366255989839,4.601120957343475
1.9925698325386811,5.349106439559356
1.9835428282967378,4.929045924155608
2.306724934314804,5.4264744605707085
2.1097840354195405,4.790225514380828
2.123894123767929,6.019905933349029
-0.28977832343666066,2.219671853988067
-0.5037306263693999,2.3462373699830925
-0.1577521279105376,1.847057231871978
2.112522034381943,5.1100331630395806
2.323100952838974,5.9821268405603325
2.303010372852402,5.953303703277007
2.2270306632271577,5.2181826915429985
2.205593971942978,5.309619077651397
0.1638125464669038,2.095667728392974
2.263090996479111,6.017992862670318
2.0878023192635347,6.094021686522857
1.87915888283165,4.866517075507537
2.188048271869736,5.970582851378814
1.8366397902718354,4.987918385474578
2.3452552840462495,5.3064442958520806
2.2312320754280854,5.836547264068023
1.9100107238045503,5.1126669730829155
1.928994564746933,5.006972202269927
2.2998055503121186,5.2215489234613335
2.1285165831795503,4.639481076209441
2.157713799213486,5.995395549743072
2.2479046866646577,5.800875076262847
2.4081634566536714,5.898052104918853
0.7489251181832124,2.4624567713426506
-0.8125163033255767,2.3315573420213616
2.0769518897286225,4.554133781402007
2.1613778159371186,5.231089481322662
2.3126696631661225,5.888769992797271
1.9663919493904878,5.141867288558379
1.9631651923409272,5.854013570754424
1.7193078086129,4.7604400005029595
2.1471699759712983,5.4462453212427056
1.911648659442978,5.449716218917266
1.7303356215706636,4.625362524001495
-0.3839283898123931,2.320350119082824
1.9038728759041597,4.651956685988799
2.1987899825325776,5.203370222060577
0.5237061068764497,2.5756931390451347
2.0680383727303315,4.564302691428558
2.1076873824349214,4.753081926314727
-0.30923375632850636,1.8929823722528374
2.2251352355233003,5.251944908110992
0.2780832335701753,2.098831185309783
2.3950814292183686,5.954780944793121
2.435229210590439,5.817966350524322
-0.43897709395973195,2.3657530035661614
-0.39521441009132374,2.272956022231475
-0.23850855376808155,2.209653326480285
-0.8195649101981353,2.342584678141967
-0.221882195735855,2.3193234886812126
-0.6910048439749907,2.31421310564746
0.26951637718589794,1.6588307704614556
0.7128714606514741,2.2045859183954155
2.314278988575058,5.849364408461944
2.1248811766854097,5.6765519466089165
2.1433247611275483,5.366008647887603
2.048404602741318,5.109934696166412
2.1304821059456636,5.07421625515689
2.09148683998497,5.678599485366241
2.3094696089974214,5.718183168380157
2.391624836658554,5.50020445248355
2.2075575873604585,5.678520568816558
2.2191685721627046,6.022061237304107
2.297007946704941,5.3973208751367485
2.233968643879013,4.954106458632842
2.160557179187851,4.7500159825967705
2.0713886306038667,4.945267089812652
2.1305312201729585,4.646627673118011
2.1064852759590913,4.856893071143523
2.089538006519394,4.821657070128814
2.1633843466988374,4.802880176513091
2.2991570517769624,5.266515621154205
1.920299439167099,5.026535400359527
2.1554826781502534,4.68960202595462
2.3147357985726167,5.9052506770776665
1.6172050521126557,4.5858608569787895
0.3866995856514741,1.5022591437982475
2.0818227812996675,5.545432695357696
1.7392920539131929,4.329339274375335
1.8557080313912202,4.531403669326202
2.0862120673409272,4.8380029287027275
0.6245130583992768,2.6820311035798943
1.969127087329941,5.076397785155669
2.0367268607369233,4.9793932523416435
0.6301957652321626,1.8538949575113213
2.076208500598984,4.5457265462564385
0.2336520240059663,1.9779673900293266
0.6762086436501313,2.201618143527404
0.5718578383675386,2.0445609774278557
0.7468852088204194,2.1198073115037834
0.6848498866310884,1.7952258672403252
-0.0033799126395415158,1.8913858022378838
2.1406206176033784,4.885173329322234
-0.17298516776649464,2.1374862279580986
-0.3230675175437163,2.2482940640138542
-0.5381680443534087,2.312444516627685
0.469312815403061,1.7858425464319145
0.19653621170433055,1.9542602386163628
0.14549818489463817,2.2065377320932305
0.5215210005989839,2.2282950963663017
-0.2397046997794341,1.841648706405059
-0.006321997905654797,2.1378453459428703
-0.15467295196144093,2.072841712443725
2.0302194640389253,4.828776248900787
2.353005318378525,5.775922664611236
2.112679867481308,4.964414605109588
2.0322197959175874,4.792031892745391
2.032700447773056,5.208651193587676
2.1602529570809175,4.7711317624734795
2.088404564594345,5.13730801007022
2.0781930968514253,4.698825129477874
2.137579350208359,4.830358513800994
2.1184839293709565,6.135538228957549
2.3620733306160737,5.801934131591216
2.1295832679024507,4.669325956313506
2.064163593982773,4.633769401519195
1.9855274245491792,4.693219551055328
2.0523246810189057,4.75864590069522
1.9393037841072847,5.502182134597198
2.0848936125984956,6.0636369075464165
2.278941540454941,5.7366951789544975
2.2364691779366304,5.513094314544097
1.9897202536812593,4.500095256774322
2.3783568427315522,5.540306219069854
2.0908726737252046,5.91781509777774
2.205420403217392,5.313594945876495
2.2293495223274995,5.0983775939630425
2.0043992087593843,5.2170511569665825
1.9794439360848237,5.088067182509795
0.7458385512581636,1.4325556840585625
-0.5856851055869292,2.3189674701379692
0.4620155379524995,2.254252501933471
0.25249257538230907,1.5683642711328423
2.076932339405136,4.726153501479522
2.081769852375107,5.091308483092681
2.266680626606064,5.24463165661563
2.001346974109726,4.678927906958953
1.9689806983223725,4.8049184169458306
2.254637627338486,5.232142576186553
0.44424381706626903,1.9126122083352959
2.3287314460030366,5.517351755111114
2.004175095295029,4.696861752478973
0.19207945320518505,1.896730312316314
1.8442324683419038,4.541091927497283
2.1285642668953706,4.730426200835601
2.011523632740097,4.982675560920135
2.402995495533066,5.748513587920562
2.149777798389511,5.200960763900176
1.8664082572212983,4.214082130401031
2.1434701964608003,4.984609135596648
2.1031693503609468,5.359041580169097
2.2235845610848237,5.286442407576934
2.047510533069687,6.1031009044336235
2.013732342456894,5.438268550841705
2.469629196857529,5.861440786330596
2.1647385642281343,4.954827913253204
2.427125839923935,5.792880662886993
2.436276344989853,5.782090553252593
2.3655399367562104,5.580505260436431
2.093805699085312,4.792768129317657
2.2056678817024995,5.036834606139556
2.116782574390488,4.744748720137969
2.4376176879158784,5.665600666015044
1.9990247771492768,4.842214116065398
1.9786547705879975,4.895329960791961
2.2926572844734956,5.94490135571231
-1.8804014637717437,-1.5009115848852241
1.332981495594101,-1.75602900126706
-0.9531095936545562,-4.028436056168183
-0.8238357022055816,-4.015264860184296
-0.47169599082557667,-3.3528951320959175
-0.5625661328086089,-3.985373369248017
2.075363545154648,6.044016250579253
1.0867003485909272,-2.3490852032018745
-0.8514302685507964,-4.059652677567109
1.8924101874581147,5.628180393187896
0.4400700614205171,0.9026073302911675
0.6833578631630708,0.49362386128176805
-0.7251671269187163,-2.031301847488984
0.392645506595688,0.33182133099307176
-0.7661198094138335,-1.7550386104894722
-1.0230360939749907,-0.194113365204438
0.350366978382187,0.171473154036895
-0.9980295613059234,-2.244502416641816
-1.5281886770972442,1.535181650130645
-0.6722997143515776,0.23084033390750047
-1.4103369429358672,-0.49545036891232375
-1.4496868565329741,0.12813342472781297
-1.6911961748847197,-1.4357250843359077
0.3109859511605073,0.0028525676416313317
-0.4853716805228423,-0.0028101120306098792
-1.8945382550009917,-0.13362967112789992
-1.832520337367935,0.57134498020877
-1.4229551270255278,-1.325862279923066
-0.9601977780112456,-1.4750407848669136
-1.085097880626602,-1.8886235866857612
-1.1061461880454253,-3.6905845318151558
-0.6597386315116118,-0.9754394207311714
-1.7715553953894805,1.0516476716684258
-1.0640698387870025,-0.7114914570165718
-0.4180930569419097,-0.4173651848150337
-0.46851906325904835,-1.9550980243993843
0.07164588425071727,-1.6325343761755073
-0.393182130123062,-2.0622762356115425
0.5014165923348237,-0.5832167778326118
-0.4090662911185454,-0.7977610740972603
1.296374230121689,-0.2583526287389839
1.534986405109482,-1.5631188068700874
0.42970815155418407,0.13922131916751024
2.0207590148201753,6.050737747161285
1.9815987632027436,6.0636886443780815
-1.2923104479560088,-2.083565107376679
-0.39854344871131886,0.8003598537134087
0.34439197037132274,1.7643648471521294
-0.9401093437918853,1.4315694656061089
1.265807537769394,-1.4173468265844429
1.5920070693245698,-1.2456229839635933
1.2470754668465425,-0.8131214294744575
0.7525314376107026,-2.028811803848847
1.102378754352646,-0.4508143577886665
-0.333027215267105,-0.9944070492101753
-0.07122334983436573,-3.4489544544530952
1.027164845203476,-2.375507703812226
-1.5836969330558013,0.2563906993554985
-0.5664602234610747,0.00732315441836473
0.4954437300911714,-1.5370405826879585
-0.7224818184622954,-1.1695274029089058
-1.8686285927542876,-0.07736455538998488
-1.0284987404593657,-1.941174379379853
-1.3238577559241484,-1.8118694935155952
-1.7026939108618926,0.9400805320428764
-0.6331969216117095,2.2305322374986565
-1.4703850462683867,-1.8788961086584175
-1.0220211460837554,-2.4653361950231636
1.4714263961067964,-1.1008833561254585
-1.303896994853897,-1.8082994137121284
-0.4902671292075347,0.6909707870172417
-1.059432597423477,1.5068365420984184
-1.7372863009223174,0.7205513801263725
-0.9473520233878325,-1.6340941105199898
-1.5636795475730132,1.1372284974740898
-0.7494438603171538,-1.5751212749792183
-1.9161154940375518,0.9520908679651177
-0.21522483375160206,1.7401028957055962
-0.8928128197440337,-0.8646820698095405
-1.9325784161338042,0.11655867954959032
-0.82481798675148,-1.4543422375036323
-1.3610918238410186,-1.7683805141759956
-1.0412915661582183,-1.3282579098058784
-2.1647141888388823,0.4302193011926567
-1.061807961727066,-2.3985594425512398
-1.0333653404959868,-3.301624647171601
2.2591203734627534,5.9768050994562065
1.1597641989937593,-2.069517484696015
0.22372928116233837,-1.6499508533788765
2.126938729023056,6.153136857955352
2.0848535582772065,5.890338787047759
-0.4471913292655181,0.007516035048857894
-1.2119155838736724,-1.3229073200536812
-0.7241941406974028,1.5750789727853691
-1.1564269974478911,-0.3282703075719917
1.452816872333603,-0.42346297839413527
0.49565377685935985,-0.08989297488461379
-1.6730514481314849,0.18198336025942918
-0.11818680312721241,0.14906729122866746
0.3629392668953706,0.6634057845758354
-0.3100670292624663,0.8222888793634331
-0.31397661712257374,1.140791067092315
-1.1275087311515044,-0.24136482814083937
-0.6321304753073882,-1.821071020157441
0.7412227675667573,-1.019073835404023
0.5586935565224458,0.6716953601526177
-1.4710213854560088,-1.433920255692109
-0.5523541882285308,-1.1408609066320503
-0.6544836476096343,-1.5680173549963081
0.42204823944480907,-0.1571110401464546
-1.337397308612747,-1.6961334858251655
-1.426386328006668,-1.1252263698888862
-0.2294050171622466,-1.5454419765783394
-1.2407623245963286,-0.9609945926977241
-0.3655899479636382,-0.2944835338903511
-0.6821616604575347,-2.9513477001501167
-0.3621917679557036,-3.371530881912812
0.5656703994026948,-1.19175898173581
-1.9874051525839995,0.5792018260644829
0.7339319274178315,-0.7297590885473335
0.5206672236672212,0.42668259999026414
-0.32995328452674855,0.36811984440554735
0.38047996017845165,0.6222251739190972
-1.4800746157416533,-0.22351585963498
0.23029675934227,-1.9408024463964546
0.41809502098472606,0.09996426960696336
-0.6610666229972075,-1.949810853989228
0.28435125801475536,1.7803855027841484
-1.3698509648093413,-1.192019334824189
-1.5836573555716704,-1.4146836910558784
-1.565472455287857,-0.715611806900605
-1.30950614955513,-1.5805743847204292
-0.915654750133438,-0.9905556354833687
0.9774564788094331,-0.5379167709661568
-1.8797707274207305,-0.1370283279729927
-0.16841444518653859,0.2748168792413628
0.8982838675728608,-1.4322804127050484
1.4547947928658296,-2.0616000805212105
1.5083107039681245,-1.5640820179296577
1.6021946952095796,-1.6694067631078804
-0.6323214485892485,-4.137083879501923
2.237853436206894,5.846614011733428
0.1892785117378999,-2.7580889377904976
1.46703091118248,-1.6881264362646187
2.165467648243027,5.730034955947295
-0.7449038937339019,-4.068121782333955
-0.5464793160208892,-3.8984082851720894
0.30048170540245067,0.26762665173281786
-0.978072495723648,-0.44494473078976515
-1.7567755892523955,0.5483445014642632
-1.6510703280219268,-1.2686661396337593
-0.8314736798056792,2.047882029025451
-0.16866311576454152,-1.9736012134862984
-0.3309360459098052,-1.0255945835424507
-1.7103331997641753,0.14299477001895067
-0.8238142445334624,-2.216320863754853
-1.8430925324210357,0.24507559200991746
0.051648049091415515,-2.5856450710607612
-0.8041473343619536,2.169346519915954
1.6289934203377534,-1.2675813350988472
1.2885216758004,-2.2527488384557808
2.120811848377304,6.061125883071319
1.5890645072212983,-0.9685286197973335
1.0417551085701753,-0.01533757785092238
1.0119709059944917,0.21593178173770067
0.2072712466469575,0.7008625354455864
-1.0612479164847564,-1.7860988293005073
-0.4525526478537749,-0.17701446154843214
-1.2059536888846587,-0.5043870125127876
-0.0757504418143462,-0.6122027550054634
0.6623560473671724,0.9723554935144341
-1.6765627577552031,-0.4614480648351753
0.08443322632225048,-0.03582989314328078
0.11081781837852489,-1.1054404888464058
-1.8951838925131987,-1.5354841862035835
0.2932035014382173,-0.33596669772396925
-1.590300770069046,0.58863914868106
-1.6506298496970366,-0.4980696354223335
-0.7501467182883452,0.10700906178225633
-1.249162764812393,-0.5634952698064888
0.9366196677437593,0.9425290908502495
1.3004445121041108,-1.8078373585058296
1.2608999297371675,-2.294467321426972
1.1146711394539643,-1.820303789169892
1.4739612624398042,-0.9803680095983589
2.1292003676644136,6.077065834014312
-0.23574599769203175,-2.954782835037812
1.9275611922493745,5.826643117873565
-0.6454697563895415,-3.9061340008092964
0.4976717517128755,0.7896293487237847
2.118834404682236,6.090599664657012
-2.0930504515418242,-0.44204413035641554
-1.5393734886893462,-0.8858243141485298
-0.8145111515769194,-0.9043508682561958
1.095193295215683,-0.3173009071661079
-1.2073749020346831,0.1836932983087456
1.3879546210518647,-1.5721243534399116
1.2861985251656343,-1.843856206925019
1.285587696765976,-1.1443985615087593
-0.8686643555411528,-3.5643719349218452
0.9832190558663179,-1.316428056748017
-0.7919169380912017,2.1133967127489006
-1.552427621150894,-0.049875131638153825
0.6702095553627778,0.07032001873721239
-0.11396417167274464,-0.924755922348603
-1.4349107458838652,-0.5193866405798042
-1.5729981377371978,-0.9882153187109077
2.0860861823311616,6.1096128310846245
0.2826961562386323,-0.10693227389584425
-1.8747124388465117,-1.2226546917272652
1.5490430876961518,-1.7575272236181343
2.110830216144638,6.04537595173587
1.5221156165352632,-1.645132413895234
1.272441773151474,-1.7489069614721382
1.504398731922226,-1.1189631138158882
-0.5558834984549712,-3.7009743366552437
-0.6272231056937407,-3.865516057999238
-0.5877812817343901,-4.034435621292695
2.089380650257187,6.166975387542144
-0.28123268630592335,-3.4391420994115913
-0.0821274235495757,-3.4087089214635933
0.9983767554512788,-2.3481386814428413
0.9620360419503022,-2.3530191097570503
0.9140676543465425,-2.0054601345373237
0.5299736544838716,-1.1232246074987495
0.06485667679222118,1.0673323955224907
0.3172568366280366,1.175328978507415
0.33081260178001415,-0.930472007782563
0.4767428920021821,-0.30103527644406203
-0.93307313468544,-3.8304880771947944
-1.363247604633255,1.4656449641870415
-2.065253825450821,0.35415662190188524
-1.7139659836539458,1.0520365323709404
-0.06898746039955128,0.4053312625574028
1.0371145293465425,-0.7636080894781196
1.1695188567391206,-0.44919907191525343
-1.8141404106864165,0.9872366275476372
1.437992481922226,0.43559230229128953
-1.9091372206458281,0.853562244384185
1.5469688460579682,0.3683267917322075
1.8634170577278901,4.921019801108733
-0.8722144081839751,-4.073369852097138
-0.7078016712912749,-3.647128454239472
-0.7673006966361235,-4.195675245316132
0.14400139305503856,-2.607622018845185
0.9762467429390718,-0.9009789142919624
-0.07186207320777882,-3.1825789127660835
0.5409659430733491,-1.0893472347570503
0.7388781592598725,0.5070792522119438
0.8225187346688081,-0.469689479858979
1.0884880110970307,-1.0383833561254585
-0.2702833130606841,-3.348771921188935
-0.9701317265280913,-3.9219988498998726
0.7766274497261811,-0.2634819660497749
1.4989680335274507,-0.601210704834565
-0.8272958710440825,-4.1519392643285835
-0.8627446606406401,-4.1855086002660835
0.6996115729561616,-0.8319457683874214
-0.3425327255973052,-3.2990950260473335
0.4817432448616792,-2.038652292282685
0.4341990039101411,-1.377639165909394
0.8625477835884858,-0.48078977206478957
-0.09809360053627003,2.101494797675506
0.182367710804062,1.6235134687112724
0.09771457168968212,-2.904938570053681
0.2829987094155122,-2.6945341739965523
2.3220356986275483,5.9337493266748345
0.00259175751121532,-3.0738071117712105
0.18232741806419384,-2.515085569412812
-0.48954376723854054,-3.7830103550268257
0.33572688553245555,-2.7035463962865913
0.2443191096535493,-2.9081934604955757
-0.9847110226401519,-1.1502483997655952
0.48882046196372997,-0.40424834826718214
-0.541969390178604,-3.1455420170141304
-0.2982223942527007,-1.42434012034665
0.40762272331626903,-1.8531178150487984
-0.06752404716102589,-2.8727110538793648
0.23620310280235302,-2.27694546321164
0.3775161788216401,-1.479316583664521
1.2705525443306733,-1.6481174145055855
-1.0357125714072417,-4.032093397171601
0.745696453785019,-2.007566324265107
-0.7838667347678374,-4.157264104874238
-0.6107099964865874,-3.200460783035859
-0.8546050503501128,-4.022224775345429
-0.4918690636405181,-1.109547010452851
-0.9787283852347564,-4.137027612717255
1.9529885337105561,5.135714897124664
0.29059401008995067,-1.8499230060888374
1.0018824622383882,-0.46785103419552687
0.7318400428047944,-2.0754054699255073
-0.25747236754981984,-3.5111797962499702
0.7100435778847505,-2.015010229141816
-0.6470592930564116,-1.476457468063935
1.0551771208992768,-0.9639907989812935
0.4227417990914155,-0.3408754978490913
0.6327609107247163,-0.336764207871064
0.43240633461387645,-0.5034087810827339
-0.041796775127334485,-1.3975404415441597
0.7309731528511811,0.7116280879663384
-0.9972778275260161,-3.889395586044892
0.5395401999703218,-1.8890660915685737
1.0880140349617768,1.23961890599002
1.3974184081307222,-0.060960641892060075
0.7470234915962983,-0.8550273094488228
-0.24489841010658253,2.0698527183221733
1.0802673384896089,-0.6705976639104927
-0.8169830754050444,2.1503840770410454
0.6707903430214692,-0.0707300815893257
0.40781178924949657,-1.1645663891149605
0.7032994315377046,-1.5041707668615425
1.0433730170479585,-0.5497571144414986
0.6661099478951265,-0.822035900147065
2.2002429053536225,5.883868345229522
1.3255566642037202,0.8170133914636528
0.021179108356552234,-3.0802611027074898
-0.03437623527137745,-1.1177943859411323
-0.10099634673683155,-2.1214078579259956
0.13487854454429637,-1.7370332393957222
-0.5536044552573394,-3.7874067936254585
-0.6950915768393706,-3.4890087757421577
0.37032094452293407,-1.81549584010373
0.24918952438743602,-1.7891558323217476
-0.47017011191932667,-2.7883857403112495
-0.10321244742958058,-2.938056341202363
1.9696277663460542,5.648743041961089
-0.7496279194602202,-2.536280981094941
0.6610740706673432,-0.9089232597662056
-0.1712838127860259,-2.083947530777558
0.5881227538338472,0.49229801556338426
0.8609313056221772,-0.6748870525671089
1.0456074759712983,-1.0566919956518257
-0.06733879592506398,-1.2339838657690132
-1.8058885052451323,0.8508983935998833
1.4450220153084565,-0.35683786013852004
-0.31493577506629933,-3.071315160782441
0.7514308974495698,-0.06403099635373
-0.48964914825050343,-3.247929445297822
0.6148845240822602,-1.734819284470185
0.553344158863144,-0.39031755069027785
0.24467435333641063,-1.2019079838110054
-1.011966080928726,-3.8295987758947456
1.034932522510605,-0.14900147059689406
-0.34136852767555226,-3.1316875133825386
-0.31281694915382374,2.1346004094766533
-0.6584294750937651,-3.82803188899289
0.894500164722519,-1.0382355366064155
0.041667370533065906,1.4962607707666313
0.16979876015098583,-3.0802534733129585
-0.8594237282523345,-3.5342892322851265
-0.7681718781241607,1.8843159761117851
0.07240667793663036,-2.4506028805090034
0.5055707976570893,-1.255167356522187
-0.23666462447731007,-2.0719598446203316
-0.1387229874381255,-2.8171523723913277
1.3916706130257417,-0.9337855491949165
0.3338891551247407,-2.1873449001623237
0.5372139498940278,-0.868084779770478
2.0137924239388276,4.9228181924508965
-0.6098133042105864,-3.400733343155488
-0.7578397705802153,-3.5610951099706734
-0.7332879021414946,-3.0638397846532905
-0.06942996528236378,-1.5912865314794624
0.22171464416893016,-2.3241099033666694
0.5916899726143647,-1.8875869427038277
1.5567492530098725,-0.9301654014898384
1.5838917777291108,-1.0576051388097847
1.1525758788338472,-0.45019232371579054
-0.17315659072486866,-3.5152467403722847
0.46266546699913036,-0.4535568867040718
-0.6834426834830474,-3.2158049259496773
0.43822279426963817,-1.8782170925451362
-0.07862529304115284,-3.345102659256562
0.4193972632637788,-2.545727125198945
-0.6321176007041167,-3.8370655689550484
0.2987042948952485,1.730911859481231
1.3104671523323823,-0.0538233433080757
0.2595299765816499,-1.0328673038793648
0.6124095008126069,-0.740084520371064
-1.624297590518875,-0.058893314392670426
-0.847286076808853,-1.2603915844274605
-0.7395621254691314,-3.325216642410859
-1.155583710933609,-1.7293018017126167
-1.5177753880271148,-1.9769562397314155
-0.4726172402152251,-1.5569771442724312
0.32741203758628856,0.26080788037051317
0.9963740393868257,-0.1579502735448921
1.4818400428047944,-1.5462082538915718
1.4010657355538179,-0.316610923798188
0.6139809176674653,-1.5264600429845894
-1.8075366928824614,0.7582963790582573
0.3221341655007173,-1.9738520298315132
0.7918967292061616,-1.7139290485693062
1.145563511585312,-0.6733180198980415
1.126166252826767,-1.8129337940527046
1.096277622913437,0.09515179058779832
-0.981032700801773,-3.7949021969152534
-0.21133098151771534,-2.714879385025605
0.4681345507851411,-0.5757108841253364
0.3567003295174409,-0.2247072372747505
1.1795395896187593,-0.4992886696172798
0.6562828109017182,-0.9665173206640327
0.08951130363853466,-0.42536532023678664
0.24620595428855907,-0.13683806994686964
0.1453329608193208,-0.46830855944882277
-1.899664850498123,0.371896156279937
-0.9461515858420562,-0.5676535282445991
-1.3184218123206328,-1.6785672817541206
-1.5087643578299712,-0.9799441013647163
-2.0026201918372344,0.6724008407281792
0.16205540153892528,0.5115746345209038
-0.2871716931113433,-2.9786280308080757
0.04146471474082958,-2.8525189075780952
0.84361782524498,-0.9309819851232612
0.7172717139473725,-0.7678216610265816
0.8436030432930757,-0.8651517544103706
0.11822524521263134,-1.3793076191259468
0.8475407645455171,-1.2112668667150581
0.12106600258262645,-2.416318765671357
0.1693538710823823,-1.1111282024694527
-0.9619925930747222,-3.065169683487519
-0.2217751457938384,-3.2710536632848823
-1.8383962824591826,0.7858041610406792
-0.6722482159384917,-1.120983949692353
1.4837860152474214,-1.5900734577489937
-0.9670170262107085,1.204873689620391
-0.44834742095558155,-0.7568730030370796
0.42878618690879833,-1.0961130771947944
1.5031699225655366,-0.5863596115423286
0.7150212809792329,0.2319904651330864
0.8544973418465425,0.5481919135736382
0.12692227814109813,-0.8813921127630318
0.3926521823159028,-0.5070587311101997
0.24673881981285106,-0.9862068806005562
0.303045897220688,-1.7568443928075874
0.9658574149361421,0.5341664638208306
0.8898743674507905,0.25070083996523973
0.09666076157005321,-0.27812015155087355
-0.6793778851279448,-3.0854314480138862
0.6790494010201265,-0.09879337886105422
0.46699896309288036,-0.9956701908422554
0.7668417975655366,1.6909443225549614
1.3412527129402925,-0.342672935516938
0.5253774211159516,-0.5579982910467232
-0.6209305241355132,-3.327386251480683
-0.08267030265418995,-0.9646602783514107
-0.9135762169608306,-2.296779504807099
0.42290010902793895,-1.7097576771093452
0.8612107321968843,0.2416631068872368
-0.012667269969863781,-0.43685709574948195
-0.05074367072669972,-1.56677757838498
2.012044338916855,4.28990925213565
-1.5158270313986968,-0.50681983569394
-0.20225319411842335,-3.577291837723359
-0.04916295554725636,-3.3254431400610054
-0.585553021694107,-3.6086558018041694
-0.2199591114768218,-3.3855351124120796
1.284648804401474,-1.7035850200964058
0.9517187163582612,-1.3856786403966987
0.653904108738022,-0.12263738253842238
0.964709191059189,-0.18366562464962843
0.5728806540718843,-1.5427707348180855
0.03082528564842235,-2.871857038529023
0.2621897742501069,-2.1374386463476265
0.8633317038765718,-0.6128224048925484
1.347977070545273,-0.9295982036901558
1.1252683684578706,-1.5365961704565132
-0.13428887870399464,-3.453780523331269
-0.6128502800711821,-3.680147996933564
0.5925852343788911,-0.7125302467657173
-0.8426986649283599,-3.8975018177343452
-1.720943064952774,-1.3069876346899116
-2.061291308666153,0.5616768684076225
-0.009113641048354992,-2.873535505325898
0.41460099670799266,-1.8677142772985542
-0.7551928475150298,-0.15600549319516066
-1.5608275845298003,1.009978660552398
-1.9385215952643584,0.9464734878229057
-0.324529261852188,-1.7706426296545112
-0.888210149074478,-4.016938081772431
0.005622296070175281,-0.9573370132757271
-0.9457155182608794,-4.056380620987519
1.190710930561142,-0.8189071331335152
-0.14999017264930714,-1.3543771419836128
0.5835889861336518,-1.060648313553437
0.2283901259651948,1.8753728952096855
-0.2055407479056548,2.131461926906005
0.47804608795555126,-1.7851556454015816
-0.18221959617225636,-0.939765802414521
0.5164164588204194,-0.9633055839849556
0.03922691795738231,-1.4764517460180366
-0.6442998364218901,-3.255871168167695
0.5871607348671724,-0.6407166633916939
0.4654785678139497,-0.3143695507360542
1.1306408927193452,-1.1809190426183784
0.2577349230995942,-0.22533713916073683
0.14060893509300243,-2.05843960383664
-0.45547136809913624,-1.917332998306855
2.21296539757164,5.865459093062774
2.0980209395638276,6.0813840713189995
1.224730877613144,-0.33046995738278273
-0.5163868382224273,0.1468745555566704
0.6322018191567231,-1.465217462570771
0.5907231852761079,-0.43310534098873976
0.3140660807839204,0.37314260861147996
0.018719820713119617,-3.233715406448945
0.027934460376815906,-2.5793641720129097
-0.005355925823135266,-1.6548885021520698
0.1411537215462495,-1.7807649288488472
0.35977378342063915,-1.3385018024755562
-0.23778709914772023,-1.6309589062048042
0.8544863745919038,-0.8932162437749946
0.2480246112099458,-0.6477020893407905
-0.1557815983542632,-3.213597646744355
0.3874331996193696,-1.8488854084325874
0.660162596439438,-1.0646194134069527
1.4975666091194917,-1.082977643997773
0.8606666609993745,-1.69359003642331
0.375757603382187,-1.3453339252782905
1.074281601642685,-0.35795437434445265
1.0600232169380952,-1.1016982708288277
0.4849528357735444,-0.39250170329342726
0.42863598320396434,-0.8084374580694282
0.17057958099754345,-1.8397511158300484
0.3707694098702241,-1.1954177532507027
0.31702080223472606,-0.7711986217809761
-1.8563066437491607,-0.8262790355993355
0.24933257553489696,-2.7014874134374702
-0.25819072272865284,-1.0448630962682808
0.029953388904647937,-1.4162329349828804
-0.6397839501151275,-3.999716630966767
1.0705389067879487,-0.6959642086340034
-0.0018535568961333126,-3.2446416530920112
0.38025179359825145,-0.6935399685216987
0.5044187590828706,-1.6100009594274605
-0.8134554341086577,-2.241767278702363
0.21627488586814891,-0.6677905235601509
-1.2501162007102202,-1.1779030475927437
0.17811170074852,-2.6812194500280464
-0.4395998432883452,-1.9157956753088081
-0.44077953841773976,-1.7700298939062202
0.06822290871055614,-0.33706127742062453
-0.28018126037208546,-1.3385423336340034
0.4881094977608491,-0.6138914738012398
-0.9198974087485503,-3.8737004909826362
1.6070460364571382,-0.7149985943151558
-1.2117260411032866,0.9719067897485649
-0.588250489498062,-1.8985608730627144
0.6725987479439546,0.8467875804590141
0.06445732567222606,-0.9703696880651558
0.2336048171273042,0.5573366965936577
-0.3144911244162749,-2.1069215450597847
-1.3379400685080718,-1.1965912494970405
-0.969882102275772,-4.0587643299413765
0.9898437545052339,-0.7352315101934517
0.2967323348274995,-1.848513475449189
0.8672961280098725,-0.5380102310491646
-0.6764369919547271,-4.138218275101289
-0.162405820156021,-1.8605030689550484
0.6868173167458345,-2.0836499843908394
-0.9416995957144927,-3.9708837185216987
1.0522021338692475,-1.2351182613683784
2.337002663349228,5.762249359099761
1.1440905616036225,-0.14227806666623
1.2726720854988862,-0.22990213969479445
1.8127993628731538,4.885771759955779
-0.32526692893592823,-3.2655604992223823
0.6971129462471772,-1.044924608261689
0.39839425537498485,-1.9893602047277534
0.23165812942893993,-1.2948321018529976
0.5707618281594087,-0.2844723377538765
0.04413524124534618,-2.914882532150849
0.4307383582344819,-1.2230161342931831
-1.008073897624893,-4.007137647659882
-0.008548350597305188,-2.982486120255097
1.3705238387337495,-1.5587767277074898
0.0994972274056245,0.3368042792962944
-1.76806590106575,-1.6505163822485054
-0.5289722397574614,-2.3485239658666694
-1.8296940043219756,0.8925172176050102
-0.7254672959098052,-2.9315360699010933
-1.3829853251227568,-1.9523819599462593
-0.4703882649192046,-3.744551530869111
-0.1632421925315093,1.725199469535247
-0.5720673516043853,-3.6942318592382515
1.1970714614144136,-0.43579160311947707
-1.2486172631034087,0.9194508876489556
0.21584287140281688,-2.7980388317419136
-0.2855585530051421,-2.895147195847138
-1.0561040356406401,-3.9490045223547066
0.26868787262352,-2.822928300888642
-0.8354893639334868,-3.82884394267331
-0.11630305793373097,-3.02855097392331
-0.8512919857749175,-4.08814512828122
-0.2283826782950591,-2.0102738056493843
0.34469976875694286,-0.5490394745184028
0.8194030806771089,0.9065483894037163
0.5625869319191743,-0.12319242099057082
0.8571080252877046,-0.20988475421200636
0.15937939140708934,-1.566915861160859
0.11404839012535106,-1.4071911487890327
0.826415447925644,-0.1763971958471382
-0.31600913550941456,-2.9984382305456245
-0.9095457508811187,-3.9883979473424995
-1.9901119187125396,0.7874735679315483
0.20821085426719677,-0.9388519440008247
0.9569767997017671,-0.3373802814794624
0.18609347793968212,-0.8793243084264839
0.7995399520149995,-1.068254343063935
-0.887059779430313,-3.99630581477414
-1.5096713021048735,1.025766023604766
1.3480433509102632,-0.59519874194394
1.2249015853157807,-0.5523561153722847
0.24011769745262157,-1.0227802906347359
0.7291356608620454,-0.38970910647641066
0.5998343512764741,-0.5028506431890571
1.0698112532845307,0.01922524830569383
1.1945013091316987,-0.37008201220761183
0.974118141864853,-0.19216357806454543
0.22840109321983348,-1.124613157303437
-0.6036451771506499,-3.0219243679357612
0.5668186232796479,-0.7371319446874702
1.461291222309189,-0.12908541301022414
-0.10995230224220265,-2.3389133129430855
0.2958501860848237,-0.6193793926549995
0.060807852481918445,-1.0528348598791206
1.3205851599922944,-0.5549946937872017
1.1902073905220796,-0.43986140826474074
0.5967906996956636,-1.6363867435766304
-0.3969818070182036,-3.545175901444062
1.4030775115242768,0.05972827336062547
0.5773865267983247,0.30224741360415575
1.0915082976570893,-0.43737899401913527
1.128464131092148,0.0589388694452202
1.3062929198494722,-0.11754666903744582
0.8358692214241792,-0.8526626739812935
1.0223964736214448,-1.2677086506200874
1.271143345569687,-0.2678292904211128
0.5253426120034028,-1.1730688724828804
1.1282338187447358,-0.7681890640569771
-1.5249666884192656,1.054155358283416
-0.7492574169882964,-2.9609512005163277
0.4630655333748628,-1.7457874927831734
-0.1758800461539458,-1.1267322216344917
1.3644694373360444,-0.2906092319799507
-1.0479494049796294,-2.5747855816198433
0.7750796363106538,-1.1234353695226753
0.5745300338021089,-1.032515874893769
0.9442891165962983,-0.25947510340939406
0.5933381602516938,1.3043811406778252
-0.03490647819129933,-2.02933918574582
-0.32748159911720265,-2.53038202861081
0.30970755073936473,-1.2210320148779
0.6132873580208589,-0.49377953150998
-0.030328364635391125,-1.890179506332978
0.13333597633750927,-1.0178421650243843
0.6560782477608491,-1.866023412735566
0.9841617629280854,-0.15718971827755812
-0.8285382702597808,-3.6120899830175484
1.5209359214058686,-0.36136924365292433
1.2502478644600679,-0.5172084484411323
-1.106145711208267,0.14790190121401903
-0.5587843373068999,-1.3965867672277534
-0.20671376731483448,-2.0187929783178413
-0.6806398346671294,-3.5034240398717964
0.492376951908188,-0.4538136635137642
-0.25680527236549366,-3.1578901920629585
0.6553157851448823,-0.7756839905096138
0.15498223755271923,-1.2485212002111519
-0.19839677360145558,-1.0067452106786812
0.6661292598000337,0.2795175399469292
-0.328266473079605,-3.0355847988439644
1.6474317595711518,-0.4303148899389351
1.1584142729988862,0.8701464023279106
1.0976404235115815,-0.18810354808102492
-0.558110804820938,-2.378638616592988
0.5633675143471528,-1.2655404720617378
-0.0067337467917631955,-2.9457629833532417
0.661566405033188,-1.0444611225439155
1.252443222736435,-0.48940574267636183
1.0801600501290132,0.11642588040103075
1.313149838184433,-0.9123788986517036
-0.5807093098410796,-3.0447658214880073
1.0048293158760835,-1.0747297916723335
1.1428207442513276,-0.8479272041631782
1.254677681659775,-1.9649361286474312
-1.6827453091391753,-1.7086251888586128
0.35895123932273876,-1.6599725399328316
-0.4296508744010161,-3.049504152329072
0.6106282756081391,-0.40214096644650343
1.4596084639778901,-1.4339679394079292
-0.9027701332816314,-4.022334924728974
0.9442891165962983,-0.5493975792242134
-0.557598920131607,-2.35720669368039
-0.7863453343161773,-4.1452888164831245
-0.8615163281211089,-2.3257225666357124
1.2182535216561128,-0.6337398205114448
0.555447487567978,-1.1130112324071968
-0.7293387367972564,-3.129454008133515
-0.41109904792396534,-2.1818770084692085
0.7186287924996186,-1.1631406460119331
-0.5341819241294097,-1.0446847591711128
-0.9808116867789458,-3.8436888370824898
-0.04132923629371632,-1.5606092129064644
0.7400163695565034,-0.317857376129731
0.8119319960823823,-0.3240576896978462
-0.37170514609901417,-2.909119001419648
1.4115065619698335,-0.9057332191778267
-0.9620033219107818,-4.064174047501191
1.3670400664559175,-0.12233196833859328
0.3920542285195161,-0.641904941589936
-0.10018763091651905,-1.3630980167699898
-0.8100238754996489,2.2337129797624504
-1.8532379582175444,0.9533566322015679
1.2670182273140718,-1.9643186245275581
-1.1056779339560698,-0.8535879764867866
-0.8154238178977202,-3.5423277530981148
1.078774838184433,-0.35598718264828566
-0.9217494442710112,-4.134703508408173
0.9875492140999604,-0.058139434845551285
-0.3410244896659087,-2.936056962998017
-0.7836819603690337,-3.924704423935517
-0.32629069831459034,2.2924988951372063
0.39364591095359813,0.9180914249109184
-1.0783379986533355,-3.8512991581274116
-1.0297661736258696,-0.2333289299322212
-0.5211769058951568,-3.5922306690527046
-1.6771186306723784,0.7599681701349175
1.5353225753060151,-0.3006189976049507
1.538458733295517,-0.7589272175146187
1.2768749282112886,-0.5839186821294868
-0.6116610481986235,-3.670628896744355
-0.49735745933143605,-3.1324738178564155
1.4613975569954682,0.058597930877104965
-0.7069617226371001,-3.8452657375646675
-0.5890890076407622,-3.0568793926549995
0.33586397621543895,-1.4734629307104194
-0.579283089900894,-3.8074945125890816
1.0605095908394624,-0.05105101207028273
0.4787055537453462,-0.943113437683686
0.853960900043564,-1.5008309994054878
1.4355358168831636,-0.5179980907751167
0.48709168884666454,-0.031231514008148942
0.789763836597519,-1.9860838566137398
0.022741703723983875,-0.03925000766049269
1.1779665038338472,0.01819194218386766
0.07450118515403759,-1.0341628704382027
-1.5228934004553984,1.2751308765100395
-0.8029418900260161,-3.0456555996252144
-0.7912257626303862,-4.172770372421845
-0.8707340672263335,-3.6780346546484077
1.4322394416085054,-0.0822354469610298
-0.41668376472084034,-1.146505704910859
0.3947125956764985,-1.29785667994748
0.9348005339852143,0.03073752781619188
0.8074401900521089,-0.6054893646551216
1.1508163497200776,-1.334597459824189
1.2596181914559175,-1.5685180340124214
1.2374819800606538,-0.04055010417233351
1.1934398696175386,-0.1445218239141548
0.9572185561409761,-1.062864175827607
-0.5876742317923735,-2.3979886684728706
1.0747050330391694,-0.48113762477169875
1.005551247333603,1.1057458009408867
0.5430265948525239,0.37837255856265184
1.1704601332894136,-0.09048234561215285
0.8548034713021089,-0.5011802826238716
0.6601714179268647,0.22751248738040086
-0.9995332672843169,-3.9943603191686714
1.4421609923592378,-0.14312540629635695
0.8497113272896577,-0.11205278971920851
0.6243518874398042,-1.0833004627538765
-0.4451497509726714,-1.0209439907384956
1.505957512592392,-1.152201047928437
0.7225259825936128,-0.35546957591305617
-0.8127687886008452,-4.098330846817597
0.21747580025108348,-1.0011676464391792
0.2919546649208833,-0.81887399295102
0.3451677844277192,-1.9883974705053413
0.2118643805733491,-0.21745406726132277
-0.7872053101309966,-3.745575777084931
1.3862031981697847,-0.9444116268468941
0.5147155806771089,0.39854348561038133
0.42949333641441356,-0.9075831089330757
1.3880056426277925,-0.056013694794281754
0.4869207427254487,-1.2155069027258003
-0.7124796822318267,-3.702526441605195
-0.1470983937033843,-2.0042875919653023
0.8188246772042085,-0.5512009773565376
0.9843176886788179,-1.3357199344945991
0.3411535308113862,-1.248404375107392
0.4359044120064546,-2.1569608364416206
1.1439417884102632,-0.5886849079443062
1.2348059699288179,-0.8113936100317085
0.39024796936424266,-0.42869102099667433
1.1255935713997651,-1.1224688206029976
-0.401431174541397,2.262946852652923
0.38903799507530223,-1.3198522243810737
-0.45258793380348195,-1.6334341678930366
0.2297157332649995,-0.8920806560827339
0.7460893676033784,-1.1296809826208198
0.7485789344063569,0.05948341747988817
0.5994292781105806,-1.6324862156225288
0.5697070643654634,-0.3053649578405464
-0.011495442653579602,-1.8034728679967964
0.7782715842476655,-0.7641061458898628
0.7676548049202729,-0.1310015831304634
-0.7944885208853911,-1.8145202312780464
0.1418720767250825,-0.5262631092382515
-0.12419232871620167,-1.7598279629064644
0.2900516078224946,-0.7025953445745552
0.5221413657418061,-0.050725093872650895
-0.36722955253211964,-2.375183931381806
0.6535975024452974,-0.23223315814267043
1.0520986602059175,-0.3532498989416206
-0.5616048290976714,-3.4175542507482612
-0.9405051186331939,-3.869666448624238
-0.8023460819968413,-2.640435091049775
0.9684366271248628,-0.42008744815121535
-0.7618785813101958,-3.604410520584687
1.4582885787239839,-0.726652017624482
0.9987243697396089,-0.2889732036901558
0.9550308272591401,-0.3337753925634468
0.8992165610543061,-0.46108543017636183
0.255898623203354,-0.35439693072567824
-0.13584408309547413,-0.5889195118261421
-0.3873001053580474,-3.183829179794892
0.916191010212021,0.115823158233062
1.1971386954537202,-0.329625478775605
-0.8009551480063628,-4.128671041519746
-0.682401986385269,-3.4365018520666206
-0.8498571827658843,-2.2615116749120796
-0.6245156243094634,-3.7180193577123726
0.8853487059822847,-1.1387141857458198
1.092483906482773,-0.29052578547726515
0.4608224913826753,-0.859126678497895
0.7407163665047456,0.4623357143091118
1.3192066237679292,-0.5765136394811714
0.11442199203880321,-1.3612078342748726
0.15687718841941845,-0.8179098282171333
1.2232274100533296,-0.7260695610357368
1.1869510695687104,-0.20978294947873
-0.9222122147330474,-2.546911111862763
-0.9019888355979155,-3.4257362995458687
-0.8884931519278716,-4.154972425491914
-0.8672221615561675,-4.114614835770234
-0.9207063629874419,-4.150647035629853
-0.9608894303092193,-3.8928993854833687
-1.319010110164566,0.674832471816436
0.15194502327354442,-1.6825994167638862
-0.607215972209854,-3.539328447373017
-0.9010323002585601,-4.121434083969697
-0.14192137267677296,-1.1847060833288277
1.1288088843575288,0.02264464756716844
1.3447813079109956,-0.24600469210873488
1.3606165930977632,-0.28659187892208937
0.7570146605721284,-0.4636899147344673
0.6226605460396577,-0.09718429187069777
0.8722633406868745,-0.8145326290441597
-1.0011318638571929,-3.911569944412812
-0.4287928059348296,-0.553070417435273
0.5970260188332368,-0.3050569210363472
0.5595845267525483,-0.3062077675176704
-0.8949483349570464,-4.132097593338593
-1.3679080918082427,0.7463079776452934
-0.9663320496329497,-3.8703979168249214
-1.072449298168106,-0.7630253944707954
-0.3940301850089263,-1.0090869579626167
-0.3093467667350005,-0.5342892322851265
-1.8874455406912993,0.42832911869753953
1.0335325286141206,-0.7736691150976265
-0.5626362278708648,-2.9710339222265327
-0.8780950024375151,-4.10287319758664
-1.0871294453391265,-4.018354764969453
-0.2676156475791167,-3.3441694889379585
0.5291723296395112,1.8211219396280205
1.0728491828194429,0.47573912998904344
0.15259995911033641,-0.3062535438848579
0.20217743370445262,-1.008120409042939
-1.01685580756752,-3.853104940445527
-0.9462281182059478,-4.148935190231904
1.5260247275582124,-0.4429796848608101
0.46655836555870067,-0.7984653625799263
-0.8255787804373931,-4.086428514511689
-0.6267734482535552,-1.5892017994237984
-0.4858115628012847,-1.4288419399572456
-0.991307826305313,-3.975546232254609
-0.9501045658835601,-3.303723207504853
-0.8449984505423735,-2.4128125820470894
-0.8855932667502593,-4.096162668259248
0.49839725944908153,-0.16819511988888625
-1.0026327088126372,-3.8501390133215034
-1.0049806549796294,-3.89249836543332
-0.08811196830360402,-1.6490448627782905
-0.32360562827674855,-1.1142500553442085
0.10482373688133251,-0.12461887934933547
-0.5413471176871489,-3.561493745834931
-0.3023889973410796,-1.6112359676672066
1.553508667682724,-1.2669433269811714
0.524878172611313,-1.9087051067663277
0.8781951949349214,-1.1983617458654487
1.2072376296273042,-0.3552936230016792
-1.0974834873923491,-3.811253419907197
1.3186768576851655,0.13663185497988817
-0.6518116905936431,-2.9144767437292183
0.7098237559548188,-1.5282443676305855
0.8395508811226655,-0.684976926834687
-0.9964221432456206,-1.0247067127538765
-0.22294578101722706,-1.624218812973603
-0.8904405548819732,-4.1613715801549995
0.7785958335152436,-0.11373244860897902
0.669522194599228,-0.7065821800542915
0.6221756026497651,-1.064545026810273
0.7753552481880952,-0.36012064555416945
0.5683700129738618,-0.1677473697973335
-0.7139414265402984,-3.0351232204748237
0.9844807669869233,-1.3294480953527534
1.450232414936142,-0.8676556263280952
-0.8018411114463042,-3.2109106693578804
-0.41503390815345753,-2.1319602642370308
0.3805004641762544,-1.0273784313512886
-0.863371224666519,-3.5755327854467476
-0.5437904312857818,-2.5035794887853706
-0.856356711650772,-1.4824584636999214
0.19162550423057567,-1.5738795910192573
1.1717127845040132,-1.207545629532441
-0.6817134335288237,-3.4738615665746773
-0.8228772595175933,-3.4795969639135444
-0.17478689696876515,-0.8322707329107368
0.9324301764717866,-0.6821852836919868
-0.6383410408744048,-2.6047032985998237
0.5070823714485932,-0.5591093216253364
0.5869592711678315,-0.09519707301388625
0.39445677254112255,-0.6588987026525581
-1.0491498425254058,-3.8157981548620308
0.6687320754280854,0.38794172665347215
-1.0838364079245757,-3.866253725082978
0.40106144401939403,0.63170874974002
0.44564905617149364,-0.1636572990728462
-0.43673619773475636,-3.232396951706513
-0.7503241017111968,-3.516514650375947
0.8870176360359956,-0.4383579407049263
-0.508545489574356,-2.095527521164521
-0.8689139797934722,-0.4348314915014351
0.33866777870567333,-0.5649121914220894
0.7970580146065522,-0.20364700892697218
0.08345213386924755,1.7980289544748222
0.9327730223885347,0.45385659596194383
1.4204224631539155,-0.9536670360876167
1.3700613066902925,-0.15420853236447218
0.6764427706948091,-0.09696232417355422
1.1119255110970307,-0.6913450870824898
-0.19162783172218312,-0.8784290466619575
1.1720303580513765,-0.6959990177465523
1.409418492054062,-0.06502901652584914
-0.5672992184409331,-3.789497724564179
0.5043646380654145,-0.34675537684689406
-0.8466678574332427,-4.1190131817174995
-0.04984626319496144,-2.9157923374487007
0.10776248428733837,-0.2496565494848335
0.42958512756736766,-1.8982824001623237
-1.1751368954428862,-3.0123447094274605
-0.7627943470725249,-1.3930634174657905
1.3945483252754975,-0.8710325870824898
-1.0275071575888823,-1.9244607601476753
-0.5307563259848784,-3.741701952011689
1.0335105941048432,0.43066347500552293
1.0049814269295503,-0.16098844149838332
-0.794145436550064,-4.069947591812714
-0.8580795243033599,-4.137544504196748
1.453953175281601,-0.1405984077764595
-0.6610551789054107,-3.5053352032018745
-0.556152911449356,-3.7539080295873726
0.5223154113045503,-0.6121328983617866
-0.8579767658957671,-4.129453531296357
-1.0661755516776275,-3.8490446720434273
-1.0873440220603179,-3.8192223224950874
1.0054773375740815,-0.7511838589025581
0.9946941420784761,-0.3391195450140083
-0.8384858086356353,-4.081021657974824
-0.884515137935562,-4.03715693095456
-0.15809092071144093,0.43446553608645555
1.0978087470284272,-0.26748429873715285
-0.03365406539527882,-0.7056580696416939
0.8343657538643647,0.09418428799380418
0.9145635649910737,-0.7575551185918892
-0.5434521153220366,-2.8337348614049995
0.6784688517800141,0.10251463314761278
1.088164715503769,-0.21771537402401808
0.8277482077828218,-0.4655078564001167
0.034991411899643055,0.9758433189081108
0.37521663162620555,-1.8136023197485054
0.7343265101662446,-1.549556127579316
-0.9425381138571929,-3.7026246700597847
-1.0106426193961333,-4.060695043594941
0.07825437042625438,-1.3381098423315132
0.6802360102883149,-0.23859535792599562
1.2989911124459077,-1.3813403759313667
0.9396175429573823,-0.4332004700018013
1.3071121260872651,-0.2060905609441841
0.42476382706077587,-0.5005301151586616
1.3909172103157807,-0.25100385287533644
0.5634659812203218,-1.2581590328527534
-0.9554503872641753,-3.953561655075654
-0.9857572033652495,-4.067624918015107
-0.8143108799704741,-4.031034341843232
