UMAP1,UMAP2
-2.3692303807546837,-1.7199177084482935
-0.17830925295851086,-1.6950537500895289
-2.0281269461920006,-1.5680314837015894
-2.1951508135606987,-1.4428612528361109
-0.02583818743727062,-1.7976292906321314
-2.756378403406356,-2.0843822298563746
-0.4405316622068629,-2.02141111474407
-2.280834665994857,-1.844132357648733
-1.5496752024700389,-0.38939087968242436
2.446197816629197,1.1788144173108313
-3.002513101797317,-1.9926738081492212
-0.9288583309461818,-1.2925533590830591
-1.295998117428039,-2.298393183759573
-1.0615517408659205,-0.8070163069285181
-0.5196928293516383,-2.096571379712942
-0.7842100174238429,-1.3139321146525171
0.5065327375123754,-1.824234896711233
1.8073046891877904,-0.15512686353099614
-1.065764358740066,-0.037093215993764694
-2.2907752902319176,-2.3772472677744654
0.172460624475266,-1.6412853537119654
-3.048486879568313,-2.032853299192312
-2.640606156091903,-2.1398672400034693
-2.4719043285658104,-1.7650698957957056
0.13541729142167713,1.3021908463917944
2.3950899331758277,2.019964939542887
1.727230378885056,1.0871791305028173
-0.04928927729627941,0.5730452002965185
-0.706558397512649,2.023591613956568
-0.6402465612699733,-2.445584708265188
2.3331039636323707,0.7281714143239233
2.7244356363008277,1.421223050542948
0.5304122655580297,-0.4107722578562525
0.07687170197465565,0.763144916483042
-1.0497876913358912,-1.71064394097698
-0.07179146121046398,-0.9631401835001734
1.5014034002015844,-0.013348513654592331
2.710285970468308,1.9710831405602667
-0.34841864417097423,-1.1373862562693384
-2.176271072130416,-0.8687645731486109
-1.500375172596191,-1.4129952726877955
2.5047696321199195,1.6326887073003027
-1.797430495273088,-1.4009341536082056
2.4576757638643043,1.1214674772702429
0.3853798597047582,1.842178242840645
-2.0910333306600792,-1.455641442350271
-2.4168038875868065,-1.8219754038370874
0.36843521286943104,-1.5623914537943628
-1.410631826620315,-1.1200284300364283
2.860809633035447,1.301722294279215
0.12079043080308582,-1.5234379110850123
1.6545048444459691,2.1145711006604406
-2.543969979982589,-1.1426491079844263
0.3131800382325902,2.241651541181681
2.9114964692781227,1.7602063031874868
1.4712858884523168,-0.21719759087932378
1.3189080445955053,-1.1227058706797388
2.233030626077439,1.3616368534051153
2.2520487992952125,0.09334380049335689
1.1124177663514867,-1.2101637659586695
0.34467990090348866,-1.4583634672678736
2.8396485536287086,1.8739569919191572
-0.825056305628036,-0.9328154860056665
2.6213978021333473,1.684726661630747
1.0170798986146703,2.265633440204737
1.439292260904099,2.4464705051861975
1.5531078069398656,2.0956290425740454
0.45803458382585194,2.6994640888653967
0.9773565023134008,2.3927027048550817
1.6285687177369848,2.523826366850016
1.1720443456361547,2.4417100610219213
0.8972440450380101,1.7811138728641245
-0.9699177057554469,-1.2395102320231226
-1.493807515602325,-1.8263859091318873
1.2197764604280248,-0.7914020357645777
0.34138519455888416,-1.029812985471609
-1.7959069074203715,-0.331763440183523
-0.03341203043958996,-0.7437614737070826
1.6700273244569555,-0.048966342023732956
-1.548122590880607,-1.6865546045817164
0.766943046350266,2.591208642908213
2.8907225816438453,1.2790354551755163
-1.6607349277546153,-2.337150984815481
-1.384424379568313,-1.7631098566569117
-2.43697111914656,-2.2352346716440943
-2.1264872462560875,-1.040818387082937
-2.203888407449935,-2.508836203626516
-1.9658460826685176,-1.6270555792368677
-2.4789695055296166,-1.6685549555338648
2.85546428849199,1.2844305695973608
1.0416942327211156,1.2214487852536413
-1.794871712576364,-0.5470103560007837
-1.8103214786460147,-1.715676957181814
-1.8664857135226474,-1.590350800565603
-0.862639895181869,-1.41556017976177
-2.2313785464575036,-1.6523958979166773
1.131158420343186,-1.3526167212046412
-1.3013654262830958,-0.5522620020426539
1.9279761998842015,-0.21538203339946538
-0.4979068548490748,-0.8551055727518824
-0.9944668919851527,-1.2064875898875025
1.2225275724122777,-0.38006489854228764
-2.577000668745254,-2.175268822721365
-0.15016167471906994,-0.8786622820414332
-0.7526801140119777,-1.306828194669607
0.8977192132661596,-1.1805717287577417
1.2837665765474096,0.5452861251317236
-0.6617662222196803,-1.923834973386648
0.21970362355210926,-1.180344515851858
1.9853070466707006,-0.1005547581232813
-0.3766232044508204,-1.3473958311594751
-2.1788092763235314,-1.2258168993510035
-0.26102691004774425,-0.45152347665202885
-1.430541655521606,0.08159894365894527
2.8940442292878883,1.3446025909863684
-0.7888618023206935,-1.0752085981882837
-2.7225201637556298,-2.1436495123423365
0.6033802716920629,1.4444119991742346
1.1824057786653295,-0.7785870371378687
-0.6866792948057399,1.9351070584737036
-1.019506087999557,-1.7537328539408472
-1.1837585480024562,-1.092392855695608
-1.1856352598478541,-0.7146302996195582
-2.605064025621627,-1.485412293485525
-2.3862688453008873,-1.731311255506399
2.6919148652742164,1.6304090233527395
-2.1438340456297142,-1.678391390851858
-0.49259190867445324,-1.1975714502848414
-2.366794994573806,-1.5728482542551783
-0.7448277981092677,0.6574735106908056
-0.760865619878982,-1.2939512072123316
-2.422531297903274,-2.164475613645437
1.916904041070725,-0.43177621941936284
1.3075400083253637,-0.8228353796519068
-1.5723320604374156,-1.012519055417898
-1.201185992460464,-0.6635429201639917
-2.186977198820327,-1.9472567377604273
-2.9769089729597313,-1.5063506899393824
-2.6583662540724022,-1.1267704306162623
1.024429389734055,-1.4618889627970484
-3.126707366209243,-1.8741959867991236
-2.7338905842115624,-1.7384447393931177
-1.6173031539728389,-0.7804753122843531
1.4861536710450902,-0.3720931349314478
2.8302515237519996,1.4358633818112585
0.7330072610566869,2.7387509407483313
-0.5490810186674342,0.08571261782276363
0.19288010289170887,0.13470131773578853
1.4471557824800267,2.482030517049906
0.6154130189607396,1.828437444382188
1.926200219888474,1.9454666288577291
1.8284791200349584,1.939665964432833
0.42855722596147205,2.2471270026646826
0.3027208535859838,2.4509091438733313
0.5653620450685277,2.713753646799204
-0.36634307215711925,1.9503649385653707
0.8623820035646215,2.061771965213892
0.3366950242707982,1.3410339714966986
-0.19025760005018566,1.7376895608388159
-1.9852510900308833,-2.2869910536326197
0.7475538938234105,-0.7477032480753687
-1.3388419658949122,-0.5017825899637964
0.3703335015962377,1.5810594620190832
0.7419067113588109,-0.9230472384012964
-1.4620831818392024,-1.5520302591837671
-1.7901746188362584,-1.6970953283823755
-3.022762945394729,-1.4104761419810083
2.2492998330781715,0.8525130810223791
-0.7695130617429957,-0.13655083756816655
2.804882833261277,1.4047188522301886
2.822721311349656,1.6084134044133398
-2.7423214227964623,-1.7982165155924585
-0.3688136846830592,-2.219888621381643
1.6207326142976537,0.49461514372455806
-2.3272809893896325,-1.7536651430643824
0.7621806352327123,0.4324950637303564
-1.760502361001213,-0.5825971899546412
-0.12968211482069347,-1.7254609404124048
-1.8011918277551875,-1.0315610704935816
-2.2905179173757775,-1.605903082898977
-1.243279031019424,-1.929222756437185
1.347291299600388,0.8478525938473913
-2.0152462334444268,-1.8946496782816675
-2.741763106088851,-2.0577284632242945
-0.36087529967329357,-1.8144771395243433
-2.34260540316603,-2.4226974783457544
-2.2610096545030816,-2.3935512838877466
1.2541619031617894,-0.30291932206523686
-2.2408396215250237,-2.0965492067850855
-0.348616412382339,-1.1072675524271753
-0.30897634337446545,-2.0778440771616724
-2.36296730349562,-2.004764967969778
-2.5915852696706994,-1.4480194387949732
-2.0391725511362297,-2.425898009351614
2.2818015306184547,0.09864503759968013
2.490135976571824,1.983379742690203
-2.2048178822805626,-1.5207323370493677
1.3673964231202855,1.1597455801449987
-1.6517764912059054,-0.726968461088064
1.8205524175355687,1.8678258718930456
0.07997340847947743,2.1979105832062933
-0.517661503057693,-1.4744405088938501
-0.46077363799116466,-1.852789813093069
2.799406358499314,0.8900063099347326
0.11858339001634266,-1.9875091848887232
2.236923047799851,2.0956862332307074
1.618204900522019,0.36019856352436275
-1.2679644734670863,-1.5854813395060328
-2.2072535962869866,-1.842193537763479
-2.6997070820142968,-1.4829086599863794
-2.689029803972457,-1.9146549044169214
-2.8150600702574,-1.2590112028635767
-1.7995699667443976,-1.017791682294729
-3.1919986517240746,-1.9122952757395533
0.1936231343934789,-1.765143567136648
1.407401630182053,-0.9660085974253443
-2.590333333711837,-2.2547854719675806
-2.954123309354995,-1.9108988581217554
-3.1812674314787133,-1.9423822699106958
0.8819781034181371,1.269762164541361
1.6221025674531713,1.9406196685515615
-0.28846710036299084,-1.9617657003916529
-0.8646920234968409,-2.157677107862356
-0.37297218153974865,-0.49693601708781987
0.1887732236573949,2.046443289705393
0.014157840509201547,2.6941797794781897
0.7748521058748021,2.6424912275754187
1.0816107480714574,2.601092583128092
0.15269035984971668,1.3432891430340979
1.3237167089174047,2.544926470705149
1.8110757558534398,2.345248586126444
0.1434703557679906,2.6338455142461035
1.0608232705781713,1.5300437869511816
0.45925695588090565,2.395943111368296
-0.9460022957136378,-0.04557543378246098
-0.23504369566938732,-1.8611509142435816
-1.819464898209785,-2.381495410016897
1.1259840219209447,-1.1059772310770777
-0.614558270673965,-1.2653352556742457
1.7593060224244848,-0.4409250555552271
-2.638422718744491,-2.109616452268484
-2.586618474226211,-1.9076155958689478
0.5056536882112279,-1.5804321108378199
-1.220251789789413,-2.2380918798960474
-1.8781318501641497,-1.808856659940603
2.802070447702195,1.1857373179875585
1.2190716951082006,-0.5692059336222437
2.359678098459031,0.5847231807194921
-0.24292509863874767,-1.1255237398661402
-1.9845599592735514,-0.7279068766154078
-2.401105573873733,-0.7461113272227076
-1.0617542774488673,-1.8839756784952906
-2.3014740259458764,-2.1817850409067896
1.2722404687593236,-0.17137139420879155
-0.811921528082107,-0.3073465166605738
2.209740468759324,1.2161287726842138
-1.286129793625091,-1.1110450563944605
0.7263520448396459,0.2680869759999487
-1.3881594152261958,-2.482189589551809
-0.6878890306761012,-1.9252793131388453
-2.6894742162039025,-1.3130316076792505
-0.9093148619940028,-0.7604512510813501
-2.5507501275350792,-2.25906079392803
-0.5409001619627223,-1.0306202707804468
-1.5654807598402247,-1.2008699713267115
0.7007482736299291,1.4896917106591436
1.924411365289475,-0.5010802088297632
-2.3511332781126244,-1.218106680921438
-2.7835342199613793,-2.058126145414236
1.429066488046433,-0.7849063215769556
0.4029591767976537,-1.5685803232706812
-0.6964326412489161,-1.7526568708933619
-2.773905924062942,-1.7085058031595972
0.5139723508546605,-1.0667197046793726
-1.3722311467935786,-0.4126200018442896
-2.771278908949111,-1.4200207529581812
-2.391535690527175,-2.1707610426462915
1.3356512277314916,-0.07133727651012212
-1.8903064341356501,-0.5533019838846949
2.2082722871492164,1.7690619664274427
-0.6267612488081202,-1.614555769971731
-1.6222579390814051,-0.7426864443339136
-0.2636653692533717,-1.6763085661448267
-1.0946370274831996,0.00231940168964595
-0.08418135951063488,-1.9409629641093042
0.36047274758317616,-0.40304797273052007
-1.9148993254711375,-2.2696103392161158
1.7660566060731664,-0.5429302988566187
-0.9025065214445338,-1.1183804808176783
2.38987476517656,1.8641181649647924
-2.6494823605825646,-2.1012749014414576
-2.63260202715895,-1.9955875216044214
-1.0776774794866786,-1.9949547586954859
1.4033680646608129,-0.29289143662822514
-2.8839113027860863,-2.021439963392141
-3.153027823667739,-1.9656624136484888
-0.3963584215452418,-0.8527659712351587
-2.5804914147665245,-1.863255435041311
-0.9614779264738307,-0.6456863222636011
2.00409276177385,0.8726617755376074
1.6105368821809545,0.06081981081592769
-3.0492326528837426,-1.9031540689982203
1.555106708307053,0.7881310643635961
-0.34996753047010754,-0.21506970506084233
1.9810417382905736,-0.35868876557719975
-0.16334967921278332,-0.8027977285898951
0.7748842923829808,1.6382950605832312
0.6058738916108861,-0.37559455018413335
1.5489311902711644,0.8722793521367285
0.6360576837251439,-1.4315282640970972
-0.3956407816221461,-1.8355390368021753
-0.06941049407026623,-1.9902808008707789
-1.1083635003378138,0.1256046952687475
-2.604395321111892,-1.7210728464640406
-0.8445897013952479,-1.239809447339895
-0.4424363882353053,-0.5094675360239771
-0.7286879331876979,-1.5126654444254664
-0.1924171955396876,-1.4749774275339869
1.7848728387544408,-0.7401623068369654
1.847939082879807,0.05600554365741939
-0.9652426750471339,-2.25373213868511
-0.40381985018751476,-0.39721577744853764
0.7138674943635717,-0.14303022008312016
-2.804133346777175,-1.8370482264078882
2.355885335702683,0.5002872409306738
-0.29419081519148205,-0.6171466646708277
-0.49983685324690197,-1.5418359575785425
1.6444438188264623,-0.537681990674856
0.3734770505616918,-1.7649647532023218
0.9043336599061742,2.539873844572184
0.3692527501771703,-1.490987711957815
1.3517683236787572,1.9928167970858786
-0.5953875095655665,-1.505319291166189
2.231450387735154,-0.14507275205028325
-2.7945091039945824,-1.2963122664011744
1.4343147962281957,-0.5934643087900904
2.023642370004441,1.0442044796429846
1.9607818811128392,0.07095462698566646
-0.7236674339582667,-0.5476676760233667
-0.9174758107473597,-1.7835859594858912
-0.34461098025343273,-0.3326200781382349
1.6086683957765355,0.9209694923840734
1.995634862680222,1.7339627506219122
-0.18781261752149914,-1.4687845049418238
-0.2632756740858302,0.0047916831456396025
0.16338903595903065,1.2609384717427465
1.6382330148408666,2.2392698289834234
1.6103027551362767,2.2800163390122625
-0.24414973567030285,1.9987325431786749
-0.4348483593275294,2.4320309223614904
0.9024899690339818,2.5842858018361303
0.5600813119600072,2.4184431495152685
-1.0080945999433741,-1.2083768187083033
0.956126281518723,2.632503396459696
1.835851737756516,2.4414354028187963
-0.40648382018110607,2.6044363440953466
1.6086536138246312,2.5249096216641638
1.6990655152986303,2.431288308092234
-1.5816716016342387,-0.6897711096323755
1.683045694131638,2.0322584124289724
1.7462330548951879,0.10917455572712154
0.5183554380128637,1.4838113250218603
1.296812841195847,-0.9817544756449488
2.3098495691011207,1.3462414504967901
0.015344449777390023,-0.6247000036753443
0.6730106561372533,1.6404742809020254
-1.4232436628153071,-0.4539398489512232
1.7251167981813207,1.4131361903630468
-0.35753171751997326,-1.4352714357889917
-3.1079352409651024,-1.8351599512614039
-3.0492789060880883,-1.9161121187723902
0.8244329183290258,-1.3649279413737085
-0.6710759908964381,0.33368486780750484
-0.1418415815641627,-1.5965463457621363
1.461349317331101,-0.14505189042461186
0.869916507501389,0.5798159303151342
-1.7923911479373917,-1.6036402521647242
2.552328893441941,0.5967869224034521
2.5818317620942848,0.765667504259226
-2.6867435486128075,-2.004323416761282
-0.8355358154585109,0.586966937967417
0.08096856762864735,0.19593388456928462
-0.12706690142652843,-1.764685565046194
-2.162926128607009,-1.3641335306681421
-2.1582206995298607,-2.4063376722849634
1.3828492849061742,-0.9944364367045191
-0.012491992216323355,-0.3107096491373804
-3.0464088232328637,-1.7490310011423853
0.5479517667482152,-0.974785262159231
-0.33440153906843517,-1.8439161119974878
0.5026465146730199,-0.5745410261667994
-0.7864730865766749,-0.26313799004924565
-2.3136285455038292,-0.9977175531901148
-2.949955156545852,-1.730837040952566
0.13221175362565663,-0.68354433160198
-1.1947293193151698,-0.2617554007090357
-0.9198406250288234,-2.3629178343333033
-1.5636609108259425,-2.332014971784475
-1.5513007403423533,-2.238326006940725
-0.728985121946548,1.4731368483983251
2.4845522134492652,1.7828459503136846
0.5279799192140355,0.9718556465588781
-0.19635730097792004,-0.034049206785085495
0.1159195392320409,-1.7578977880991724
-0.468416741590713,-1.3808798132456568
0.46255023171403553,2.128588146158335
-1.6356700421383128,-0.8420099554575708
-3.220063260297988,-1.8792762098826197
-1.5458148033430323,-0.6255206404246119
2.4506858079622047,0.5793301524602148
-0.5604845793058619,1.5534690083943579
-2.6662633926679833,-2.2814287481821802
1.9499600618074193,-0.07557695489299565
-2.4577396423628075,-1.8816928206003931
2.0275166719148414,0.857000774332163
-1.734158320825313,-1.896303587964895
2.7239464013765113,1.5163612427197668
2.3234761445710914,2.093810802885172
-1.6522115157057986,-0.5206159887827662
0.7712026326844945,2.463310784288523
1.884602376718308,-0.4109274683512476
-1.8160348632445082,-1.703315192273977
-1.353737524252151,-2.179366046003225
-1.275026074152206,-2.3477834997690943
-0.8749490291883693,-1.0204986868418482
-2.214556416969512,-1.2256719408549097
-0.9820514232923732,-0.41747754197490483
-0.24763136218092296,-2.025422984174612
2.2150195329377906,0.6105403365575048
2.488169500131394,0.5506147803746435
-1.5365501553823695,-2.301942759565237
-1.5844796658565745,-2.1369003592051294
-2.545456579427932,-1.888960534147146
-0.4884348423292384,-0.847757035306814
0.4215472428987279,1.4934665026150915
-2.374940565328811,-2.2097644148386744
-2.404396346311782,-1.9643322763956812
-2.3013611347486718,-1.6670746145762232
-1.6242414475490794,-1.757565909437063
0.041208216447617074,-0.04685800652873784
-0.049149683218215445,-0.5395860014475611
-0.8108755857755885,0.14633733648884029
-0.920649579267715,-0.6459616957224634
1.0026498525331273,0.5274670781575415
-0.5099651129057154,-0.7472850618876246
0.8109529702852025,-0.21350305657756596
0.5334597318361058,1.708946860023615
2.919372865457322,1.548068797775385
-2.389568498831008,-1.296069556287649
-2.169953397016738,-1.1533195314921167
-2.7233237535764916,-1.7190462885416773
1.3300052373597875,0.34396082777607173
-0.6256084949781642,-1.4300827322520044
-1.5900045097877726,-0.703885489515188
2.0889294831941383,1.1554558338605139
-1.316280087928985,-0.8209397135294703
-0.3365248949339137,-1.3533586798228052
-0.5511527569105372,-0.12909823041332036
-2.296953013639663,-0.9322122870005396
2.2457154481599586,0.34658557791340083
-0.2387952120115504,-1.4822980700053003
-0.575701168279861,-0.8784400759257105
0.025641748208786508,-0.9913567839182642
0.11685139824845936,-0.7924353418864039
-1.249021104078506,-1.9523934660471705
0.48391587426164295,-1.5048298178232935
0.6632292955110326,0.7951110066853735
-1.7480753925701127,-1.8584670362986353
-2.536625078420852,-1.960573369077566
-2.0014098496248467,-0.8823725519694117
2.2029176442811744,1.877836516686556
-0.7748061926176295,-1.8236493406809595
-1.2014494449903712,-2.175301724485281
1.4349532811830297,0.688598698564646
2.44807846238115,1.9729753496133062
-1.2316830665876612,-2.396152907422903
1.4768770425508275,2.472779220529673
0.02563876797654774,-1.3950678644694117
1.9738391130159154,0.6354891719304296
-0.5417601377775416,2.30850113052952
0.252550431985642,-0.3908268747843531
2.4816001146028297,0.8611685695134375
2.6495736329744117,1.110181218572733
1.7304764478395238,1.5404425920926306
-0.027616670828078727,0.6739016236745092
-0.4905318529417262,2.231836891361353
-2.2105158181001885,-2.2087382612742212
-3.0082295448591454,-1.9306623278178003
-1.6380945653726802,-1.2863623438395289
0.793498107690598,1.7886169446639988
-0.21134667704603527,2.6538158716641638
0.44380337883927967,1.0264467658482763
-0.21204154799482677,1.9770809175454351
1.3568747728059545,2.408724612184641
0.46198947121598866,1.2591243447743627
1.7349920957277074,0.027264779993173782
-0.4081175834943995,1.939175075479624
1.184615918893601,2.3692739667378637
0.14839369942643788,1.3218232454739782
0.05147094418504383,2.5828319849454138
1.6555970399568334,2.365691429563639
1.4822815149019017,2.012798389979479
0.837170907754685,1.909441194125292
1.296136686105515,1.5326506258927557
1.204910346765305,1.3911569776021215
2.33508379151323,1.6427454413853857
1.6798449247071996,0.5329114856206152
0.8144264905641332,1.6814545752488348
2.142778465051438,1.5078086616479132
2.70812542130449,1.2165905894719335
-1.0004841596891627,0.10677236933338374
-0.483952573042129,-0.9407424269236353
-0.8253408582021937,-1.9915186701334742
-2.5766039998342736,-1.6258944807566431
-2.11195429275534,-2.4333547888315943
-2.7481398494055016,-1.625314408353689
-0.20368390391371105,-0.6904186544932154
-0.12420063326856945,-0.9894420443094996
0.6961212842653051,-0.020848685315969284
2.3001902787874,1.2530089678250524
0.33456546952226307,-0.2467872438944605
1.3095749108979955,-0.7333053885020044
-1.6191831589748606,-1.3351013002909449
-0.8395994813253627,-0.7992047606028345
-0.22210126231214855,-0.31147902589214116
0.9470372884462133,-0.23786633592021733
-0.5520417005827174,-0.12791925053966313
-0.18797152350447033,-1.0722948847330835
0.6362982480714574,-1.6300896940745142
-0.6675197393705592,-1.3726012049235132
1.908075162668015,1.2454971136532995
-1.7081563533355937,-2.273034030012014
-1.145502558450912,-2.051032715848806
-1.3970229239275203,-0.7032870588816431
2.657260247964646,1.7093014927588674
2.322068521280076,1.6587184878073904
-0.5185355455686793,-1.108609610608938
-0.4081331999113307,2.5225408138715
-0.7331686527540431,-0.7431968985117701
0.5631333081910863,-0.8733248053110865
-1.50346960733435,-0.24299805741679936
-0.7030951292326197,0.13458544630634517
0.3195982663820043,1.6568883867942068
-1.432571581106399,-0.3467363653696802
-2.259706965189193,-1.5123345194376734
2.3117817132661598,0.8111698688946936
0.4791968553254857,-0.06916945557964116
1.8989506452272191,1.1572368802510473
-1.6581884310652957,-0.8388380346812037
-1.88561358908913,-1.7494613466776636
-2.305057695608352,-1.9536313353098658
-3.054371407728408,-1.8277851877726343
0.9254792421052709,0.7886553468190405
-0.8610435635854945,-1.959500723890188
-1.4649116308500514,-1.0146197615183619
-2.6934674293806298,-1.8030711947001246
0.6868162839601293,-1.083026581815603
-1.62463899562857,-2.2373642263926294
-3.064651063184951,-1.8549396334208277
-2.746037772398208,-1.9820846853770044
-1.4435235769560084,-2.483341628126028
-0.12303512404463146,-1.9383978186167505
-2.623096457224105,-1.411125594190481
-0.7399492771436915,-0.6995529470957544
0.9320030896852269,-0.2531320391215113
0.01593763520219471,2.379480844923136
-0.1498641283323512,-1.9121743975199488
-0.12784402678510998,-0.876023226789358
-0.6064513237287745,-1.6882070837534693
-0.5756227285673365,-0.38522523026836186
0.1837657182405248,-1.9435817537821558
2.8984206407258766,1.309110766836283
2.6607678621003883,0.9658740820370886
-2.1371084363271935,-2.2498816786326197
2.4951871125886695,0.7660729350529882
-1.1912230760862574,-0.11945622544658452
1.7476058690736547,1.1179372729741308
2.604784318704392,1.8122541490949962
2.3191145150850074,1.7266678350053999
1.8695131032655492,0.4566468657933447
0.8902893750856176,-0.8448888598002222
-1.4464413435270533,-0.5778347788370874
2.3320801942537086,1.154704815336344
-0.07056718180677746,-0.9731845198191431
2.2119343965242164,1.3915013732396337
2.3827813356111305,1.4806892635308477
0.15574772049882557,0.42077333349811763
2.8088906495759742,1.2211441459141943
0.13864977051713612,-1.036371880582693
0.2515350072572484,1.7823062526069853
-2.4057188541700585,-2.072962933591726
-1.1788362772276149,-2.391465598157766
1.997674533624436,2.143403327652094
1.070266792077805,-0.046776467374685105
-1.3058920116235957,-2.151488953641775
0.8923395364473119,2.520531481691477
1.536246606607224,2.4104570807896826
0.3184836595247045,2.361679262109873
-0.10473363707563732,0.28230435270893306
1.7743764608094945,2.1910195412121984
0.26643235375383045,2.317898518034098
-0.08767264197370861,0.4118685187779638
1.907366105813767,2.04142888505089
1.7811554162690892,2.2032733025037023
1.4548645703981176,1.6143822731457922
1.3461559503267064,2.1163294972859594
0.87772948433854725,2.5409747423611853
0.7250395505616918,1.7121483670555326
0.225339361924912,1.217182225175974
0.8529175012300267,1.4824362756692144
1.2108348100373998,2.0761954845868322
1.4657009332368627,2.584473794885752
0.3871501176545873,1.824625880085704
-0.10850184271833752,1.8784188764177534
0.7512117116639867,2.697807020135996
1.5129538266847387,-0.26234691720378667
-0.7744802148153529,-1.2739953337229517
-3.2152209789564354,-1.863910132459524
-3.0435518533994896,-2.0426933107889917
2.8855255334565895,1.230378335901377
-2.5112324268629296,-2.131251030973318
-0.9881973178198085,-0.8175815878428248
-0.524026683073257,-1.2100354967631128
2.020095178384568,0.640920943208811
-0.3458027155210719,1.8409682126723501
-2.426502814989303,-1.276207619718435
1.6327605931947484,-0.04820519070995122
2.047340699929978,-0.11615126710307866
0.8441808908174291,-1.3563663301981714
-1.1165251047422633,0.4066183032475683
-1.1290563852598414,-2.2120656309641626
-0.5349244386961207,-1.8817927179850367
1.3240152089784398,-1.2173418341196802
-0.41138677905104015,-0.7909492788828638
-1.4852749318887934,-2.1037253675974634
-1.2871735603620753,-1.6838092146433619
0.33299023797013905,0.11350781340229243
-0.8592802197744593,-0.16216092687022954
-1.6724617392828212,-0.9232127008951929
-0.9293192536642298,-1.2523996172465113
-0.9059615642835841,0.5233101310216162
-0.04809730361006115,-1.1664649782694605
1.7571345060060277,-0.06801300626170903
1.8675416200349584,-0.5973727045573023
-0.7218026430418238,1.6266774745665762
-1.6474208892395243,-2.265680724195364
-1.4202826828768,-0.8099338350809839
-2.567831328611587,-1.5485896406687525
-1.0520549328138575,-0.340733223966482
-0.9892023117353663,-1.2523373899973658
-2.594166925649856,-1.4281205473459986
-2.78302984545729,-1.656071358732107
-0.7966315657903895,1.6210227372132513
0.9949432103822484,-0.5168794928110865
0.8342464654634252,0.21760887522327632
-2.48650245974562,-2.165306502393606
1.189658471841599,1.5485902192078802
1.326447555322434,-0.9525794325388697
-0.8509489209463343,-0.6773132620371607
-0.6100348741819606,0.45772880930530757
-1.1625522882749781,-1.6203882036722925
0.5838120668123021,-1.3725783167399195
-2.5919284136106713,-1.3642744360483912
-2.1400326103975518,-0.8728358088053492
0.7637637345979467,1.6052853079520437
-0.32737474749586437,-1.2806615171946314
1.7813394754121556,-0.5570821104563501
-1.0883495719244227,-0.8779534636057642
0.9079709737489476,1.0520836176358435
-0.07081954787275646,-1.1284298239268091
-1.3112467438986048,-0.6705185709513453
-1.2104990393926844,-2.3701528845347193
-0.8262186558058009,-2.139164382032278
1.4245444028566137,-1.019101553968313
-0.37434428046247814,-1.9083751974619654
0.19676608731248524,0.14370996374714107
-3.001588991384719,-1.8260876474894312
-0.3255247385313258,-1.330666953138235
2.5352943628022926,1.3004056872807714
2.4273184030244606,0.9337841929875585
-0.40985803912184093,-0.5097226439036158
-2.418676963548873,-2.323999815992239
-0.2296704561521754,0.8950290145360205
-1.4451931924631343,-2.1909441290415552
-1.3998065800478205,-1.8965327082194117
0.595234700937058,1.3372148336850378
-0.7063669473936305,-2.0224952040232447
1.6679414003083959,0.6770756902180883
-1.5350671024133906,-2.256718092969778
-0.8026631982137904,-1.7591060934580591
1.8397525041291967,0.2462545098744604
-2.763495615225051,-1.7530082998789576
2.634674855966355,1.9309106381617758
-0.7880653650572047,-1.3862933455027369
-2.7869914085676415,-2.0539891062296656
-1.8176743299772486,-2.298985415510061
-1.8834957466532931,-1.0481066046274927
0.8069356172273412,0.7400233211003515
1.7104991166780248,-0.012213283590200241
-0.6508472473432765,-0.6680697737253931
-2.7448798329641564,-2.068674260190847
-2.8249708921720726,-1.7240382967509058
-0.22148566554090832,-0.3080035982645777
-1.3895270139982447,-1.590104275754812
0.5731011121461644,-1.6112279234446314
-1.8623770386984095,-1.8945690928019312
-3.096420458059524,-1.7446870146311548
1.986104079980637,1.7769239867113802
-1.1672790558149562,-1.3812462626017359
-2.31843822310469,-2.359590464643362
2.0750537603090065,-0.28893726449382573
1.330379554528977,0.5511317910634252
-0.22137217829725597,0.6903342666112158
-1.0775735289861903,0.04285771269428462
-1.801482519607757,-0.6080943880594996
-0.5613469393064723,1.665485358425257
2.383421251077439,0.5422980250798437
-0.8926772982885585,-1.6009580431498316
2.776832887429978,1.6568151028834555
1.8104801862428441,-0.5660580931223658
1.2186768739412084,-1.1829225359476832
-0.8157662064840541,-2.3044795332468775
-3.0046021253874047,-2.0936786470927027
1.9858511178682103,1.447452253290293
-0.5541821033766017,-1.2076074419535425
-2.3923014910032494,-1.2567776976145533
-1.761086824822937,-2.027824336103323
2.4323185174653785,2.010829112120745
2.0827048509309547,-0.08459990601909428
1.9958499162385717,0.20253462214100093
-1.6440505147983775,-1.0058776674784449
1.1676121442506566,0.18345171827900142
0.8566756932924047,1.110824531503794
-1.0905903489401088,-2.186075383237722
1.61124927689531,-0.4823061762369898
-0.7228649170210109,0.5773237409077856
-0.8120662481596217,-1.9933099089182642
-1.513241759042953,-1.5394393740214136
0.5709262578676,2.5814120830975744
-2.257884582977508,-0.9819232759989527
2.287133046884324,0.6101905765019628
-2.5328394682218773,-1.7431692419565943
0.028765150804306527,-0.03452580552470952
1.8217914788911596,0.4016528787099096
-1.7566389986386046,-1.0827843485392359
-1.0846527130415187,-0.20298331361186772
0.16244692494371082,-0.3964499769724634
0.5254557817170873,-1.675983124784353
2.605274984140183,0.5745989741765234
-0.09900348494551037,-0.7451495466746119
1.4872124879548803,-0.8886408148325708
-0.1523921997358546,-0.676417285016897
-1.0786160738279567,-2.262554579786184
-0.19691126654646252,0.7306470336400244
0.924087354440476,2.1070926548920843
1.3859203546235814,2.2746739150963995
0.004359313745285531,2.50627899784672
1.4521370618531957,2.1402314664803717
0.29711825539567616,2.686444944330332
0.8268657415101781,1.9525755705319616
0.8568537919709935,2.034322670289156
1.789221116800095,2.4290030660115454
1.513539144296433,2.4330867590390417
1.8306410997102514,2.313136106916544
1.304279872674729,2.5283077420674536
0.7374485223481908,1.9019844295464727
1.0397694795320287,2.2595275999985907
0.006905981797958871,2.7318801941357824
1.465823957223679,2.43361133951771
0.979354688424851,2.0667624833070013
1.4549933164308324,2.4941690029584143
-2.4706234247495873,-2.0276059446848658
-0.2817906648924098,2.50250143427479
-0.6576768667509303,2.2389392914258215
1.2664817063997045,1.9395331503831121
1.1034458368013158,2.049855953642008
0.6567443101594701,1.7479394102476808
2.1403361051271217,1.5094826282941076
-2.3332443744947655,-0.9915735064066675
-1.8372986526300654,-1.9540352163828638
1.574151822824265,-0.4841243563212183
1.2277801721284642,0.09350854773151607
-2.4720535189916832,-2.0877935228861597
-0.4103614599516139,1.2199516953908178
0.01450462033250477,-0.5802590189493921
0.07139475037553455,1.0572405518971655
1.6673906533906713,1.6045147689067099
-1.6096039922048793,-0.5855304537333277
1.9860618798921361,-0.29498165231120854
-3.079047134618972,-1.7429730234659937
-0.6182053596784816,-1.2550176916636255
-0.07455175231001232,-0.36720150094402104
0.08508402993180897,-1.8122891722239283
-0.5606217891981349,-0.5095798311747339
0.3459075181672826,-1.128082209638479
-0.5596721679975734,-1.9396874247111109
-2.8005236894895775,-1.8506647882975367
-0.9632626087476954,-2.2582878408945826
-1.3942059488107905,-0.46101635079753667
-0.796466103296493,0.30595964808094234
-2.221210143070434,-2.0505143938578394
1.3811248033235326,0.5468093814336035
-0.8427786142637477,-1.1747392950571802
1.1752677648256078,-1.2581939039744165
1.429899999398972,1.2758485736333105
0.4740372388551488,-0.5740184126414087
-0.07000785182020519,-2.0579203901804712
1.3685606210420385,1.1740385355435583
-2.2558463425447686,-1.7133683500803736
-2.812020710211013,-2.000647240690115
1.9783330648134008,1.5299608470879766
2.4104731767366188,1.0954883756123754
-1.2392866523077235,-0.3334543047465113
-0.5010842592527613,-0.048494630864980515
2.469142743844773,0.8127116622410986
-0.41246729205152843,-1.52269547562969
0.4535434930513158,0.3112513484441015
-0.5078225643446193,-2.0536865530527857
-0.6527791530897364,1.668738669344065
2.549835988778855,1.2856558026753637
2.429498025674607,1.148607140966532
2.2351818769166725,0.9807897867642614
-0.9088666946699366,0.14633042235004634
2.398893186349656,0.4809593619786474
1.8539169519136205,1.4325529398404333
2.1601694314668434,0.453830665536997
2.0524304597566383,-0.10337989907634526
-1.0366408736517176,-1.4211983023203638
-0.9385945112516627,-0.2924875555552271
1.0158363073060765,-0.9789220629252222
-0.40465574572584484,-1.8815383253611353
0.8906939714143529,-0.2630981741465357
1.5478730886171117,-0.5148140726603296
0.035558172960068246,-1.3006493387736109
0.45745999505021717,-0.7887892065562037
-0.7388318092634425,-1.5159427462137964
-1.2011974961569056,-1.6042544184244898
-0.9952354342748866,-0.24803679566753178
0.517365524072434,-1.0261117754496363
-1.5017650933077082,-2.387225562147024
1.3594196527192846,-0.5589658556498316
-1.0325191528608546,-2.0876213846720484
-0.41039567301771496,-0.7334300814188746
0.30132991959550526,2.260809427686808
1.2038815705964818,-0.21491497140300542
1.6352849691102758,1.6331326277934286
-0.4911397011091456,-1.9478143988169458
0.9412921159456029,-0.5019606886423853
-0.13296370814344738,0.2778521241627905
1.907004901666428,0.2370815934621069
1.4575801580140844,-0.8751155672587183
-1.1943849236776576,-1.5304354963816431
-1.6172926635553584,-2.412022524885061
0.47465593506791737,-0.04984789471996098
1.1860132901857152,-0.27197211366069585
0.06269092251756336,-1.9984373388804224
-0.8666183860113368,-1.7092310724772242
0.09738130261399891,-1.8958563147105005
-0.2541744024564967,-1.8793083963907984
-0.8678079159071193,0.16837472338306636
2.4733103006074684,0.6151933135472509
0.4038756578157201,-1.3794762430704859
-0.3201799900343165,-1.2037309942759302
2.1561220376680152,1.3940278055154058
1.520999738473679,-0.8160268602885035
0.46847684075334217,1.9192222865306112
1.9897313802430883,0.30460161585437984
0.4604819505403295,1.7550923885785314
-0.6254358799268946,-0.10188453774822026
-1.9401073963453517,-0.5214485464609888
0.47648555924394276,1.7475713739179346
0.6328521459291234,2.6282665790997717
0.5712555139253392,2.6773606600247595
0.8991783349702611,1.520064807125208
1.6271546571443334,2.487938410230753
-0.24473612616560314,2.5821721019231054
0.0011057346055760586,1.7474997999154303
0.29107553650834705,2.1003472866498205
0.21108753373124745,1.1936162175618383
0.07683129002549793,1.430201596208689
0.8392451493928685,2.2511995794259283
1.545080253381516,2.4077156247578833
2.011660644311692,2.2990617515526983
0.13631648709275868,1.8117407207384977
0.4811461656282201,2.3314333023511145
0.8462985246370092,1.432811743208048
-0.2454548389723048,0.02533275503742427
0.2719782083223119,0.7960378589116308
-1.9342470229675517,-0.5284566221751001
0.9433625428865209,2.373736566492197
1.1606252877900853,1.2223181189976904
-0.5321473390867457,-0.19785612206828862
2.8789990632722633,1.2216507257901403
-2.418296745519851,-0.7884189425028589
-0.6454908163358912,1.8629223765813085
-0.006981423597548941,-1.356717282346609
2.0852814405153053,1.0193705620251867
-1.4168353588392482,-1.9549781618632105
-0.14575403044721935,-0.5887016592539576
-1.3243443579485163,-1.880396538785818
-1.652297607164596,-1.6220998106516626
-1.4817259521295771,-1.2555629549540308
-2.658146849374984,-0.9929661093271998
-1.8996369452287898,-2.002192431501272
-0.630648186903213,1.4885926904164526
2.9016459672639625,1.556067323871729
2.739918061990525,1.8971804516397688
2.3322165696809547,2.0950719775639746
-1.50716891000769,-0.6546544371165064
2.8782652108857887,1.6887157620869848
0.05698473145463612,-1.2047149477518824
2.1189683168123024,0.8041309775792334
-2.2996707470228417,-2.078000718168142
2.722295114297654,0.9539213242017004
2.6740558831880348,1.2255253853284094
0.27050335099198963,-0.6794969378031519
-0.7771938950826869,-0.40821736436260014
0.3501678197572484,-0.9439615545786646
-2.331088057260726,-2.0929097471751
1.8740268438051,0.6312207641087744
0.46551401307084705,-1.3094753561533716
0.7986443727205053,0.406155055948374
0.42711026360490467,-1.6900111971415308
-0.5285637886335597,-0.6157194910563257
1.7774213044832006,0.6520473422490332
0.1888788430879369,1.8602511087440226
0.33588940789201405,2.1446904005490515
-0.4178370744993434,-1.4328464804209498
1.4106109826753392,0.4235519828282568
0.9321339814851537,-0.12080007176769048
1.569973298806931,2.4243941368542883
1.827250310678269,0.68725485224354
-1.712779427420114,-1.139199667981985
-1.7746125613411412,-2.3258022604502466
-2.475261917810653,-1.7786292372263697
-0.5073227197935328,0.052280610986826126
0.9988208501527562,2.313439434953806
-0.37766926596662853,0.7925234498463842
-0.31135039637586925,-0.41218751054179936
-0.8071474940588221,-0.06613522153270512
-2.0289785773565514,-1.1744632063425806
-0.6287572891523585,-1.694924765638235
0.4636579244325414,2.3262067498646948
-0.4086740524580226,0.974773413129923
1.4634001939485326,-0.5908293066538599
0.2913392274568334,-1.991680079511526
0.1761234491060033,0.8895502747975561
-1.55950187752745,-1.1944329081095484
-0.7527627260496363,-0.52739518266094
-1.4732485325147853,-2.1129915056742457
0.5417042463014379,-1.1938065825022486
-2.8267553360273583,-1.902995997480276
0.4492233483979955,2.196311658807871
1.4920345037172094,1.9983210476123068
0.47303301979997303,-1.3086470900095728
1.0901416032502904,-0.3669692812479761
-0.2862234623243556,-1.7088109789408472
-0.48417239497206066,-1.7558740911997583
-0.4614486009886012,-1.465090209058645
-0.48973005126020763,-0.3717715082682398
-2.5121604711820824,-1.564664298108938
-0.41785865138075207,-0.38297932725322514
-2.771081021528457,-2.169745856336477
0.07626433064439442,-1.5355696020640162
2.6707375734040992,1.6221669526778433
-0.7415361912061915,-0.4996532736338404
-2.519061556558822,-2.251647883466604
0.952203580636765,1.5734283091508123
-0.7183596403410182,0.05259711165058345
0.99408299614885,2.2329346301041815
1.4698336808870092,2.039514890500185
0.5078430860231176,0.4151521386586401
1.0578959672639623,0.9389158548794958
0.05538160492875721,2.0441595675431463
0.31582719971635487,2.155511415191767
-2.6270598680784447,-2.2740840254343775
1.0980358808229223,0.8910449804745886
-0.023126533727859,2.3957901062451574
1.8505242555330053,2.3767221035443518
-0.6702467710783229,0.7465016307316992
1.6351271360109105,2.417875951715586
-0.6100870878507838,0.5047205151997778
0.8652075021455541,1.8934073658667776
-0.05853789160749767,1.1651437940083715
0.3560815541932836,1.97524992246258
0.9741407125184789,1.690070933290598
0.6070569246003881,2.4435270490132543
0.4446781366060033,2.1792768301449987
1.7430341928193822,2.4079846801243994
1.684343883294846,2.40359789747822
0.29233796288468983,-1.9361812410868433
-2.015456786852096,-1.185436183027151
-0.3249780447294459,1.231496340223429
-0.6234537870695338,-1.2764052687205103
-0.9566115052511439,-1.243020707181814
-1.8066552267482028,-1.3014466105021265
-2.3746652514745934,-1.9882959661997583
0.3365109651277318,-0.9355906782664087
2.6132481782624977,1.8404654437683794
1.5244119851777806,-0.004237586072805222
0.4017220227906957,-0.9619430838145044
-0.43645208189985607,-1.4272643862284449
-2.6143484623243554,-1.7588550386942652
2.8143308847139137,1.4815568985425207
-2.80622582743666,-1.6987792788065699
2.521694013376023,1.6027385951958868
-1.2943377704431758,-2.3578805265940455
-2.1999458880235894,-2.0053583918131617
-2.824879458646987,-1.4477249918497828
1.2923424928376928,0.5447169007741186
-0.5224220068266139,-0.3194515047587183
-1.4348429651071772,0.20570189375507564
-2.2316369623949273,-2.3334988890208033
-1.0064932615568385,-0.02601450066936284
-0.735055974226211,-0.4004861650980738
-1.3703690082838282,-1.216843539289358
1.8957336633394017,0.6468303861104223
0.6998811452577367,2.5410510363064978
-0.7044154913236842,0.7436339320622656
-0.9579275162031398,-0.3118786154307154
-0.2637005359937892,1.4220085503541204
-1.1676329285909877,0.18551999945270747
-2.0671721608450158,-1.0011483965433863
0.7605252950380101,-0.44380157571208745
-0.8527380735685572,-0.9124435720957544
0.10935551812150623,0.7532360019170019
-2.213239899378036,-2.1721746264017847
-0.7260369570066676,1.9520325722180578
2.3873122422883766,1.691647848673937
-3.1684057028105004,-1.85224288087261
-0.9338722736646876,-1.2409309683359888
-1.9418159634878382,-1.7536751566447046
0.8828669278810277,-0.9973060427225855
-1.9976235688736186,-1.0497733889139917
-3.0475433380415184,-1.6993066607035425
-1.3100906522085414,-0.998314314893606
2.9588902681062477,1.2664844455205175
-0.137134364347671,-0.7826084433115748
-2.7284193546583397,-1.1641997633494165
1.2710898606965795,-0.61052506547344
2.4147866456697242,1.3733821572743627
1.8535655229280248,1.0528354706250402
-0.7482808143903956,-1.3429104624308374
-0.9457281739523158,-1.4135102568186548
1.313341447610642,-0.10048394780528813
1.59003026177385,0.8183046640835974
2.5129178254792945,1.9520453127108786
0.7200148790071264,1.6115545542918417
-0.8368022353460536,0.4058883847676489
1.8892749040315404,0.9118533195935461
-0.4867054731657252,-0.5102485952891138
-2.364215365152572,-0.7533101378001001
-0.051200440626357535,-1.2823678789652613
1.6186562268922582,0.054152673669931595
-0.8313438207914576,-0.11453526597392827
-1.9766940386106715,-2.1184021769083765
2.5417526452729957,1.6288665892564032
0.221935459871079,-0.5438646612681177
-2.7531402618696434,-1.9159857569254664
1.7259622304628148,-0.6895357904948023
2.3805559365937965,0.2895347537480566
-0.30191760371229504,0.6471739472829077
-0.029447248678420523,-1.0343403158701685
-0.7995092184355006,-0.3846053419626978
-1.5858501852562175,-0.12977974992168217
-0.22320907423994396,0.31346959490406245
2.51208049942949,0.6848390759907934
2.2222724645326393,1.863299688883898
-3.060864737730239,-1.7379555044688013
-2.798319628935073,-1.4333762465037134
0.5189367025087133,0.03892034906971187
-0.027286937933181266,-0.04823725800884038
7.798164079442227e-4,-0.8931557474650171
-1.0752921016027674,-1.1485015688456324
-2.041348925333236,-2.193706923536184
-0.9702627570440516,-1.9202923117197779
0.961194583673264,-0.7224468527354029
2.2000933377931373,2.1388937594376776
-0.686710050802444,-1.1083525953806665
1.3936134069154515,1.2830096544705603
0.49540693451860096,-0.019688659719350632
-2.328921368818496,-1.9411017237223414
1.323917218942429,1.1365863146268103
2.388799497384812,0.7880004109822485
0.1844472377488866,2.207541591116068
-2.0469716996958,-2.022537880948904
-0.48481302569410656,0.3573643626652929
-1.221790900926803,-1.1539477644480494
-1.2904975921919093,-1.3360046682871607
-3.0040388614942772,-1.7352654276407984
1.5972867696473851,1.2696993412457678
-1.3102173716833339,-1.9764575300730494
-2.3322049886991723,-2.1183649836100367
-2.2581329257299645,-1.5743274031199244
-2.1952196867277367,-1.7544586000956324
-1.397918900947784,-1.08403580766094
0.558702775735642,-1.3460044203318384
-0.7904268414785609,-2.0871547995127466
0.7674422948549047,2.569240993448374
0.35262925316789295,0.7960316600285742
-1.9627517969419703,-1.8498753843821314
-1.6172205866386637,-1.1294409571207789
1.967769691247727,2.1519812406979772
0.13860685517289784,1.7867698563270542
0.9152277200410619,2.2018182339154455
0.30276066948869373,2.1628326239072058
0.27087146927812245,2.6859766306363317
1.5955415456483617,2.4793723883115026
0.2551606385896459,2.1490666331731054
0.4498625486085668,2.622376090475199
-0.8740236074735865,0.4231888713322851
1.4776733606050267,2.346629029699442
2.4303882806489723,1.8511445285760137
0.07358581711747791,2.794238335081217
0.3099888055513158,2.401320284792063
0.6898666112611547,2.3912487687550756
0.9593349187562719,1.9909582348548147
0.5241308896730199,2.3621140779935095
-0.49962930987379406,2.53579879421818
0.13454682518937733,1.8702903078876707
1.4436531751344457,2.3448658050976965
0.7280996530244603,1.4464553358041021
1.7049003331849828,2.2699348391972753
-2.1940726847460015,-1.4106458960093287
-1.1605514795591578,-1.8072974024332789
-2.5315096885969384,-1.9376937685526636
2.2760127275178688,1.6612276645385
-0.5533507377912745,0.3789423169575903
-0.8627641708662257,2.1103361310445043
0.9325528829286351,0.43783015627491206
2.6579583375642555,1.0745800795041296
0.5017257421205297,-1.5469328699625757
0.1993245570848241,-0.8653864203013208
2.3979867189119117,0.5749048652135107
-2.1772134513666375,-1.113135272077444
-2.3876457721998436,-1.5919026670969751
0.5896776406953588,-1.4501179991282251
-0.7876018793394313,0.07869643587696284
-1.2829352230837092,-0.8407275019205835
1.8831735341737523,-0.011335545591237839
1.8333302228639379,-0.13462656121623784
-1.3082678527643428,-0.4014624891794947
2.8484533517549293,1.2680320205174658
0.14446432282426502,-1.4949459372080591
0.02234298874833729,-1.2752334414042261
-0.2805156023313746,1.3407147886239263
0.353918144006516,-1.535965853742483
2.3212531297395484,0.6445793570958349
-2.3265941650678856,-1.353280716947439
1.4902585237214818,-0.8073229132212427
-1.4682820946981654,-2.1538326082743433
1.516386815805222,0.015650338121530716
-0.26898639510176037,-1.0173091230906275
-2.8600918562223656,-1.926616602949026
-0.19354622672102306,-0.6533071337260035
-0.24745695899031017,-1.1736289797343042
2.0492225377748268,1.3056178750478002
-2.9843693287183983,-1.7688941298044947
0.30862528969743397,-1.0685765085734156
0.6002121656129613,0.8825340332471105
2.8258336274812477,1.2480183305226538
2.5801122873018043,1.4368164004765722
0.10301775624253895,-1.6313838301218775
2.9171369760225074,1.3432122530423376
-2.7496880204488976,-1.494957619718435
2.5010226457307594,0.7332115830861303
0.035144397516037484,0.7145779790364477
-1.5557515532781825,-0.23240988831889897
-0.13289301703474377,-1.9843844709910181
1.023640224237229,0.13249356169330806
-2.455648353796218,-2.136258297971609
-0.21493571112654064,1.6796797724448416
-1.0127116949369654,-0.7337610064066675
-1.3554043383409724,-1.035111361554983
-0.2867991239835963,-0.2973553476847437
2.366801091928269,1.2903168858967993
0.35508424927690174,0.01982278246509761
2.3207934587190406,1.376333391853449
0.7253063409517064,0.695918387361643
2.531046697397019,1.2504045428715918
-2.710878363352035,-1.306445771268728
-2.063577106695388,-0.2466205893076685
-2.7534297616293175,-1.820312434247854
-2.2877707392980797,-1.3234807787455347
2.538504430551316,1.2768574418507788
-1.633877134423469,-1.9335846243418482
-2.135889908771728,-2.1400632200754908
0.15697736432054188,2.294262921997187
-2.0163051099588616,-0.8871619043864039
-1.427596977453445,-2.0543784437693384
-0.7421317608167872,0.0645361604176733
-2.746935239534591,-1.1599129972971705
2.5220850198457496,1.8983579637490484
-2.034109971027587,-2.1453136740244654
-0.826426676016067,-1.1086863813914087
2.4004462449739234,0.8823827566586706
-0.032897284727309684,-0.1928190527476099
-2.439601948957656,-1.4872335730112818
0.6675732820222631,0.014876073785898392
-0.6843226463606105,-0.2561561403788355
0.5260921209047094,-0.3052126703776148
0.8899548738191381,1.9218143658720228
2.7830236642549293,1.159498161264536
0.6716230600068822,0.9630729617558691
-1.399419030647491,-0.21485512833965092
1.3424192159364476,1.6695365669213507
0.49203617264726307,1.548054343649027
1.9153533666322484,0.656611746736643
-1.10219865153334,-1.6660322485483912
1.833710738916184,0.6503841342412207
0.18857652832963612,1.890356248804209
-0.2373056919386134,1.5309234024964544
-0.44858138869306896,-1.479290181211355
1.4556551664064183,-0.6802651224650171
0.372240373391892,0.7530363263570043
0.2509651868531957,0.9214901389561865
2.714125940103318,0.743949598260996
1.066339084405686,1.0845601024113867
-0.21499960730573986,-0.2959844408549097
-0.15192358801863048,-1.5831801233805445
-1.8061100901176677,-1.4987804232157496
-0.8828172595312342,0.6314494075261328
1.7221005647371068,0.59785956759083
-1.6135931075622783,-1.1801933584727076
-1.9463568092396006,-1.2379903135813501
-0.3213530094434962,0.15281242746937007
1.4083760469148412,1.068780011125681
1.608739682931687,0.29948968309986324
2.2256985395143287,1.1129467548810217
0.18907327343919422,-0.6997744379557398
-2.148644647102569,-1.3565706549204615
-1.8784030512978778,-1.4184135733164576
2.4414365976045387,0.6712293090306494
-2.4138370067884667,-2.3099021254099634
1.894464322824265,0.8814173998318884
-1.1588293821623072,-0.7095009623087671
-2.793130329351638,-2.0974888144053248
-0.8294441015531764,-1.6495038805521753
1.9192970483491674,0.6492964686833593
-0.649079492788528,-0.8705715475596216
-1.3425691337396846,-1.866804772428396
0.4253135411927953,1.4280547859154913
-0.5372734577467189,-1.7406303225077417
-0.0722983391096339,1.1892499985181066
-2.3259617597868187,-2.0450331507242945
1.0263946740815892,-0.0614014206446436
-1.4825339526941523,-2.088566237501028
-2.981167963247512,-1.6808628378428248
2.2334490506837623,0.4646952809773657
-2.249033799867843,-1.3384377298868921
2.8393948762605445,1.7986308546744558
-2.8356870920469506,-2.147888356260183
2.502824613351609,1.7386123524986479
-2.7398801953603966,-2.1263083754099634
2.649100133676316,1.4974007071934912
-0.22943537543318127,2.4681136073552343
0.08764929463365223,2.4215808572255346
-0.7591785700132594,-1.0382813749827173
1.0102966516206517,-0.3630163012064722
-0.971240809660171,-0.1686641512430933
2.1273699491212623,1.5537411930047247
1.0660942285249486,-0.45625584702861577
-1.6657311157395587,-1.9366154013193873
1.2265351503083959,-0.5431002913035181
-0.6851375610639796,-0.37306373696697026
0.10877759148576405,-1.5092524824656275
-1.6994869173576579,-1.725961381009939
2.1437628953645484,1.3260704638444158
-1.0948244840910182,1.6263594092808935
2.637310811776902,1.7107974575840208
-1.8343618051221118,-2.0570966539896753
2.0203526704499977,1.500913745351908
2.6213110177705543,0.9422457875691626
1.4633513181398168,1.163221842237589
0.9878953187654271,1.1674426855527136
0.36437661339738514,-1.5048484144724634
-3.1893266947080834,-1.9040350256480005
2.283269712228562,0.7098715962849829
-2.0818696827699883,-0.6557363806284693
-2.3207605392744286,-2.265213900617483
2.6754377572725074,1.5493836166344854
-2.505608907442306,-1.2702197371042994
-2.402829578619216,-1.4576677618540552
1.7717912881562963,1.2907446684323522
1.7821167199800267,0.624814814516184
0.9012194364259496,1.4270982207738134
2.809519597787644,1.0252103867017004
0.6543877809236303,-1.638861590436819
-2.8769649774839623,-1.8096327124155787
-0.4285614998152003,-2.0373713312662867
1.7989166467378392,0.4250630797826025
1.3534148423860326,-0.4165884790934351
-0.09621327231428478,-1.9219648180521753
2.6264832704255836,0.6346309842549536
-0.23825376341841076,-1.5032352743662623
0.6795297353456273,2.2950369777165625
-0.1438557417204127,-1.6365629969157007
1.6297846524904027,0.9225645722829077
2.002564021844651,0.7917876901112768
0.6624382226655736,2.5401504697285864
0.05877787758805897,0.6246320666753027
1.553822109002854,0.6971225203953955
2.0082605569551246,0.9330694140874121
2.6370466439912574,1.5710174502812597
1.2725382535646215,0.9860340418301794
1.8929677694032445,1.6341546090327475
-1.3051031441499934,-1.8248590765513208
2.85614092041948,1.4521567584954473
2.1687679975221412,0.22770947832691402
2.2889211862275856,1.3411474289380285
-0.7021823437025294,1.374335146137354
-0.6994675905515895,-1.5942084131754664
-2.192727169494842,-0.8543400106943873
-0.8078184635450587,-1.5635225115336207
2.744715997476365,1.1836203994237158
2.791493245858933,1.2819257440053198
-1.252178183298324,-1.949420386365774
0.455004045266892,-1.5867211161173609
0.7903624265382543,0.07888359446155757
-0.063257148962234,-0.01643984895122319
1.6936646192262426,-0.2112044630564478
-0.638826897840713,-0.6827472982920435
1.7782700746248021,2.4121037783108923
1.417397090692307,1.0676647486172888
1.4586411206910863,1.9731555046521398
1.1357656209657445,-0.6144792376078394
0.26957852532365467,1.657607531734583
-0.06031530211469982,-1.3638815222300318
-2.3915374786665184,-1.6412510214365748
1.7464643209169164,0.3377999724827978
-1.9705344648172602,-1.3496803579844263
0.18077237297990467,-1.5357186136759546
-2.134774467449401,-1.3675495920695093
-1.8205998563279853,-0.7330653009928492
-1.7928682253768191,-1.4136852560557154
-1.6026462377121196,-0.8269390402354029
-1.0202422649671778,-1.7316934404886988
-2.320322564344619,-1.2576178846873072
-2.3171905190756066,-1.0525373755015162
-1.8703431026150927,-2.0435232458628443
-3.1876047165205224,-1.8812805948771265
-1.5367402792980418,-2.4507927237070826
1.6479154317567601,2.141792869754908
0.3292468278596654,2.248947239109156
0.41760093857743885,2.392816728540537
0.5242572515199437,1.3895476819955084
0.6366058080384984,2.5368006290875647
-0.31243746588728283,2.3731038631879064
-0.03925209353468273,1.3338050903760168
1.2540496080110326,2.5823384584866735
0.22922928025224354,1.1923537911854956
0.21773965050676014,1.6725299121819708
0.7101078717897191,2.729823476263163
-0.1431655199339137,1.3061181964360449
1.09346682717302,1.8063014197171006
-0.14113276312849377,2.3146247329198095
-0.20404761145613048,2.125443852134821
-1.092082730035995,-2.3316759405649927
-1.652466109495376,-0.7227548895396021
0.3902936666200414,1.4719439210377905
0.14066500355699207,1.632083600946543
-0.13975243876478527,2.066933250614283
0.2488911836335912,1.416539406963465
-0.23128025839826916,1.8053324549466643
0.009223291177536508,2.7077471079312536
-0.223757317762588,1.7887498965494606
1.106563874978806,1.8859304549180242
1.0196417062471166,2.1526046754800054
0.5310424058625951,1.707776969858286
0.21880371262529041,2.568430489488718
-0.5583069832136378,-1.271676713041189
1.9203727929780736,-0.07569592576396733
0.14989692856767323,1.26536924261677
1.1207559793184056,0.5630567731343481
2.278018304605271,1.3655265631161901
2.7526920526216285,0.9456865848981115
1.4223166196534887,0.302755660005686
-0.8742930204679713,-2.223714762739065
-2.864839008550857,-2.0067598162211207
2.8740599839875953,1.4159401418648931
-0.1642102510740504,-1.953810149244192
-0.2613065750410304,1.8934384049855444
2.0646172254274147,-0.1932613192118433
0.05912894894578602,-0.7838141260660914
0.7578366487214818,-1.4526025591410425
-2.658550253610824,-1.3672758875407007
-1.4931478709985957,-1.9319443045176294
-0.45238571475050304,-0.44693177323711186
-2.64397715638182,-1.4791700182474878
2.0100753991792457,1.010632640310404
1.9232500283906713,0.4263191880665991
-2.042321583729003,-1.4406985579050806
-0.8155128271391139,1.6858709217988226
1.5738328187654271,-0.35569422822368413
-2.6243658573438866,-1.3564304647959498
-1.105836621027206,-1.9884752569712427
-2.7484453828146203,-1.3613919554270533
-2.8736454756071312,-2.1266071138895777
0.2711837976167455,1.98236282784569
-1.6553136319925532,-2.262042933515432
-2.696461787920211,-1.531956368497732
1.4600551812837377,-0.6496731577433374
1.0664041726777806,1.6139776321135733
-0.8107677609731898,-1.827948742917898
1.9997130124757543,0.3682078780614111
0.7643175809571996,-0.4584874449290064
-1.640783628921722,-0.6854521570719507
-2.8252031118681176,-1.4639143286265162
-2.534395685892318,-1.7577378092325953
2.7571423738191383,1.3671671511613104
1.5992074697206273,0.48227614779102534
-0.5407008440305934,-0.45484965424907475
2.0259152143190162,-0.0046115456141260225
-0.10064201663038586,2.004808700271723
-1.7337545459230885,-2.3591036139048365
0.2550273626039281,-1.2516094980753687
-2.4254756481458886,-1.5154430208719996
2.097884961862351,1.064958459325907
1.9848604886720433,1.3659880222760412
1.3501685350129857,-0.7354504404581812
-0.6697958023359523,0.219384020753977
2.62027723481157,1.103224820085642
0.5728662698457494,-0.24459665398967534
0.19140941788652088,-1.042050772718313
-1.0780758173277125,0.2980397405110571
0.2750130384156957,1.8189710654326054
2.5666492669770973,1.4885882796727392
2.8415101258943336,1.4643381299458715
0.7472031800935521,-0.38003533463847905
-1.419984570245956,-0.28213542085063725
1.729833671350266,0.7750826539479467
-0.4187847883512721,-1.364947730115774
1.8843508451173558,0.016107505746957962
1.642158815164353,-0.511155062726858
0.5016024797151342,0.8430274786435339
0.8268182962129369,-0.8952693281687525
-2.0561793358137352,-2.260955744794729
-2.3021669299413903,-2.0343689260996607
0.5703781335542455,-1.0345196066416529
-0.7513291151334986,-0.8170577822245386
-0.38471489260694836,-0.2683650789774683
-1.4196547479440913,-1.3156732855356958
-2.8500404865553124,-1.4945833025492457
-0.3172425539304957,-1.5677024660624292
-1.359344145755981,-1.5964192686594751
0.4455915181825414,-0.7393225966013697
-0.8997198850919947,-2.14934080224407
2.896248170633103,1.208823090978739
2.645313569803025,1.3001827659093115
-1.4074172885229335,-1.994105034879568
2.0695319860170143,1.4533388974152777
2.9304831712434547,1.4864218594514105
-0.6681143553068385,-1.122244053892019
2.5183079927156227,1.3945064308129522
1.5510988919923558,-0.6235455809153345
2.577484914560105,0.9133424224339697
-0.46619170020124767,-0.160897904447439
-0.8671103627493129,-2.137765580228689
-2.3665481121351464,-2.1491567431010035
2.5297921388337867,1.1960111321889135
2.5450762002656715,0.8470296921216223
0.8393898694703832,-1.4879893599070337
-0.4106300384809718,-1.8856334028757837
-2.99271743605635,-1.9192370710886744
2.1988778798768776,1.5109206201516363
2.144349166650559,0.4468446435414526
1.2715643136689916,0.4676716985188696
-0.6922660381605372,-0.7406808672465113
-2.2673932821562035,-1.8858534632242945
-1.6076937527467952,-1.4958934126414087
2.723800012368943,1.5043727518998358
-2.9165872843076928,-2.1095139322794703
2.8366101472566383,1.812114485866231
0.73494894196489,0.8574509086095068
0.09847182919480946,-1.5478317080057886
-0.6368247778227076,-1.1920158205546167
1.7238712995240941,0.5870041312657568
1.556369611520554,-0.5599119005717066
-0.13542061160108898,0.1285796822987768
-0.2841150076200709,-1.1930856047190455
0.22437114407518055,0.5528577031575415
1.2792432992646947,-0.8027068911112574
1.388602802057053,-0.10623496156108647
2.391113588113572,0.8792406978093359
2.2965839593599098,0.5732675256215307
0.9268799512574926,1.2561766566716406
0.12146932770707752,-0.11505191903484135
0.1278361766526952,-1.3532826242960718
-0.008012941580031852,-1.0453149614847925
2.4288886277864234,1.6130656512461874
-0.8368269712736354,-0.34803908448589116
-0.5474106581022486,-2.1585532961405542
2.0946713178346412,0.564564889856455
0.47254974534013416,0.10894925016987056
-0.6989594013502345,0.14878124613392085
2.1382716386506813,0.39710444826709956
0.36228806664445545,0.6310249032460424
1.079586097497727,1.257791048475382
2.3996155946443336,0.9368712367497656
-0.2822282821943507,1.8245102657012913
1.8367348401735082,0.3843860091649267
-0.9679129035284266,1.7148798467599127
0.9925909726808324,1.8750142367564413
1.033107826013352,1.8723565476022932
-0.44117896864912365,-0.9490503607310083
1.4782567708680883,1.4585029544316503
0.6815486638734594,2.096360659786341
0.6040921895692601,1.7407168658457968
0.526896545190598,-0.9637629328287867
-0.2047460586836085,1.3585411967717382
0.65423924614885,1.9193592729054663
2.156327554483201,-0.04340546708476811
1.402382442254807,-1.0309490500010279
-0.07469003508589123,1.6678941311322424
-0.36455004523298595,2.5732731880627844
1.5815787999818578,2.291321343370554
1.8482382981965795,2.169927156158564
1.0948610990236058,2.263679868169901
1.330274173517014,2.392503386922953
1.6317935674379125,2.4120678963147375
0.9029684751222387,1.517809337564585
1.2697513787935033,2.230126059242365
-0.3252226621916041,2.411396867223856
1.5604015081117406,2.446856981702921
0.7021568505952611,2.51020247358906
1.4720769612977758,2.505822247453806
1.204943010110642,2.154230600782511
1.619111129541184,2.4491519989453527
-0.2509444267561183,-1.5039097605265406
0.23374635865190174,-1.5017718611277369
0.012283393640305063,-1.9072725115336207
-2.86359088728926,-1.7235454855479029
-0.5015906603147731,0.04549760241138667
2.8235133378694313,1.633686816879389
-0.5823486358930812,-1.623495036176565
0.34185797860124256,-1.5405828295267847
-0.658480218153213,-1.9635376272715357
-0.8099385411550746,-1.968127900174978
-1.2665686518957362,-1.2544872103251246
-0.14623337100050304,1.7025582330309126
-0.7773108393957362,-2.047505789808157
-0.8173824460317836,-0.8919941721476343
0.11342973401048329,0.31767720598804683
-0.9419581205656276,-0.7752904234446314
-0.5814625532438502,-1.600097590497854
-0.07407419989607189,-0.9143091974772242
-1.0407141358663783,-0.5563606558359888
-1.4422480971624598,-1.1186184225596216
-0.2934333593656764,-1.3956665335215357
1.4001458375642553,-0.3745526609934595
-0.05639677355787609,-1.9353653727091578
-0.13167958567640636,-1.1909827528513697
-0.6194078237821803,-2.424494200757864
-1.100800922613357,0.09582859892475337
-0.711686423521255,-1.0731331644572046
0.12145490338304188,-1.0148600874460962
0.7375040738771215,-0.53712099175823
-0.4559977562238917,-0.07683127503764897
2.3090794770906227,0.8361143531285498
-0.6557828695585475,-0.02369826417339116
-0.3097135336210475,-0.7001635370768335
-0.13220637152693127,-1.9815782843149927
1.0107165067384496,-0.1963269053019312
-2.591538360815261,-2.209441596082571
-1.6931776912023768,-2.010981732419851
-0.5216213972379908,-0.7083250818766382
1.4429093091676488,-0.17266386132610112
-1.3899263949205622,-0.7556273279703882
-1.282959422569488,-2.031456404737356
-0.5943987877180323,-1.4240340529001978
0.850385257501389,-1.5185107527292994
-0.6809515268614039,1.9923587800942633
-0.4758897335340724,-1.2825795946635035
2.0614550798127906,0.7985673608266088
-1.6151243359853968,-1.3794395266093042
0.9181714742372289,0.6873894395314428
-1.1610867888738856,-0.09708433728587895
0.3805747716615453,1.1512004794560644
1.7254329412172094,-0.04047554116618901
-1.2577940733244166,-0.36198108773601323
2.4095853059480445,0.23555821795093745
1.275713512201096,-0.5307165918864039
-0.9553871662428126,-0.3707632360972193
1.7828555791566625,1.2964258255444738
1.1855874746034398,-0.8372940359629419
1.283927509088303,0.7350997390233251
-0.9396587521841273,-0.8043712912119654
2.558446714181687,1.6943011121832106
1.1683955877015844,-0.21476715188396245
1.3953173845002904,-0.6369880972422388
-0.17817752669355724,-1.6180176077402857
-0.8608214170744166,-1.4140102205790308
-0.48576276610395763,-1.162973099759939
-0.6854405910780177,-0.5684110460795191
0.11272771050431873,-0.8350951014078882
-0.6098751337339625,-0.9745728312052515
1.3145590512941137,0.22678751368152827
0.9693809240052953,-0.1591322956599024
0.41284162690141346,-1.7447139559305933
-2.2190116257478936,-1.2999176321543482
0.9277733056733861,-0.8717855749644068
-0.512467673521255,0.02679151911365718
-0.6549969227125392,-0.5358843145884302
-0.5904518873502955,-0.8195432959116724
1.0720713823030248,-0.6937968073405054
-0.013288787107680777,-1.3432812033213404
-0.17870383570692394,-0.6725692091501978
-0.09585385630628918,-0.2770349321879175
2.956139394540574,1.5890538753949377
-0.8800809294988856,-0.5900177298105982
0.9220207421968236,0.5379918279134008
1.3465600698182836,0.227113193460581
-0.18649571249983166,-0.3024365244425562
0.6013582437227025,0.029247588106271927
1.4149871556947484,-0.14484267812145024
0.05917639424302723,0.5236275853596899
1.818517991800095,1.0573272766553137
2.813310453195359,1.5013691546403143
-0.3180368454267726,-1.8054625330485132
1.0260334699342504,0.40142876524555415
-0.29609935591719005,0.22992772478687495
0.10270197083451893,-0.6023396788157251
0.1127919643113866,-0.8882047472513941
-0.1656586439420924,-1.8486661253489283
-2.1255974085142357,-2.117537432721975
-2.6059531481077416,-1.5945987043894556
0.049666353959824106,1.6556673558436605
-0.7884303242971644,-1.053379946760061
0.10076970746019032,1.5959190489732
-0.29317336390516613,-2.060384207776907
-1.0980238826086268,-1.723714762739065
-0.13440459082624767,-1.1542338667429712
-0.7989710480978236,-1.1512505350626734
-0.4791840822508082,-0.10027425866496831
-2.254693767528747,-1.7940701780833033
-1.4569446058084712,-1.1445013819254664
-1.2887762696554408,-1.3181609449900415
0.48603923012712147,-0.594832116178396
-2.3097832710554345,-2.007615023664358
-0.8855334431936488,-0.6615812120951441
0.2599514215181127,-1.1274134455240992
-1.4740395457555995,-1.66808121781719
-0.48895328352949474,-1.1802548704661158
0.13484270264604237,-0.8111042318857935
-0.9326993138601527,-1.5264405546702173
-0.7582163126280055,-0.6134306726969507
1.1264579980561986,-0.8131532011545923
-0.4201294691374049,-0.6752065954722193
2.941528627176072,1.5097027184449407
-0.8421541364004359,1.0263220729314062
1.1772947995851293,-1.2619075117625025
1.4510307996461644,0.17725891489612788
-0.33582525561354015,-2.238971167615774
1.1161139695832982,2.004173061438677
0.06541521241166737,2.6369848908864233
0.4819555967042699,2.1941019656144354
-0.42567723105451916,2.3633873524152014
0.3137915818879857,2.7041915120564672
-0.5898104221632228,2.3320698799573156
-0.3513418943693385,0.9820648493252966
0.16766507317521717,1.5652112426243994
0.14058155705430653,1.4943923117600653
-0.3230164558698878,1.754835038074133
0.3133726804445043,2.0689031245194647
-0.408211401205276,1.738509117253897
-0.15819268534681652,2.7421009005986425
-0.20985274622938488,1.8361564153813097
-0.4678829223921046,1.0031870068989965
-0.3627430708219752,2.3582712473355505
-0.3879404575636134,1.7059417800985548
-0.7516100914289698,1.9131985070191595
-0.6505258590986476,0.6643400849782202
-1.989873281221603,-0.5045372782267359
-2.5602179081251366,-0.9492153463877466
-0.1530079157163844,1.8589543202899668
0.5418294160554662,1.6895021634184095
-0.4153973371793971,0.9741477431737158
-0.1848525316526637,1.2114127339802954
-1.0910516292860255,0.07230681795704097
-0.22859638045332287,2.101089424081919
0.12867123772599842,2.618037229963419
0.3503025262544408,2.4747573794804785
-0.28284316370985363,2.512656337209818
-0.5306438715269313,1.6605793001137945
-0.04661553214094494,1.6642254354439947
0.3138826577852025,1.7000634135686132
0.00453610112168934,1.3788450719796392
0.13132698227861073,1.7316124053679678
0.2686846940706029,1.7145754905425283
0.461614677209641,1.7001722441993925
-0.5260452539732203,-2.0193707285441187
-2.289999774198745,-0.8989524183787134
-0.696876099806045,2.1491794945679876
2.697376558084275,1.2919836105786535
0.6925719468782201,-0.6687294779337671
1.9792588441560521,0.8748441400014135
1.6774252145478978,0.5981109799824926
0.7421982972810521,1.2142819227658483
2.608849355478074,1.881669497676966
1.0784965245912328,-0.5936638651407984
2.001254388589646,0.23894245047199458
1.0631316392610326,0.7885949077092382
2.386362382669236,1.1745700301610205
1.2567117898652806,0.5688523711644384
2.526715108651902,0.825517004915354
1.9682825296113744,1.824009188079116
1.8652995317170873,0.5159121217213842
1.0416207997987523,0.39584404844867915
-0.10078780959150646,-1.588012629560354
2.4040034501741188,0.4786850871525976
-0.9937522322942958,-0.7216686544932154
-0.4351561577131495,0.32647008318531245
1.652809449929978,0.2970773639165136
1.1221945970247045,0.5193426074467871
1.095077344674851,0.34889561552631587
1.650060722131516,-0.3223468599833277
-0.008215358953689078,-0.19819276910198003
-0.6519206077863917,-1.9383415518320826
-1.0868754298498378,0.013991421648142044
1.1289375512788549,-0.7411603270090845
-0.40846925089857433,-1.741374903730276
-0.87968628714582775,-1.39608996491802
-0.7964187772085414,-0.057570749334218796
0.07050699879624989,-1.1382104692972925
-2.724894932012771,-1.7500485716379908
1.3161378591249242,-0.7087086973704126
-1.2369052679350123,-0.14835458379161626
-0.3551902086546168,-0.5146390734232691
-1.929643890361999,-2.1385385332621363
-0.6151364357282862,-1.6843711672343042
-0.8857667357732997,-1.1434661684550074
-0.11315136263868664,-0.21639507394206792
-0.7971201450636134,-1.455038004926565
-0.28253429244062755,-1.7176765738047388
-1.4950289041807399,-0.3640996752299097
0.20491952588060047,-1.5047380266703394
-1.4393776268770442,-0.13988094907176762
-0.19397347281477306,-0.6311117945231226
-2.9271235973646386,-1.7243525324381617
-2.0506850392629845,-1.0913845835245874
-1.1534906537344203,-1.9197718439615992
-0.9910733611395106,0.23162824530231685
0.6163104264924779,-1.4569174585856226
1.8007882325837865,-0.651735478452566
-0.18128602812788341,1.0333163799725744
-0.16079848120710705,-1.8032979307688501
-1.041587820749496,-0.607525044492605
-2.3629199178030236,-1.7180718718088892
-2.5132511765768273,-1.6897999582804468
0.7770477025697484,-1.4917778311289576
-0.29866521666548107,0.043319171854135696
1.1354323117921605,-0.5934736071146753
-0.09513812373182629,-1.6115936575449732
-1.1319652707388148,-0.10389214139354497
0.5643108575532689,0.326339906641123
-1.4597811312486872,-0.4963478384531763
-0.7237263233473048,-0.2992953596628931
-1.9932564706613765,-2.213721686414602
-0.7504035742094264,-0.8980674086130884
-1.9047552705814585,-1.4966553984202173
-2.6282079727461083,-1.0426809130228785
-0.6074165613462672,-1.1740547953165796
1.5664766519258275,0.5192626180134985
-1.1192008764555201,-1.5802318392313746
0.6053488938997045,-0.30842798333537846
2.0326255052278297,-0.23558490853679448
0.0934656350801244,-1.7084163961924341
-0.3266808302213893,-1.8953611193217066
-0.5515667707731471,1.2268981995068762
1.5633564679811254,1.0465655388318273
-0.5125698358824,-1.1612316904581812
-2.001061952214454,-0.8532668886698511
-0.4642332107832179,-0.5315746603525904
0.7119277208040014,2.6299849214040014
-0.881773343782638,-1.8103758631266382
-1.5920889438202128,-1.6314315138376978
-2.7354922802259667,-1.8469433126963404
0.2987549989412084,1.0135247172795507
-2.358776858549331,-2.2000297842539576
-2.211415609817718,-1.8917567072428492
-0.39799683402082775,1.7149143354974958
-2.486608913641189,-1.0862371264017847
0.6521807401368871,-0.7136141596354273
-3.126742890577529,-1.8165242014445093
0.10740859200456288,-1.4470819769419458
0.02431626011827137,-1.6520411310709742
2.33111126114824,1.3089822294198248
2.0269692628572242,0.4302461804829809
-2.980652144651626,-1.7975773153818873
1.265994855661179,-0.5567380724467066
-1.199002793531631,-2.258732253126028
-1.7984010600557074,-1.5665063200510767
0.7346268384645238,0.24852020163166255
-0.08511071513197277,-0.9269160566843775
-2.260666450958465,-2.030820303968313
-1.5013180882742152,-0.4165996847666529
0.9303179471681371,-0.9058291254557398
-0.5122195989896998,-1.6889190016306665
0.3455377309510961,1.0068892898045751
-0.038948944311355094,-1.195727997831228
2.060235091943528,-0.08300881963146
0.04404730488755848,-1.1056856451548365
-1.0114067704488978,-0.7620865641154078
2.120918103952195,1.6224738569937918
-2.049488595228408,-1.8381645021952417
1.8697899072358861,0.009233540483591263
1.7314084260652318,0.9099642099820349
-0.38141970942518566,0.1856371821843359
-0.2935658008863673,-2.061704331449392
0.37045199563005116,-1.6691030798472193
-0.6037747175504908,-2.001387530378225
0.9298957078645482,0.3087121905766699
0.13012582947709705,-1.80335634332073
0.30195362259843495,-1.6207610903300074
2.0094245164582984,2.171056097932932
0.22400028397538807,-0.00521236043346196
-2.1383822471906884,-1.4001972017802027
1.2826460092256322,0.3534310521565649
2.0323384492585914,0.10917300600635738
1.3945859162996068,-0.4442645845927027
-1.8026624419798598,-1.64411299806011
2.171004840631272,0.4313281239949438
2.5594270913789527,0.8406913341962072
0.18745655705430653,-1.0958663759745386
0.07681936909654286,-0.19855206590068608
2.3596814363191383,0.7114421786748144
0.3715708940217748,-1.2705590067423609
1.6431978433320775,1.7722088830553266
-0.33258216689131115,-0.0747538147486475
-0.7901525409033046,-1.3185145197428492
1.2125671594331517,2.302678561397669
1.4834306924531713,2.4327967824422094
0.36764270951249745,1.331399446912882
0.3084765165040746,-1.1504439650095728
-0.13953786204359386,1.3499507667504522
-0.3164966614057765,0.14265150446521968
-0.00826745341322277,0.5599795045338842
-1.2397428066541896,-1.1394423780955103
0.48965294053056385,1.6846396090470526
0.2984846322725072,1.8692181320868704
1.278844901819016,2.1829531552277777
0.8230117051790014,1.7186207758270475
1.1742559163759008,2.05120686311352
-0.49339239905378673,2.24971902985203
-0.21399324248335216,0.9584802450619909
1.060987064142014,2.232644653507349
-0.12727194140455578,1.2372520031415197
-0.1873946697523341,1.795533695817766
-1.793555925141786,-2.4331039724863794
-2.030224999885772,-0.7481984434641626
-1.5818032682945475,-1.9719478426493433
-2.7205487997343285,-1.575279885343435
-0.6110969097425685,-1.5556535063303736
0.5877030580232396,2.2828418673955175
1.5412221639344945,-0.545780831388357
1.3709684102723851,0.7839095057927343
-0.6300006420423732,-0.8269500074900415
-2.213096252184127,-1.1081978617228296
-0.7202379019071803,-1.3143038092173365
1.9609304158876195,1.1334278645001623
0.41324956109025623,-1.2213100729502466
-2.135955801706527,-1.7689520655192164
2.3097928254792945,2.0738117458306524
0.45090896775224354,-0.8995494185007837
-1.0461035282423243,-2.006694966367605
-1.6317278207351908,-1.489576989225271
-1.1036574156095729,-1.9948877630747583
-2.3390929014494164,-1.7502755461252955
-0.14636998484632824,-1.8140980539835718
-1.8510443032791362,-1.58291857819927
0.6189518659303441,-0.7633637724436548
2.7261903970430152,1.6991907345138761
-1.9870925606300578,-2.039062672666433
-2.6590641052534325,-1.7986394701517847
-0.09455638239881847,-1.7214657602824
2.5950453965852516,1.4314290942631933
-2.5764012248327477,-0.9523453054941919
-1.4743294031431422,-1.8297406969584253
-1.0415279180814967,0.5951654376469824
1.774058410424973,0.11125988382923335
2.296291181344773,1.4081753851853582
-2.1827704222013695,-1.4309460459269312
-0.4112810404112086,-1.7857708273447779
2.0436812131593483,0.45292598623859615
0.7163296430299535,1.0367406668149206
-0.5488349706938014,-0.8408502874888208
0.08107955147721913,-1.6863428888834742
2.358663865823533,0.6496111812077734
-0.05678253481886242,-0.300910168699148
1.8913648812959447,0.341207808443186
-0.24201052496931408,-0.4680430231608179
-2.779536178808425,-1.976904803327444
2.242950746316697,1.012165671774027
2.0150752752015846,2.0427675308667395
1.348950692910935,1.260241991468546
-0.9439958245565638,-0.4169697104014185
-2.0721545131017907,-1.5073587236918238
-0.18780463049909923,-1.6258723078287867
0.7050348012635961,1.3029062213383886
-0.7906984002401576,0.655618733354685
-1.502049794893478,-0.450493269971731
1.737596818704392,0.6363552274190161
0.11227566887834217,-0.024404460004689987
-1.0924158007909999,0.21429521460163325
-0.4744352609922633,-0.17231815438640385
-1.415192625026916,-1.4054662523783472
2.6761396615693824,0.834941631742594
-0.2153703481962428,0.1773923100911352
0.2959502427766576,-1.7522973356760767
-0.9748043329527125,-0.26542418580425053
1.2079616277406469,0.7516630353413793
1.9368327348420873,0.49193078894245357
1.8062778203676,1.4854050936185095
-0.6042295009901271,-0.07719271760356694
-0.15273158858320568,-1.8282777605570582
-0.2592323334028468,-0.7434915838755396
-0.312131455641006,-0.8984221754587915
1.1038187234590306,0.2899058522664282
-1.0157686979582057,-1.3529335794962671
-2.7402437240888817,-1.2288917837656763
0.8041711538026586,0.7979545058690283
-1.1680633337309108,-1.5532104311503199
-2.0041156918813927,-1.4668816862620142
-2.578147581320022,-2.03695648293865
-1.7124752723684058,-2.247182303480032
-0.43404894183180187,-1.9604381857432154
-0.6188980848600611,0.03241617102253169
0.5083251683900609,0.1736125411473486
-2.5466596991827233,-1.0526606379069117
1.9877584665010228,0.12472195047962398
-0.7460212023069606,-2.0727879343546656
-0.4163722307493434,-0.7723049459971216
-1.3259943337251887,-1.0659081278361109
-1.4963006884863124,-0.39935033898723393
2.1368473260591285,0.4927325906239721
-0.8955129892637477,1.7013393851004812
-1.0174320251753077,-1.7944835958994654
-0.6919305832197413,0.13200909514057368
0.4162815301606908,0.5232654275380346
1.791552135247971,0.7892189683400366
-0.11694305251142834,-0.6278230486429957
0.05733627964952137,-0.10829299073589116
2.0062201707551734,-0.23428266625774175
0.16292006661393788,1.2943541469060156
0.42141682793595936,0.49607009310352534
0.2898619859407201,-1.7190744219340113
-2.0598425478746636,-1.1159388361490992
-0.8417287976553187,-2.4874319372690943
0.9852882116029515,0.19841570276844234
1.8465169160554662,0.0789346160374853
-0.9587148935606227,-0.28170936684978276
-2.877493193845962,-1.5002643404520777
1.9267297475526586,0.12054843325245113
1.3991535394380346,-0.22377198319804936
-1.9316453845312342,-1.191288882306936
2.4908769815156715,1.0214613737546179
-0.2864101440717921,-1.6897856531657007
-1.5029794485380397,-2.2370333014048365
2.12125641991594,0.015955394693491165
-1.7983281784763083,-0.8040828047312525
-1.224927595358108,-0.48843424897563725
0.7817176072786107,0.2643967332326147
2.33371717621782,0.4933410348378393
-2.2826876551916344,-1.0585800943888453
1.7576106279084935,-0.591278010419729
-1.2695153267194972,-2.135445767454031
1.8879667012880101,0.8769142093144628
-2.559788993101333,-1.399209433606985
-1.6813316778352008,-1.4944533644236353
1.0343151776979223,1.9841664941989157
2.1295672147462623,1.2377601923428747
0.7671087472627416,0.34688395876514644
-0.9119896204282985,0.13209981340992183
-0.6401660949995265,-1.5641238031901148
0.16533226658799793,-1.4088103113688257
-2.207047245006774,-1.1772093115366724
-0.17922060797712658,-1.3384448824442652
1.0596082894990697,-0.6626669703043726
1.2113176076600805,-0.7058390913523462
0.16047019650437977,-0.026128703168752487
0.2761862962434545,-1.3400718508280542
-2.5531816394140465,-1.4647430716074732
-0.7886180193235621,-2.181654625944021
2.2129061906526344,0.8389837207280371
2.1502252309510963,0.5347370566807959
0.6424301355073705,0.8935175599538061
2.6036189286897438,0.8285770477734777
0.9747503488252416,0.4875316085301611
2.063232728738572,0.8521246971570227
2.8355916230867164,1.4366968335591528
2.8385003297517555,1.6071136357270452
1.6443689553926244,1.288662380167124
1.6184862344453588,0.7735846700154516
-0.6168045313169703,0.8445925774060461
-0.41692989180586193,1.3382390500985357
-0.5064000398924098,1.2423852147542211
-0.05754154036543224,1.6266991557561132
1.5544059961030736,2.3570869626485083
-0.11701910803816173,2.0761129321538183
-0.3652022392561183,1.2915927233182165
-1.4151617200186,-0.3579050837076929
-0.24035399268171642,-0.16530829053294926
-1.3615320832540736,-2.2836336432017115
-0.5298338444044337,1.9173703255139563
-0.1651396066953883,1.6819252433263037
-0.7256912500669703,1.225223487802622
-0.12763994048139904,1.338134831377146
0.5268429010103002,1.5806946517907354
-0.2692015678693995,1.5469291271649572
0.21509332348802235,1.8721232177697393
0.29837019135453846,1.3318554224454138
-0.6447870046903834,2.262686765380976
-0.4735631258299098,1.498416459747431
-0.05945282290479992,1.3458246948205206
0.20871884514787342,2.773325807043192
-0.18881719420454357,-0.2369620142496851
-0.09656720469496105,2.1946542324506018
0.071500250596787,-1.1206747828043726
0.1448819129655614,-1.6988198099650171
0.11630327393510487,-0.04991405587566167
-0.6116750747968898,-2.306103163770559
-1.1912512690832362,-1.826819592527273
-1.4189401776602015,-0.7862817583597925
-1.2531307251264796,-1.3606197176493433
-0.34525184939405773,-1.6520411310709742
-0.21516018221876476,-0.6449946699656275
-0.15521722147962902,-1.9540488062418726
-1.36486937711737,-1.9162060556925562
-0.1944844038297877,-1.5466219721354273
-0.190141013365005,-1.4608818827189234
1.2083488195131078,-0.8020679293192652
-1.978097504477714,-0.6443239985026148
-0.7545875818540797,-2.0692078409708765
0.4351220815370336,-0.049021178296926315
-0.5025316984464869,-1.0924732027567652
-0.41423051665327404,-1.7371796904124048
-1.0052072317411647,-0.32547300439250737
2.0014308183381813,0.8214336695157263
-0.7577337534239039,0.32821196932422847
-0.580675533514236,-2.022674494794729
2.828275987405564,1.1838979782544348
2.1744678704927223,0.6548579396687719
-1.1393641145040736,-1.301283532194021
-1.3618259639551387,-1.7401062784708765
-2.338437488775466,-2.2633675871409205
-1.7439749115218863,-1.9867564974344996
-2.233415326576446,-1.2223958311594751
-0.4601426632215724,-1.378729992917898
2.046295711297776,0.6918014945470068
-1.2999218017866359,-1.4717456636942652
1.4909706800172582,-0.36387603860271245
0.399605342645432,-0.7594212828196314
-0.5661802799513087,-0.09207897763622075
-0.6307070762922511,-0.9369143782175806
-0.5235382826139674,0.3802656592808935
-0.3675452978422389,-0.591449194959524
-2.8973025591184838,-1.4739958582438257
-1.8868280635287509,-1.4892188845194605
1.472441503305222,0.4501124085866186
1.8777855127046361,0.09218341726886958
0.011637279290939828,-1.2803146181620386
-1.2666782052328334,-2.3583854971445826
-1.2097111851980433,-0.6139199076212671
0.6428743093202367,-0.41026514153850346
0.38964850594499256,-0.1869652805842188
0.05090434243180897,1.7970869360499355
-2.9506404907514794,-1.5589422522105005
-2.523093572359298,-1.6867563066996363
2.171525308389451,1.2964931191884252
-0.8580366880705104,-0.6722313700236109
1.609965392846848,0.7448584498845312
1.490871736306931,1.2599449815236303
1.0632415502259984,0.24881452936756343
1.2746504037568822,0.27223474402057857
-0.2982807667066798,-0.6305379210032251
-0.423162630300735,-1.3312291441477564
-1.6636130646874652,-1.0877441702402857
-0.7750980169584498,-1.2012337980784205
1.025473901529099,-0.4532090960062769
-2.5224344641973717,-1.5904695330179957
-0.49504833529493664,0.24513799566852779
-0.7792494804670558,-0.380427294782522
-0.2654787809660182,-0.5725502310313013
0.3803945272157445,-1.301476174405935
-0.11265676329634045,-1.116107398084524
0.14653486897447254,-1.3582779703654078
0.338274308938767,0.6845383109532568
-1.740656890447949,-1.749110156110647
-1.3618982941915736,-0.13463204484355717
-1.4362341077139125,-1.9537698565043238
2.089278766412522,0.11375588793384761
-1.0289826900770411,-0.3982176123179224
-1.0886642844488368,-0.38606374841106206
1.6881130426118627,0.8811562718831274
0.110815116662766,-0.7116872606791285
0.931721517343308,0.1484236182652685
1.1647973745057836,0.8783086003743383
-2.30240183184645,-0.7494491873301294
0.992695638437058,0.3596864404164526
0.3040869920442357,-0.310429268888357
0.8273618905732885,0.37672550100910396
1.8626089780519262,1.1377373399220678
-0.23160963366529796,-0.5211066542185572
0.7523492067048803,0.2341676415883276
1.6201940267274633,0.17728776354419917
0.40623123337724354,0.5709378184758398
-0.3198754102995143,-0.9314226446665552
-0.7338758022596583,1.8487295793377134
0.2877698629091039,0.39788491148578853
0.316658565301682,1.0337850512944433
-1.9140877933313594,-0.57390397172344
-1.154694190721725,0.03078133482563228
-1.03869949887297,-0.6079282103098658
-0.9649807722379908,-0.6814169226206568
-0.7584274322797999,-0.1635129986323145
1.0913804261873021,0.5705613555394384
-0.23002379248640392,-1.813340121320608
0.29071099450090077,-0.626288586667898
1.5383232324311986,1.1133310260258886
-1.917923367123817,-1.180520468763235
-0.3530443222334132,-0.9152473745859888
-1.3120475024988398,-0.25921314340007573
-0.24331825087568615,-0.5414692698038843
-0.17811601470014904,-0.3053075609720972
-2.3833675296118004,-1.2078646956003931
0.6140149324128881,-0.5393568811930445
1.4508190839479223,0.26287753004657954
-0.7580752880384669,-0.7156552610911158
-0.10759275267622326,-0.46128719430339604
-0.6976926834394679,-0.34507983308208257
-0.37829022715589855,-1.6008619604624537
0.7555852620790258,-1.0530070601023462
0.7660725801179662,0.2964448394261572
-0.1268696100523219,-0.30490153413188725
1.316078492898728,-0.05022745709789067
-0.2185475141813502,1.173958188482401
1.4880095212648168,-0.20896356683147221
0.7597425668428197,1.159121340700266
0.21059627224900868,0.8271663250409338
-1.668035379152511,-0.6585125265635279
-0.13568811724684093,1.1628323854886267
-0.4991676122953639,0.5789988698445532
-1.4985210807134852,-1.1892949877299097
-1.907071954112266,-1.130079918912771
-0.34791677306196545,-0.6828433809794214
-0.01845293353102062,-1.7183033762491968
0.5384538858125463,0.4587220611058447
-0.7005795748045192,-0.7720224199808863
-0.1763569624235377,-1.7609717188395289
-0.5744511396696315,1.0415486158810827
0.16877073933580067,1.2270973982297155
0.51640064408281,-0.29757516961467534
-0.5620543272306666,0.07375962156879634
-0.3454444916059718,1.6926275851212713
0.25225884606340077,1.6542432518683645
0.45660097290971424,1.147004550882456
-0.3464847118665919,1.3775831224404547
-0.11750905821821545,1.146720594354746
-0.48397724936506603,1.7231317820035192
-1.3061076016237483,0.22410983461963863
0.2355501144120946,2.7487285794697973
0.474138566751267,1.9384483309470388
-0.40688495944044445,1.8779123859487745
1.540812322397019,2.4611775340520117
-0.20516519854566906,1.5185766877614233
-0.12556963274977062,1.7300792919479582
0.12117011239030506,1.4787530364476416
0.7815552442262426,1.8575955951594088
-0.4922018558790431,2.469979292341349
2.739115545053269,1.8253913583241674
2.7112048356721656,1.0941484631978247
0.06524307419755604,0.11152393240558833
0.7276919572541967,-1.0847701368845728
2.692026922006394,1.188270157762644
2.256024190683152,0.2723284425221655
0.09482128312089588,-0.4893426237620142
0.608460494775559,-0.7903160391367701
0.02990073849656727,2.449476188608286
-1.559919899802421,-0.8353094397105005
1.5813101022432103,2.2154356898747656
2.876023599405076,1.3710864545785162
0.9205883233735814,-0.5322951612986353
2.053804942865159,0.3053912581883642
0.722729989785935,-0.07242959123027592
0.7973931520173803,0.007741755434152786
1.6063023297975316,-0.10734277348888188
-2.1379677862932427,-1.914390736631277
0.5078912465760961,0.12548345942127437
-0.3866810114195094,-1.3326143560923365
2.0694318502137916,0.4168395461522314
2.2652419297883766,0.5013157786809179
1.6779616563508764,0.07501632589924068
0.5766719072053685,-0.1303941546000269
-0.4603373319914088,-1.3233465490855005
-2.1511077196409447,-1.7013732729471949
1.0426533906648412,0.4079853953801367
2.652642080087449,1.3974731029950354
1.1626365869233861,-0.885535412839773
0.7473712651918187,-0.7402641115702417
-0.2686073095609889,-2.088192874006155
0.987571069497849,1.0206704797230932
1.856209108133103,-0.23944347482097417
-1.16056286404631,0.9246579470120642
1.9353688447664037,0.9807044925175878
2.1311562745759742,0.9268530668698522
0.12461239983537342,-1.8490421114481714
2.7327707498262184,1.4179244102917883
2.031625816125657,0.5033558072530004
2.203209707040574,1.0976272286854956
0.637290307779099,-0.12318187337291508
-0.19289343665144298,-0.4358875093973902
0.0196973769853368,-1.5917383966959742
1.0416055410096898,0.1273178519688818
0.4638598649690404,-1.6531686125315455
1.8859465806672826,0.48573643583881587
2.8307860582063453,1.4046594263993475
1.0518851964662328,0.8739724220715734
2.645222493905808,1.411714559980509
-0.8639724166204676,-1.8085731802500513
0.7447634427736058,-0.3974406061686304
1.934170076150681,0.800844735094187
1.8621097295472875,0.8825625242673132
1.7011578767488256,0.09682614225971431
-0.09533922980329845,-0.2710518179453638
0.5107279508302465,-1.2424511251963404
-1.0895447642614589,-0.5373176870859888
2.546213456887986,0.7616942586384985
2.197657892007615,0.33608681578266353
2.1511760442445533,0.7483242215596411
1.3175495355317846,1.9176441045485708
0.18944627930619862,2.6525164904080603
1.5909791677186742,0.7696816386662695
-0.12381034205458019,2.274834698625681
-0.6036359579374537,2.3633495630704138
1.7228038995454564,1.4558787407361242
1.9016130655000463,1.1835047664128515
-0.6282868892957911,-0.2575301466501978
2.3200424401948707,0.7050445737324926
-1.4659887463857875,-1.3346523581064966
1.3633108823488012,-0.3652126131571558
1.4948158948610082,1.2098056139432165
2.0395827977845924,0.5509602488957617
0.35850531746843006,-0.954455786756399
2.530771562356736,1.09710592646229
-0.7569761783888087,-1.008525782636526
1.8418110101411596,0.09302193541156978
1.489322492379929,0.09998471159565181
2.697602102060105,1.6776550622664663
2.0295899598787086,1.1163898171864721
2.637769052285935,1.6095014723025534
0.809414216775681,0.26420838255512447
0.23528403927781727,-0.30555718522441655
2.549825975198533,1.571723452397463
0.529089042444016,0.3129741610966894
1.5172017305085912,-0.4407140551127222
0.06275660683610584,0.9658563794575903
1.6376779763887181,0.21055931467640132
1.517060348291184,2.366732424684641
0.13085276772477772,1.0805057348691198
-0.8148592622091517,-0.6668032942332056
1.6698556630800023,0.6306294860326025
-1.3919559628774867,-1.203814917615774
2.3815839975068824,1.0314765634022924
1.4569249837587133,0.6788565577946875
2.7750170915315406,1.1257720651112768
-1.090915373068069,-2.297752791456106
2.4974544732759254,0.8335300149403784
0.08679647137620594,2.670638746210215
1.8288176744172826,-0.21300809960735112
0.8468175618837133,0.1138910712681982
-0.41432469199201916,2.340536958166239
-0.21630363772413586,1.3120802702389929
-0.7647887379934535,2.136337077804682
-2.065949878196929,-1.831176692060354
0.5494728772828832,1.8208938842647049
-0.4751357347776637,2.658908015676615
-0.4874216825773463,2.4095813693486425
2.017909595269944,-0.4183546839274195
-1.1801600963880763,0.7308673324071142
0.32485491921403553,1.5407453836880896
-0.5490792305280909,2.5325545730077
1.1335535733888402,1.997530913540003
0.6132364957521215,2.3733822764836523
0.24947459389665272,1.3048791946850988
1.0432284562776342,2.2821633281193945
0.19663257290818836,2.042643732019541
0.6150930612275853,1.7995218425996873
0.29951412369706776,2.1490762593232366
-0.1867249519636378,2.2144687237225744
0.3954542367646947,1.9302359880887243
0.2387891500184789,1.9685170860968801
-0.5657539875318751,2.4786813916646215
2.13895923783281,0.7289729775868627
2.014802047509934,2.3192036213361
-0.15860050032636974,1.4014397026978704
0.8006439893434301,2.6594529213391516
2.260426351327683,1.8809108125053617
2.3981884210298317,1.7471080558382246
2.245395013589646,1.0852586092435095
1.386271306772019,0.03447920698749751
2.5399606912324684,1.6067384244881842
0.9062169282624974,1.3951300742112371
2.1548226564119117,1.6908483715735647
1.637473413247849,1.3851166727029058
2.8837393014619606,1.5236512484036657
0.1573326080034032,2.4667773904286596
1.4853659360597387,0.318210548349497
2.2810505120942848,0.495232409425852
1.7003310411165014,0.568672841974375
1.9297250001619115,0.9629160227261755
2.8220179765413063,1.7788219047718021
1.269656965036179,1.4556671144448492
1.9923396794984594,1.5068120421849462
2.7699063508699195,1.7776615457617018
2.7149952142427223,1.350148147531626
-0.1152511150648341,1.4010956646882269
1.825905153054978,0.5458876552067968
-0.06417625258467052,2.5876259269200537
0.06865710904100086,1.870102538355467
2.2684014527986305,0.10583812613117427
2.272041150827195,1.8434204408906671
1.5204888074586644,-0.11033397298229008
0.9719408242891088,-0.6455888090647486
0.9640856473634496,0.31316251177417964
2.501576253671433,1.8139171512805197
2.620605775613572,1.1511538090192053
1.845323869485642,1.8337212136023018
1.0747309415529027,1.0479407371960852
0.7734938352296605,1.312066978403208
-0.6024619848539576,-0.2799569902933863
-0.2029496938993678,-0.3319956598795679
2.582062074441697,1.3016841473065588
2.2527764527986305,0.5266550244771215
1.3099435060212865,-0.04874902348888188
2.6474698274324195,1.337332225032923
2.6003626077363746,1.3640337945901129
2.513089963693406,1.8995331140242788
1.7828860967347875,0.6296040477238867
2.5205710618684547,1.4174817563973638
-0.28585367510816906,2.434909290262339
-0.4172044307996974,2.687805181928751
-0.7337645799925074,2.207797175832865
2.1014958112428443,1.1200711788617346
2.2001450746248024,1.5041948320351812
1.965882369775559,2.263424819894907
2.8147648065278785,1.758585578390238
2.4344800203035133,1.5290070833646032
-0.5191147835066066,2.502068883367655
-0.40283410857221935,2.614712661691782
0.09482044865586903,1.5984729738913748
-0.7558004171659694,2.071344560571787
-0.1538936407377467,2.019747233577845
0.9062946527192846,1.667148611136553
-1.7623319194025815,-1.295452290586355
0.7785685746858373,1.9417017610751364
-0.12554865191480968,2.31473470348942
1.8185761659333959,1.662573895045397
-1.9143430353214488,-1.569244319013479
-0.17853014777204845,1.8395713480197164
-0.027753403883193473,2.5079239072285864
0.3692980497071996,2.5918490948163244
-0.08959036181471203,1.7326452197514746
-0.8261958272268519,1.8505113745115969
-0.3433636934568629,2.608562177606699
0.7744193761537328,1.8133273172199997
1.0696132867524877,1.6877094419680807
-0.39406638453504894,2.5047051968060705
1.044725724954392,1.7743747184060785
-0.021652868490432242,2.3123656572781774
0.5262923925111547,1.7950710734360191
0.981279680032517,1.9246163280688497
-0.3096817047407374,2.161610341259119
-1.5937517792989955,-2.380497866681936
0.50755126168229725,1.4739474715672705
1.2231000154207006,1.3577202619992468
-0.13078241656324718,2.1081691445790502
0.5323799340913549,1.650625845976946
-0.2360103637983546,2.2070376040421698
-0.4476674110700831,2.2831589343034002
2.407788106698777,0.6319428147755835
0.9965687482545629,-0.5306951342142847
2.400224038858201,1.2466406287633154
1.989658185739304,0.5323703946553442
-1.0719703943540797,0.04136354345905513
0.8600807874391332,0.03896779436695308
-0.1719130785276637,-0.40496914964092046
-0.15864675353071545,-1.198208981565359
1.1146567552278295,1.5330650867902014
0.28685052086808827,-1.689492636731985
0.8603018014619603,-0.7228471575297144
1.5942621915529027,0.9304870428525183
-0.3713095695783839,1.7570030564449999
2.6373141496370094,1.2355106534444067
0.8312919824311986,0.3973106803380224
1.106559345025803,0.2626410188161108
1.9361150949189916,1.8842509077869627
2.2216795175264137,1.372005588003275
-0.7194253713896022,-0.07115917783153325
2.840034791726853,1.7647394487642023
-0.17185132811567638,-2.029590064100149
0.47100765397050526,0.6582599343739721
-0.20884161303541515,-1.1168190775431421
1.5829888074586644,0.2072917880498144
-0.7290503294279322,-2.036027365735891
-1.892951926689361,-2.273307734540823
-0.1610599071790919,-0.9971701441324976
-0.33915405581495617,-1.1269327936686304
-0.02603655169508312,-1.6656898794688013
2.3675363748262184,1.6887784736238691
1.7161050527284398,1.0876657428227636
-0.8090284974386439,-0.534583264402273
2.0815981118867652,0.40778786558735103
-0.13907425711653087,-0.745454960874441
1.2187648503968969,-0.5498101053751734
2.4077747552583473,1.20330709833729
0.0068932264039769375,-1.7543272314585474
1.572576591272141,0.8455083431683752
0.6440120427797094,-1.042200976423147
0.01135523011186268,-1.2752429781473902
2.295704194803025,0.36515278238880367
0.8882284848878637,1.5238042535268042
1.8829789846132055,0.04616863150226802
-1.6658033118655429,-0.8896996317423609
0.6077831475923314,-0.7711324034251001
-0.37026338885328625,-1.889573269895437
-1.218916407327865,-1.2017435370005396
1.468072721261765,-0.3145834742106226
1.8648026673982396,1.1513118805371496
1.071255037088181,-0.17377572636974126
-1.0791854173948512,0.921967393346903
2.736558267373826,1.8830960826956007
2.4770038812349098,1.4337259294472906
-0.8463036329557643,-0.19892972092998296
-1.9606631607820735,-0.8489703474558619
2.6478665559480445,1.6929155873142454
-0.5920769483854518,2.3588959636174414
2.309671708841111,0.537313765474436
1.2064624517152562,0.9890387715779516
0.729758569497849,-0.5964919863261011
0.6002286164949193,1.887340387889025
1.9752987115571752,0.28512067217457027
-0.24837439368269298,2.6546377601109716
0.6769660203645482,2.6158220829449865
0.23096699406602528,0.9623439373456213
0.5519600599000707,0.7374250354253027
-0.35696833441755627,2.2711168887101385
0.7463660924623265,1.3873791160069677
1.430907079477097,0.6192669333897802
-0.16821449111006115,2.1060928167782995
0.5653527467439428,2.0535564484082434
-0.38886599848768566,2.658681339212534
-0.44452696154615734,2.5561217131100866
-0.38016562769911144,2.485136097856638
0.15921218087175038,1.798068821989772
-0.3981291563322291,2.497511452623484
-0.10302810977003429,2.6483273567639563
-0.465176037054275,2.4412910403691503
-0.22553723166487072,2.517513698526499
-0.20502107451460216,1.7270335318528387
0.21375329186418202,1.9699036987506124
0.5910123079011693,1.6074162038050863
0.09160680462815907,2.216444111057398
1.193208047647263,2.2606090666733953
-0.47493093321821545,2.6166852774106237
0.3617459027955785,1.9988444658004019
-0.23628084967634533,2.553137844987986
-0.23925309489271496,2.5220498504124853
-0.23177366564771984,2.4910723032437536
-0.4264191896726832,2.6162753762685034
-0.1358289034178004,2.394139594026682
0.9224169938752904,1.8807929592214796
-1.1837533623983607,0.7195395888768408
0.03718537976243641,2.331086641737101
-1.2062727124502406,-1.1658951578654078
0.09961147000291493,-1.3701845942057398
0.21830124546983387,-0.9978606043375757
1.9210141389558568,0.014987534471628372
1.7398942201326146,0.3258189620457861
0.18185026337602284,2.05276582259762
-2.6631104261686547,-2.013580494932058
1.581640550393845,2.0367345722399923
-1.1164196641256556,-2.050546580366018
1.7800319879243627,0.712614959665415
1.2603030889222875,1.7247051211081716
1.690857955713059,1.1881275834523413
2.427394696969773,1.3711332442246649
1.1241036145875707,0.3587798537694189
-0.2254190952589259,2.310738569685099
0.48474199463822987,-0.41996877770793706
0.9897921769807592,0.9138142528020117
1.6076744287202611,1.8101048074670407
0.8925319402406469,1.1241483153783056
0.5512159555146947,0.18457133192646236
2.4956095903108375,1.1880587400876257
1.6619003503511205,0.32393497843372554
0.9681962220857396,0.11442965883838863
-0.9996410519888148,-1.1436158953226832
1.6532059400270238,0.6652939977132055
-1.7928221398105368,-0.4008690653361109
0.028312751550461313,2.5238694610081884
1.543375798959519,1.7886968372397396
1.8061803071687474,-0.12292724233043462
1.2018259256074681,0.13979608435260982
1.7433720319459691,1.3055998148404333
1.7372625558564916,2.1124509932481024
1.9285648553560033,0.9569783868275854
0.30114562203385975,-1.072443896345022
1.9634102075288549,0.4520115317784521
0.009471961755539438,-0.10440343003642827
1.1353848664949193,-0.08621042352092534
0.7514484613130346,-0.13939862828624516
-0.7848790795614466,-0.32795851807964116
0.17941529442765858,-0.3182017145670679
1.406251260537888,0.6741059483967993
2.108403751153733,0.35716540236103267
-0.22091620276472423,-0.8236071405924585
1.7560823648164525,0.45286101717579097
2.1251912801454322,0.8777374090634558
-1.6812541172911868,-1.8882159529246119
1.5967422216127172,0.28537208456623286
0.7514394014070287,-1.4812664328135279
0.64164478470781,0.33918768782245845
0.7781162946412816,-0.8878001509226587
2.0504384725282447,0.3499539555989477
1.4635596959779515,0.8092847527943823
1.3275094716737523,0.024523562379953567
2.1953280656526344,1.9193940149627897
-0.296267083387588,-0.9222885904825953
1.8672617166230931,0.41240925211536617
2.0850966661165016,1.1518457593404028
1.7359708039949193,0.683402484842417
2.78442461182573,1.4882768752061102
2.4377549379060524,0.3609756888829443
-0.7270876676847682,-0.4642063913859156
2.2242656438539283,0.4525962533436987
0.8553870408723607,-0.8155557451761988
-1.2892024428655848,-2.334306174329641
1.9244197099397435,1.2779453458272192
1.994383641977097,0.7702820958577368
-0.9364067823698268,-0.7707433043040064
2.312087842721726,0.5839701356373999
2.8916929452607887,1.4901133241139624
1.5001016347596898,0.30280501265156
1.063102313775803,-0.1372923193491724
-1.1176038296034083,-2.2158378897227076
1.1482730596254125,0.29253870863544673
0.0629713027665868,1.0308629931889746
0.23403353383042957,-1.4630135832346705
2.209884473581101,1.5590640516959402
-0.3435066253950343,-0.2648231325663355
-1.8576718778421626,-1.169553214124563
-0.3895077020933375,-1.5641497908152369
-0.339654854040359,2.216015553661463
-0.3234000713636622,2.659164852090952
-1.0314066917707667,-1.8764972029246119
-0.43323760340711925,2.4405418099843237
-1.3986756415178523,-1.8771480856455591
-1.448776176672195,-0.14675002675426274
1.4099972932527318,-0.3670591650522974
0.008012244004990121,2.1625911654912207
0.40301854302385,2.3237707676373693
1.1869273870179906,1.6495634825907919
1.28422553231218,2.484377211519358
0.9152539460847631,2.13809034843075
0.7603562562654271,1.6780689271174642
1.167676517267014,2.6568958224736425
-3.0172216207792504,-1.9775666533030298
1.326743671197678,2.085872447677729
-0.4090029508878932,2.5388349356137487
-0.21073108027479504,2.5841556848965856
0.01758844544389393,2.610544330068705
-0.2602013857176051,2.237759924121973
-0.09100239584944103,1.3975457014523718
-0.2011212618162379,1.1957105459653112
-0.47580628703138683,1.2287727059804174
0.7302027433107152,1.8521871702753279
0.09838373352983143,1.0361690582715246
-1.104652276735519,1.528940802999613
-0.02324395487806652,2.331085032411692
-0.7953708083441005,1.082437581010935
-0.08554463694593761,2.167473322340128
-0.40512459586164806,1.4435050847016546
-0.04030971835157726,2.0613956512891027
2.4817646234224098,1.2575748624287817
0.5390263288209691,2.0095834644519064
0.034348079461838266,2.5855587782345983
-0.24612777541181896,2.3869593800984594
0.28640277077653553,1.4298772575341436
0.5255635469148412,2.103995597549555
1.4710441320131078,0.35277861971485347
0.5479515283296361,1.0705676140271398
0.7439470975587621,-1.0462905703104761
0.31570131470658924,2.5835126699887487
-1.1826553852369532,-0.4965133009470728
-0.32200246165296886,0.1853254498921606
0.7121604173372045,1.1437751116238806
1.729646035928513,1.5396253230057928
1.4610579698274389,0.9621727528058264
1.6924811093995824,0.08888298887836665
1.1104825227449193,0.5810787143193457
1.2952669351289525,0.9264475764714453
0.2745722024629369,-1.3686837492502955
1.0343247144410863,-0.6452144918955591
-1.1915590674688563,-0.3201534090555933
1.435240337152268,1.027632779070017
0.1911211698243871,-0.6112748919047144
0.6384368627259984,2.3180243434392187
-0.15795557806990002,-0.9516510305918482
0.25299412896135,-1.1184288797892359
-2.7027676017095787,-1.1587912378824976
2.518039056558396,0.9849799336873266
0.05953342606523182,-1.1812488375223902
2.2071715085695045,0.30581743139850825
1.796211787957932,0.7047776641331884
1.8296242444703832,1.2686037482701513
-0.7347393543531642,-1.930170708707693
0.8817554204652562,1.26866913456547
-1.43203662941954,-0.4469949541605738
0.222484776277329,2.1878913106404516
-0.07788758585951183,-0.9309255419291285
0.3671196191499486,1.3147402765237066
-1.3587706596662745,-1.0153261957682398
0.3481827466676488,-0.5649813948191431
-1.874387426774715,-0.4754273233927515
-0.4599051983167872,-0.02059774976146489
-0.096024802427505,-1.0413712797678736
-0.2246742756178126,-1.5419172583140162
1.8664658754060521,0.9029507698498938
1.135673114557053,0.9849423231564733
0.24515659501054432,-1.3044380484141138
-1.2182226688673243,-0.8750335512675074
-2.4070358784010155,-2.246706419996145
1.9568973272035375,0.7921560468159887
-0.5107874185850367,-1.619426899961355
-1.6672581494858012,-0.5738791761912134
1.6501973359773412,0.44346649069416255
1.710682698983933,0.7764467658482763
1.174937316674973,1.5867248388015005
-1.1410536677648768,-0.12478249650371342
1.4051283090303197,0.9715979756795141
-0.8820248753835902,-1.728583746961477
-0.132812550764297,-0.31722729783427983
0.6214819638917699,1.9644571157180044
-0.40508323023817394,2.333513981290934
0.13078577210405018,2.6235939921818945
-0.38852398703596447,0.7271180810414526
-0.41715066741011,0.5598650636159155
-0.4220716268827662,1.28222156185734
-2.3527735383321984,-1.7339410124338892
-0.10077410052320812,1.371791577526209
-0.07792299101850841,1.5795963468037817
0.7458575456331029,0.7123689116917822
0.4099300592134252,0.5883815946065161
-0.9786386401464686,1.6387334080420706
1.841795512933518,0.8068142594777319
1.663279363412644,2.3347621025525305
0.16990787674882557,0.6949059428654882
-0.08201568434736584,0.17455584425556392
-0.0353340418150172,-0.498849564603689
0.40457160164811756,-0.25155919175517827
-0.22260063002607677,0.22605318445789546
0.9839969365785375,1.4332063259564611
0.9140027253816381,-0.17825060468089848
-0.07052069018385265,-0.03208416085613042
-0.12117510149977062,-1.4350282488383082
0.6274030893037572,-0.3310801325358179
-0.3368632108976588,0.7555835904561254
-1.9263453395178065,-2.168782883695486
-1.4937155158331141,-0.794590645841482
2.067745277185227,-0.0148085890330103
1.3094628541658178,-0.9677666960276392
1.133397886056687,-0.6385595140970972
0.16675562550523426,-1.343331986478689
1.3030317514131322,0.43686062712299556
-0.3446362526228175,-1.7302612600840357
1.7953608720491185,0.3574639024220678
1.1093886583040014,2.0734682144604895
-0.07767432044050548,2.473526662775156
0.10345084359147694,2.6261558594189855
-0.44571762393019054,1.118055051752207
0.7868881910035863,-1.4355646906412867
-0.35507529089948986,1.3015222610913488
0.3659406392762914,2.128112948127863
-0.41224758933088634,-0.4983014402903345
1.575170585412766,0.9137098254643652
0.9607635228822484,0.223046130128977
0.6485601155946508,-0.33052318673503667
1.019567319650437,-0.4384848413981226
-0.8202820927908168,-0.19990628342998296
1.7161043374727025,0.7892804803334448
-0.082918694715713,0.9937123121701452
-0.497985890608047,1.5579874278985235
-0.020605018835280875,-0.19849913697612553
-0.5607425482084498,-0.5134226618326929
0.10467703034379627,-1.0315839586771753
-0.5192444832136378,-1.7869483767069605
-1.1532881171514735,-0.29786508660686284
0.051462122697617074,-0.16509526353252202
-0.046191147070144156,-0.2735537825144556
-1.265092721681808,-0.7876319227732447
-0.5518218786527858,0.4380075396977636
1.259437867898728,1.6817852469168875
-1.7705672402007029,-1.4435579119242457
1.3327797143647924,0.8094176711522314
0.08470697094895985,-0.21817415337932378
-2.904554537039016,-1.6959730921305445
2.1993032186219947,1.6989735128365728
0.8712268560121312,0.916915005632517
1.2140122144410863,0.2993531884633276
1.581879922647263,2.3906052174054357
1.4482484548280492,0.45281917471515865
0.1844404428193822,-0.5032796202219751
1.1054177968690648,1.2930435599766943
2.6192978112886207,1.5952557982884619
-0.5527369291593776,2.4205926122151586
-0.344928553800796,2.6145978035413
0.10969586064317371,2.7153176726781103
2.490972348947312,1.6001116545878622
-0.21030240366957043,2.359728521295664
0.012743303079391977,2.747889524885294
0.6484900205323949,2.649915403314707
1.1530924527833715,1.7601932944737646
-0.2881538183500514,2.335229760595438
-0.4753902466108546,2.221972799488184
-0.2007862837126002,2.1871021451436254
-0.3196416408827052,2.132996744104502
0.4631684510896459,-0.05941300969493657
1.5642855851838842,1.310869103857157
1.1678581922242894,1.5027467669926855
0.35607893158891346,-0.540811234525564
0.41255266358354237,-1.699678593686941
1.1206896989534154,0.26814956087696284
-0.31584017584822033,-1.176431351713064
-0.6296819956114039,0.971138125845072
0.936789819497849,-0.27484124284160405
0.07940251519181873,-0.8407451448954371
-1.236394754152511,-0.6847686110056665
1.0761485784242406,0.8676258983098242
-1.1163742453863368,-0.1695925531901148
0.7470041005800023,1.9725286873065206
0.7444339482972875,-0.4460851488627222
0.47621018578508045,0.5835515918217871
0.33286554505326893,-0.09031944852245122
-1.2118737013151393,-0.526850634626272
-0.5249425680448756,0.0276563825093481
1.2402759282777562,2.1012273790322515
1.3380151479432836,1.6736497344456884
1.4148543565461889,0.21577960867511958
-0.8244646699239955,-0.40638368707073
-1.4324036450197444,-0.3884937105692652
1.0944567411134496,1.4655434550725195
0.5218883245179906,-0.8781961737192896
0.8774920194337621,1.9030983136974546
0.17992634465196278,-0.3344666300333765
-2.229592403869842,-1.5019468603647974
0.5991771905610814,0.6056072177373144
1.1730433194825902,1.8919690685354444
0.3490653722474828,1.3067376675091955
0.7771471231172338,2.5283045234166357
-0.23623304675123546,2.7232192220174047
-0.13847976038954113,1.5376721085988256
-0.33940594504377697,2.4593597712002966
0.23133475472428944,2.5758897723637793
-0.14437179873487804,2.467011875101206
-0.06497054408094738,1.9879449965440008
-0.35351138422987316,1.3364403905354711
-0.8077983171751246,-0.7685596285380152
-2.5492747933675988,-2.103388482145193
0.7173598497102514,-0.9678258238352564
-1.3480365187933192,-0.3676866827524927
-1.0275102765371547,-0.55779069047344
1.0922003476808324,2.003850898333666
-2.171021571855758,-0.8388461409128931
0.0997750251481786,1.434968954511759
-1.2400755793859706,-1.1892189322031763
1.7230621068666234,-0.08215611558330327
0.9637604444215551,0.31282312292682857
-0.9408480436613307,-1.8832296667612818
-1.68461383740208,-1.5357825098551539
-1.3343163640310511,-0.19949286561382085
1.497517654199387,-0.7160467443980005
-2.210488638382171,-1.5114118395365503
0.17740876366593983,-1.8839928446329859
1.5334220617006078,1.0907555283986303
0.5242267339418187,-1.0484775839365748
-0.7947970540334925,0.026131576486704056
2.2207008092592018,0.6284765662633154
-2.270671835642074,-2.413257056287649
-0.19214027236006115,-1.7248799143351343
-2.9475030214597924,-1.904806071332815
-2.6586117059995873,-2.207848483137014
-2.232393285732482,-1.7020654020823267
-0.1813916475584254,-1.5614525614298609
-2.121880909900878,-1.9108659563578394
-0.6832256824781642,-1.031874352506521
-1.9829187751819835,-1.8190991220988062
-1.7867646426965937,-1.3252829847849634
-2.0675595016290886,-1.6550165949381617
-0.9854992539694056,-1.6263534365214136
-0.4829952032377467,-1.2654880819834498
-0.6190678388883815,-0.9650983152903345
-2.393479576807235,-1.1528610525645044
-0.5035338909437403,-1.546534234098318
-0.9688221723844752,-0.35877817254436284
-1.650344817440723,-2.420027667096975
-2.655533006887649,-2.2048377333201197
-0.7530618221571193,-1.4714972315348414
-2.0580959529688103,-1.7460917768992212
-1.0453771264364466,-0.6164576349772242
-1.86715788255236,-2.0804998217142847
-2.530493667822097,-2.0854079065836695
-1.5094856829454646,-1.3904775915659693
-0.13355081389448498,-0.6853625116862085
-2.5139601738264306,-2.028911524824026
-0.7340848953535304,-1.6111814318217066
-0.3982512266447291,-1.9831787882365015
1.4793062894532933,0.050260132738229935
1.3675771444032445,-0.0380092201746729
-2.3855643183996422,-1.1993083296335962
-1.9504519016554103,-0.22291105370891362
-0.492275646429275,1.8700411865495417
-1.0129184038450465,-1.592580967954519
1.4110062806794896,-0.37691038232219487
0.318977901239182,-0.5362076101816919
-1.4056339473535762,-0.7492341337717798
-0.08758907626173351,-1.617198878339651
-1.0678270370771632,-0.13794046025646
1.1569956033418431,0.24361199755298824
-2.9699224741270287,-1.7935001192606714
-1.2437649876882777,-1.3965935049570826
-0.5535253794004664,-0.15156214814555913
-2.1524074883272393,-1.00957553964031
-1.1885931403448329,-1.6492559252299097
0.7020526616761937,-0.3143107233561304
1.9956553666780248,0.3056438626729223
1.3265591352174535,-0.7745198545969751
-0.9392194063474879,-2.170198613218191
-2.5192243368437035,-1.7801892099894312
-1.3261275501062617,-1.9880008039988306
-1.6788457916190371,-1.3209103880442408
-0.2843412668516383,-0.5706977186716822
-2.1999884755422814,-2.0624303160227564
-1.1447919518758998,-0.8248023329294947
-3.0758883268644555,-1.9284188089884546
-2.264121165971969,-1.5832154093302515
-0.3474230081846461,-1.7692653475321558
0.9962418763826146,-0.4807841120280054
-2.161678186159347,-2.102294617704275
-0.3312559635450587,-1.9057928858317164
1.5033665387819066,1.7280246304355833
-2.813892892103408,-1.8125995932139185
-0.9474430591871486,-0.16273944955241948
0.8838906972596898,2.4024341763936254
0.03318161656358387,-0.751798087171438
0.3581290929506078,-1.62987583260906
-1.9831796796133265,-1.7453960714854029
-1.55413939664862,-0.025759273580434616
1.55149585892656,0.36451489348041743
2.056073257226731,1.3709402145825598
-2.098505130510543,-1.3543352423228052
0.30580050637223866,2.2782540978871557
0.028174349565292856,-1.3224660692728785
-0.18643098185560558,2.3607580127202246
0.053359100122238656,1.238130814024088
0.5224638669679418,1.9782821895562384
-0.43966524909040783,-0.07633607964885503
-0.5533690960218653,2.019144213386652
1.5172594278047338,2.3390120329343054
-0.04423146555921886,1.5733578266583654
0.58646900345781,2.5958497585736486
0.9238346307466283,2.192656016536829
-0.0564442188551173,1.2240881981335852
0.12873155762651112,2.712454444357035
-0.10699205706617687,1.6852422418080542
-0.36547916243574474,-2.20979207139385
0.0674261539170995,-0.4205724535502222
0.30560285737016346,1.7967448109768602
0.3382750241945043,1.3543618978940222
-0.17197983572981212,2.047844252177355
0.4701121537873998,-1.5904847918070582
0.7560687749574437,-0.24925225358379155
-0.4190909178068385,-1.4344624815501001
-0.25554340193769787,-1.2058555422343042
-2.321252933244918,-1.026453667692068
0.07013435055711414,-0.5771407423533228
-1.4910564334203944,0.014052814432260696
-0.22702734778425548,-1.2152797518290308
-2.054040005903457,-2.0700735388315943
1.701471158761765,-0.5380014715708521
-0.1253970176985011,-1.5395500002421167
-1.0807594568540797,0.6218054952107641
-1.549433922867988,-1.203986340574148
-1.1947932750990138,-1.282458954862478
-2.380089810590957,-1.9042233763254908
-1.0671695978452906,-2.064368659070852
-0.2628454477598414,-2.028113776258352
-2.6276352913191063,-0.9973601637400415
-0.2975361854841456,-1.6087073622263697
-2.0034304321815712,-1.887394839338186
-2.2076998860647423,-2.136362010053518
-1.002502730589126,0.6356832446538183
-1.1108370334913478,-2.0059005556620386
-2.621478012304519,-1.888734990171316
-0.7695317179968104,-1.7036220369852808
-1.803649103741859,-2.205960684827688
-1.3892919034769282,-0.39620822053325444
-1.8916197330763087,-1.4417475996531275
-1.6796976090481028,-2.139359885267141
-1.8576038316895709,-1.5775715647257593
-0.8746530325224147,-0.9024466810740259
-2.5053077847769005,-1.4139980612314966
-1.91966172168753,-0.7846159277476099
0.96624571969010975,1.0024139942609045
0.9679220407197728,-0.5787972746409205
-1.943510553341125,-1.9443759260691431
0.4107595174501195,-0.6576468287028101
-0.20786803076765392,-1.9765173731364039
-2.266888669233535,-1.4498283205546167
-2.1222031028082116,-1.7173115549601343
-1.5385435433199153,-1.8583154020823267
-0.055408766966079215,-0.9383563337839869
-1.7965969243159041,-1.8487951098002222
-1.6426445008327708,-2.0249718962229517
-2.6019053370764,-1.04064243417156
-3.1227360279371483,-2.0001766024149683
-1.4148473055174098,-2.2520427046335962
-2.817613175611709,-1.9438976583994654
0.9639309137056127,-0.5606893835581568
0.9197724549958959,-0.7026793299235132
0.05123848607041981,-1.0776798067606714
0.35206443955400135,-0.4302715597666529
-2.6113128573705895,-1.8317250547922876
-1.1860265047361598,-1.8624958334482935
-2.141682794790481,-1.340439730695608
-1.89350747178099,-2.124396496824148
0.020311185617233773,0.13244993109333247
-0.6948476345350489,-0.6085154352701929
-1.1158292205145106,-1.8932852087534693
-0.8082117349912867,-2.00211065392864
-0.7023307592680201,-0.957575732282522
-1.5074552805235133,-1.9580063162363794
1.682972499627854,0.7641705932103369
0.09207482029893543,-0.4303247271097925
-0.9901667744924769,-1.8154336748636988
-0.8970238477995143,-2.132995539716604
-0.7346565038969264,-1.5944947538889673
-0.02753465483686779,-1.3296760855234888
1.2054477422426,-0.5423220930613306
-0.4151814491560206,0.9508573474370214
0.3648713319490209,-0.2700268564738062
-2.127484759788726,-2.4332236586130884
-0.749491861562942,1.9379368336878988
-2.0757165164758904,-1.515502863935354
-0.48724692175886486,-0.8339900312937525
0.1240682094285741,0.4572317065678808
-1.571042126517509,-1.6827301321543482
-1.2645624191572413,-0.7391442595042017
-2.7075477750112755,-1.7867366610087183
-1.4043993861486659,-0.5071968374766138
-0.36267881701490734,-0.23059003930461675
-1.0939319045355067,-1.606623345426443
-1.2407969147970423,-0.23602622132671147
0.3509312360475316,-0.917724305204275
-0.29146795580885265,-0.7121817408121851
-3.078673294286941,-1.8269175825632837
-1.6725131780912623,-0.47894542794597417
-0.11035471270582531,-1.2447387514628199
-2.6711676032354577,-2.0941175756968287
-0.7697744877149806,-0.48257272820842534
-1.0187992961218104,-0.6369413672007349
-2.3976863534261925,-2.2996911345042017
-0.48533277819654796,-0.7434500990427759
-0.0704747946073756,-1.6578778563059595
-1.4118224592020259,-1.258809977582815
-1.0211481363584742,-0.052324825338247116
-1.7874619853754983,-1.7548465071238306
-1.0937174470236048,-0.8218466578043726
-0.9794596345236048,-1.421266966871145
-0.9264426739027247,-1.3033384619272974
-0.7309903414060817,-0.5703296003855494
-1.4686353118231044,-1.557736807874563
-2.356648257475112,-1.4302126703776148
-2.0355531484892113,-1.8615338144816187
-3.0181521684934838,-1.794151478818777
-0.14229326556227062,-0.8860422907389429
-0.29793279479048107,-1.4497086344279078
-0.6911798031141505,-0.3963994322336939
-0.6616137535383448,-0.611604863218191
-1.0924416692068324,-0.8342122374094751
-0.8440025956442103,-1.52273791413677
-0.8734099180509791,1.9245856987320158
-1.5990509451439128,-1.5577890215433863
2.046143600244309,1.0728684129201147
-2.1997767896463616,-2.181452923826101
2.6756942956636207,1.411060011573908
-1.572780317168449,-2.3189429579294947
2.521367379922654,0.45871633905994624
0.7418089597413793,-0.877063208631399
-1.1916383416464076,-1.5682331858195093
-1.295753589372848,-1.0667235193766382
0.34915096451738026,1.7318549217663977
-0.011084011297439078,1.9152486609302732
1.347251483697678,2.4333612384282324
-0.6213138611128077,1.4574445547543737
-0.4079294712354884,1.3369981409989569
0.5388999669740453,2.384760385938761
-1.644438324969028,-0.8157645998514917
1.377867290277268,-0.7811192808665064
0.08594293286302235,-1.3762184916056421
0.27865225960710194,-1.8439184961832789
-0.31371968100569103,-1.4100353060282496
-0.9455808908750758,-2.0624896822489527
0.06461639096238758,-1.6602489290751246
-0.09834223101637218,-0.9814032850779322
-1.1580294282247767,-1.8352312384165552
-1.6139701814462886,-2.114248686841848
0.08439273526170399,-1.1335243521250513
-1.7079070569088206,-2.0813180742777613
1.756736108560349,-0.17043691258800298
-0.2834020168592677,-0.9262584982432154
-0.06854777644178722,1.4511996271096441
-1.0357508570959315,-0.49810641389262944
2.8305147378633277,1.658639899083254
-1.618906757335876,-1.521005326322439
-0.5153195173551783,-1.9114672480143335
-2.6106974990179284,-1.8739899931467798
1.5338557450959935,-0.48808162789714604
-1.3821604163458094,-2.254746371320608
0.12518949200608875,-1.7262610731638697
-3.066107681493972,-1.8999940691508082
-1.787891274790977,-1.352759772352102
-0.5532311708738551,-1.5193108854807642
-1.1784428269674525,-1.6996676264323023
-0.9337931186964259,-1.7001699743784693
-1.1273648054411158,-1.9690815744913843
-0.4953870088865504,-1.371912652067068
-2.088816216688369,-2.2750343618906763
0.24988848854997303,1.9308664860211584
-0.1575773269941554,2.03332481402981
-3.009313395719741,-1.922247820905569
-1.7613573162888632,-1.3713597593821314
-1.025012007456039,-1.7066017923868921
-0.5000050575544581,-1.7706631956614283
-0.008706143598769644,-1.4408790407694605
-1.744542222942923,-1.7805449305094507
-0.6669736416151271,-1.976806574872854
-1.1484118611623988,-1.8675035772837427
1.1171668260286107,-0.7293407259501246
-2.246070525150512,-2.069521599820974
-1.6018936843683467,-2.355994158796194
-1.0421169907858119,-0.9168810186899927
1.2483747689912572,-0.399118119291189
-2.0144091756155236,-0.8284801779307154
1.612167188424851,-0.28520506005656987
-1.7991621554901347,-0.5922264395273951
-0.21349208663008068,-1.9153842268503931
1.0113082616517797,-1.1912774382151392
-0.3226398737241969,-2.0757028399027613
-1.1554493815710292,-1.1089579401530054
1.412868806619431,-0.16219859700572758
-1.9885881305744395,-1.8717669783152369
-1.931939861278747,-1.2505566416300562
-2.450567892294143,-1.4011174974955347
-2.2601438374330742,-1.7503475485361841
-0.456870487432693,-1.8739911852396753
-1.841203025083755,-1.6589075861490992
-0.005824259023879508,-1.2747163115061548
-1.6682110638429866,-1.5602902708567408
-2.2745860726644738,-2.049337321332815
-2.668642214040969,-2.103809290937307
-2.5343122393896325,-1.661785059980276
-0.688046982984756,-1.9127556620157984
-3.0651684315016015,-1.4948694048441675
0.07561416317918446,-1.3740672407664087
-0.6185424835493312,-1.3922201929606226
-1.2453476102163539,-1.212613278440359
-2.470449438791488,-1.9684995947397974
-2.7325204522421105,-1.6160554228342798
-1.1672418625166163,-1.4264818964518335
0.42101699997880604,-0.3930749235667017
0.6923418729493871,-0.09341185670268803
-1.87850879738829,-2.135338002256277
-2.621427050333236,-1.974756890348318
-2.1732776672651513,-1.9902967749155787
-2.3135408670713646,-2.0320917902506617
2.132900306482102,1.6468156190596792
-0.73293595622084,-1.3378960428751734
-1.1932823569586024,-0.34461753945720464
0.057768890161301156,-1.239952736905935
-1.416894158821319,-2.2327846823252466
-0.8336425335218653,-1.6004316149271753
-2.2535369307806237,-2.1934313116587427
-1.1983925015737757,-1.6154379187144068
-1.9713537902643428,-1.6037234602488306
0.6770282476136937,0.7601372661076757
-1.768256591640179,-1.1882330713785914
0.805343457956101,-1.1513001261271265
1.4525480954835668,-0.7554003534830835
-0.2751205475141749,-1.6359032927073267
-0.10815172503492687,0.6236886443577978
-2.681877604227279,-1.8053688345469263
-0.46433549235365246,-0.11037188153636723
-0.24580424139997814,-1.370511466077688
2.468096086282517,1.0087764324628088
2.5578940599153297,1.5427525402985784
0.5700195520112767,0.1356670321904394
0.11199576546647694,-0.07519000153911382
-0.19570498774549816,1.8832200976096365
-0.4494096548368678,2.401916033216593
-0.3710463554670558,1.7203757749878141
0.48042280365922596,1.7031208710752699
1.0775497644136205,1.9972458096228811
-0.8781941444685206,-2.0208896933115748
-1.955429545145248,-1.5846967039622095
1.5617519109437719,0.7911593379460546
2.376944371957566,1.178938692995188
1.2257314412782445,2.1002767147504064
0.11841935803392079,-0.09519498925578862
-0.3909281999876246,2.4478703798733923
1.408692666787888,2.138619965501902
-0.045663049917434195,1.9514401616536352
-0.17216949770948742,1.347008294054148
-0.0013297111799464023,1.0803638758145544
0.27219636132218983,1.7250922085725042
0.5950935571382299,2.3531780304394934
-2.3917813808729393,-1.2749273119486597
0.22720379521348621,-1.2399441538370874
-2.0555699975301964,-0.9276172457255152
-0.39004748175642345,-1.9913942156351832
-0.107294014196609,-1.7121288118876246
-1.1357280523588404,-1.0351456938303736
-0.6312172920515284,0.011997050233957474
-0.4796584160139308,-2.0091161070383814
-0.2863597185423121,-2.0424198446787623
-0.5656257183363185,-0.6212801275767115
-2.456708780031417,-1.7941266832865503
-1.3720770687868342,-1.2286927042521265
-1.5049896151830897,-2.1421918211497095
-0.28081243346235607,-1.709195309690359
0.07411379506089832,-1.1543888388193873
-0.5487031252195582,-2.2003611860789087
-1.096119275789474,-2.2953895865000513
-1.4971977681925044,-0.7050916491068628
1.5713284700105443,0.6136420430623266
-0.4464031965543971,-0.9400588808573511
-1.2131521613409266,-1.0817403135813501
-1.1846192390730128,-0.14714115243327885
-1.0434660227110133,0.22043747324573726
-0.47712724516889904,-1.27682464700115
-0.04619365046522472,-0.7306436834849146
-2.09558825800917,-2.205708914808157
-0.5338118583967433,-0.9661969481028345
-2.0227523059656365,-2.2167624769724634
-0.9098520190527186,-1.9015416441477564
1.4721713750551,0.8975054087125036
-2.078122159939025,-1.099792176298025
-1.5557830990364299,0.1101604165517065
1.8136025159547582,0.1410819949589941
-1.3022105903436885,-0.9394139586008814
-1.415616026621078,-0.8620893297709253
-2.374884834985946,-1.0267438231028345
-2.588932743768905,-1.8295692740000513
-1.5438968003799662,0.09891778845417232
1.9398530214021459,0.09707767386066646
-2.4959189803411705,-1.8848823843516138
-0.3716644556333766,0.06406289953815669
-0.06380920718214367,-0.5637151537455347
-0.1994483978559718,-1.2462558088816431
-2.4571454436590416,-1.2668699560679224
0.28013212372758534,0.8223598064862463
0.659913131494309,-1.6186839876688746
-1.5010770470907435,-0.43193333726299077
-0.6918026716520533,-1.6473750410593775
-1.44752358506224,-0.4486655531443384
-0.3371040136625514,-1.0100066004313257
-1.2835618765165553,-1.1401604948557642
-1.4906660826017604,-1.4594690142191675
-2.3136918456365807,-0.952080184034231
1.0589123456666723,-0.44272010903728276
0.2004682510087743,-1.0129818258799341
-0.6230879337599025,-2.183953219465139
-0.10677032778761242,1.183704739996073
0.9420185773561254,-0.5098385153330591
-0.9958113343527064,-1.4714388189829615
0.8654599874208226,0.7183662118397924
-1.1881866366674647,-0.024486237577321823
-0.6860367567350611,-2.006573134473684
-2.0940793366243584,-1.1776196299113062
0.9704039781282201,-1.1944882212199
1.1675365655610814,1.3869108619176123
-1.6171761364748225,-1.9635278521097925
-1.1026106984426722,-1.4615840254343775
-1.7964840927233443,-1.1647316751993921
-1.5640899748613581,-1.5337621508158472
-0.4155252487470851,-1.1280814943827417
-0.5304898531248317,-1.3672231970347193
-0.5084389955808863,-1.0879172621287134
-0.33989649127027843,-1.005058699659231
-1.4894872815420375,-0.3653756914652613
-1.6928152726104007,-1.8024083910502222
-2.0735333175470574,-1.4170376596964624
-1.3336631567289576,-1.0555006800211695
-1.6723770559837565,-1.5206195650614527
-0.6052195341398463,-2.120307618192556
-2.4996946365644677,-1.7483372030771998
-0.19798403094313,-1.5736135778940943
-1.498846611480926,-1.6705550489939478
-1.7272496060540423,-2.27859728913677
-0.45848946879408214,-1.8781484900034693
-0.9593636901190028,-2.076822215131643
-2.2487228126337273,-1.223480158857229
1.4942279546449437,-0.7016219435251978
-1.856745047967647,-1.2828471003092554
-0.9564754278471217,-1.1711272535837915
-1.7893067956974253,-1.8761297998942164
-1.7548846551289305,-1.4332043467081812
-2.7418683678915245,-1.326868706754568
-0.26585691283247326,-1.1738437948740748
-1.9403284103681788,-1.7785062132395533
-1.7614463700519398,-1.1398732004679468
-0.23152869055769298,1.210009044595835
-1.4503708393385157,-0.4824890432871607
-1.0764764458944545,-1.3966776667155054
-1.6305666030456767,-1.7827317057169703
-2.7806652099897606,-2.1476191816843775
2.1003337590883033,0.9736627997838232
0.6977534978578344,0.2616435946904394
-0.6373651535322413,0.04210657496082515
1.2147076814363256,0.12293309588062495
-1.9844177723934397,-2.135039740613821
-0.8999030501653895,-2.1428088484324244
1.432172366876389,0.49043447394001216
-0.04711931059858654,-0.6940829096354273
0.7385273664186254,-1.4901553926981714
0.7295630662629857,1.1709742011510107
-0.9078862578680262,-1.0498787699259546
1.5123573033998265,1.4740661742173407
1.9970553605745092,1.2324823202573034
2.7525599687288063,1.4352831603966925
0.08767516304948475,1.5840323777877066
-1.5464463294555888,-2.41938679795635
2.0082157342622535,0.14407760519611568
-2.023863038521026,-0.6179842291392115
-0.3423786670973048,1.9899127544842932
0.6774674146363988,1.996187067218897
0.37855298211076405,1.996190211363909
-0.5798608572294459,2.276733553596613
0.6442964761445775,1.8231326300658557
0.9239359586427465,1.8030080679811809
1.740434953470017,1.7955119773753259
0.6183515279481664,1.9979313673459265
0.2091659991929784,2.4393566908322546
2.638240644235398,1.43549743909466
-0.5611025602628932,0.9333551587544653
2.3914101808259742,1.3570312621079657
-0.05792265246412609,1.5774961622439596
2.7211726396272438,1.1317384900532934
2.5207660882661598,1.1930129589520666
1.6092694490144506,0.15064567942249507
-0.5490830452253566,-0.41555731873882085
2.3260839669893043,0.46031100172626704
-0.591896703939651,1.8827687414370748
-1.0228952677061305,-1.408869439176443
-2.730105927686904,-1.5607740221537378
-1.781366741757606,-1.4605669317759302
-0.9991156370451197,-0.731750184110525
-2.703980019788955,-2.166275912336233
-2.8449683697035058,-2.141914063505056
2.6667097299287574,1.4348509969197485
1.381130525369431,-0.8514124689615992
-0.28399722884199474,-0.34187071900737553
0.9909177510926976,-0.4609944162882593
2.58176405121782,1.5172740282498571
-0.1592891723921046,-0.8971919355906275
2.089222499627854,-0.0618814764536646
2.684465238351609,1.059678620287058
-0.6232287199308619,-1.5945004759348658
0.006838032502914926,-1.25519960503948
2.010697671670701,-0.2292570410288599
1.907323905725266,1.8387258263312551
-0.5332397730161891,-1.4466959772623804
2.583062478799607,0.8251978220425817
0.6347099034974828,-0.1408978043116358
2.185077735681321,1.1057602824650976
0.8279164521882787,0.9021343650304052
1.7933302610109105,-0.07585650067699223
2.87626392533281,1.4279022278271887
1.813564607400681,-0.5336374578989771
0.3897019117067113,1.4228859605275366
1.6213236539552465,2.440477019735453
-0.6643894226362452,0.7349773110829565
0.837767431039597,2.1645974876366827
1.5641618459413305,1.8785244213424894
0.9969592778871312,2.0104148896418783
0.7573669641206517,1.2192649902783605
1.3606219976136937,2.5354138674222204
0.4062386243531957,1.632562658377764
1.5480151860902562,2.3682223619900915
2.114765235681321,1.6096305312596533
0.3674555509279027,2.007192141004679
-2.5073667676260216,-1.6103078661478785
-0.47741179774305675,-2.1454457579172876
0.6990612237642064,0.46517617125141353
0.08948154141404774,2.2594031455002996
-2.2059886963178856,-2.1386796770609644
-2.627853801946853,-1.9069909391917017
-2.611982992391799,-1.9620105562723902
-2.80075650523207,-1.421273881009939
1.2309654443452611,0.4124028148137304
-1.2880265028288111,-2.1811019716776636
-0.5460924417783961,-1.5424863634623316
-2.0663671405126793,-1.6996228037394312
-1.728314897518371,-0.547285729459646
-0.9561900408079371,-1.5365845499552515
-0.45560162375471447,-1.7382251558817652
1.9571037976930394,1.6756958128892157
-1.8352573127557978,-2.42489331345928
0.2194368331620946,-1.0387746630228785
1.8630870073030248,1.6087023379288885
1.6606722562501683,-0.026355558446767624
-0.6643689186384425,2.1843301119290564
-0.42239075015089367,0.6516855420552465
1.8320670812318578,2.3692382039509985
0.5327501981446996,1.5446028174840185
1.1273639886567846,2.075191533752558
-0.0996948988249049,1.920419572480795
1.5995505540559545,2.0357127549134466
-1.3533992082884059,-1.987572365812185
0.16855687787034657,-0.5236489115275171
1.6205912320802465,0.7579999627553198
-3.124562433462356,-1.9326941309489039
-1.3946934850027308,-1.1342686949290064
-0.5379043133070216,-1.8274516401804712
2.1645947187135475,0.10938853640186519
-1.706563452731584,-1.8956755934275415
-1.921393311124061,-2.140101128629568
1.4409881322572484,0.5223369063817236
-0.3789908201505885,-1.922105008176687
0.2507541864106908,-0.2740723429240015
-2.8613348514845116,-1.7267698584116724
-0.9784970195104823,-2.112933808378103
-2.8921196968366845,-1.8042187033213404
-2.2321052760889275,-1.8182379541910914
0.5543907373140111,1.1076447429143164
-0.5347514660169825,-1.9196731386698511
-0.7801993996908412,-2.128424578718069
-0.47493403265974377,-1.1676723299540308
-1.5232998640348658,-0.7395753202952173
-2.9383962662031395,-1.9025356112040308
0.3583265035341039,-1.170750552228811
-0.31163113425276134,-1.0378412542856958
-1.0913823158552394,-1.066197329572561
-1.7233587713052974,-1.783815556577566
-0.21920447657606457,-1.0542070208109644
-0.42508261511823986,-2.256257945112112
0.5094838826844945,0.9420638145886633
-1.5809689373781428,-2.409141474775198
-1.5266204834987864,-0.6963795958079126
-1.5402780533840403,-1.6972898779429224
-0.7076914818098292,-1.4142023859537867
-0.8264848501493678,-1.1827518282450464
-1.059494724970077,-1.8343679247416285
-0.5394614250471339,-0.4026376543558863
-1.6789093003680453,-2.0354975996531275
-1.0865695984174952,-1.450669461301687
0.991254398126389,-1.2183026609934595
1.2650542943666234,-0.9645561514414576
1.132210084695603,0.9868775667630407
0.754597493905808,0.719434446283457
-2.735114088754867,-2.107461148313406
-0.37669627974531505,-1.8071104822672632
1.25238640000322,0.5293406905614111
-0.39981727908155773,1.2080639662228796
0.6835325448701635,1.5086510242902014
2.6481483667085426,1.2223658623181555
-0.20845513651869152,-1.6135448751963404
1.486207076806809,0.284367627092478
-0.9408554346372828,-1.607212716153982
-1.795392083476995,-1.2227372465647486
-2.0781881422807915,-0.510363989881399
-0.5116677791883693,-1.490804844907644
0.055714794893051645,-1.5461596785105494
-2.368498376112197,-0.8080534277476099
-2.2858004481603844,-2.380460196546438
0.0848453729341283,-0.4317890940226343
-0.27468376467726086,-0.6307658491648462
-0.09040384600660656,-1.5018481550730494
0.3129676072786107,-1.5637068090952662
2.1355977742860572,1.2563247146092626
-1.4025626094152674,-0.5066086588419703
-2.728774061899398,-1.7879838285959986
-0.17162113497755382,-0.7211961088694361
-0.044083646040175894,-1.1351002989329126
-1.1070526153852687,-1.0608255205668238
1.082799979944016,-1.3548564253367212
-0.17579465220472668,-0.8768369493998316
1.0375409810731664,-1.346216851285818
1.4256926267335668,0.9738287391148779
-2.0552457482626183,-1.784287386945608
-2.993989399175857,-1.9551748571909693
-0.0042908699323878086,-0.19222586732280522
0.0042131631562962735,1.4558567764245245
1.3726545064637914,1.3050840558491918
-0.00653415034315441,1.4277292551480505
-0.8932523042967067,0.3191893758259985
0.08402509381272938,1.7075335668407652
-3.019407799940322,-1.6227621374644068
-0.3604683191587672,2.078570312448618
-0.1788485557844386,1.2020978989087316
0.5758159845063939,1.9755885662518713
0.0055548637101903164,1.3919216157876226
0.6430309503267064,2.6203724207364294
1.3935449807832494,2.051247379370806
-0.21555738757154796,2.258512711712
-0.36544447253248546,0.35510796923267574
-0.84654360125563,1.767252294906256
1.1446996419618383,-0.5050749121226099
1.7700668065736547,0.04232067484485835
-1.6854895711948619,-1.5319556532419947
-0.6594973118116603,1.0489465655766699
-0.9251550943662867,-0.15104144196880132
-1.7943911631663785,-1.99893420319927
-2.8096718103697045,-1.7140514193094996
-2.376916995744918,-1.8885978994883326
-1.4393190057089076,-2.07598178964031
-0.5077248127271876,-2.0612265406168726
-0.9449585587789759,-2.201270514539602
-0.5749631435682521,1.7520111413680288
2.0735252587983863,0.8206714453183386
-2.566824248533462,-1.6977192698038843
-2.3414677293112023,-1.9374193487681177
-1.4189748973657832,-2.1006717024363306
2.07151539017656,0.9311620058499548
-1.2204211861898646,-1.5010859308756617
-0.17033284018537853,-1.3506647882975367
-1.3187920660783992,-1.7395171461619165
-0.23572879145643566,0.3539318503819677
-0.40879373858473156,-1.3965308008707789
1.4499760358522191,-0.09199493508708745
-0.5014862329771266,0.8811622323476049
-2.7641658098509057,-1.9129375753916529
-0.625121048193191,-1.3981825647867945
0.04214746643998768,-0.8096842108286646
-0.5144788534452662,-1.9034029779948023
-1.2844068617632136,-1.492163592389944
-1.1594540984441981,-1.5410198507822779
0.6738775460908666,-0.02917175870311528
1.4699829309175267,-0.4130818186320093
-0.7117071659376368,1.1635252894841406
-1.205980411272262,-1.2416986761606958
-0.14941292117140148,-1.4991463957346705
-2.7690654308607323,-2.1158909140146998
-2.756852677564834,-1.925184899381521
-2.2888495237638695,-2.2257365522898462
-1.2861204654981837,-2.29574292283428
-0.5350686819364772,2.435647016950724
-2.368749967317794,-2.24931901078594
1.7303131311128392,-0.7249907789744165
-0.7607685835172877,-1.2625650702036646
-2.2963762790968163,-1.9267913637675074
-1.2955784113218531,-2.3125404654063013
-2.433054557543014,-2.2874883947886255
-0.34794240305921886,2.303782797046778
2.212616035241868,-0.06521242242229253
1.7598615377137914,-0.7116903601206568
0.880515405435349,-1.315007144025686
-0.7422823221494899,-1.427009039930227
-0.09570424864790295,-0.8359715281046656
-2.9779109270384057,-1.6984280882395533
-1.389295658569549,-1.4156736670054224
1.3325401036927953,0.8367354931317541
-0.2617918760587916,-1.7810978231943873
2.3876684396455543,1.7451773049317572
-2.222351601820205,-2.2800678549326685
-2.2201351434995873,-1.6722189722574976
1.8446937291810765,0.5322614373646948
-0.7996032149603114,1.6706344844781134
-1.4024048955251918,-1.6641063032664087
1.3230088441560521,1.1165715517483923
-0.5702236206342921,0.5998645486317846
-0.26662760088941906,-0.4597229300059107
-1.2892952472975001,-0.6791316805399683
-0.21462660143873546,-1.5469338236368921
-1.6126201064398036,-1.4707652864969996
-2.308605125646804,-1.753746443799856
-0.2771938354780421,-0.09172444920909673
-0.8089093477537379,-2.1286489306010035
-2.593651822309707,-0.879762822202566
-0.4736795933058009,-0.5963100729502466
2.634013005990769,1.1828934015713903
2.072038480539109,1.9532707842074606
1.8956812112519994,0.16482431311237544
-1.308811953764175,-1.494342499784353
-0.2045438797285304,-0.37104838471782475
-0.8671262175848231,-2.130389863065603
-3.0708327801038964,-1.9060122309244898
0.601631709832932,0.7106893720113012
1.0058189122865453,0.5293683471165869
1.5014129369447484,-0.39918630700481206
2.213860818643357,0.9602518143140051
2.312172242898728,1.846417876520035
1.7187045304963842,-0.23657219987285405
2.5255282609651344,1.4209375144921514
-0.09258656809828136,1.5528767766438696
-0.032969048719619254,1.5638582320891592
0.6194155900666967,2.403478807397959
1.4429252832124486,2.3740010919057104
0.12417871643998768,2.2340093614541265
1.0580962388704076,1.1245615543805334
0.8811183660218969,1.7473185719929907
0.30053813149430897,1.7412217320882055
0.3120961873719945,2.0109201731168005
0.6559565751741185,1.5990363122903082
-0.26227670023939464,1.4234094383202764
-0.13960688422224377,1.3666289212189886
-0.1988988430311427,0.664479440637705
0.4357512681672826,-0.6622158823527124
0.5824700086305394,-0.2205592928446558
-1.8621228099872813,-1.238882237485769
-1.3901780755331263,-1.1391660509623316
1.4534095018098607,1.122396773286936
1.952574559945847,1.2761548819028112
0.72422535111406,-0.7314256964243677
0.6686323373506322,0.5919579925023291
-0.34129779646894787,-0.2660621939219263
1.5289967744539037,0.26293320078479976
0.16779584576585438,0.08263880629169673
1.7203484265992894,0.9688773216687414
0.6086800782869115,-1.3019306002177027
0.9788516252229467,-1.0091883478678492
-1.569473362069343,-2.389756136945608
2.3742483346650856,1.562962299772379
-0.14224915812513683,0.9289130033932897
-0.19207995245954845,1.1921197237454626
-2.5698084742834313,-1.4502789316691187
1.89107424904802,1.0726233186207983
0.2867298810670629,2.6816580953084204
1.070888826150681,1.7324770526968214
-0.033953598242019156,2.701904362627146
-2.1728694946577294,-1.6344520388163355
-0.4912485391905055,2.5317695798360083
0.10941869904496815,1.5751862885438177
-0.676402261953567,1.1187319220982763
0.3390846936891332,2.5756630958996984
1.4026966779420629,1.7218598933898184
0.43546588112809803,1.2810598673306677
-2.0354301543047173,-1.0943643389261988
0.5655360906312719,-0.7975234327830103
1.885402986306931,0.45564586538898677
-2.669019094209884,-1.1469287214792994
1.0835948674867406,0.3471073569737646
0.4548822133729711,-1.0059494314707544
1.7195301740358129,0.9093356193982336
-0.3799267322828517,-1.2674621878184107
1.6171828000734105,0.356549924799082
1.4605315416047826,0.8790453137837622
-0.0961623699476466,-1.5269941626108912
1.4899860112855687,0.2877126397572729
2.6272481172273414,1.6290780665360662
-1.998773357372497,-1.0407013235605982
-2.2439064891149743,-1.2743307886637476
-0.5713444263746486,2.3474067511044714
1.370493957299973,2.528117841669199
-0.40285926173231457,2.696478074976084
-0.6211321861555323,2.5095120729886267
-0.6733540804197535,0.5005881251775
-0.6856815130521998,2.2304865183316442
-0.17521303008100841,2.6280372800313208
-0.31505804369947765,2.7260028185330603
-0.2543638260175929,2.6937023462735388
-0.01814143965742443,2.6249436797581884
-0.24220722029707287,2.646459764429209
-2.4494349272062523,-1.2636677561320093
0.6577730863282933,2.5516399802647802
-0.10857587168714855,2.4355781139813635
-0.5695044309904322,2.549030071684
0.800831624765183,1.755448060669777
-0.7265193970014796,0.38309497255909175
0.37496835877397205,2.6255370439969274
1.2954753129670873,1.5615817220889303
1.0137968747804418,1.0294765295468542
-0.021170786123488883,-1.8900653658427027
0.9453752725312963,-0.3635005293406275
1.6537950723359838,0.8405928673230383
-0.8472347171118007,-0.25772421937358647
1.4324529855439916,0.5444480838261816
1.6558883874604955,1.521431869455454
0.6946321218202367,-0.7246712980784205
-2.7021801383306725,-1.7640761671580103
-2.8397805006315453,-1.7985851107157496
0.6818335740754857,-0.8718301592386988
-0.23622923205396984,2.6594513120137426
0.11921269585588123,1.3149351539097998
-0.38902204344770763,2.6154916943989965
-0.4164145500471339,2.605195468851206
-0.19639938185713146,2.7260037722073767
-0.4738096506407008,2.618939763494608
0.6470745294282689,0.995515829511759
-0.1993026048948512,-0.6502169905222681
1.2768028466890111,2.2258791686974737
0.05841333558061268,0.8584069075070593
0.49417073418595936,0.6971275271855566
-0.2678436548521266,2.73227221388447
1.166096278924729,1.635383269377825
-0.6748505146314845,2.3329238953076574
-0.05706017325422619,2.659837311693308
-0.7000604183485255,2.3637230457745764
-0.330432704191421,2.674698597379801
-0.39874010394117687,2.6673837365590307
0.7891686647126928,1.4551413418732855
-0.43415074656507824,2.6267516078435156
-0.5394570143034205,2.304134881683466
-0.34076981852552746,2.670684641786692
-0.36193566630384777,2.6523097218953344
-0.7145358831693873,2.2726666094742987
-0.643544128637527,2.379756277986643
-0.44334154437086437,2.4664046229802343
-0.4304354698469386,2.7082099976025793
0.579220124978806,1.0814226927243444
1.5709295957277074,1.5466670455418798
-0.4677528650572047,-0.03357511144054204
0.04350704838731434,2.611261016317484
2.6224125116060035,1.7684036927305433
-0.24137800047895763,-0.3712231455363062
1.3072446077058568,1.260076946207163
-1.140687397222732,-2.11563342194927
-0.4501963169386134,2.134328162857172
0.5047748773286596,-0.036138230375173386
2.1974366395662086,0.44504732508289546
2.542656728524949,1.2476620139561865
-2.1814006776621087,-1.731707984022024
1.227669069070603,-0.9839724836863306
-2.9719688207914574,-1.8510054884470728
-2.9444827348997338,-2.099179917386892
1.7763546197603002,0.6744726361714575
-3.162015131216262,-1.8711485205210474
-0.02093224833509777,2.065781808086512
0.13375253369310047,2.7340042056523535
1.7865880220124974,1.2850908102475378
0.10055799176194813,2.4887564243756506
1.722544738549973,0.7203968228780004
-1.262000075082992,-0.5576595602549341
-0.6752111227323756,-0.9771174727000025
2.1090431897828834,-0.09774797540080815
2.084774085778977,2.018464601226923
1.4608085839936986,2.0948864283047888
-0.4905344755460963,2.459696358629343
-2.3330174596121056,-1.6679229078806665
-2.513979962568496,-1.2531978426493433
-1.1277696401884303,-2.0508341131724146
-0.018045953016494254,2.440214222856638
-0.4563427479078517,2.5071957172833654
2.7799604623506324,1.7736813375734064
-1.4003783972074733,-0.1396616039789942
0.72389037301042225,2.547739869543192
0.15996880223252918,1.9850511612378332
-0.049014023046706656,2.3823440732442114
0.5322569101045385,2.5906129540883276
0.8970196931550756,2.544519847818491
0.5979991643617406,1.8743674146019194
-0.28821640322706554,2.0273530693732473
1.6780019490907445,-0.1112908659495142
-2.5485997111608727,-1.3865367708719996
-2.9801583797743065,-1.9196130571879175
1.343516418237473,1.9874654473744604
2.3447139947603004,2.1147235097371313
2.2555797784517067,1.963255903311846
1.6698551862428441,0.8106556596242163
-0.09590523551008556,1.4419314326726171
1.7730708806703344,1.1747051538907263
-2.2808013469984276,-1.9839555559672144
2.4064157693574684,0.7552715005360815
2.8956196992585914,1.4396753670655462
0.695724317331101,0.14828569311725825
0.25996405770280506,1.3183566393338415
-0.6584445745756373,-0.8918866453684595
1.032417604226853,1.392190611549494
0.9614523141572728,1.9036257850013945
-1.1355699212362513,-1.6361259756602076
2.5595086305330055,1.8846063824378225
-0.0730300457288966,-0.7225663004435328
-1.1643445403387294,-0.500642949155691
-0.8561429292967067,0.593752449937937
0.13960833241441395,1.799747087620971
-2.2428725869467003,-2.4832653341807154
-2.2057563872148735,-2.344412261060598
-2.340562573175643,-1.9310383139170435
-2.9953622133543236,-1.9157013235605982
-1.6738688112308726,-1.8129309950388697
-2.9657532484342797,-1.9610442457712915
0.4495721547792211,-1.2771198092020777
1.390724727411057,-0.6862572966135767
0.26271135498979237,1.037888533064005
-0.4243876249601588,2.4187432589017126
2.7524994104097145,1.8796406002722952
1.723744222421433,2.3971437277280065
2.358885118264939,2.0750817419968817
-0.015672138433669547,0.7771415175877783
1.86133415390947,2.3516619862996313
1.390102693338181,2.335406011530039
2.3787272660920875,1.9313158752404425
1.3965023248384252,2.098825371452448
1.4290514676759496,2.4261378111325476
1.8064394681642308,1.9802164198838446
0.48840338875749256,2.1851409437142584
1.630696365136887,2.3400585712872717
1.138590881128098,2.1105037989102575
-0.3053566725065455,2.5959140123807165
1.472110578317429,2.1793969633065435
-0.5929651768018946,2.3073391081773016
1.595471689004685,0.8521006168805334
0.42092806984880116,2.244874125906107
0.3194504468629613,-1.0987440882242945
2.032553502816941,0.3175130547963354
1.841331073541428,0.31784862894642085
2.5410779206941383,1.1374776424847814
0.14064199616410877,2.3388844193898413
-0.3217748911192164,2.52350152153599
0.797352620858933,0.07559413332569331
0.09501046826341297,-1.0090739069498804
0.5023470609376683,2.336394494958994
2.3974059312532203,1.3841733099900457
-0.09782450507185314,-0.8150922594584253
0.357638904351975,2.391836172529337
-0.37948112795851086,0.2544674338780615
0.659162112970139,1.5807187767707083
-1.4769549281408534,-0.22297232728374272
-1.5767781050016627,-0.5836495695627955
0.5631199567506566,-0.6865205107249048
-0.26127033541700695,0.48682445902454585
0.021775194902206918,0.7092098655186865
0.9931247918794408,-1.362440758756521
-0.8450074703504786,-0.14747171979320317
-1.1418337137510524,-2.2629899321116236
2.531792947549607,1.6144509674988958
-1.8985043675710902,-1.5527617273844507
-1.0068040997793422,0.5890850486241552
-2.4589292318632348,-1.4888462362803248
-2.5171716720869286,-1.8305742083109644
-0.09865205595991466,-0.7183584509409693
-1.1114222318937526,-1.6380931673563746
0.9009359567353978,-1.1686624823130396
0.9370887963960424,-0.6827182112253931
0.9553838460634008,-0.6590279875315455
-0.7827205569555507,-2.115046673826101
-0.03623955557844494,0.04793710131275386
-1.6855378435065493,-0.9688493547953394
-1.4429225237180934,-1.6932055292643335
2.5363600938508766,0.753879493661997
2.155825444955613,2.150833851286051
2.4300730912874,1.2859654488049719
1.2213128297517553,1.5751236887656423
1.5198002546022191,1.2936572493993017
1.8284166543672338,1.5640997948132727
-0.19472723315260265,1.9988875003539297
1.2046197145173803,2.0028144182645056
0.9302478521058812,1.8700034642599794
1.6503773420045629,1.079378909059641
1.8678045957277074,1.1048907699071142
-0.07315748045942638,1.9841886969290945
0.39249713112809803,2.117929911800501
1.6640327661226049,2.379251009412882
2.43123275925615,1.9352973015986654
0.27339012314775135,1.6820424558602545
-0.5781429321577296,-0.381462508252981
-2.7618167908003075,-1.9506642160929468
-0.8636100203802333,-1.9491066275156763
0.24880749871232655,0.9358666600667211
-0.4180580885221705,-1.256708794645193
2.4238279550264137,0.9587077559910986
2.440862485666062,1.7882669089369747
2.7478426187227027,1.677252537199137
2.161118814248826,0.3185172738515112
1.540249177713181,1.1440864266835424
-2.1822540671636803,-0.9380311308420923
2.1201701848695533,0.8019450368367407
-0.7223971397688136,2.053754201718447
-0.5625813514997706,-1.518082552961233
0.8361411779115453,1.0135977329694006
2.1406827657411354,1.3658772768460485
1.777105161447312,1.4587952258073065
2.7569363801667945,1.680992758461115
0.3140931813905492,2.303916341253397
0.21412570168473866,2.01133755464184
1.8620792119691625,2.337734109350321
1.7613449781129613,2.285525775142786
1.165991136331345,1.9660076858483526
0.933289596338059,1.8350557914011452
0.45374924828508045,2.121471023746607
1.548216649789597,1.886741644331095
0.6680563180635228,-0.5494949160136011
-2.768133810262893,-2.1590186892069605
-2.7648929865171654,-1.1900197802103785
-2.7778543741514428,-1.3836113749064234
1.4578278749177709,1.5448469581090185
-0.7759123356153712,2.0901993276559088
1.878297158975388,1.578385269828913
2.650154420633103,1.3775938810788366
1.5266042440126195,2.1927305223427984
1.98848898102739,1.5887282254182074
1.5123215406129613,2.163924342580912
0.14179367711045887,0.5415709676228735
2.185732909936692,1.9045240791522238
0.46282894303300526,1.0577471913777563
0.8731697290132299,1.3362992169343206
1.9106283872316137,2.3119426431142065
-0.43065600703260754,2.6113010110341284
2.5661938874910133,1.3297607364140722
1.9858875959108129,2.1220046939336035
2.056704112787034,2.1322244765244696
-0.4163464815428004,2.6463916363202307
-0.18216626952192638,1.964957362600443
1.326102563638474,2.086589133926508
0.025018402833725473,1.9006266506396505
-0.19748657057783459,2.1684619249783728
0.6732116429994359,2.2674373151742193
2.298197099466111,2.0899505676709387
-2.459237745504592,-1.0510732470072535
1.7107384889314428,2.269855088182566
-1.876561513643478,-1.6103729544199732
-1.7852610484769091,-2.254350119642141
0.008861014146591684,2.438987142034647
-2.4507672698309166,-1.7874717054880884
-3.1983081610014183,-1.9514667330302027
-0.7278733761121974,-0.5220536528147486
-0.6002131016065821,-0.21786778550517827
-1.003416171770309,-0.7555174170054224
1.7529960363099828,0.7643250884495947
-1.3776873261739955,-1.622147732786062
-0.3416612655927882,2.6683499874554846
-0.16247480223677013,2.5144133033238623
-0.364088824491714,2.660383707471964
1.9868546216676488,1.332252478786585
-0.6371441395094142,-0.38813536744487553
1.0263810842225805,2.0209837617360327
2.37530071427324,1.566616645642397
-0.203851631384109,0.1905803145848486
2.0040815561006324,1.3771078946076605
-0.33678655932447765,2.5060386123143408
0.8677921979615941,2.436320191808817
-0.14023380587599132,-1.3491505919016626
-0.033115914564345816,0.8209698261700842
1.647950240869309,0.9004966082059118
-0.19904773543379162,-1.9328266916788843
2.801892587442185,1.4765306474648687
-0.5993999750425563,2.2756834687672827
0.33528120209672596,2.0372403921567175
1.548174211282517,-0.4134876070536402
-2.979787042837356,-1.8141836462534693
0.06830293824174549,2.402323609777567
-0.2236645729353175,2.504660433717844
2.906875440377976,1.6136327894412252
-1.0804294259359584,-0.23689239602458745
0.12770111252763416,1.6490758122884008
2.772369691629197,1.8782859580599043
2.85684950043657,1.5877483250581
-1.3492251248171077,-0.3547727404154566
2.717485734720017,1.8146366547800872
2.80729419877031,1.7860875861726973
1.7040725438783422,0.9741553129636022
1.6959410398195043,2.3669271530591223
2.285093137521531,1.8929490881048414
1.7942646234224096,2.140501684137461
0.6929767816255346,1.7473039241515371
1.4165151803682103,2.0675253035508367
1.3646076410005346,2.4635300697766516
1.5994361131379857,2.37896490711796
1.8908415525148168,1.7860043277971718
-0.08689134428999279,2.531463629194376
1.0827053277681127,2.0343521447859976
0.03528136898973133,1.5568050803624365
2.7676523416230934,1.685997365602133
-0.4896297962476954,2.4199708761655065
-2.378533354501937,-0.9658836660898951
-2.780690005521987,-1.7255985079325464
-2.781179359655593,-1.4509779749430445
-2.802469304304336,-1.8097819624460962
-2.2675365717222435,-1.544111901334646
-1.1317252428343043,-1.6841983137644556
-1.408080718021606,-0.3083128271616724
-2.7637951881696923,-1.6920928297556665
-2.1999102146436913,-1.2095205126322535
-0.07354526827833507,0.4123755158864233
2.6220844476411598,1.7327400209389898
1.8707535951326146,0.94018054623234
1.3848450868318334,1.8002498341731998
0.7563648908326879,2.3740738095723364
-0.018601349096511344,1.5595029803000662
-2.983343532781814,-2.0894810495890406
0.6946647851655736,0.8938116492711279
-0.4842830211927638,2.2747587921105596
-0.608064106207107,0.008411592432138626
-0.26796608279249523,-1.8144962130106714
-2.36722379038832,-1.5439392862833765
-0.4047664911558375,2.613584405370829
-0.55842774222395275,-0.16971235852611333
-1.631181752782081,-1.4475619135416773
2.061678478021409,0.5360553922139379
0.0042992322633519375,2.430702334829447
0.6586015908906713,1.3346374096356604
1.5005992143342748,2.3636820973836157
2.217435666818406,2.1251222552739355
-2.875844410162185,-2.1754600344218042
0.42182714631059315,-0.43194764237773686
0.4620538442323461,-0.49586122613323
0.47601015259721424,2.6380273165189
0.04028935124375965,2.1285937191926214
-0.2842865497877345,2.5641232194386694
0.6587527482698217,1.3810118200265142
2.520180055398728,1.9493564279757711
0.7929921834657445,-0.20299738030803471
-0.37303393195173595,0.5857899846516821
1.8110719411561742,2.291799760051844
1.1291833608339086,2.0624489249669287
0.3380156247804418,2.245022243448374
0.6990433423707738,2.6315145554028723
0.7211805074403539,2.43172324318516
1.7647474496553197,2.382419592329142
0.43493516137101795,1.7453791784130308
1.2602482526490941,2.012274897285578
